idx,label,part,valley_distinct,h,j,dh,dj,t,perp,Dhj,vr,mixlogp,LatAD_pct,USAD_pct,TranAD_pct,AE_pct,IF_pct,linres_pct,maxz_pct
0,0,in_cluster,0,9,4,3.681,11.165,-0.066,3.899,3.535,0.115,-18.09,0.0016,0.0221,0.0111,0.0229,0.0079,0.1589,0.9241
1,0,beyond,0,3,13,7.502,8.201,-0.004,3.951,5.416,0.000,-38.36,0.0111,0.0988,0.0775,0.1447,0.2751,0.1636,0.9368
2,0,beyond,0,3,13,7.312,8.779,-0.028,4.226,5.416,0.000,-37.04,0.0553,0.2040,0.1652,0.1557,0.4411,0.0530,0.9328
3,0,in_cluster,0,14,10,6.249,6.671,0.722,3.390,7.270,0.000,-32.90,0.0506,0.2680,0.2142,0.1028,0.5763,0.0806,0.9146
4,1,valley,1,10,5,7.603,10.278,0.799,5.385,5.220,0.000,-40.07,0.0569,0.2364,0.1771,0.1715,0.5304,0.1818,0.8964
5,1,valley,1,8,0,7.220,8.586,0.650,3.763,4.636,0.002,-39.59,0.1763,0.1470,0.1233,0.1913,0.4822,0.2609,0.9217
6,1,valley,1,8,0,9.326,9.330,0.544,4.718,4.636,0.002,-55.73,0.3051,0.0830,0.0656,0.1905,0.3099,0.2727,0.9336
7,1,valley,1,7,0,10.851,13.075,0.624,4.576,14.092,0.000,-74.72,0.2593,0.0617,0.0458,0.1763,0.1146,0.2704,0.9289
8,1,valley,1,7,0,11.075,13.065,0.630,4.622,14.092,0.000,-77.18,0.1953,0.0704,0.0625,0.1644,0.1336,0.2593,0.9289
9,1,off,0,11,7,10.899,14.347,0.113,10.134,14.226,0.000,-74.35,0.3787,0.3360,0.3241,0.6688,0.7439,0.2482,0.9083
10,1,off,0,11,7,13.800,15.240,0.146,12.140,14.226,0.000,-110.16,0.3842,0.3842,0.3826,0.4609,0.6822,0.2625,0.9178
11,1,off,0,7,0,11.917,13.643,0.456,7.526,14.092,0.000,-86.86,0.3312,0.1976,0.2688,0.5304,0.1597,0.2458,0.9289
12,0,in_cluster,0,9,7,4.203,12.122,-0.029,3.152,6.628,0.000,-20.15,0.0071,0.0237,0.0182,0.0735,0.0269,0.1289,0.9320
13,0,in_cluster,0,9,7,3.966,11.958,0.011,2.975,6.628,0.000,-19.18,0.0047,0.0285,0.0206,0.0941,0.0348,0.1352,0.9391
14,0,valley,1,7,0,13.241,15.059,0.640,5.871,14.092,0.000,-103.52,0.3304,0.0506,0.0324,0.2016,0.3312,0.1249,0.9423
15,1,beyond,0,3,14,9.234,12.620,-0.063,4.627,8.288,0.000,-52.94,0.1850,0.1312,0.1233,0.2008,0.4166,0.2395,0.9415
16,1,off,0,14,10,9.047,14.031,0.432,7.369,7.270,0.000,-55.20,0.2854,0.2506,0.2119,0.2174,0.6040,0.2553,0.9415
17,1,valley,1,14,10,7.570,9.877,0.810,3.914,7.270,0.000,-42.92,0.0901,0.3004,0.2648,0.2079,0.6237,0.2553,0.9360
18,0,valley,1,0,8,9.832,10.087,0.339,5.508,4.636,0.002,-60.84,0.1881,0.2348,0.1968,0.2348,0.6949,0.1692,0.9209
19,0,in_cluster,0,8,0,5.497,8.827,0.782,3.497,4.636,0.002,-28.64,0.0253,0.1178,0.1138,0.2079,0.3945,0.0538,0.9225
20,1,in_cluster,0,1,0,5.531,12.013,-0.029,5.107,9.113,0.000,-21.05,0.0032,0.0727,0.0640,0.0846,0.0806,0.0229,0.9336
21,1,in_cluster,0,1,7,5.000,12.099,0.021,2.380,7.438,0.000,-18.25,0.0119,0.0435,0.0364,0.0609,0.0482,0.0656,0.9360
22,1,in_cluster,0,9,1,5.273,6.669,0.305,4.552,8.313,0.000,-25.16,0.0206,0.0379,0.0285,0.0419,0.0277,0.1107,0.9336
23,1,off,0,2,11,9.016,13.158,0.212,7.513,5.928,0.000,-51.01,0.2490,0.2625,0.3020,0.4609,0.7391,0.5059,0.9415
24,1,off,0,2,11,10.937,11.554,0.255,7.667,5.928,0.000,-70.18,0.2466,0.3352,0.3407,0.3644,0.9202,0.5739,0.9447
25,1,valley,1,0,11,13.229,14.582,0.471,6.959,20.342,0.000,-100.05,0.4372,0.2625,0.2648,0.3929,0.9368,0.2609,0.9415
26,1,valley,1,0,7,10.379,12.559,0.200,4.682,14.092,0.000,-66.40,0.2617,0.1502,0.1534,0.3194,0.4656,0.1676,0.9399
27,1,valley,1,0,7,11.120,12.158,0.226,4.331,14.092,0.000,-74.36,0.2711,0.0877,0.0901,0.2806,0.3834,0.2609,0.9431
28,0,in_cluster,0,9,1,5.782,6.814,0.303,3.956,8.313,0.000,-27.70,0.0957,0.0759,0.0783,0.1360,0.0640,0.2672,0.9470
29,0,in_cluster,0,9,1,5.326,8.165,0.228,4.078,8.313,0.000,-25.50,0.0814,0.0854,0.0814,0.1549,0.0941,0.2696,0.9455
30,0,valley,1,3,9,10.883,11.667,0.717,6.464,10.751,0.000,-69.53,0.3146,0.1368,0.1375,0.2063,0.3913,0.2625,0.9486
31,0,valley,1,14,3,8.056,9.471,0.866,3.852,8.288,0.000,-46.72,0.1597,0.2174,0.1858,0.2530,0.7455,0.2506,0.9478
32,0,off,0,3,14,12.092,14.222,0.045,7.636,8.288,0.000,-83.41,0.2403,0.2711,0.2221,0.2213,0.6877,0.1818,0.9447
33,0,in_cluster,0,8,0,6.311,9.273,0.795,3.840,4.636,0.002,-33.45,0.0988,0.2593,0.1960,0.2711,0.7542,0.1186,0.9462
34,0,in_cluster,0,8,0,5.725,8.592,0.819,3.125,4.636,0.002,-29.92,0.0625,0.1708,0.1431,0.1921,0.4134,0.1115,0.9518
35,0,in_cluster,0,1,0,4.871,11.473,0.080,5.514,9.113,0.000,-17.61,0.0704,0.1217,0.1091,0.1391,0.1779,0.1628,0.9565
36,0,valley,1,7,0,12.631,13.292,0.625,6.775,14.092,0.000,-95.62,0.2822,0.1107,0.0925,0.2933,0.3581,0.2190,0.9581
37,1,off,0,2,11,11.221,13.942,0.311,7.421,5.928,0.000,-73.32,0.3051,0.3431,0.3138,0.3257,0.6395,1.0000,0.9589
38,1,off,0,11,7,19.775,23.835,-0.666,11.055,14.226,0.000,-210.47,0.6024,0.4474,0.4016,0.7628,0.9937,1.0000,0.9779
39,1,off,0,11,2,18.113,22.048,0.725,16.397,5.928,0.000,-178.99,0.4530,0.5130,0.4071,0.7462,0.9937,1.0000,0.9779
40,1,off,0,2,11,16.409,17.080,0.413,12.563,5.928,0.000,-145.00,0.8751,0.4040,0.3802,0.6893,0.9810,1.0000,0.9810
41,1,off,0,0,7,14.922,18.009,-0.018,7.973,14.092,0.000,-123.87,0.4775,0.3320,0.3075,0.6569,0.9692,0.3470,0.9818
42,0,off,0,0,8,8.434,13.691,-0.120,7.743,4.636,0.002,-48.10,0.2269,0.2806,0.2854,0.3502,0.7510,0.2854,0.9802
43,0,valley,1,0,1,9.074,13.673,0.929,5.417,9.113,0.000,-53.71,0.1929,0.2221,0.2648,0.2925,0.4340,0.2830,0.9771
44,0,beyond,0,0,1,9.749,10.548,1.027,3.646,9.113,0.000,-59.82,0.0174,0.1826,0.2237,0.2632,0.3012,0.2798,0.9723
45,0,valley,1,1,9,7.123,7.343,0.489,2.438,8.313,0.000,-31.12,0.2292,0.1518,0.1715,0.2198,0.1028,0.2743,0.9668
46,0,in_cluster,0,2,11,6.561,11.464,0.228,3.910,5.928,0.000,-31.89,0.0680,0.2909,0.2893,0.2617,0.5739,0.2759,0.9652
47,0,in_cluster,0,2,11,6.690,11.158,0.207,3.741,5.928,0.000,-32.74,0.0696,0.2964,0.2933,0.2727,0.5810,0.2775,0.9692
48,0,valley,1,9,0,7.401,11.933,0.182,3.581,14.831,0.000,-38.70,0.2688,0.1589,0.1723,0.2522,0.2253,0.2735,0.9636
49,0,in_cluster,0,9,4,5.948,11.907,0.577,5.248,3.535,0.115,-29.01,0.1162,0.1486,0.1526,0.1858,0.1012,0.2751,0.9542
50,1,off,0,3,12,152.646,180.871,2.360,125.726,18.543,0.000,-11660.74,0.9921,0.4474,0.4213,0.9984,0.6522,0.6933,1.0000
51,1,off,0,7,11,319.502,390.219,0.968,313.636,14.226,0.000,-51056.66,0.9968,1.0000,1.0000,0.9984,0.8522,1.0000,1.0000
52,1,off,0,7,12,270.634,336.816,-0.480,241.725,4.449,0.005,-36637.25,0.9960,1.0000,1.0000,0.9992,1.0000,1.0000,1.0000
53,1,off,0,7,11,382.152,448.376,2.088,380.388,14.226,0.000,-73036.11,0.9992,0.9992,0.9992,0.9984,1.0000,1.0000,1.0000
54,0,off,0,7,11,59.728,66.382,-0.435,54.163,14.226,0.000,-1799.54,0.7723,0.2237,0.2103,0.9818,0.9336,0.3020,0.5067
55,0,valley,1,0,7,8.942,14.648,0.205,6.099,14.092,0.000,-52.52,0.1826,0.1715,0.1549,0.3178,0.6822,0.2300,0.4103
56,0,in_cluster,0,1,0,5.420,9.476,0.025,3.411,9.113,0.000,-20.44,0.0040,0.1352,0.1360,0.1866,0.2561,0.2458,0.5028
57,0,in_cluster,0,1,0,5.662,10.886,-0.049,3.523,9.113,0.000,-21.78,0.0063,0.1170,0.1170,0.1186,0.1676,0.2419,0.5360
58,0,in_cluster,0,2,9,5.241,13.904,0.035,3.767,12.161,0.000,-24.10,0.0791,0.1407,0.1415,0.3391,0.7296,0.2482,0.4783
59,0,in_cluster,0,2,9,3.593,11.275,0.090,3.306,12.161,0.000,-16.82,0.0846,0.2474,0.2538,0.1644,0.5099,0.1945,0.4791
60,0,in_cluster,0,9,0,6.155,13.387,0.096,5.550,14.831,0.000,-30.26,0.2696,0.1960,0.1976,0.3518,0.7257,0.1123,0.4538
61,0,in_cluster,0,9,4,4.881,5.922,0.710,3.635,3.535,0.115,-20.90,0.0000,0.1043,0.0980,0.0648,0.0719,0.1431,0.4609
62,0,in_cluster,0,9,4,4.555,7.181,0.727,3.716,3.535,0.115,-21.69,0.0079,0.1051,0.0941,0.0933,0.1059,0.1518,0.4727
63,0,in_cluster,0,9,4,4.529,5.622,0.806,3.558,3.535,0.115,-19.18,0.0119,0.1083,0.0901,0.0854,0.1067,0.1273,0.4451
64,0,in_cluster,0,3,13,4.217,10.590,-0.318,3.439,5.416,0.000,-19.20,0.0901,0.1660,0.1470,0.2229,0.4941,0.1312,0.4917
65,0,in_cluster,0,3,14,4.958,10.891,0.122,3.731,8.288,0.000,-22.60,0.1020,0.2838,0.2419,0.2403,0.6522,0.1423,0.5217
66,0,in_cluster,0,5,14,5.525,7.975,0.029,3.847,8.026,0.000,-21.05,0.0972,0.3146,0.2719,0.2158,0.8213,0.1328,0.4830
67,0,in_cluster,0,5,0,5.498,8.438,0.112,4.278,11.003,0.000,-20.91,0.1842,0.2972,0.2561,0.2261,0.7051,0.1407,0.4814
68,0,in_cluster,0,0,8,6.247,7.034,-0.064,3.185,4.636,0.002,-32.05,0.1383,0.2213,0.1787,0.2087,0.5123,0.0949,0.4719
69,0,in_cluster,0,0,8,6.939,8.124,-0.071,3.893,4.636,0.002,-36.61,0.1858,0.1573,0.1462,0.2277,0.4949,0.0206,0.4877
70,0,in_cluster,0,1,0,4.723,10.642,-0.007,4.319,9.113,0.000,-16.90,0.0395,0.1281,0.1249,0.1565,0.2285,0.0482,0.5249
71,0,in_cluster,0,1,0,3.966,11.448,-0.059,4.081,9.113,0.000,-13.62,0.0411,0.1146,0.1123,0.1075,0.1312,0.0609,0.5375
72,0,in_cluster,0,2,9,4.487,12.225,0.089,3.767,12.161,0.000,-20.43,0.1755,0.2561,0.2577,0.1960,0.5281,0.1162,0.5842
73,0,in_cluster,0,2,9,4.471,11.741,0.087,4.084,12.161,0.000,-20.36,0.1352,0.2545,0.2585,0.1605,0.5518,0.1012,0.5534
74,0,in_cluster,0,9,4,5.654,8.594,0.249,4.808,3.535,0.115,-27.30,0.1787,0.1059,0.1020,0.1810,0.1534,0.0395,0.5723
75,0,in_cluster,0,9,4,3.869,9.157,0.327,3.736,3.535,0.115,-18.80,0.0364,0.0964,0.0862,0.0617,0.0482,0.0941,0.5929
76,0,in_cluster,0,9,4,4.129,8.512,0.394,3.746,3.535,0.115,-19.84,0.0877,0.1020,0.0885,0.0704,0.0632,0.0838,0.5107
77,0,in_cluster,0,9,4,3.968,8.270,0.452,3.585,3.535,0.115,-19.19,0.0893,0.1115,0.0964,0.0885,0.0854,0.1209,0.6000
78,0,valley,1,2,9,7.906,13.139,0.189,4.764,12.161,0.000,-41.62,0.1739,0.1510,0.1423,0.3447,0.8237,0.1660,0.8000
79,0,valley,1,2,11,7.353,15.239,0.109,5.504,5.928,0.000,-37.40,0.1462,0.3012,0.2783,0.2798,0.9518,0.2142,0.7628
80,0,off,0,0,7,11.473,15.761,0.187,8.934,14.092,0.000,-78.35,0.4158,0.3099,0.2798,0.3968,0.9897,0.2498,0.6577
81,0,in_cluster,0,0,7,6.746,14.335,0.163,5.166,14.092,0.000,-35.29,0.1834,0.1953,0.1684,0.2719,0.8387,0.2514,0.6047
82,0,in_cluster,0,3,0,6.812,7.872,0.302,6.099,8.305,0.000,-33.51,0.2427,0.2126,0.1921,0.2585,0.6925,0.2277,0.6229
83,0,in_cluster,0,14,3,6.488,9.499,0.477,5.481,8.288,0.000,-35.32,0.2751,0.2846,0.2593,0.3423,0.9415,0.0704,0.6213
84,0,valley,1,3,14,8.046,10.190,0.101,6.112,8.288,0.000,-42.68,0.1960,0.2822,0.2490,0.2474,0.8071,0.2055,0.5755
85,0,valley,1,0,8,7.057,9.030,0.065,4.164,4.636,0.002,-37.44,0.1344,0.2443,0.1897,0.2664,0.8490,0.2221,0.5336
86,0,in_cluster,0,0,8,6.264,8.684,-0.024,3.742,4.636,0.002,-32.15,0.1265,0.1850,0.1518,0.2292,0.6040,0.1826,0.5368
87,0,in_cluster,0,1,0,3.929,10.147,0.007,4.018,9.113,0.000,-13.47,0.0798,0.1462,0.1336,0.1534,0.2150,0.0198,0.5447
88,0,in_cluster,0,1,0,4.034,10.766,-0.010,3.976,9.113,0.000,-13.89,0.1012,0.1241,0.1154,0.1621,0.2364,0.0079,0.5478
89,0,in_cluster,0,9,1,5.990,7.152,0.296,3.677,8.313,0.000,-29.14,0.2324,0.1099,0.0988,0.1478,0.1257,0.1613,0.5233
90,0,in_cluster,0,2,9,4.974,12.571,0.028,3.961,12.161,0.000,-22.73,0.2213,0.2466,0.2451,0.1668,0.4767,0.0759,0.4980
91,0,in_cluster,0,2,9,4.122,11.653,0.076,3.770,12.161,0.000,-18.86,0.1043,0.2395,0.2403,0.1020,0.4522,0.0340,0.5170
92,0,in_cluster,0,9,4,5.207,9.252,0.424,4.168,3.535,0.115,-24.87,0.2490,0.0909,0.0735,0.1202,0.0775,0.0466,0.5320
93,0,in_cluster,0,9,4,4.495,8.262,0.488,3.820,3.535,0.115,-21.42,0.0775,0.0901,0.0680,0.0862,0.0680,0.0862,0.5684
94,0,in_cluster,0,9,4,4.309,8.229,0.486,3.744,3.535,0.115,-20.60,0.1328,0.0925,0.0711,0.1004,0.0577,0.0071,0.5747
95,0,in_cluster,0,9,4,4.653,8.990,0.406,4.294,3.535,0.115,-22.14,0.2071,0.1067,0.0830,0.1154,0.1036,0.0087,0.6111
96,0,valley,1,2,11,7.458,15.015,0.194,5.505,5.928,0.000,-38.18,0.2332,0.2719,0.2609,0.2704,0.9265,0.0522,0.6482
97,0,in_cluster,0,2,11,6.106,13.668,0.261,5.219,5.928,0.000,-29.01,0.0980,0.3059,0.2814,0.2759,0.9486,0.2403,0.6538
98,0,valley,1,0,7,11.123,12.894,0.280,5.753,14.092,0.000,-74.39,0.2063,0.1937,0.1621,0.2870,0.8285,0.2640,0.7123
99,0,valley,1,0,7,7.855,12.879,0.253,5.103,14.092,0.000,-43.39,0.1708,0.1976,0.1700,0.2680,0.7407,0.2561,0.8095
100,0,valley,1,3,14,8.148,8.485,0.174,5.992,8.288,0.000,-43.50,0.1731,0.2435,0.2087,0.2688,0.8079,0.1304,0.8071
101,0,valley,1,3,14,7.298,8.533,0.251,5.297,8.288,0.000,-36.94,0.1209,0.2783,0.2482,0.2395,0.8545,0.1652,0.6680
102,0,in_cluster,0,5,0,6.590,9.345,0.137,5.284,11.003,0.000,-27.50,0.1399,0.2632,0.2111,0.2332,0.7012,0.2269,0.6103
103,0,valley,1,0,8,8.180,9.693,0.107,4.770,4.636,0.002,-45.99,0.1802,0.1881,0.1534,0.2419,0.6814,0.2071,0.6221
104,0,valley,1,8,0,8.690,8.739,0.927,4.495,4.636,0.002,-50.27,0.1945,0.1470,0.1320,0.2427,0.5202,0.0119,0.6364
105,0,in_cluster,0,1,0,5.626,12.108,0.004,5.330,9.113,0.000,-21.58,0.1004,0.1186,0.1075,0.1802,0.2498,0.0032,0.6435
106,0,in_cluster,0,1,7,4.760,12.036,0.111,4.268,7.438,0.000,-17.08,0.1494,0.1036,0.0870,0.1123,0.1202,0.0285,0.6356
107,0,in_cluster,0,2,9,4.630,11.800,0.120,3.895,12.161,0.000,-21.09,0.1581,0.2292,0.2300,0.1708,0.4458,0.0364,0.6150
108,0,in_cluster,0,2,9,5.124,10.945,0.126,4.250,12.161,0.000,-23.50,0.1336,0.2253,0.2364,0.1462,0.4538,0.0111,0.5605
109,0,in_cluster,0,9,4,5.383,8.470,0.194,4.595,3.535,0.115,-25.81,0.2411,0.0806,0.0656,0.1794,0.1510,0.1028,0.4949
110,0,in_cluster,0,9,4,3.982,8.221,0.486,3.676,3.535,0.115,-19.25,0.1115,0.0719,0.0498,0.0672,0.0466,0.0213,0.4024
111,0,in_cluster,0,9,4,4.031,6.241,0.680,3.311,3.535,0.115,-19.41,0.1075,0.0704,0.0458,0.0751,0.0601,0.0063,0.2514
112,0,in_cluster,0,9,4,3.982,7.142,0.432,3.640,3.535,0.115,-19.24,0.1415,0.0791,0.0569,0.0925,0.0696,0.0166,0.1462
113,0,in_cluster,0,2,11,6.808,14.073,0.256,5.157,5.928,0.000,-33.54,0.1518,0.1249,0.1202,0.3455,0.7597,0.0632,0.1375
114,0,in_cluster,0,2,11,5.319,14.486,0.149,5.140,5.928,0.000,-24.51,0.0743,0.2814,0.2680,0.2593,0.9344,0.2008,0.1360
115,0,off,0,0,7,11.761,15.029,0.193,8.823,14.092,0.000,-81.70,0.3866,0.2933,0.2688,0.3984,0.9921,0.2553,0.1194
116,0,in_cluster,0,0,7,6.543,13.303,0.229,5.422,14.092,0.000,-33.94,0.1913,0.1597,0.1478,0.2538,0.7700,0.2577,0.1004
117,0,in_cluster,0,3,0,5.956,7.427,0.263,5.257,8.305,0.000,-28.05,0.2372,0.1810,0.1628,0.2458,0.6411,0.2451,0.1296
118,0,valley,1,14,3,7.015,9.295,0.407,5.346,8.288,0.000,-38.88,0.2680,0.2617,0.2269,0.3486,0.9249,0.1178,0.6419
119,0,in_cluster,0,3,14,5.951,8.409,0.118,4.865,8.288,0.000,-28.02,0.1921,0.2585,0.2206,0.2055,0.6830,0.2435,0.1589
120,0,in_cluster,0,0,8,4.255,7.816,-0.006,3.231,4.636,0.002,-21.59,0.0830,0.2063,0.1708,0.2387,0.7723,0.2530,0.1621
121,0,in_cluster,0,0,8,4.925,8.338,-0.058,3.536,4.636,0.002,-24.66,0.0735,0.1565,0.1439,0.1779,0.5320,0.2316,0.1455
122,0,in_cluster,0,1,0,4.256,8.726,0.062,3.420,9.113,0.000,-14.81,0.0964,0.1202,0.1209,0.1455,0.1953,0.1549,0.1399
123,0,in_cluster,0,1,0,4.331,9.817,-0.026,2.891,9.113,0.000,-15.13,0.0767,0.1028,0.1028,0.0877,0.1241,0.1296,0.1755
124,0,in_cluster,0,9,4,5.358,5.455,0.942,4.379,3.535,0.115,-18.34,0.1850,0.0727,0.0727,0.0261,0.0364,0.2087,0.1787
125,0,in_cluster,0,2,11,4.237,13.136,0.247,3.524,5.928,0.000,-19.34,0.1534,0.2206,0.2348,0.1043,0.4032,0.0791,0.1565
126,0,in_cluster,0,2,9,4.056,11.727,0.118,4.154,12.161,0.000,-18.59,0.0822,0.2150,0.2285,0.0822,0.4356,0.0957,0.1217
127,0,in_cluster,0,4,9,4.942,5.869,-0.104,4.390,3.535,0.115,-15.68,0.2016,0.0585,0.0553,0.1146,0.1075,0.0933,0.1067
128,0,in_cluster,0,4,9,4.298,4.759,0.108,3.574,3.535,0.115,-12.70,0.0458,0.0553,0.0514,0.0237,0.0316,0.1439,0.1249
129,0,in_cluster,0,4,9,4.158,5.031,0.013,3.715,3.535,0.115,-12.11,0.0569,0.0648,0.0609,0.0245,0.0411,0.0411,0.1012
130,0,in_cluster,0,4,9,4.010,5.204,-0.037,3.786,3.535,0.115,-11.51,0.0656,0.0775,0.0688,0.0458,0.0609,0.0174,0.1470
131,0,in_cluster,0,2,11,5.526,15.009,0.177,4.825,5.928,0.000,-25.63,0.1818,0.2530,0.2553,0.2451,0.9051,0.1344,0.1486
132,0,in_cluster,0,2,11,4.772,14.246,0.202,4.863,5.928,0.000,-21.75,0.0229,0.2949,0.2735,0.2506,0.9352,0.2372,0.0988
133,0,in_cluster,0,0,7,5.961,13.376,0.195,4.059,14.092,0.000,-30.30,0.1723,0.1794,0.1565,0.2577,0.7194,0.2601,0.0798
134,0,in_cluster,0,0,7,5.573,13.820,0.190,4.904,14.092,0.000,-28.07,0.1241,0.1842,0.1613,0.2443,0.6917,0.2545,0.0814
135,0,in_cluster,0,3,14,6.168,9.565,0.103,6.185,8.288,0.000,-29.33,0.1391,0.2198,0.1937,0.2356,0.7083,0.2387,0.1866
136,0,in_cluster,0,3,14,4.988,8.554,0.127,4.505,8.288,0.000,-22.75,0.0949,0.2656,0.2356,0.2071,0.7494,0.2490,0.1557
137,0,in_cluster,0,5,0,6.669,8.451,0.075,4.441,11.003,0.000,-28.03,0.1099,0.2490,0.2016,0.1937,0.5858,0.2609,0.1763
138,0,in_cluster,0,0,8,5.100,8.846,-0.028,3.535,4.636,0.002,-25.54,0.0632,0.1787,0.1502,0.1771,0.5526,0.2593,0.1518
139,0,in_cluster,0,0,8,4.162,7.325,-0.104,2.817,4.636,0.002,-21.20,0.1470,0.1289,0.1312,0.1526,0.3960,0.2356,0.1383
140,0,in_cluster,0,1,0,4.321,10.167,-0.061,4.380,9.113,0.000,-15.09,0.0372,0.1130,0.1130,0.1051,0.1565,0.2237,0.1099
141,0,in_cluster,0,1,0,4.396,10.671,-0.078,3.518,9.113,0.000,-15.41,0.0909,0.0980,0.1036,0.0632,0.1383,0.1905,0.0822
142,0,in_cluster,0,2,9,4.488,13.658,0.064,4.424,12.161,0.000,-20.44,0.1170,0.2387,0.2466,0.1684,0.5028,0.1889,0.2277
143,0,in_cluster,0,2,9,3.490,12.442,0.053,3.409,12.161,0.000,-16.45,0.0601,0.2324,0.2411,0.0538,0.3787,0.0617,0.1241
144,0,in_cluster,0,4,9,4.571,5.432,0.092,4.103,3.535,0.115,-13.92,0.2158,0.0696,0.0759,0.0759,0.0980,0.0719,0.0719
145,0,in_cluster,0,4,9,4.375,5.815,-0.044,4.458,3.535,0.115,-13.04,0.0711,0.0625,0.0632,0.0332,0.0387,0.1494,0.0727
146,0,in_cluster,0,4,9,5.232,5.835,-0.174,4.658,3.535,0.115,-17.15,0.2300,0.0617,0.0601,0.0727,0.0617,0.1644,0.0704
147,0,in_cluster,0,4,9,4.070,4.831,0.020,3.572,3.535,0.115,-11.75,0.0348,0.0593,0.0577,0.0119,0.0261,0.2158,0.1320
148,0,in_cluster,0,9,3,4.819,10.299,0.121,4.624,10.751,0.000,-22.93,0.2625,0.0798,0.0743,0.0664,0.1810,0.1684,0.1233
149,0,in_cluster,0,3,13,4.650,8.425,-0.047,3.096,5.416,0.000,-21.12,0.0617,0.1929,0.1644,0.1715,0.4142,0.1368,0.1146
150,0,in_cluster,0,14,10,6.952,10.535,0.280,5.069,7.270,0.000,-38.44,0.2514,0.3028,0.2632,0.2838,0.8711,0.1383,0.5850
151,0,in_cluster,0,5,10,4.579,8.736,-0.106,3.384,5.220,0.000,-16.27,0.0577,0.2925,0.2569,0.1518,0.6348,0.1486,0.2198
152,0,in_cluster,0,0,8,4.592,5.799,-0.008,3.189,4.636,0.002,-23.08,0.1257,0.2498,0.2040,0.2190,0.6901,0.1747,0.2593
153,0,in_cluster,0,0,8,4.512,5.659,-0.050,2.214,4.636,0.002,-22.72,0.0838,0.1755,0.1581,0.1225,0.3826,0.0964,0.2237
154,0,in_cluster,0,1,0,4.023,9.115,0.029,3.816,9.113,0.000,-13.84,0.1273,0.1233,0.1265,0.1265,0.1621,0.1099,0.1913
155,0,in_cluster,0,1,0,4.555,10.449,-0.095,4.155,9.113,0.000,-16.13,0.1407,0.1075,0.1107,0.0988,0.1194,0.1375,0.1581
156,0,in_cluster,0,9,4,5.788,6.071,1.198,4.578,3.535,0.115,-21.89,0.2285,0.0885,0.1004,0.0419,0.0395,0.2134,0.1391
157,0,in_cluster,0,2,9,3.909,12.082,0.062,3.938,12.161,0.000,-18.01,0.0648,0.2316,0.2458,0.0917,0.3668,0.2229,0.1652
158,0,in_cluster,0,2,11,4.004,11.877,0.300,2.943,5.928,0.000,-18.38,0.1320,0.2142,0.2340,0.1083,0.4292,0.1233,0.1265
159,0,in_cluster,0,4,9,6.207,6.945,-0.111,5.592,3.535,0.115,-22.73,0.1573,0.0514,0.0545,0.0964,0.0656,0.1281,0.0751
160,0,in_cluster,0,4,9,5.270,6.149,-0.148,4.772,3.535,0.115,-17.35,0.0198,0.0538,0.0585,0.0253,0.0300,0.1929,0.0656
161,0,in_cluster,0,4,9,4.939,5.445,-0.164,3.919,3.535,0.115,-15.66,0.0190,0.0632,0.0648,0.0206,0.0292,0.0972,0.0593
162,0,in_cluster,0,4,9,4.428,5.734,-0.141,4.244,3.535,0.115,-13.27,0.0308,0.0735,0.0719,0.0427,0.0435,0.1257,0.0617
163,0,in_cluster,0,3,13,4.642,8.237,-0.054,3.328,5.416,0.000,-21.08,0.0427,0.1320,0.1296,0.2134,0.4427,0.1067,0.0585
164,0,in_cluster,0,3,13,4.590,9.212,-0.040,3.197,5.416,0.000,-20.84,0.0925,0.2553,0.2166,0.2308,0.5668,0.1621,0.1202
165,0,in_cluster,0,5,14,5.054,6.557,0.212,3.251,8.026,0.000,-18.56,0.0585,0.3067,0.2672,0.1636,0.7289,0.1897,0.1668
166,0,in_cluster,0,5,10,5.144,7.905,-0.125,3.452,5.220,0.000,-19.02,0.1202,0.2870,0.2530,0.1842,0.5984,0.1937,0.2458
167,0,in_cluster,0,0,8,3.742,5.373,-0.003,2.467,4.636,0.002,-19.54,0.0719,0.2016,0.1771,0.1233,0.3628,0.1787,0.1771
168,0,in_cluster,0,0,8,4.504,6.277,0.000,3.271,4.636,0.002,-22.68,0.1130,0.1478,0.1455,0.1383,0.3344,0.1731,0.1312
169,0,in_cluster,0,1,0,3.638,9.541,-0.043,3.208,9.113,0.000,-12.37,0.0387,0.1154,0.1241,0.1217,0.1249,0.1802,0.1130
170,0,in_cluster,0,1,0,4.360,11.269,-0.107,3.808,9.113,0.000,-15.26,0.0538,0.1004,0.1099,0.1336,0.1083,0.1470,0.1036
171,0,in_cluster,0,2,11,3.725,12.280,0.295,3.231,5.928,0.000,-17.31,0.0862,0.2300,0.2435,0.1486,0.3953,0.2253,0.1478
172,0,in_cluster,0,2,11,2.793,11.409,0.305,2.207,5.928,0.000,-14.27,0.0300,0.2190,0.2395,0.0324,0.3107,0.2119,0.1154
173,0,in_cluster,0,9,4,4.421,5.062,0.775,3.383,3.535,0.115,-16.27,0.1281,0.0577,0.0704,0.1067,0.0917,0.1565,0.0838
174,0,in_cluster,0,4,9,4.580,5.157,0.043,4.005,3.535,0.115,-13.96,0.0008,0.0435,0.0490,0.0348,0.0277,0.2332,0.0632
175,0,in_cluster,0,4,9,4.011,4.904,-0.002,3.586,3.535,0.115,-11.51,0.0087,0.0474,0.0506,0.0150,0.0379,0.2213,0.0419
176,0,in_cluster,0,4,9,4.616,5.246,0.008,3.942,3.535,0.115,-14.12,0.0261,0.0609,0.0593,0.0316,0.0545,0.1708,0.0308
177,0,in_cluster,0,9,3,5.157,10.568,0.114,4.686,10.751,0.000,-24.61,0.2561,0.0783,0.0767,0.1431,0.3036,0.1771,0.0277
178,0,in_cluster,0,3,13,3.993,8.975,-0.061,2.802,5.416,0.000,-18.28,0.0498,0.1897,0.1636,0.1881,0.4474,0.1605,0.0379
179,0,in_cluster,0,14,10,5.386,9.751,0.235,5.078,7.270,0.000,-28.78,0.2498,0.3004,0.2617,0.2854,0.8585,0.1715,0.5874
180,0,in_cluster,0,5,10,4.368,7.578,-0.027,2.743,5.220,0.000,-15.33,0.1146,0.2885,0.2522,0.1138,0.5676,0.1723,0.1668
181,0,in_cluster,0,0,8,4.455,6.196,0.029,3.566,4.636,0.002,-22.46,0.1613,0.2458,0.2024,0.2182,0.6198,0.2016,0.2561
182,0,in_cluster,0,0,8,4.735,5.686,-0.013,3.361,4.636,0.002,-23.75,0.1107,0.1692,0.1573,0.1818,0.4024,0.1700,0.0854
183,0,in_cluster,0,1,0,3.878,8.774,0.009,3.050,9.113,0.000,-13.27,0.0435,0.1209,0.1273,0.1059,0.1265,0.1146,0.0767
184,0,in_cluster,0,1,0,4.010,10.308,-0.064,3.465,9.113,0.000,-13.79,0.0206,0.1012,0.1083,0.0972,0.0933,0.1842,0.1091
185,0,in_cluster,0,4,9,5.889,6.211,-0.028,5.144,3.535,0.115,-20.81,0.1217,0.0814,0.0909,0.0656,0.0474,0.2198,0.1605
186,0,in_cluster,0,2,11,3.965,12.066,0.310,3.228,5.928,0.000,-18.23,0.1557,0.2261,0.2443,0.0711,0.3676,0.2174,0.1834
187,0,in_cluster,0,2,11,3.501,11.786,0.284,2.602,5.928,0.000,-16.49,0.0285,0.2079,0.2308,0.0474,0.3439,0.1399,0.0395
188,0,in_cluster,0,4,9,5.399,5.685,-0.066,4.406,3.535,0.115,-18.04,0.1233,0.0427,0.0435,0.0395,0.0332,0.0814,0.0340
189,0,in_cluster,0,4,9,4.730,5.179,-0.071,3.856,3.535,0.115,-14.65,0.0103,0.0403,0.0427,0.0300,0.0206,0.2150,0.0253
190,0,in_cluster,0,4,9,4.965,5.583,-0.145,4.130,3.535,0.115,-15.80,0.0182,0.0451,0.0466,0.0277,0.0324,0.2000,0.0237
191,0,in_cluster,0,4,9,5.362,6.256,-0.221,4.692,3.535,0.115,-17.84,0.0221,0.0561,0.0561,0.0530,0.0514,0.1462,0.0261
192,0,in_cluster,0,3,13,5.015,8.185,0.020,2.726,5.416,0.000,-22.89,0.0245,0.1225,0.1194,0.1581,0.4174,0.1866,0.0530
193,0,in_cluster,0,3,13,4.363,8.709,0.022,2.065,5.416,0.000,-19.83,0.0751,0.2411,0.1992,0.1628,0.4632,0.2348,0.0830
194,0,in_cluster,0,5,10,5.298,7.549,-0.005,2.268,5.220,0.000,-19.82,0.0419,0.2996,0.2625,0.1494,0.6055,0.2308,0.1668
195,0,in_cluster,0,5,10,4.688,7.417,-0.028,2.650,5.220,0.000,-16.78,0.1296,0.2775,0.2379,0.2008,0.6206,0.1881,0.2387
196,0,in_cluster,0,0,8,4.295,5.375,0.048,2.649,4.636,0.002,-21.76,0.1083,0.1968,0.1676,0.1344,0.3739,0.2040,0.1636
197,0,in_cluster,0,0,8,4.695,6.297,0.032,3.397,4.636,0.002,-23.56,0.1059,0.1375,0.1399,0.1597,0.3407,0.1874,0.0854
198,0,in_cluster,0,1,0,4.395,9.500,-0.037,3.207,9.113,0.000,-15.41,0.0277,0.1123,0.1178,0.0806,0.0901,0.1502,0.1178
199,0,in_cluster,0,1,0,5.281,10.302,-0.055,3.100,9.113,0.000,-19.70,0.0324,0.0877,0.1012,0.0870,0.0711,0.1850,0.1779
200,0,in_cluster,0,2,11,5.521,12.009,0.288,3.914,5.928,0.000,-25.61,0.1810,0.1889,0.2071,0.1945,0.4917,0.1976,0.2032
201,0,in_cluster,0,2,11,3.650,11.606,0.292,2.833,5.928,0.000,-17.03,0.0664,0.2095,0.2372,0.0601,0.3194,0.1225,0.0372
202,0,in_cluster,0,9,7,4.482,12.237,0.299,3.663,6.628,0.000,-21.36,0.1249,0.0838,0.0972,0.1692,0.3510,0.1202,0.0435
203,0,in_cluster,0,4,9,3.820,4.843,-0.069,3.408,3.535,0.115,-10.77,0.0032,0.0379,0.0379,0.0047,0.0047,0.2024,0.0348
204,0,in_cluster,0,4,9,4.623,5.604,-0.090,4.273,3.535,0.115,-14.15,0.0474,0.0395,0.0395,0.0285,0.0229,0.2032,0.0292
205,0,in_cluster,0,4,9,4.641,5.365,-0.013,4.153,3.535,0.115,-14.24,0.0150,0.0466,0.0411,0.0451,0.0451,0.1676,0.0285
206,0,in_cluster,0,9,7,4.228,11.054,0.218,3.637,6.628,0.000,-20.25,0.1502,0.0569,0.0482,0.0688,0.1834,0.1794,0.0316
207,0,in_cluster,0,3,13,4.007,8.090,-0.036,2.227,5.416,0.000,-18.34,0.0885,0.1739,0.1510,0.1352,0.4300,0.1739,0.0387
208,0,in_cluster,0,14,3,4.887,13.790,-0.050,3.910,8.288,0.000,-26.22,0.1905,0.2877,0.2514,0.3597,0.8656,0.2285,0.6458
209,0,in_cluster,0,5,10,4.293,7.280,-0.000,2.086,5.220,0.000,-15.00,0.1178,0.2830,0.2427,0.0980,0.4980,0.2206,0.1668
210,0,in_cluster,0,0,8,4.975,6.079,0.130,3.972,4.636,0.002,-24.91,0.0996,0.2482,0.2032,0.2126,0.6340,0.0980,0.2672
211,0,in_cluster,0,0,8,4.416,5.334,0.089,2.423,4.636,0.002,-22.28,0.0451,0.1628,0.1494,0.1249,0.3455,0.0680,0.0854
212,0,in_cluster,0,1,0,4.334,9.143,0.021,4.040,9.113,0.000,-15.15,0.0870,0.1138,0.1217,0.0846,0.0925,0.0767,0.0980
213,0,in_cluster,0,1,0,5.139,10.119,-0.044,3.713,9.113,0.000,-18.96,0.0561,0.0941,0.1043,0.0814,0.0846,0.1534,0.1510
214,0,in_cluster,0,9,4,5.162,5.907,0.756,4.541,3.535,0.115,-20.89,0.1289,0.0688,0.0822,0.0593,0.0458,0.1984,0.1905
215,0,in_cluster,0,2,11,3.883,11.516,0.313,3.149,5.928,0.000,-17.91,0.1700,0.2055,0.2292,0.0569,0.3478,0.1810,0.2008
216,0,in_cluster,0,2,11,3.810,10.766,0.329,2.672,5.928,0.000,-17.62,0.0688,0.1945,0.2134,0.0996,0.4008,0.0387,0.0458
217,0,in_cluster,0,4,9,5.500,6.086,0.001,4.995,3.535,0.115,-18.60,0.2553,0.0356,0.0348,0.0640,0.0403,0.0403,0.0403
218,0,in_cluster,0,4,9,4.960,6.146,-0.022,4.985,3.535,0.115,-15.77,0.0332,0.0372,0.0364,0.0372,0.0237,0.2111,0.0269
219,0,in_cluster,0,4,9,4.140,5.306,0.008,4.045,3.535,0.115,-12.04,0.0490,0.0411,0.0387,0.0142,0.0245,0.0885,0.0245
220,0,in_cluster,0,4,9,4.140,5.226,0.010,3.948,3.535,0.115,-12.04,0.0530,0.0522,0.0403,0.0158,0.0253,0.0324,0.0680
221,0,in_cluster,0,3,13,4.431,7.199,0.036,2.548,5.416,0.000,-20.13,0.0134,0.1194,0.1162,0.1723,0.3802,0.0458,0.0577
222,0,in_cluster,0,3,13,4.385,7.363,0.041,2.754,5.416,0.000,-19.92,0.0854,0.2364,0.1929,0.1787,0.4530,0.0514,0.1138
223,0,in_cluster,0,5,14,5.252,6.425,0.257,3.135,8.026,0.000,-19.58,0.0522,0.2917,0.2545,0.1115,0.5755,0.1542,0.1668
224,0,in_cluster,0,5,10,5.190,7.229,0.022,3.296,5.220,0.000,-19.26,0.1304,0.2688,0.2229,0.1763,0.5644,0.1597,0.2419
225,0,in_cluster,0,8,0,5.290,5.514,0.884,3.525,4.636,0.002,-26.93,0.1763,0.1866,0.1605,0.2040,0.4443,0.0877,0.1660
226,0,in_cluster,0,0,8,5.029,5.301,0.108,2.731,4.636,0.002,-25.09,0.1455,0.1265,0.1304,0.2032,0.3834,0.0300,0.0854
227,0,in_cluster,0,1,0,4.865,9.624,-0.037,3.270,9.113,0.000,-17.59,0.0158,0.0949,0.1059,0.0909,0.1375,0.0751,0.1281
228,0,in_cluster,0,1,0,4.293,10.744,-0.095,3.397,9.113,0.000,-14.97,0.0126,0.0672,0.0838,0.0387,0.0522,0.1415,0.1818
229,0,in_cluster,0,2,11,4.424,10.390,0.356,2.559,5.928,0.000,-20.15,0.1715,0.1802,0.1913,0.1660,0.5415,0.1320,0.2142
230,0,in_cluster,0,2,11,3.862,9.951,0.384,2.550,5.928,0.000,-17.82,0.0466,0.1921,0.2174,0.0767,0.4253,0.0253,0.0300
231,0,in_cluster,0,9,7,4.480,11.917,0.234,3.422,6.628,0.000,-21.35,0.1439,0.0545,0.0696,0.2269,0.4680,0.0316,0.0324
232,0,in_cluster,0,4,9,4.551,4.633,0.007,3.504,3.535,0.115,-13.83,0.0055,0.0229,0.0253,0.0024,0.0071,0.1921,0.0229
233,0,in_cluster,0,4,9,3.517,4.355,0.078,3.133,3.535,0.115,-9.65,0.0024,0.0245,0.0269,0.0055,0.0063,0.2182,0.0198
234,0,in_cluster,0,4,9,3.795,4.453,0.158,3.288,3.535,0.115,-10.67,0.0095,0.0261,0.0277,0.0095,0.0150,0.1059,0.0182
235,0,in_cluster,0,9,7,5.292,10.441,0.238,3.952,6.628,0.000,-25.32,0.2474,0.0332,0.0316,0.1739,0.2972,0.0696,0.0206
236,0,in_cluster,0,3,13,4.562,6.258,0.146,2.539,5.416,0.000,-20.71,0.0340,0.1526,0.1447,0.1178,0.3502,0.2063,0.0221
237,0,in_cluster,0,14,10,5.642,13.983,-0.008,4.926,7.270,0.000,-30.19,0.2585,0.2727,0.2316,0.3605,0.8980,0.2395,0.6466
238,0,in_cluster,0,5,10,4.318,5.667,0.168,2.029,5.220,0.000,-15.11,0.1067,0.2640,0.2182,0.0585,0.4719,0.1478,0.1668
239,0,in_cluster,0,0,8,4.355,4.521,0.286,3.010,4.636,0.002,-21.86,0.1368,0.2047,0.1755,0.1834,0.5209,0.0854,0.2759
240,0,in_cluster,0,8,0,3.578,4.431,0.704,1.477,4.636,0.002,-19.85,0.0166,0.1328,0.1344,0.0893,0.2577,0.0545,0.0854
241,0,in_cluster,0,1,0,3.462,9.418,-0.017,2.848,9.113,0.000,-11.75,0.0379,0.0870,0.0917,0.1257,0.1170,0.0893,0.0996
242,0,in_cluster,0,1,7,4.511,10.359,0.227,2.315,7.438,0.000,-15.93,0.0403,0.0530,0.0672,0.0435,0.0593,0.0648,0.1549
243,0,in_cluster,0,9,4,4.958,5.466,0.878,4.112,3.535,0.115,-18.40,0.0933,0.0340,0.0419,0.0269,0.0221,0.1447,0.1897
244,0,in_cluster,0,2,11,3.456,8.803,0.334,2.433,5.928,0.000,-16.34,0.1660,0.1818,0.2079,0.0466,0.2783,0.1170,0.2055
245,1,in_cluster,0,2,11,3.397,8.205,0.335,1.842,5.928,0.000,-16.14,0.1225,0.1715,0.1929,0.0980,0.3668,0.0419,0.0719
246,1,in_cluster,0,9,4,4.344,5.145,0.840,3.519,3.535,0.115,-16.69,0.2206,0.0174,0.0245,0.0253,0.0166,0.0925,0.0822
247,1,in_cluster,0,9,4,4.954,5.076,0.858,3.958,3.535,0.115,-16.35,0.0435,0.0182,0.0245,0.0040,0.0040,0.0545,0.0783
248,1,in_cluster,0,4,9,4.302,4.722,0.055,3.511,3.535,0.115,-12.72,0.0451,0.0213,0.0245,0.0008,0.0008,0.0419,0.0522
249,0,in_cluster,0,9,4,4.292,5.203,0.787,3.557,3.535,0.115,-16.98,0.0545,0.0253,0.0261,0.0087,0.0055,0.0783,0.0443
250,0,in_cluster,0,13,3,5.046,5.253,0.603,2.777,5.416,0.000,-19.91,0.0672,0.1273,0.1257,0.1312,0.3067,0.1217,0.0972
251,0,in_cluster,0,13,3,6.143,6.216,0.543,4.169,5.416,0.000,-26.03,0.1636,0.2522,0.2126,0.1897,0.5067,0.2095,0.4870
252,0,in_cluster,0,10,5,4.153,6.799,0.576,2.726,5.220,0.000,-19.79,0.1794,0.2664,0.2245,0.0514,0.4609,0.1834,0.2466
253,0,in_cluster,0,8,0,3.791,6.022,0.528,3.258,4.636,0.002,-20.72,0.1028,0.2269,0.1874,0.1889,0.5652,0.0917,0.2822
254,0,in_cluster,0,8,0,3.510,4.899,0.638,2.428,4.636,0.002,-19.68,0.0609,0.1455,0.1391,0.1241,0.3281,0.0182,0.1850
255,0,in_cluster,0,1,0,5.037,8.396,0.128,3.225,9.113,0.000,-18.44,0.2190,0.0862,0.0933,0.0775,0.0957,0.0332,0.0854
256,0,in_cluster,0,1,7,4.772,9.776,0.185,2.017,7.438,0.000,-17.14,0.1589,0.0443,0.0617,0.0609,0.0585,0.0427,0.0806
257,0,in_cluster,0,1,7,4.932,9.307,0.229,2.360,7.438,0.000,-17.91,0.2316,0.0277,0.0372,0.0482,0.0356,0.1036,0.1186
258,0,in_cluster,0,2,11,4.200,7.862,0.344,2.994,5.928,0.000,-19.19,0.2087,0.1652,0.1945,0.1162,0.2870,0.2103,0.1423
259,0,in_cluster,0,2,11,3.799,6.845,0.367,2.015,5.928,0.000,-17.58,0.2237,0.1549,0.1810,0.0553,0.2648,0.0474,0.0079
260,0,in_cluster,0,9,4,3.524,6.205,0.259,3.280,3.535,0.115,-17.52,0.1968,0.0040,0.0134,0.0783,0.0340,0.0095,0.0047
261,0,in_cluster,0,9,4,2.854,6.749,0.272,2.744,3.535,0.115,-15.39,0.1565,0.0024,0.0095,0.0000,0.0000,0.1953,0.0016
262,0,in_cluster,0,9,4,2.855,7.439,0.126,2.861,3.535,0.115,-15.39,0.1984,0.0055,0.0126,0.0040,0.0016,0.1455,0.0008
263,0,in_cluster,0,9,4,3.398,7.565,0.155,3.128,3.535,0.115,-17.09,0.2079,0.0134,0.0166,0.0063,0.0087,0.0822,0.0000
264,0,in_cluster,0,13,3,5.634,6.512,0.548,4.356,5.416,0.000,-23.06,0.2103,0.1091,0.1051,0.1281,0.3186,0.1779,0.0111
265,0,in_cluster,0,13,3,5.272,7.060,0.512,3.985,5.416,0.000,-21.09,0.2387,0.2158,0.1794,0.1368,0.4435,0.1154,0.3668
266,0,in_cluster,0,10,5,4.884,6.832,0.466,3.045,5.220,0.000,-23.10,0.2261,0.2609,0.2158,0.1439,0.5597,0.0490,0.1668
267,0,in_cluster,0,8,0,4.048,9.287,0.214,3.534,4.636,0.002,-21.72,0.2008,0.2332,0.1850,0.2672,0.6806,0.0711,0.2980
268,0,in_cluster,0,8,0,2.506,7.809,0.312,2.093,4.636,0.002,-16.67,0.2482,0.1391,0.1328,0.0798,0.3296,0.0245,0.0854
269,0,in_cluster,0,1,7,4.533,8.196,0.203,3.390,7.438,0.000,-16.02,0.2727,0.0680,0.0791,0.1012,0.1613,0.0269,0.0854
270,0,in_cluster,0,1,7,4.054,7.919,0.244,2.457,7.438,0.000,-13.97,0.2150,0.0387,0.0538,0.0561,0.0569,0.0237,0.0466
271,0,in_cluster,0,1,7,3.887,7.994,0.236,2.274,7.438,0.000,-13.31,0.2379,0.0269,0.0340,0.0166,0.0308,0.0664,0.0775
272,0,in_cluster,0,2,11,3.780,6.590,0.427,1.789,5.928,0.000,-17.51,0.2435,0.1676,0.2000,0.0340,0.2569,0.0292,0.1020
273,0,in_cluster,0,2,11,4.009,6.674,0.390,1.738,5.928,0.000,-18.40,0.2024,0.1605,0.1842,0.0443,0.3083,0.0047,0.0071
274,0,in_cluster,0,9,4,2.488,7.882,-0.008,2.609,3.535,0.115,-14.41,0.2095,0.0095,0.0158,0.0498,0.0372,0.0451,0.0356
275,0,in_cluster,0,9,7,3.620,9.583,0.113,2.342,6.628,0.000,-17.87,0.1676,0.0087,0.0103,0.0490,0.0190,0.0016,0.0609
276,0,in_cluster,0,9,7,3.662,8.799,0.147,2.142,6.628,0.000,-18.02,0.1375,0.0142,0.0142,0.0506,0.0213,0.0055,0.0364
277,0,in_cluster,0,9,7,3.297,8.346,0.198,2.477,6.628,0.000,-16.75,0.1692,0.0174,0.0174,0.0292,0.0174,0.0727,0.0696
278,0,in_cluster,0,13,3,4.772,5.949,0.585,2.448,5.416,0.000,-18.57,0.1186,0.0957,0.0854,0.1502,0.3431,0.0625,0.1273
279,0,in_cluster,0,13,3,5.795,6.329,0.608,3.355,5.416,0.000,-23.98,0.2047,0.1992,0.1668,0.1296,0.4364,0.0348,0.2372
280,0,in_cluster,0,10,5,4.739,6.075,0.476,2.884,5.220,0.000,-22.25,0.2356,0.2625,0.2190,0.1510,0.5304,0.0190,0.1668
281,0,in_cluster,0,10,5,4.179,6.272,0.498,2.596,5.220,0.000,-19.90,0.2308,0.2340,0.1818,0.2095,0.5549,0.0008,0.2609
282,0,in_cluster,0,8,0,3.653,8.269,0.390,2.737,4.636,0.002,-20.20,0.2443,0.1447,0.1289,0.1209,0.3565,0.0000,0.1162
283,0,in_cluster,0,8,0,4.553,7.859,0.483,3.406,4.636,0.002,-23.89,0.2601,0.0830,0.0798,0.1407,0.3130,0.0024,0.1644
284,0,in_cluster,0,1,7,5.116,8.857,0.189,2.939,7.438,0.000,-18.84,0.1889,0.0458,0.0530,0.0791,0.1115,0.0040,0.1842
285,0,in_cluster,0,1,7,5.502,8.716,0.212,2.758,7.438,0.000,-20.89,0.1937,0.0316,0.0356,0.0577,0.0625,0.0221,0.1889
286,0,in_cluster,0,2,11,4.624,8.400,0.323,2.616,5.928,0.000,-21.06,0.2395,0.1771,0.1953,0.1470,0.4055,0.0126,0.2134
287,0,in_cluster,0,2,11,3.849,8.296,0.278,2.071,5.928,0.000,-17.78,0.1542,0.1684,0.1905,0.0364,0.3051,0.0134,0.1534
288,0,in_cluster,0,9,7,3.038,10.432,0.079,2.803,6.628,0.000,-15.93,0.2126,0.0166,0.0198,0.1850,0.1399,0.0103,0.0783
289,0,in_cluster,0,9,7,3.688,9.651,0.137,2.890,6.628,0.000,-18.12,0.1154,0.0103,0.0071,0.0111,0.0119,0.0561,0.1043
290,0,in_cluster,0,9,4,3.103,8.967,0.102,3.313,3.535,0.115,-16.13,0.0806,0.0119,0.0079,0.0079,0.0134,0.0870,0.0964
291,0,in_cluster,0,9,4,2.981,8.821,0.091,3.168,3.535,0.115,-15.76,0.0941,0.0158,0.0087,0.0174,0.0427,0.1130,0.1170
292,0,in_cluster,0,13,3,5.779,6.318,0.674,3.304,5.416,0.000,-23.89,0.1091,0.0640,0.0451,0.1613,0.3850,0.0909,0.2158
293,0,in_cluster,0,13,3,6.164,6.374,0.732,3.452,5.416,0.000,-26.17,0.1668,0.1834,0.1557,0.1107,0.3692,0.1107,0.1992
294,0,in_cluster,0,10,5,4.562,5.790,0.558,2.281,5.220,0.000,-21.26,0.1478,0.2672,0.2213,0.1194,0.5439,0.1763,0.2229
295,0,in_cluster,0,10,5,4.243,5.403,0.548,2.128,5.220,0.000,-19.58,0.1510,0.2419,0.1881,0.1755,0.5036,0.1051,0.2245
296,0,in_cluster,0,8,0,3.508,6.098,0.496,1.747,4.636,0.002,-19.68,0.1628,0.1542,0.1383,0.0719,0.3059,0.1043,0.1881
297,0,in_cluster,0,8,0,3.461,6.345,0.537,1.953,4.636,0.002,-19.52,0.1779,0.0972,0.0893,0.0743,0.2632,0.0775,0.0854
298,0,in_cluster,0,1,7,4.714,10.427,0.057,2.943,7.438,0.000,-16.86,0.1194,0.0482,0.0443,0.1170,0.1178,0.0435,0.0625
299,0,in_cluster,0,1,7,4.126,9.939,0.128,2.712,7.438,0.000,-14.26,0.1123,0.0308,0.0300,0.0522,0.0648,0.0672,0.0538
300,0,in_cluster,0,2,11,3.799,8.797,0.267,2.369,5.928,0.000,-17.58,0.1644,0.1383,0.1589,0.1913,0.4640,0.0379,0.0545
301,1,in_cluster,0,2,11,4.377,8.941,0.229,2.430,5.928,0.000,-19.94,0.1684,0.1652,0.1834,0.0585,0.3249,0.0229,0.0680
302,1,in_cluster,0,9,7,4.390,11.565,0.100,2.780,6.628,0.000,-20.95,0.1621,0.0364,0.0379,0.1842,0.3447,0.0158,0.0648
303,0,in_cluster,0,9,7,3.397,10.015,0.121,2.341,6.628,0.000,-17.09,0.0237,0.0047,0.0047,0.0071,0.0040,0.0142,0.1051
304,0,in_cluster,0,9,4,3.216,8.783,0.097,3.424,3.535,0.115,-16.49,0.0514,0.0111,0.0055,0.0198,0.0103,0.0229,0.2024
305,0,in_cluster,0,9,4,2.707,8.582,0.093,2.872,3.535,0.115,-14.98,0.0316,0.0150,0.0063,0.0190,0.0142,0.0372,0.2174
306,1,in_cluster,0,9,7,3.766,9.467,0.111,3.023,6.628,0.000,-18.41,0.2601,0.0213,0.0126,0.0704,0.1209,0.0601,0.2522
307,1,in_cluster,0,3,13,5.143,5.567,0.238,2.757,5.416,0.000,-22.33,0.0877,0.1368,0.1233,0.1628,0.3581,0.0427,0.3004
308,1,in_cluster,0,14,3,5.160,15.769,-0.254,3.411,8.288,0.000,-27.59,0.1549,0.2585,0.2071,0.3597,0.8925,0.0806,0.6466
309,0,in_cluster,0,5,10,4.685,4.870,0.353,2.153,5.220,0.000,-16.76,0.1225,0.2514,0.2008,0.1289,0.4972,0.1265,0.1668
310,1,in_cluster,0,8,0,5.569,6.396,0.532,4.124,4.636,0.002,-29.02,0.1455,0.1921,0.1597,0.2324,0.5779,0.1431,0.2522
311,1,in_cluster,0,8,0,5.725,5.821,0.647,3.003,4.636,0.002,-28.98,0.1249,0.1257,0.1233,0.1652,0.3146,0.1186,0.2419
312,1,valley,1,0,1,10.197,10.521,0.955,3.907,9.113,0.000,-61.06,0.1874,0.0704,0.0798,0.1850,0.1423,0.0482,0.2253
313,0,in_cluster,0,1,7,5.598,10.172,0.095,3.020,7.438,0.000,-21.42,0.0917,0.0324,0.0285,0.0696,0.0727,0.0640,0.2640
314,0,in_cluster,0,9,1,3.199,6.716,0.219,3.222,8.313,0.000,-16.43,0.1051,0.0182,0.0190,0.0182,0.0182,0.1020,0.2435
315,0,in_cluster,0,2,11,3.753,8.659,0.301,2.028,5.928,0.000,-17.41,0.1486,0.1621,0.1802,0.0403,0.2743,0.0506,0.2206
316,0,in_cluster,0,2,11,3.801,8.687,0.257,1.581,5.928,0.000,-17.59,0.0482,0.1534,0.1747,0.0957,0.3447,0.0601,0.1597
317,0,in_cluster,0,9,4,2.547,8.501,0.156,2.579,3.535,0.115,-14.56,0.2206,0.0016,0.0024,0.0221,0.0126,0.0735,0.0711
318,0,in_cluster,0,9,4,2.552,7.977,0.296,2.441,3.535,0.115,-14.57,0.0443,0.0032,0.0008,0.0016,0.0008,0.0498,0.0759
319,0,in_cluster,0,9,4,3.445,7.870,0.284,3.245,3.535,0.115,-17.25,0.0356,0.0063,0.0032,0.0126,0.0111,0.0585,0.0743
320,0,valley,1,7,0,11.444,13.986,0.535,5.993,14.092,0.000,-81.34,0.3051,0.0348,0.0245,0.1328,0.2925,0.0688,0.0640
321,0,in_cluster,0,3,14,6.238,11.187,-0.046,4.167,8.288,0.000,-29.77,0.2245,0.1415,0.1368,0.1573,0.3763,0.2474,0.0688
322,0,off,0,14,10,10.340,13.127,0.508,7.546,7.270,0.000,-67.73,0.2798,0.2427,0.2047,0.2047,0.6008,0.2427,0.2838
323,0,in_cluster,0,10,5,5.914,8.162,0.613,4.123,5.220,0.000,-28.65,0.1605,0.2648,0.2277,0.1130,0.5051,0.2379,0.2680
324,0,in_cluster,0,8,0,6.898,7.632,0.410,4.427,4.636,0.002,-37.31,0.1953,0.1763,0.1542,0.1676,0.5407,0.1083,0.1328
325,0,in_cluster,0,8,0,4.810,6.806,0.512,2.520,4.636,0.002,-25.10,0.2253,0.0711,0.0664,0.0838,0.2672,0.0150,0.0854
326,0,in_cluster,0,1,7,4.831,10.115,0.096,2.007,7.438,0.000,-17.42,0.1526,0.0364,0.0332,0.0411,0.0553,0.0158,0.0735
327,0,in_cluster,0,1,7,4.483,9.872,0.121,2.458,7.438,0.000,-15.80,0.1431,0.0206,0.0213,0.0308,0.0443,0.0553,0.0664
328,0,in_cluster,0,9,1,4.517,6.403,0.290,2.146,8.313,0.000,-21.51,0.2111,0.0126,0.0150,0.0103,0.0198,0.1091,0.0601
329,0,in_cluster,0,2,11,4.264,8.056,0.286,2.505,5.928,0.000,-19.46,0.2198,0.1494,0.1692,0.1375,0.3810,0.0996,0.0569
330,0,in_cluster,0,2,11,4.036,8.459,0.212,2.734,5.928,0.000,-18.51,0.2040,0.1502,0.1731,0.0545,0.3304,0.0743,0.0672
331,0,in_cluster,0,9,4,2.838,8.204,0.022,2.624,3.535,0.115,-15.34,0.1897,0.0079,0.0119,0.1273,0.1051,0.0569,0.0648
332,0,in_cluster,0,9,4,3.141,9.027,0.179,3.283,3.535,0.115,-16.25,0.1036,0.0000,0.0000,0.0134,0.0095,0.0356,0.0506
333,0,in_cluster,0,9,4,2.556,7.806,0.223,2.635,3.535,0.115,-14.58,0.0727,0.0008,0.0016,0.0008,0.0024,0.0308,0.0490
334,0,in_cluster,0,9,4,2.575,8.392,0.182,2.685,3.535,0.115,-14.63,0.0759,0.0071,0.0040,0.0032,0.0032,0.0577,0.0498
335,0,in_cluster,0,13,3,5.432,5.581,0.669,3.328,5.416,0.000,-21.92,0.0593,0.0822,0.0640,0.1091,0.2719,0.0830,0.0561
336,0,in_cluster,0,3,13,5.555,5.829,0.316,3.666,5.416,0.000,-23.99,0.1447,0.1905,0.1597,0.0949,0.3597,0.1336,0.1542
337,0,in_cluster,0,10,5,5.141,5.244,0.594,2.857,5.220,0.000,-19.53,0.1621,0.2601,0.2119,0.1320,0.5091,0.1075,0.1668
338,0,in_cluster,0,10,5,4.634,5.180,0.563,2.566,5.220,0.000,-19.14,0.1747,0.2245,0.1779,0.2221,0.5708,0.1004,0.2806
339,0,in_cluster,0,8,0,3.084,6.875,0.464,1.955,4.636,0.002,-18.29,0.1549,0.1304,0.1225,0.0830,0.3075,0.0798,0.1123
340,0,in_cluster,0,8,0,4.461,6.936,0.551,2.534,4.636,0.002,-23.48,0.2174,0.0664,0.0625,0.1542,0.2980,0.0261,0.0854
341,0,valley,1,1,7,8.364,9.877,0.144,2.962,7.438,0.000,-40.73,0.1684,0.0656,0.0806,0.1036,0.1233,0.3312,0.8545
342,1,in_cluster,0,1,7,6.142,10.259,0.131,2.866,7.438,0.000,-24.62,0.0941,0.0458,0.0640,0.0727,0.0632,0.3565,0.0711
343,1,off,0,9,0,9.477,11.465,0.293,7.203,14.831,0.000,-56.22,0.3755,0.1257,0.1534,0.2988,0.3202,0.4071,0.4277
344,1,off,0,2,11,10.526,11.112,0.249,7.736,5.928,0.000,-65.76,0.2893,0.3360,0.3241,0.3209,0.6458,1.0000,0.9874
345,1,off,0,11,2,14.167,16.901,0.590,12.330,5.928,0.000,-115.30,0.3478,0.3787,0.3613,0.3391,0.9399,0.9921,0.9826
346,0,off,0,11,7,14.007,15.007,0.287,11.473,14.226,0.000,-113.04,0.5589,0.3091,0.2862,0.3621,0.9534,0.2292,0.9012
347,0,valley,1,8,0,8.715,9.737,0.497,5.091,4.636,0.002,-51.50,0.2182,0.1399,0.1352,0.2877,0.6158,0.2324,0.7170
348,0,in_cluster,0,1,0,5.406,7.462,0.255,2.719,9.113,0.000,-20.37,0.2277,0.0846,0.0877,0.1589,0.1794,0.2166,0.2648
349,0,in_cluster,0,1,7,5.170,10.303,0.095,2.138,7.438,0.000,-19.12,0.0269,0.0490,0.0522,0.0680,0.0877,0.1913,0.0522
350,0,in_cluster,0,1,7,4.019,10.080,0.131,2.931,7.438,0.000,-13.83,0.0640,0.0300,0.0292,0.1415,0.0783,0.1968,0.0427
351,0,in_cluster,0,2,11,4.484,7.758,0.381,2.290,5.928,0.000,-20.42,0.2055,0.1557,0.1739,0.1953,0.4514,0.1960,0.0411
352,0,in_cluster,0,2,11,3.442,7.970,0.335,1.915,5.928,0.000,-16.29,0.0783,0.1644,0.1826,0.0625,0.3170,0.1992,0.0474
353,0,in_cluster,0,9,4,4.385,9.525,0.031,4.304,3.535,0.115,-20.93,0.1866,0.0292,0.0308,0.1304,0.1407,0.2340,0.0451
354,0,in_cluster,0,9,7,5.229,9.680,0.211,3.303,6.628,0.000,-24.99,0.0213,0.0190,0.0221,0.0379,0.0285,0.2126,0.0514
355,0,in_cluster,0,9,4,3.732,9.385,0.181,3.739,3.535,0.115,-18.28,0.0142,0.0198,0.0229,0.0213,0.0166,0.1573,0.1407
356,0,in_cluster,0,9,4,3.154,8.695,0.269,3.118,3.535,0.115,-16.29,0.0292,0.0213,0.0237,0.0356,0.0158,0.1241,0.1953
357,0,off,0,2,11,7.702,13.598,0.164,7.162,5.928,0.000,-40.03,0.3099,0.0419,0.0474,0.3589,0.8269,0.2079,0.1945
358,0,in_cluster,0,2,11,5.813,11.665,0.238,5.113,5.928,0.000,-27.26,0.2229,0.2308,0.2387,0.2625,0.8901,0.1138,0.2545
359,0,off,0,7,0,12.738,12.841,0.647,8.779,14.092,0.000,-94.85,0.4577,0.2696,0.2601,0.3763,0.9787,0.2538,0.3233
360,0,valley,1,0,8,8.301,10.137,0.496,5.649,4.636,0.002,-46.99,0.2466,0.1162,0.1146,0.1968,0.5423,0.2648,0.3099
361,0,valley,1,1,0,7.125,9.973,0.126,3.735,9.113,0.000,-31.13,0.2364,0.0767,0.0846,0.1423,0.2190,0.2632,0.3613
362,0,valley,1,7,0,11.041,11.811,0.484,6.229,14.092,0.000,-76.81,0.3992,0.0893,0.0949,0.2150,0.4245,0.2569,0.4340
363,0,off,0,3,14,8.208,13.055,0.170,7.121,8.288,0.000,-44.00,0.2419,0.1336,0.1407,0.2119,0.5589,0.2047,0.3984
364,0,off,0,3,14,8.797,12.100,-0.013,7.096,8.288,0.000,-49.00,0.2522,0.2356,0.2095,0.2174,0.6625,0.1755,0.3478
365,0,in_cluster,0,5,10,6.905,7.422,0.293,4.404,5.220,0.000,-29.63,0.1138,0.2379,0.1984,0.2253,0.6047,0.1858,0.3439
366,0,valley,1,8,0,8.241,8.870,0.550,4.472,4.636,0.002,-47.47,0.2451,0.1700,0.1486,0.2142,0.5660,0.1668,0.3455
367,0,in_cluster,0,8,0,4.931,9.113,0.561,3.249,4.636,0.002,-25.69,0.1976,0.1296,0.1281,0.1731,0.4016,0.0419,0.3826
368,0,in_cluster,0,1,7,4.742,9.638,0.146,3.862,7.438,0.000,-17.00,0.1423,0.0996,0.1067,0.1099,0.1225,0.0443,0.3573
369,0,in_cluster,0,1,7,4.793,8.980,0.249,3.671,7.438,0.000,-17.24,0.1652,0.0751,0.0957,0.0901,0.0814,0.0277,0.3526
370,0,in_cluster,0,2,11,6.928,10.908,0.487,5.993,5.928,0.000,-34.36,0.2032,0.0933,0.1186,0.3352,0.6032,0.0901,0.4237
371,0,in_cluster,0,2,11,5.070,7.688,0.571,2.577,5.928,0.000,-23.22,0.1992,0.1984,0.2332,0.1826,0.4601,0.0656,0.4166
372,0,valley,1,11,9,10.023,10.738,0.465,4.467,12.600,0.000,-65.15,0.3233,0.1723,0.1889,0.3874,0.6356,0.0593,0.3826
373,0,valley,1,7,9,8.699,10.392,0.714,4.854,6.628,0.000,-53.69,0.2830,0.0498,0.0751,0.2791,0.0530,0.0988,0.3794
374,0,in_cluster,0,9,7,6.711,7.705,0.355,4.089,6.628,0.000,-33.84,0.2648,0.0601,0.0996,0.2024,0.0498,0.0925,0.3542
375,0,in_cluster,0,9,7,6.047,7.180,0.458,4.545,6.628,0.000,-29.60,0.2980,0.0743,0.1115,0.1992,0.0751,0.1194,0.3802
376,0,in_cluster,0,9,7,4.993,7.728,0.425,4.541,6.628,0.000,-23.78,0.2870,0.0917,0.1233,0.1399,0.0704,0.1391,0.4704
377,0,valley,1,3,13,7.217,7.258,0.165,3.368,5.416,0.000,-33.47,0.2458,0.1858,0.1834,0.2103,0.4553,0.0846,0.5241
378,0,valley,1,13,3,7.985,8.541,0.787,5.021,5.416,0.000,-39.07,0.2704,0.2980,0.2711,0.2696,0.6561,0.1557,0.4585
379,0,in_cluster,0,10,5,6.483,6.815,0.712,3.115,5.220,0.000,-28.97,0.2664,0.3107,0.2806,0.1700,0.6213,0.1510,0.4000
380,0,in_cluster,0,8,0,6.100,10.308,0.459,3.923,4.636,0.002,-32.14,0.2530,0.2901,0.2696,0.2601,0.7652,0.1360,0.4079
381,0,in_cluster,0,8,7,4.635,8.702,0.039,5.094,6.184,0.000,-24.27,0.3004,0.2111,0.2324,0.2166,0.4759,0.2364,0.3960
382,0,in_cluster,0,1,7,6.090,7.614,0.430,4.644,7.438,0.000,-24.29,0.3960,0.1581,0.1866,0.1905,0.2277,0.2411,0.3968
383,0,in_cluster,0,1,7,5.063,8.781,0.404,4.922,7.438,0.000,-18.57,0.2988,0.1423,0.1763,0.1874,0.1826,0.1526,0.4158
384,0,in_cluster,0,1,7,5.434,9.215,0.384,5.414,7.438,0.000,-20.52,0.3178,0.1257,0.1660,0.1929,0.1431,0.1581,0.5589
385,1,off,0,11,2,14.821,17.188,0.244,13.728,5.928,0.000,-124.78,0.3921,0.2988,0.3028,0.3352,0.4996,0.3960,0.7075
386,1,off,0,11,2,25.377,32.192,0.375,26.639,5.928,0.000,-336.95,0.4601,0.3668,0.3747,0.4000,0.5660,1.0000,0.4877
387,1,off,0,7,11,38.451,43.322,-0.411,26.828,14.226,0.000,-755.10,0.3328,0.3296,0.3652,0.3621,0.1407,1.0000,0.4237
388,1,off,0,7,9,26.846,32.227,1.143,21.217,6.628,0.000,-376.21,0.4466,0.1905,0.2830,0.3763,0.1130,0.3763,0.4435
389,1,in_cluster,0,9,7,6.502,8.399,0.504,5.264,6.628,0.000,-32.46,0.3478,0.1138,0.1549,0.1874,0.1415,0.2213,0.4917
390,1,in_cluster,0,9,7,6.660,8.710,0.526,5.663,6.628,0.000,-33.50,0.3336,0.1194,0.1597,0.2024,0.1565,0.2553,0.4514
391,1,valley,1,2,11,7.513,11.468,0.551,6.664,5.928,0.000,-38.59,0.4870,0.2419,0.2688,0.3036,0.9407,0.2474,0.4134
392,1,valley,1,2,11,7.152,10.308,0.679,5.879,5.928,0.000,-35.94,0.3194,0.3067,0.2964,0.2925,0.9407,0.2387,0.3913
393,0,valley,1,7,0,10.152,12.368,0.383,6.680,14.092,0.000,-67.39,0.3794,0.2538,0.2640,0.2988,0.9217,0.2656,0.3391
394,0,valley,1,7,0,8.658,10.332,0.422,5.991,14.092,0.000,-53.34,0.2917,0.2008,0.2253,0.2783,0.7858,0.2617,0.2949
395,0,valley,1,3,7,10.204,12.117,0.359,6.313,14.939,0.000,-62.37,0.2711,0.2372,0.2506,0.2806,0.7518,0.2245,0.3265
396,0,valley,1,14,3,8.164,9.694,0.650,6.715,8.288,0.000,-47.60,0.2545,0.2941,0.2775,0.2609,0.8403,0.2261,0.2854
397,0,valley,1,10,14,9.857,11.172,0.208,6.992,7.270,0.000,-59.75,0.2806,0.2854,0.2751,0.2498,0.6862,0.2522,0.2379
398,0,beyond,0,8,7,7.388,10.288,-0.334,6.012,6.184,0.000,-40.82,0.3257,0.3257,0.3107,0.7257,0.6775,0.2466,0.2261
399,0,off,0,7,8,15.552,17.596,1.681,13.066,6.184,0.000,-136.79,0.3336,0.3897,0.3818,0.7233,0.5953,0.2443,0.2775
400,0,off,0,7,8,8.550,15.513,0.466,8.322,6.184,0.000,-52.41,0.6032,0.3573,0.3518,0.6672,0.3573,0.2585,0.0213
401,0,valley,1,7,9,10.323,11.698,0.672,6.471,6.628,0.000,-69.14,0.5636,0.1779,0.2474,0.7391,0.3779,0.2688,0.0174
402,0,valley,1,2,11,8.794,9.543,0.588,6.358,5.928,0.000,-49.04,0.3597,0.2277,0.2791,0.3431,0.7834,0.2791,0.0150
403,0,valley,1,2,11,7.213,9.206,0.476,4.402,5.928,0.000,-36.38,0.2925,0.2743,0.2996,0.3004,0.6150,0.2909,0.2941
404,0,valley,1,9,7,9.121,11.171,0.326,4.604,6.628,0.000,-52.91,0.2538,0.1913,0.2759,0.3115,0.6024,0.3012,0.9375
405,0,valley,1,7,9,9.897,11.047,0.669,3.714,6.628,0.000,-64.82,0.1874,0.1747,0.2743,0.2379,0.0893,0.3217,0.9589
406,0,valley,1,7,9,10.001,10.887,0.642,4.312,6.628,0.000,-65.50,0.2000,0.1731,0.2727,0.2316,0.0798,0.3249,0.9510
407,0,valley,1,7,9,9.909,11.211,0.632,4.369,6.628,0.000,-64.95,0.2166,0.1668,0.2704,0.2245,0.0735,0.3178,0.9312
408,0,valley,1,7,9,9.332,10.715,0.597,4.004,6.628,0.000,-59.40,0.2221,0.1636,0.2656,0.2237,0.0830,0.3154,0.8680
409,0,valley,1,13,3,10.094,10.972,0.589,5.841,5.416,0.000,-58.13,0.1771,0.2577,0.2909,0.2648,0.5289,0.3265,0.5036
410,0,valley,1,14,13,9.788,11.559,0.807,6.528,10.829,0.000,-62.17,0.2142,0.3249,0.3075,0.2656,0.6593,0.3391,0.4625
411,0,valley,1,10,14,7.423,9.795,0.223,5.701,7.270,0.000,-38.72,0.2340,0.3328,0.3099,0.2324,0.6941,0.3368,0.3217
412,0,in_cluster,0,8,7,6.390,11.163,0.124,5.893,6.184,0.000,-33.95,0.1360,0.3170,0.3036,0.2822,0.8103,0.3281,0.2688
413,0,in_cluster,0,8,7,5.561,9.143,0.157,5.099,6.184,0.000,-28.99,0.1312,0.2569,0.2885,0.2364,0.4854,0.3115,0.0854
414,0,valley,1,7,1,8.948,10.975,0.597,3.828,7.438,0.000,-55.89,0.2672,0.1874,0.2664,0.2372,0.2585,0.3083,0.0854
415,0,valley,1,7,1,8.695,11.339,0.551,3.744,7.438,0.000,-53.66,0.2348,0.1613,0.2498,0.1976,0.0964,0.3075,0.0158
416,0,valley,1,7,9,8.053,10.599,0.420,4.475,6.628,0.000,-48.28,0.2862,0.1439,0.2261,0.1747,0.0538,0.3043,0.0063
417,0,valley,1,2,11,7.784,9.355,0.704,3.829,5.928,0.000,-40.66,0.2846,0.2767,0.2980,0.2300,0.4095,0.3004,0.0055
418,0,valley,1,2,11,7.790,8.786,0.700,3.231,5.928,0.000,-40.71,0.2609,0.2751,0.2972,0.1984,0.4103,0.2933,0.0095
419,0,valley,1,7,9,8.493,10.050,0.495,4.545,6.628,0.000,-51.92,0.3012,0.1360,0.2198,0.2000,0.0767,0.2901,0.0087
420,0,valley,1,7,9,7.895,9.625,0.384,4.584,6.628,0.000,-47.01,0.2791,0.1312,0.2150,0.1652,0.0419,0.2917,0.0040
421,0,valley,1,7,4,8.533,10.365,0.316,5.311,9.841,0.000,-52.25,0.2719,0.1344,0.2055,0.2111,0.0791,0.2822,0.0032
422,0,valley,1,7,4,8.395,9.409,0.290,5.109,9.841,0.000,-47.70,0.3028,0.1431,0.2063,0.2206,0.0949,0.2767,0.0024
423,0,off,0,7,6,9.070,14.727,0.802,7.935,6.398,0.000,-56.98,0.3431,0.2791,0.3020,0.7099,0.5478,0.2704,0.0482
424,0,off,0,7,0,10.560,15.485,0.237,10.269,14.092,0.000,-71.62,0.3462,0.3462,0.3257,0.7336,0.6063,0.2719,0.0126
425,0,off,0,0,8,16.060,16.205,0.795,11.394,4.636,0.002,-141.45,0.3281,0.3447,0.3083,0.3644,0.8150,0.2711,0.3510
426,0,valley,1,10,0,10.021,11.226,0.303,3.993,11.527,0.000,-61.38,0.3557,0.3217,0.2988,0.3549,0.7328,0.2664,0.1929
427,0,off,0,7,0,19.152,20.766,0.423,17.307,14.092,0.000,-199.26,0.3312,0.3407,0.3194,0.7573,0.5794,0.2680,0.2269
428,0,off,0,7,0,22.068,29.656,0.406,20.581,14.092,0.000,-259.35,0.3391,0.3755,0.3684,0.7225,0.4988,0.2727,0.0854
429,0,off,0,7,12,7.784,14.118,1.025,8.235,4.449,0.005,-46.15,0.6451,0.3281,0.3249,0.6862,0.3241,0.2783,0.0166
430,0,off,0,7,12,9.908,13.478,1.392,8.847,4.449,0.005,-64.94,0.5960,0.2032,0.2767,0.3020,0.3138,0.2877,0.0134
431,0,off,0,11,7,11.588,11.591,0.288,7.888,14.226,0.000,-81.76,0.3715,0.2071,0.2830,0.3723,0.7565,0.3059,0.0119
432,0,valley,1,11,2,8.774,10.411,0.252,3.459,5.928,0.000,-53.44,0.3170,0.3154,0.3154,0.2767,0.5020,0.3296,0.0190
433,0,valley,1,11,9,11.661,12.859,0.545,4.291,12.600,0.000,-82.93,0.4142,0.3138,0.3202,0.3731,0.6909,0.3462,0.1976
434,0,off,0,7,12,8.669,13.939,1.043,9.130,4.449,0.005,-53.43,0.2783,0.2182,0.2957,0.2561,0.0885,0.3518,0.3787
435,0,valley,1,7,9,7.930,13.372,0.380,4.115,6.628,0.000,-47.30,0.2775,0.2134,0.2925,0.2285,0.0490,0.3510,0.1439
436,0,valley,1,7,9,8.073,13.573,0.370,4.402,6.628,0.000,-48.44,0.2877,0.2103,0.2901,0.2340,0.0506,0.3407,0.0103
437,0,valley,1,7,9,7.972,13.335,0.329,4.799,6.628,0.000,-47.63,0.3067,0.2087,0.2877,0.2435,0.0561,0.3328,0.0142
438,0,beyond,0,7,13,10.788,11.973,1.020,6.743,10.324,0.000,-74.04,0.2593,0.2893,0.3028,0.2830,0.4482,0.3304,0.0332
439,0,valley,1,6,14,9.300,9.718,0.068,4.840,7.246,0.000,-56.35,0.2656,0.3455,0.3225,0.2735,0.5352,0.3273,0.2348
440,0,in_cluster,0,10,14,6.848,8.336,0.164,4.844,7.270,0.000,-34.62,0.2632,0.3589,0.3352,0.2553,0.5992,0.3099,0.1668
441,0,in_cluster,0,8,10,6.133,12.247,0.319,5.811,11.215,0.000,-32.34,0.2506,0.3526,0.3289,0.2885,0.7241,0.3107,0.2885
442,1,off,0,7,12,297.401,310.214,3.478,268.606,4.449,0.005,-44239.43,0.9976,0.9992,0.9992,0.9984,0.9573,1.0000,1.0000
443,1,off,0,7,11,306.863,381.581,0.743,307.519,14.226,0.000,-47098.26,0.9976,1.0000,1.0000,0.9984,0.9494,1.0000,1.0000
444,1,off,0,7,11,357.107,433.665,0.952,360.282,14.226,0.000,-63778.59,0.9960,0.9992,0.9992,0.9984,0.9368,1.0000,1.0000
445,0,off,0,7,11,28.098,37.620,-0.109,27.273,14.226,0.000,-410.59,0.6458,0.3866,0.3874,0.9937,0.3818,0.2846,0.0553
446,0,off,0,11,7,11.256,16.827,-0.118,9.087,14.226,0.000,-78.30,0.3723,0.4024,0.3976,0.7083,0.7336,0.2862,0.1075
447,0,valley,1,11,2,8.800,9.479,0.219,4.354,5.928,0.000,-53.49,0.3676,0.3344,0.3273,0.6893,0.5976,0.2941,0.1028
448,0,valley,1,7,9,8.799,11.324,0.502,4.824,6.628,0.000,-54.57,0.2964,0.2285,0.2917,0.3162,0.3123,0.3051,0.1344
449,0,valley,1,7,9,7.893,11.782,0.408,4.148,6.628,0.000,-47.00,0.2909,0.2229,0.2941,0.2466,0.0759,0.3257,0.1225
450,0,valley,1,7,9,7.987,11.639,0.444,4.026,6.628,0.000,-47.75,0.3779,0.2403,0.2964,0.2569,0.2838,0.3399,0.0791
451,0,beyond,0,13,7,11.050,11.190,-0.029,6.023,10.324,0.000,-68.23,0.2577,0.3115,0.3123,0.2846,0.5510,0.3581,0.0846
452,0,in_cluster,0,14,7,6.147,13.858,0.162,3.923,13.219,0.000,-33.17,0.2617,0.3613,0.3423,0.3336,0.8822,0.3636,0.5881
453,0,valley,1,10,14,7.714,11.798,0.152,6.854,7.270,0.000,-40.92,0.2640,0.3597,0.3431,0.2980,0.7075,0.3644,0.2087
454,0,valley,1,8,7,9.160,11.020,0.048,6.618,6.184,0.000,-55.48,0.2134,0.3399,0.3281,0.2972,0.8111,0.3613,0.2664
455,0,in_cluster,0,8,7,5.626,8.726,0.174,5.309,6.184,0.000,-29.35,0.2119,0.3051,0.3091,0.2751,0.4688,0.3573,0.2300
456,0,valley,1,7,1,8.488,13.278,0.552,3.471,7.438,0.000,-51.88,0.2957,0.2704,0.3012,0.2640,0.2332,0.3557,0.2000
457,0,off,0,7,12,8.329,14.084,1.000,8.815,4.449,0.005,-50.54,0.2814,0.2451,0.2949,0.2545,0.1937,0.3526,0.2569
458,0,off,0,7,12,7.760,11.824,1.017,8.024,4.449,0.005,-45.97,0.2949,0.2166,0.2870,0.2411,0.0822,0.3478,0.3075
459,0,valley,1,11,2,9.930,11.295,0.264,5.056,5.928,0.000,-64.26,0.3075,0.3209,0.3178,0.2743,0.4814,0.3383,0.2901
460,0,valley,1,11,2,9.430,10.791,0.283,4.492,5.928,0.000,-59.41,0.2854,0.3194,0.3170,0.2514,0.4490,0.3186,0.2909
461,0,valley,1,7,9,7.782,12.995,0.385,4.304,6.628,0.000,-46.14,0.3209,0.2024,0.2838,0.2490,0.0870,0.3146,0.3083
462,0,off,0,7,12,7.610,13.007,1.004,8.024,4.449,0.005,-44.81,0.3083,0.2000,0.2822,0.2482,0.0672,0.3123,0.2506
463,0,off,0,7,12,8.592,13.898,1.087,8.183,4.449,0.005,-52.77,0.4229,0.2119,0.2846,0.3557,0.1668,0.2996,0.1802
464,0,off,0,7,12,9.040,16.847,0.869,9.005,4.449,0.005,-56.72,0.5289,0.3036,0.3138,0.7652,0.2411,0.2885,0.1368
465,0,off,0,7,13,10.139,17.451,0.709,8.466,10.324,0.000,-67.25,0.3486,0.3731,0.3700,0.6822,0.5818,0.2893,0.1083
466,0,off,0,7,0,13.150,18.678,0.120,13.547,14.092,0.000,-102.32,0.3834,0.3818,0.3676,0.7960,0.7747,0.2870,0.3352
467,0,off,0,8,0,14.196,16.026,0.207,11.276,4.636,0.002,-114.30,0.3755,0.3644,0.3375,0.3684,0.7344,0.2814,0.2893
468,0,off,0,8,7,13.367,19.473,-0.870,7.832,6.184,0.000,-102.87,0.3115,0.3383,0.3130,0.3652,0.7399,0.2806,0.2925
469,0,off,0,7,0,24.024,26.258,0.405,22.104,14.092,0.000,-304.43,0.3036,0.3652,0.3510,0.7194,0.4893,0.2838,0.2783
470,0,off,0,7,8,9.358,13.565,0.789,8.033,6.184,0.000,-59.64,0.5502,0.3621,0.3613,0.7866,0.4451,0.2964,0.3273
471,0,off,0,7,12,8.645,12.153,1.159,7.524,4.449,0.005,-53.22,0.5336,0.2988,0.3115,0.2964,0.2356,0.3028,0.3715
472,0,off,0,7,12,8.477,12.312,1.098,7.486,4.449,0.005,-51.79,0.4119,0.2862,0.3067,0.2901,0.1739,0.3162,0.3676
473,0,valley,1,11,2,8.690,13.095,0.089,4.666,5.928,0.000,-52.70,0.3368,0.3549,0.3486,0.2893,0.4198,0.3447,0.3810
474,0,valley,1,11,2,7.891,12.247,0.147,3.591,5.928,0.000,-46.08,0.3328,0.3557,0.3502,0.2862,0.4269,0.3439,0.3881
475,1,off,0,7,6,9.160,12.747,0.551,8.241,6.398,0.000,-57.81,0.4190,0.3083,0.3225,0.3510,0.5423,0.9526,0.3850
476,1,off,0,7,6,9.479,9.547,0.954,7.379,6.398,0.000,-58.56,0.3067,0.3644,0.3628,0.3589,0.6292,1.0000,0.9676
477,1,off,0,7,11,12.627,15.817,0.651,11.681,14.226,0.000,-95.58,0.3526,0.4142,0.4008,0.6996,0.9779,1.0000,0.9660
478,1,off,0,7,11,16.336,20.364,0.779,15.714,14.226,0.000,-149.29,0.5692,0.4545,0.4071,0.5225,0.9589,1.0000,0.9723
479,0,off,0,7,8,10.501,16.743,1.006,8.717,6.184,0.000,-70.99,0.4885,0.3976,0.3889,0.3921,0.9589,0.3787,0.9763
480,0,valley,1,7,8,8.225,8.798,0.988,5.341,6.184,0.000,-49.61,0.2972,0.3708,0.3668,0.3344,0.6126,0.3889,0.9731
481,0,off,0,7,12,7.768,15.070,0.941,7.772,4.449,0.005,-46.03,0.4767,0.3534,0.3470,0.3265,0.3391,0.3826,0.9684
482,0,off,0,7,12,8.840,15.092,0.989,7.902,4.449,0.005,-54.93,0.4387,0.3336,0.3360,0.3146,0.2711,0.3708,0.9573
483,0,off,0,7,12,8.719,15.768,0.774,8.602,4.449,0.005,-53.87,0.4403,0.3542,0.3534,0.6972,0.1692,0.3542,0.9115
484,0,off,0,11,7,14.421,19.845,-0.139,12.167,14.226,0.000,-118.93,0.3518,0.5391,0.4664,0.6451,0.4885,0.3455,0.8972
485,0,off,0,11,7,11.008,16.533,-0.123,8.888,14.226,0.000,-75.54,0.3968,0.4348,0.4111,0.7051,0.5059,0.3170,0.9257
486,0,off,0,7,12,8.428,14.661,1.153,7.560,4.449,0.005,-51.37,0.3605,0.3083,0.3186,0.3360,0.1462,0.3233,0.8893
487,0,off,0,7,12,7.022,14.152,0.968,7.232,4.449,0.005,-40.51,0.3826,0.3075,0.3217,0.2957,0.1123,0.3549,0.4324
488,0,in_cluster,0,7,12,6.979,14.366,0.863,7.502,4.449,0.005,-40.21,0.3455,0.3043,0.3209,0.2949,0.1138,0.3676,0.4854
489,0,in_cluster,0,7,12,6.873,14.288,0.874,7.234,4.449,0.005,-39.47,0.3581,0.2957,0.3162,0.2941,0.0972,0.3723,0.4356
490,0,off,0,11,7,9.330,12.558,0.061,7.185,14.226,0.000,-58.47,0.3510,0.3636,0.3628,0.3470,0.9312,0.3739,0.4553
491,0,off,0,11,7,9.063,11.961,0.094,7.177,14.226,0.000,-56.01,0.3217,0.3794,0.3731,0.3407,0.9383,0.3747,0.5012
492,0,valley,1,7,8,8.617,11.217,0.551,6.159,6.184,0.000,-52.98,0.2759,0.3478,0.3462,0.3383,0.8372,0.3794,0.4941
493,0,valley,1,7,8,7.579,8.915,0.526,5.514,6.184,0.000,-44.58,0.2735,0.3241,0.3320,0.3051,0.6134,0.3763,0.5154
494,0,off,0,7,12,7.365,12.159,0.944,7.701,4.449,0.005,-42.98,0.3502,0.3020,0.3146,0.2909,0.1905,0.3715,0.5708
495,0,off,0,7,12,7.818,12.487,0.934,7.950,4.449,0.005,-46.42,0.3360,0.2798,0.3059,0.2917,0.2182,0.3652,0.5273
496,0,off,0,11,7,10.336,11.609,0.255,7.039,14.226,0.000,-68.36,0.2767,0.2735,0.3043,0.3668,0.6569,0.3534,0.4332
497,0,valley,1,11,2,7.421,10.971,0.137,3.179,5.928,0.000,-42.49,0.3130,0.3423,0.3391,0.2775,0.3866,0.3344,0.4680
498,0,off,0,11,7,9.837,11.811,0.246,7.266,14.226,0.000,-63.33,0.3810,0.3312,0.3312,0.3715,0.5826,0.3202,0.5162
499,0,off,0,7,12,7.444,12.440,0.942,7.495,4.449,0.005,-43.56,0.3091,0.2506,0.3004,0.2814,0.1043,0.3194,0.5779
500,0,off,0,7,12,8.418,13.143,0.956,7.692,4.449,0.005,-51.28,0.4648,0.2759,0.3051,0.7502,0.2000,0.3091,0.6166
501,0,off,0,7,12,13.135,24.917,0.396,13.966,4.449,0.005,-102.12,0.4964,0.3834,0.3826,0.7763,0.2071,0.2972,0.5059
502,0,off,0,7,11,13.848,20.356,0.282,11.183,14.226,0.000,-111.73,0.3407,0.4411,0.4126,0.7447,0.5257,0.2957,0.4277
503,0,off,0,7,0,12.070,17.805,0.063,11.869,14.092,0.000,-88.70,0.3375,0.3960,0.3842,0.8055,0.6466,0.2980,0.4364
504,0,off,0,8,0,12.884,16.118,0.016,9.993,4.636,0.002,-96.53,0.3289,0.3723,0.3621,0.3881,0.7249,0.2949,0.4530
505,0,valley,1,8,0,10.635,14.509,0.138,6.471,4.636,0.002,-70.08,0.3945,0.3502,0.3296,0.4348,0.8292,0.2925,0.4743
506,0,off,0,7,0,20.956,24.553,0.320,19.494,14.092,0.000,-235.42,0.3644,0.3289,0.3233,0.3960,0.6166,0.2988,0.5542
507,0,off,0,7,8,17.119,24.726,1.670,12.083,6.184,0.000,-162.38,0.3889,0.3304,0.3383,0.4625,0.5170,0.3360,0.6055
508,0,off,0,7,12,7.445,12.040,0.973,7.125,4.449,0.005,-43.57,0.4087,0.3225,0.3368,0.3036,0.1802,0.3660,0.5613
509,0,valley,1,7,12,7.120,11.632,0.896,6.797,4.449,0.005,-41.20,0.3526,0.3178,0.3328,0.2996,0.1344,0.3771,0.5123
510,0,valley,1,11,7,7.917,12.627,0.065,6.287,14.226,0.000,-46.29,0.3162,0.3668,0.3708,0.3028,0.4237,0.3874,0.5225
511,0,valley,1,11,7,8.475,12.996,0.050,6.800,14.226,0.000,-50.86,0.3107,0.3692,0.3715,0.3123,0.4846,0.3842,0.5866
512,0,off,0,7,12,7.648,11.893,0.990,7.219,4.449,0.005,-45.10,0.3415,0.3186,0.3344,0.3170,0.1597,0.3802,0.5581
513,0,off,0,7,12,7.283,12.397,0.848,7.037,4.449,0.005,-42.38,0.3423,0.3162,0.3304,0.3012,0.0743,0.3810,0.5431
514,0,off,0,7,12,8.088,12.293,0.922,7.096,4.449,0.005,-48.56,0.3739,0.3123,0.3265,0.3075,0.1162,0.3621,0.5138
515,0,valley,1,7,12,8.266,11.712,0.920,6.896,4.449,0.005,-50.01,0.3953,0.3130,0.3241,0.3043,0.1091,0.3470,0.4308
516,0,off,0,6,7,8.442,10.394,0.107,7.744,6.398,0.000,-48.74,0.3296,0.3368,0.3455,0.3225,0.5107,0.3423,0.3486
517,0,beyond,0,6,14,7.627,10.206,-0.013,5.098,7.246,0.000,-42.19,0.3202,0.3779,0.3723,0.3138,0.5557,0.3320,0.3431
518,0,valley,1,10,14,7.299,8.012,0.253,5.945,7.270,0.000,-37.81,0.3043,0.3945,0.3881,0.3217,0.7502,0.3241,0.4387
519,0,in_cluster,0,10,14,6.704,13.641,0.118,5.798,7.270,0.000,-33.64,0.3320,0.3889,0.3850,0.3312,0.6933,0.3209,0.5130
520,0,off,0,8,7,10.003,12.944,-0.421,8.332,6.184,0.000,-63.56,0.3573,0.4079,0.4040,0.7178,0.4957,0.3138,0.5273
521,0,off,0,7,8,18.684,20.925,1.668,16.142,6.184,0.000,-190.40,0.3589,0.5905,0.5075,0.7091,0.4111,0.3067,0.6182
522,0,off,0,7,8,12.689,16.994,0.628,11.523,6.184,0.000,-96.37,0.5012,0.4569,0.4213,0.7115,0.2933,0.3036,0.4632
523,0,beyond,0,7,12,7.822,13.719,1.073,6.688,4.449,0.005,-46.45,0.7692,0.3660,0.3692,0.7613,0.3154,0.3289,0.4885
524,0,valley,1,11,2,7.028,11.990,0.155,3.947,5.928,0.000,-39.65,0.3668,0.3628,0.3652,0.3613,0.6016,0.3700,0.5953
525,0,valley,1,11,7,7.787,13.378,0.029,6.584,14.226,0.000,-45.27,0.3399,0.3739,0.3747,0.3304,0.4656,0.3913,0.6545
526,0,off,0,7,12,9.236,13.855,0.939,8.642,4.449,0.005,-58.51,0.3138,0.3518,0.3597,0.3542,0.5692,0.4032,0.8925
527,0,off,0,7,12,7.228,13.776,0.781,7.804,4.449,0.005,-41.98,0.3241,0.3391,0.3557,0.3186,0.0988,0.4206,0.9352
528,0,in_cluster,0,7,12,6.692,13.879,0.722,7.510,4.449,0.005,-38.25,0.3273,0.3415,0.3565,0.3107,0.0688,0.4229,0.8949
529,0,in_cluster,0,7,12,6.492,13.976,0.704,7.399,4.449,0.005,-36.93,0.3344,0.3375,0.3526,0.3067,0.0806,0.4126,0.8941
530,0,valley,1,7,6,7.983,10.339,0.879,6.824,6.398,0.000,-47.72,0.2996,0.3431,0.3542,0.3328,0.5383,0.4063,0.8332
531,0,beyond,0,6,7,9.486,10.137,-0.220,6.403,6.398,0.000,-58.10,0.2933,0.3747,0.3739,0.3202,0.5217,0.4047,0.8221
532,0,valley,1,10,14,7.671,8.880,0.368,6.756,7.270,0.000,-40.59,0.2838,0.4000,0.3945,0.3375,0.7755,0.4040,0.8751
533,0,in_cluster,0,10,14,6.510,11.548,0.172,5.463,7.270,0.000,-32.36,0.3059,0.3937,0.3913,0.3273,0.6538,0.3968,0.8791
534,0,in_cluster,0,8,7,6.342,8.500,-0.010,5.021,6.184,0.000,-33.64,0.2893,0.3763,0.3763,0.3233,0.5368,0.3929,0.8696
535,0,in_cluster,0,8,7,5.700,7.432,0.169,4.603,6.184,0.000,-29.77,0.2941,0.3565,0.3636,0.3154,0.4387,0.3921,0.8814
536,0,off,0,7,12,7.003,12.830,0.899,7.175,4.449,0.005,-40.38,0.3731,0.3320,0.3447,0.3091,0.2158,0.3834,0.8743
537,0,valley,1,7,12,7.716,13.081,0.971,6.970,4.449,0.005,-45.62,0.3747,0.3202,0.3336,0.3099,0.2047,0.3692,0.7107
538,0,off,0,11,7,12.123,16.459,0.162,10.400,14.226,0.000,-88.44,0.3186,0.3826,0.3858,0.7842,0.7130,0.3565,0.6237
539,0,off,0,11,7,16.928,21.809,-0.192,13.869,14.226,0.000,-158.23,0.3660,0.6221,0.5470,0.6482,0.4316,0.3431,0.6601
540,0,off,0,11,7,10.503,13.777,0.094,8.206,14.226,0.000,-70.10,0.6909,0.4087,0.4063,0.9826,0.7589,0.3415,0.8285
541,0,beyond,0,7,12,7.699,12.078,1.138,6.916,4.449,0.005,-45.49,0.4024,0.3233,0.3407,0.5391,0.2403,0.3668,0.8632
542,0,in_cluster,0,7,12,6.625,11.760,0.954,6.596,4.449,0.005,-37.80,0.4047,0.3352,0.3478,0.3573,0.1700,0.3858,0.7360
543,0,in_cluster,0,7,12,6.537,12.086,0.859,6.521,4.449,0.005,-37.22,0.3771,0.3439,0.3573,0.3368,0.1360,0.3953,0.5051
544,0,in_cluster,0,7,12,6.743,12.203,0.831,6.747,4.449,0.005,-38.59,0.3542,0.3486,0.3605,0.3281,0.1289,0.4008,0.3328
545,0,beyond,0,6,7,7.815,9.594,-0.121,6.340,6.398,0.000,-43.64,0.3123,0.3787,0.3787,0.3439,0.5194,0.4182,0.1810
546,0,valley,1,6,14,8.349,8.721,0.374,5.404,7.246,0.000,-47.94,0.3020,0.4032,0.4008,0.3510,0.7842,0.4245,0.5209
547,0,in_cluster,0,10,14,6.124,10.068,0.063,4.639,7.270,0.000,-29.92,0.2901,0.4047,0.4032,0.3257,0.5937,0.4134,0.2490
548,0,in_cluster,0,8,7,5.515,11.458,-0.081,5.330,6.184,0.000,-28.74,0.2569,0.3968,0.4000,0.3478,0.7913,0.4103,0.2830
549,0,in_cluster,0,8,7,4.274,7.800,0.006,4.151,6.184,0.000,-22.66,0.3225,0.3771,0.3802,0.3296,0.5431,0.4055,0.2079
550,0,in_cluster,0,7,8,6.811,13.343,0.284,4.852,6.184,0.000,-39.05,0.4150,0.3581,0.3660,0.3320,0.3352,0.3976,0.1794
551,0,valley,1,7,12,8.705,10.736,0.987,5.434,4.449,0.005,-53.75,0.3249,0.3494,0.3589,0.3249,0.2395,0.3960,0.1447
552,0,beyond,0,7,12,8.523,10.354,1.030,5.140,4.449,0.005,-52.18,0.3447,0.3360,0.3494,0.3194,0.1747,0.3881,0.1336
553,0,off,0,11,7,8.923,15.374,0.019,7.642,14.226,0.000,-54.76,0.3881,0.4071,0.4055,0.7312,0.4830,0.3779,0.1289
554,0,off,0,11,7,8.697,15.013,-0.023,6.997,14.226,0.000,-52.76,0.3628,0.4182,0.4095,0.6704,0.4901,0.3628,0.1352
555,0,beyond,0,7,12,9.346,10.643,1.086,5.055,4.449,0.005,-59.53,0.3937,0.3510,0.3581,0.7186,0.1518,0.3605,0.1304
556,0,valley,1,7,12,9.194,10.504,0.995,4.910,4.449,0.005,-58.12,0.3763,0.3296,0.3439,0.3059,0.0664,0.3684,0.1107
557,0,beyond,0,12,7,9.645,10.161,-0.052,5.038,4.449,0.005,-56.96,0.3494,0.3265,0.3415,0.3130,0.1273,0.3597,0.1059
558,0,beyond,0,7,12,9.982,9.999,1.042,5.222,4.449,0.005,-60.43,0.3549,0.3273,0.3399,0.3083,0.1146,0.3502,0.1115
559,0,valley,1,6,13,9.934,12.114,0.554,6.319,6.749,0.000,-62.45,0.3154,0.3605,0.3644,0.3289,0.5328,0.3494,0.1257
560,0,valley,1,14,6,9.915,10.309,1.000,5.837,7.246,0.000,-63.37,0.2885,0.3905,0.3834,0.3241,0.6458,0.3486,0.2498
561,0,in_cluster,0,10,14,5.541,8.521,0.014,4.119,7.270,0.000,-26.52,0.2743,0.4008,0.3968,0.3209,0.6751,0.3375,0.2040
562,0,in_cluster,0,10,8,6.252,13.640,-0.177,5.139,11.215,0.000,-30.71,0.3383,0.3953,0.3953,0.3399,0.6996,0.3352,0.2656
563,0,off,0,8,7,11.400,14.676,-0.471,8.988,6.184,0.000,-78.51,0.3194,0.4451,0.4229,0.7202,0.5455,0.3225,0.3107
564,0,off,0,7,8,19.938,22.501,1.705,16.934,6.184,0.000,-214.62,0.3352,0.6727,0.6150,0.7217,0.4743,0.3130,0.3937
565,0,off,0,7,8,10.387,15.610,0.379,7.995,6.184,0.000,-69.81,0.5178,0.4119,0.4079,0.7281,0.3146,0.3336,0.1526
566,0,beyond,0,12,7,10.746,11.043,-0.419,6.183,4.449,0.005,-68.19,0.6150,0.3470,0.3549,0.7802,0.3328,0.3589,0.1573
567,0,in_cluster,0,11,2,6.283,12.512,-0.151,6.676,5.928,0.000,-34.69,0.4190,0.3810,0.3810,0.6032,0.6648,0.3897,0.1628
568,0,in_cluster,0,11,7,5.838,13.358,0.051,5.447,14.226,0.000,-31.99,0.4040,0.3929,0.3937,0.5684,0.6182,0.4111,0.2862
569,0,beyond,0,7,12,8.656,9.927,1.110,5.521,4.449,0.005,-53.31,0.3913,0.3676,0.3771,0.3794,0.4277,0.4300,0.9107
570,0,valley,1,7,12,7.080,10.166,0.955,4.760,4.449,0.005,-40.92,0.3842,0.3715,0.3794,0.3494,0.1478,0.4443,0.9154
571,0,valley,1,7,12,7.892,9.951,0.945,5.100,4.449,0.005,-46.99,0.3976,0.3700,0.3779,0.3415,0.0909,0.4411,0.7217
572,0,valley,1,7,12,8.269,10.272,0.939,5.442,4.449,0.005,-50.05,0.4103,0.3684,0.3755,0.3462,0.1217,0.4308,0.2340
573,1,off,0,6,7,8.396,11.336,0.083,7.829,6.398,0.000,-48.35,0.3518,0.4040,0.4071,0.9636,0.5099,0.4348,0.1818
574,1,valley,1,6,14,9.141,10.644,0.024,6.050,7.246,0.000,-54.88,0.3265,0.4798,0.4411,0.9613,0.5850,0.4324,0.2174
575,1,beyond,0,14,7,12.350,17.010,-0.050,6.795,13.219,0.000,-90.53,0.3312,0.4545,0.4213,0.6830,0.9138,0.4158,0.6466
576,1,beyond,0,14,7,11.112,16.839,-0.009,6.738,13.219,0.000,-76.01,0.3447,0.5059,0.4490,0.7043,0.9455,0.4063,0.6466
577,1,valley,1,10,14,9.862,12.805,0.070,6.255,7.270,0.000,-59.80,0.2854,0.5510,0.4838,0.5826,0.8996,0.4095,0.3652
578,1,valley,1,10,8,12.814,13.548,0.049,6.259,11.215,0.000,-93.26,0.3099,0.5462,0.4846,0.6553,0.9320,0.4229,0.9708
579,0,beyond,0,8,7,9.853,11.681,-0.123,5.014,6.184,0.000,-62.07,0.3621,0.4458,0.4221,0.4079,0.7573,0.4269,0.9794
580,0,beyond,0,8,7,9.947,12.042,-0.109,5.937,6.184,0.000,-63.00,0.3265,0.4814,0.4427,0.7771,0.6285,0.4095,0.9739
581,0,off,0,7,8,16.935,17.914,0.827,12.238,6.184,0.000,-159.25,0.5036,0.7542,0.7107,0.7621,0.3968,0.3905,0.9700
582,0,off,0,7,8,13.848,16.378,0.485,8.912,6.184,0.000,-111.74,0.4632,0.5826,0.5273,0.7549,0.3423,0.3755,0.9597
583,0,in_cluster,0,11,2,5.513,12.702,-0.383,4.350,5.928,0.000,-30.15,0.3858,0.4285,0.4150,0.7739,0.6640,0.3866,0.9399
584,0,in_cluster,0,11,2,5.489,13.852,-0.242,4.544,5.928,0.000,-30.01,0.4245,0.4206,0.4119,0.3850,0.5573,0.4087,0.9526
585,0,beyond,0,7,12,10.086,14.454,1.145,6.272,4.449,0.005,-66.71,0.4506,0.3913,0.3984,0.4411,0.4229,0.4356,0.9557
586,0,valley,1,7,12,8.521,14.177,0.874,5.613,4.449,0.005,-52.16,0.3708,0.3874,0.3960,0.3534,0.1858,0.4593,0.9067
587,0,valley,1,7,12,8.748,13.332,0.894,5.180,4.449,0.005,-54.11,0.3565,0.3850,0.3905,0.3565,0.2055,0.4561,0.5518
588,0,valley,1,7,12,9.977,12.629,0.976,5.315,4.449,0.005,-65.62,0.4000,0.3802,0.3866,0.3581,0.2387,0.4435,0.1921
589,0,valley,1,11,7,10.953,12.928,0.405,6.897,14.226,0.000,-74.93,0.5874,0.3858,0.3921,0.7486,0.9368,0.4261,0.1209
590,0,valley,1,11,7,7.778,13.235,0.161,6.687,14.226,0.000,-45.20,0.4719,0.4846,0.4372,0.4000,0.9431,0.4198,0.1415
591,0,off,0,7,11,13.280,13.647,0.572,10.115,14.226,0.000,-104.01,0.8854,0.5249,0.4735,0.7067,0.9881,0.4237,0.1613
592,0,valley,1,8,7,10.820,12.162,0.443,6.678,6.184,0.000,-72.06,0.4213,0.3992,0.4016,0.3628,0.7162,0.4166,0.1494
593,0,beyond,0,12,7,10.376,11.540,-0.191,6.195,4.449,0.005,-64.28,0.5968,0.3881,0.3929,0.3526,0.2775,0.4079,0.1431
594,0,valley,1,7,8,12.340,15.402,0.157,6.651,6.184,0.000,-91.99,0.7360,0.4111,0.4103,0.7636,0.3755,0.3945,0.1858
595,0,off,0,7,11,18.265,25.253,0.119,13.785,14.226,0.000,-182.65,0.8008,0.6711,0.6435,0.7534,0.1913,0.3850,0.2735
596,0,off,0,11,7,14.137,20.657,-0.107,12.198,14.226,0.000,-114.87,0.4490,0.8055,0.7834,0.7470,0.5162,0.3731,0.2877
597,0,off,0,11,2,7.673,14.516,-0.505,7.329,5.928,0.000,-44.38,0.7249,0.4925,0.4514,0.8443,0.5787,0.3818,0.2632
598,0,off,0,12,7,12.049,14.509,-0.597,8.325,4.449,0.005,-83.04,0.9360,0.3842,0.3897,0.6751,0.3731,0.4000,0.2119
599,0,off,0,12,7,12.697,12.804,-0.279,7.672,4.449,0.005,-91.05,0.7352,0.3921,0.3992,0.4545,0.2490,0.4253,0.2253
600,0,beyond,0,7,12,11.118,12.034,1.141,6.855,4.449,0.005,-77.65,0.6862,0.3984,0.4024,0.3700,0.1723,0.4387,0.2625
601,0,off,0,7,12,11.478,12.395,1.105,7.351,4.449,0.005,-81.72,0.6711,0.4016,0.4047,0.3636,0.1439,0.4458,0.2996
602,0,off,0,6,7,12.522,13.579,0.075,10.253,6.398,0.000,-91.51,0.4206,0.4221,0.4182,0.3771,0.5225,0.4522,0.3628
603,0,off,0,6,14,11.875,11.949,0.104,7.424,7.246,0.000,-83.49,0.4055,0.5534,0.4996,0.3739,0.6190,0.4609,0.3597
604,0,off,0,10,14,8.824,10.508,0.195,7.402,7.270,0.000,-50.11,0.3684,0.6419,0.5834,0.3692,0.7202,0.4569,0.3304
605,0,off,0,10,14,8.567,14.254,0.117,7.314,7.270,0.000,-47.87,0.4166,0.5953,0.5549,0.3889,0.7439,0.4538,0.3462
606,0,in_cluster,0,8,7,6.531,12.521,0.103,6.165,6.184,0.000,-34.86,0.4846,0.4775,0.4656,0.3708,0.6229,0.4490,0.3565
607,0,valley,1,8,7,8.189,12.202,0.413,6.230,6.184,0.000,-47.06,0.5945,0.4166,0.4174,0.3660,0.5312,0.4395,0.3249
608,0,off,0,12,7,13.855,14.027,-0.237,7.933,4.449,0.005,-106.42,0.8545,0.4095,0.4087,0.3676,0.3099,0.4292,0.3929
609,0,off,0,7,12,14.952,15.549,1.001,8.907,4.449,0.005,-127.60,0.8221,0.4640,0.4530,0.7708,0.3178,0.4142,0.4735
610,0,off,0,11,7,15.177,22.573,-0.105,13.309,14.226,0.000,-130.12,0.7138,0.8870,0.8917,0.7779,0.6372,0.4016,0.4593
611,0,off,0,11,7,13.988,20.070,-0.098,11.575,14.226,0.000,-112.78,0.7012,0.8854,0.8798,0.7755,0.6427,0.3937,0.4134
612,0,off,0,7,12,15.307,16.953,1.397,8.605,4.449,0.005,-133.00,0.9755,0.4514,0.4348,0.9502,0.4261,0.3984,0.3644
613,0,off,0,7,12,14.507,15.736,1.391,8.520,4.449,0.005,-121.08,0.7510,0.4040,0.4071,0.4791,0.2142,0.4277,0.3502
614,0,off,0,7,12,13.398,14.790,1.255,8.312,4.449,0.005,-105.61,0.8229,0.4103,0.4158,0.3779,0.1304,0.4474,0.3755
615,0,off,0,7,12,12.978,14.748,1.201,8.418,4.449,0.005,-100.07,0.7913,0.4142,0.4190,0.3834,0.1945,0.4585,0.3423
616,0,off,0,7,11,13.060,14.865,0.536,8.473,14.226,0.000,-101.13,0.7020,0.4229,0.4253,0.6814,0.8095,0.4577,0.3383
617,0,off,0,11,7,11.816,14.124,0.198,9.318,14.226,0.000,-84.76,0.6617,0.6696,0.6372,0.4648,0.9510,0.4854,0.3605
618,0,off,0,7,11,14.288,15.167,0.524,11.747,14.226,0.000,-117.94,0.9375,0.7462,0.7312,0.7565,0.9945,0.5138,0.3621
619,0,off,0,6,7,13.360,14.247,0.517,12.051,6.398,0.000,-102.35,0.5439,0.5526,0.5383,0.5399,0.8909,0.5004,0.3723
620,0,off,0,7,6,12.429,13.037,0.632,10.674,6.398,0.000,-93.09,0.4458,0.5763,0.5312,0.5233,0.8356,0.4759,0.3399
621,0,off,0,6,14,11.665,13.854,-0.123,7.827,7.246,0.000,-81.14,0.4071,0.6980,0.6482,0.4751,0.8996,0.4806,0.3336
622,0,off,0,6,7,14.627,15.041,0.333,13.271,6.398,0.000,-120.08,0.4553,0.7043,0.6775,0.4775,0.8506,0.5249,0.3684
623,0,off,0,8,7,12.673,14.768,0.646,9.049,6.184,0.000,-93.83,0.6514,0.5779,0.5494,0.5407,0.8530,0.4893,0.4087
624,0,off,0,8,7,13.413,15.449,0.854,8.790,6.184,0.000,-103.48,0.8055,0.4727,0.4609,0.5028,0.7636,0.4482,0.4593
625,0,off,0,7,8,16.352,21.639,0.290,9.873,6.184,0.000,-149.55,0.9747,0.7486,0.7431,0.8024,0.3534,0.4316,0.6024
626,0,off,0,7,11,22.506,26.925,0.134,17.143,14.226,0.000,-269.11,0.9771,0.9289,0.9304,0.7036,0.2111,0.4024,0.7328
627,0,off,0,11,7,12.611,20.788,-0.084,11.614,14.226,0.000,-94.47,0.9431,0.8696,0.8577,0.8261,0.8767,0.3992,0.6664
628,0,beyond,0,11,2,10.391,15.789,-0.409,6.604,5.928,0.000,-68.93,0.9542,0.6648,0.6253,0.9241,0.7897,0.4119,0.5621
629,0,off,0,7,12,18.079,18.229,1.631,11.386,4.449,0.005,-176.31,0.9826,0.5051,0.4877,0.6925,0.7209,0.4419,0.5573
630,0,off,0,7,12,14.412,17.318,1.357,9.861,4.449,0.005,-119.72,0.9162,0.4917,0.4988,0.4538,0.2545,0.5091,0.4648
631,0,off,0,7,12,13.638,16.859,1.221,9.855,4.449,0.005,-108.86,0.9233,0.5075,0.5138,0.3929,0.1573,0.5692,0.4688
632,0,off,0,7,12,14.432,17.193,1.253,10.154,4.449,0.005,-120.00,0.9439,0.5123,0.5194,0.4024,0.2213,0.5478,0.5115
633,0,off,0,7,12,16.089,17.393,1.331,10.821,4.449,0.005,-145.28,0.9818,0.5178,0.5202,0.4862,0.3549,0.5107,0.5265
634,0,off,0,11,2,13.458,15.432,-0.243,7.500,5.928,0.000,-105.51,0.9059,0.7905,0.7715,0.6198,0.9763,0.5375,0.5992
635,0,off,0,11,2,14.031,15.578,-0.230,7.892,5.928,0.000,-113.38,0.9217,0.8364,0.8292,0.6466,0.9913,0.5621,0.6522
636,0,off,0,7,0,16.320,17.588,0.153,9.890,14.092,0.000,-149.03,0.7534,0.6672,0.6767,0.6387,0.8830,0.5304,0.6174
637,0,off,0,14,7,14.860,15.366,0.746,8.879,13.219,0.000,-124.68,0.6814,0.6569,0.6498,0.5937,0.9083,0.5115,0.7644
638,0,off,0,14,7,14.035,18.442,0.290,10.867,13.219,0.000,-112.77,0.6988,0.7265,0.6830,0.5850,0.9257,0.4862,0.8775
639,0,off,0,14,3,10.193,18.893,0.582,9.354,8.288,0.000,-66.22,0.6625,0.7913,0.7621,0.5265,0.9154,0.4704,0.9043
640,0,off,0,10,14,11.201,13.184,0.183,9.427,7.270,0.000,-73.90,0.8625,0.7826,0.7708,0.6016,0.8870,0.4775,0.9186
641,0,off,0,8,7,10.878,18.652,0.123,9.565,6.184,0.000,-72.70,0.9138,0.8672,0.8688,0.9549,0.9020,0.4451,0.9273
642,0,off,0,8,7,18.554,21.151,-0.345,15.452,6.184,0.000,-185.65,0.9605,0.9676,0.9652,0.8759,0.7802,0.4190,0.9336
643,0,off,0,8,7,17.143,17.286,0.730,10.472,6.184,0.000,-160.47,0.9723,0.8783,0.8664,0.8379,0.5233,0.4071,0.9304
644,0,off,0,7,12,18.352,18.637,1.657,11.269,4.449,0.005,-183.50,0.9842,0.5929,0.5613,0.9296,0.4838,0.4174,0.9233
645,0,beyond,0,11,2,11.696,15.322,-0.273,6.976,5.928,0.000,-83.35,0.9383,0.7249,0.7036,0.5660,0.7020,0.4530,0.9020
646,0,off,0,11,2,12.004,16.073,-0.198,7.184,5.928,0.000,-87.00,0.8680,0.7549,0.7565,0.5968,0.6885,0.5020,0.8877
647,0,off,0,7,0,16.578,19.583,0.020,10.231,14.092,0.000,-153.27,0.8206,0.5810,0.5976,0.6332,0.4561,0.5763,0.8648
648,0,off,0,7,12,15.171,18.352,1.292,11.101,4.449,0.005,-130.94,0.9621,0.5834,0.6126,0.4672,0.2427,0.6451,0.8474
649,0,off,0,7,12,16.305,18.150,1.326,11.287,4.449,0.005,-148.78,0.9802,0.5715,0.5881,0.4759,0.2696,0.6079,0.8561
650,0,off,0,7,12,16.719,18.416,1.398,11.362,4.449,0.005,-155.62,0.9913,0.5478,0.5439,0.4704,0.2988,0.5320,0.8640
651,0,off,0,7,11,16.631,17.193,0.480,11.023,14.226,0.000,-154.16,0.9834,0.5621,0.5407,0.6996,0.8917,0.4727,0.8822
652,0,off,0,11,2,13.176,14.449,-0.339,7.397,5.928,0.000,-101.75,0.9715,0.8079,0.7913,0.6237,0.9874,0.4656,0.8980
653,0,off,0,11,7,16.909,18.047,0.518,13.765,14.226,0.000,-157.90,0.9929,0.8443,0.8285,0.7731,0.9984,0.4664,0.9004
654,0,off,0,8,0,16.499,17.453,0.619,9.108,4.636,0.002,-149.64,0.9352,0.6688,0.6577,0.6040,0.8783,0.4506,0.8957
655,0,off,0,7,11,17.679,21.139,0.199,12.355,14.226,0.000,-172.14,0.9312,0.8893,0.8838,0.9273,0.8893,0.4403,0.9028
656,0,off,0,7,13,19.576,22.453,0.507,14.188,10.324,0.000,-207.47,0.8182,0.9842,0.9755,0.8206,0.9391,0.4213,0.9123
657,0,off,0,14,10,12.010,19.949,0.484,9.936,7.270,0.000,-86.39,0.7621,0.9067,0.8830,0.8846,0.9289,0.4150,0.9265
658,0,off,0,8,0,11.867,19.523,0.370,8.269,4.636,0.002,-83.94,0.9905,0.7889,0.7787,0.7383,0.9470,0.4158,0.9281
659,0,off,0,8,0,13.743,19.938,0.660,9.798,4.636,0.002,-107.96,0.9889,0.6988,0.6909,0.9763,0.9281,0.4221,0.9091
660,1,off,0,8,12,19.289,22.536,1.003,11.921,14.575,0.000,-199.56,0.9802,0.8759,0.8854,0.8727,0.6435,0.4593,0.8941
661,1,off,0,8,12,26.676,29.991,1.353,15.688,14.575,0.000,-369.33,0.9881,0.9794,0.9858,0.7391,0.4561,0.5581,0.8909
662,1,off,0,12,8,26.836,26.910,-0.397,14.515,14.575,0.000,-370.53,0.9953,0.9723,0.9818,0.7336,0.3565,0.5937,0.8759
663,1,off,0,11,7,20.815,30.552,0.244,19.035,14.226,0.000,-231.58,0.9581,0.9905,0.9913,0.7344,0.6814,0.6245,0.8609
664,1,off,0,11,7,19.081,28.510,0.233,17.547,14.226,0.000,-196.98,0.9644,0.9905,0.9905,0.8933,0.9636,0.5755,0.8791
665,1,off,0,14,7,20.139,22.831,0.776,11.997,13.219,0.000,-217.06,0.9731,0.8522,0.8569,0.9091,0.8585,0.5130,0.8593
666,0,off,0,7,8,18.525,19.372,0.457,9.501,6.184,0.000,-187.44,0.9565,0.7676,0.7692,0.8957,0.8427,0.4941,0.8016
667,0,off,0,7,8,20.271,21.715,0.805,12.299,6.184,0.000,-221.31,0.9763,0.9115,0.9170,0.8625,0.7304,0.4545,0.8704
668,0,off,0,7,8,21.765,26.583,0.537,15.025,6.184,0.000,-252.72,0.9953,0.9360,0.9391,0.8000,0.3715,0.4332,0.8846
669,0,off,0,11,2,11.837,18.915,-0.755,8.989,5.928,0.000,-85.00,0.9787,0.8648,0.8569,0.8822,0.9375,0.4285,0.8237
670,0,off,0,11,2,12.391,15.683,-0.432,7.307,5.928,0.000,-91.71,0.9518,0.7739,0.7526,0.5921,0.8791,0.4372,0.7051
671,0,off,0,7,0,18.649,19.911,-0.036,11.164,14.092,0.000,-189.75,0.9794,0.6126,0.6103,0.6711,0.7866,0.4791,0.6245
672,0,off,0,7,9,16.246,20.039,-0.193,9.187,6.628,0.000,-147.82,0.9779,0.5858,0.5984,0.4838,0.3375,0.5542,0.4925
673,0,off,0,14,13,15.304,15.643,0.984,9.019,10.829,0.000,-129.39,0.8119,0.7004,0.7012,0.5486,0.7676,0.5866,0.5194
674,0,off,0,14,13,10.947,15.686,0.636,9.973,10.829,0.000,-74.19,0.7083,0.8466,0.8356,0.5913,0.9439,0.5929,0.5549
675,0,off,0,10,14,12.043,12.491,0.154,9.953,7.270,0.000,-83.69,0.7968,0.8751,0.8672,0.5628,0.8561,0.5984,0.6877
676,0,off,0,8,10,9.676,16.124,0.239,9.428,11.215,0.000,-60.34,0.7217,0.8292,0.8372,0.6221,0.9170,0.6071,0.7502
677,0,off,0,8,7,9.982,16.738,0.316,9.044,6.184,0.000,-63.35,0.8862,0.7304,0.7462,0.5589,0.7225,0.5842,0.7850
678,0,off,0,8,7,16.791,17.706,0.974,9.402,6.184,0.000,-154.50,0.9866,0.6348,0.6300,0.5676,0.5130,0.5312,0.8119
679,0,off,0,8,7,17.486,18.990,0.894,9.818,6.184,0.000,-166.40,0.9897,0.8419,0.8427,0.8870,0.4727,0.4822,0.8601
680,0,off,0,7,8,22.781,23.708,0.592,15.750,6.184,0.000,-275.35,0.9881,0.9605,0.9660,0.8190,0.3415,0.4514,0.8767
681,0,off,0,11,7,15.591,22.721,-0.045,13.770,14.226,0.000,-136.49,0.9344,0.9597,0.9565,0.8095,0.6609,0.4427,0.8719
682,0,beyond,0,11,2,10.442,16.401,-0.641,6.840,5.928,0.000,-69.47,0.9660,0.8221,0.8142,0.9415,0.7423,0.4379,0.8324
683,0,off,0,12,7,17.669,18.206,-0.696,10.736,4.449,0.005,-166.54,0.9874,0.5494,0.5431,0.6901,0.3336,0.4680,0.6727
684,0,off,0,7,12,16.301,17.611,1.321,10.326,4.449,0.005,-148.71,0.9510,0.5747,0.5810,0.5225,0.2237,0.5858,0.5304
685,0,off,0,7,12,16.398,17.604,1.264,10.428,4.449,0.005,-150.30,0.9684,0.5818,0.5921,0.4490,0.1502,0.6300,0.4474
686,0,off,0,7,12,16.516,17.573,1.268,10.481,4.449,0.005,-152.25,0.9700,0.5755,0.5779,0.5146,0.2680,0.6340,0.4182
687,0,off,0,11,7,12.868,16.956,0.166,10.294,14.226,0.000,-97.74,0.9296,0.7383,0.7415,0.6593,0.9700,0.6277,0.4379
688,0,off,0,11,7,13.177,16.436,0.176,10.692,14.226,0.000,-101.77,0.8901,0.8269,0.8190,0.6079,0.9747,0.6095,0.4822
689,0,off,0,8,6,16.923,18.160,0.646,11.693,13.184,0.000,-156.72,0.9423,0.7565,0.7660,0.6545,0.9399,0.6134,0.4577
690,0,off,0,14,7,16.979,17.970,0.803,9.583,13.219,0.000,-158.42,0.8711,0.6822,0.6901,0.6253,0.8949,0.5953,0.4047
691,0,off,0,7,0,17.464,19.147,-0.069,9.252,14.092,0.000,-168.35,0.7526,0.7036,0.6759,0.6364,0.8553,0.5289,0.3976
692,0,off,0,14,10,9.530,19.853,0.365,7.551,7.270,0.000,-59.69,0.7075,0.7976,0.7676,0.6095,0.9628,0.5217,0.5099
693,0,off,0,14,7,11.617,18.664,0.363,9.955,13.219,0.000,-81.75,0.7826,0.7897,0.7842,0.5194,0.8988,0.5755,0.6711
694,0,off,0,8,7,11.129,18.335,0.189,9.164,6.184,0.000,-75.46,0.8538,0.8285,0.8332,0.9447,0.8759,0.5731,0.7715
695,0,off,0,8,10,14.793,20.940,0.366,14.991,11.215,0.000,-122.94,0.9368,0.9462,0.9447,0.9138,0.7668,0.4877,0.7945
696,0,off,0,8,7,22.258,22.740,0.141,17.172,6.184,0.000,-261.25,0.9676,0.9818,0.9802,0.7368,0.4672,0.4364,0.7597
697,0,off,0,7,8,16.804,20.250,0.160,10.416,6.184,0.000,-157.04,0.9739,0.8609,0.8538,0.8711,0.5043,0.4348,0.6411
698,0,off,0,11,7,13.390,16.555,0.412,9.610,14.226,0.000,-104.60,0.9644,0.5731,0.5462,0.9834,0.9028,0.4648,0.4372
699,0,off,0,11,7,9.887,16.765,0.050,9.305,14.226,0.000,-63.82,0.8553,0.7154,0.7051,0.5051,0.6253,0.5889,0.3209
700,0,off,0,11,7,12.111,15.744,0.322,10.188,14.226,0.000,-88.29,0.9597,0.7241,0.7296,0.7542,0.8221,0.7352,0.2704
701,0,off,0,7,12,12.485,18.667,1.073,10.048,4.449,0.005,-93.79,0.8427,0.5470,0.5739,0.4435,0.1542,0.8142,0.6870
702,0,off,0,7,12,12.410,18.117,1.027,9.976,4.449,0.005,-92.87,0.8561,0.5368,0.5510,0.4300,0.1415,0.8514,0.2356
703,0,off,0,7,12,13.378,17.694,1.061,9.917,4.449,0.005,-105.34,0.8949,0.5059,0.5130,0.4530,0.1708,0.8126,0.2071
704,0,off,0,7,12,14.556,17.462,1.091,10.001,4.449,0.005,-121.79,0.9241,0.4759,0.4798,0.4656,0.2016,0.7154,0.2103
705,0,off,0,11,7,12.675,16.152,0.209,9.875,14.226,0.000,-95.28,0.7700,0.7257,0.6980,0.6158,0.9478,0.6830,0.2221
706,0,off,0,11,7,13.065,15.771,0.205,10.335,14.226,0.000,-100.29,0.7921,0.7929,0.7755,0.5929,0.9652,0.6269,0.2395
707,0,off,0,8,7,16.480,16.583,0.605,9.026,6.184,0.000,-149.31,0.7233,0.5937,0.5755,0.5202,0.7684,0.5723,0.2411
708,0,off,0,7,8,16.598,20.417,0.495,9.010,6.184,0.000,-153.61,0.7668,0.7518,0.7407,0.9123,0.8474,0.5494,0.2308
709,0,off,0,7,11,18.123,20.955,0.225,13.489,14.226,0.000,-180.08,0.6142,0.9304,0.9178,0.7794,0.8735,0.5012,0.2474
710,0,off,0,14,7,17.362,18.826,0.300,9.933,13.219,0.000,-164.99,0.5312,0.9036,0.8759,0.8451,0.9043,0.4814,0.2917
711,0,off,0,10,14,8.910,11.247,0.124,7.496,7.270,0.000,-50.86,0.6727,0.7115,0.6862,0.5431,0.8664,0.4688,0.3178
712,0,off,0,8,7,10.965,17.105,0.430,8.231,6.184,0.000,-73.64,0.7794,0.6142,0.5992,0.4340,0.7273,0.4498,0.2814
713,0,off,0,8,7,8.301,15.044,0.434,7.089,6.184,0.000,-47.99,0.8111,0.5462,0.5233,0.3976,0.5115,0.4553,0.2403
714,0,off,0,12,7,15.515,16.320,-0.134,9.308,4.449,0.005,-130.80,0.9336,0.4957,0.4775,0.3826,0.2324,0.4743,0.2150
715,0,off,0,7,12,16.329,18.005,0.882,10.583,4.449,0.005,-149.17,0.9178,0.5842,0.5660,0.7818,0.2269,0.4980,0.2016
716,0,off,0,11,7,16.198,24.444,-0.102,14.795,14.226,0.000,-146.14,0.8925,0.9209,0.9217,0.8063,0.6783,0.5028,0.1968
717,0,off,0,11,7,17.667,23.570,-0.155,14.756,14.226,0.000,-171.00,0.7281,0.9565,0.9573,0.7850,0.5684,0.4767,0.2047
718,0,off,0,7,12,16.766,19.107,1.111,11.149,4.449,0.005,-156.41,0.9945,0.6964,0.6727,0.9810,0.7028,0.4798,0.2111
719,0,off,0,7,12,14.315,15.954,1.271,8.656,4.449,0.005,-118.31,0.8190,0.4577,0.4601,0.5368,0.1763,0.5652,0.1960
720,0,off,0,7,12,13.477,16.074,1.014,8.979,4.449,0.005,-106.67,0.7889,0.4791,0.4806,0.3858,0.0862,0.6846,0.1874
721,0,off,0,7,12,13.317,17.014,0.923,9.511,4.449,0.005,-104.53,0.7779,0.4909,0.4885,0.4047,0.1154,0.7336,0.1937
722,0,off,0,7,12,13.037,16.995,0.920,9.212,4.449,0.005,-100.84,0.7415,0.4893,0.4846,0.4253,0.1296,0.7502,0.1984
723,0,off,0,14,6,13.610,14.485,0.964,7.844,7.246,0.000,-106.89,0.4972,0.6190,0.6047,0.4427,0.5700,0.7834,0.2166
724,0,off,0,14,7,12.267,16.041,0.207,9.284,13.219,0.000,-89.51,0.4538,0.7858,0.7636,0.5415,0.8063,0.7755,0.4150
725,0,valley,1,10,14,9.440,9.694,0.204,6.483,7.270,0.000,-55.73,0.5154,0.8040,0.7984,0.4119,0.7059,0.7368,0.3012
726,0,off,0,8,10,7.722,13.849,0.210,7.457,11.215,0.000,-43.35,0.4925,0.7692,0.7779,0.5874,0.8364,0.7257,0.3067
727,0,off,0,8,7,8.187,14.146,0.230,7.098,6.184,0.000,-47.05,0.6372,0.6340,0.6387,0.4854,0.5802,0.6704,0.2577
728,0,off,0,8,7,15.795,16.746,0.360,10.805,6.184,0.000,-138.27,0.8917,0.8229,0.8182,0.8316,0.3881,0.5968,0.2285
729,0,off,0,7,8,22.348,22.753,0.802,16.824,6.184,0.000,-265.56,0.8846,0.9455,0.9431,0.7937,0.2862,0.5130,0.2095
730,0,off,0,7,8,17.104,20.274,0.356,11.136,6.184,0.000,-162.13,0.7447,0.8490,0.8403,0.7953,0.2814,0.4719,0.2063
731,0,off,0,11,7,9.714,17.283,0.021,8.812,14.226,0.000,-62.13,0.6593,0.7621,0.7352,0.7976,0.5502,0.5051,0.2182
732,0,off,0,11,7,8.679,16.039,0.044,8.187,14.226,0.000,-52.61,0.7146,0.6783,0.6561,0.5130,0.5273,0.5913,0.2332
733,0,off,0,7,12,12.960,15.996,1.142,8.253,4.449,0.005,-99.84,0.7478,0.4980,0.4972,0.5375,0.1787,0.7020,0.2324
734,0,off,0,7,12,12.300,16.702,0.895,8.585,4.449,0.005,-91.50,0.6893,0.5028,0.5043,0.3937,0.0838,0.7945,0.2190
735,0,off,0,7,12,13.427,16.322,0.974,8.712,4.449,0.005,-106.00,0.7739,0.4933,0.4870,0.4103,0.1281,0.7549,0.2126
736,0,off,0,7,12,14.071,16.354,0.974,8.998,4.449,0.005,-114.85,0.8300,0.4767,0.4727,0.4711,0.1929,0.6877,0.2213
737,0,off,0,7,6,16.170,17.896,0.623,13.821,6.398,0.000,-146.60,0.6798,0.5043,0.4854,0.5336,0.6142,0.6379,0.2316
738,0,off,0,14,7,11.944,17.321,0.314,9.747,13.219,0.000,-85.60,0.5747,0.6625,0.6316,0.4213,0.6435,0.6016,0.2482
739,0,off,0,10,14,9.326,9.605,0.308,7.117,7.270,0.000,-54.65,0.5763,0.8103,0.7850,0.4372,0.8435,0.5628,0.3866
740,0,valley,1,10,14,8.312,11.935,0.131,6.730,7.270,0.000,-45.72,0.5644,0.7921,0.7826,0.4798,0.7557,0.5225,0.3375
741,0,off,0,8,7,10.119,17.909,-0.172,9.022,6.184,0.000,-64.72,0.7399,0.8277,0.8261,0.8648,0.7320,0.5043,0.3534
742,0,off,0,8,7,18.995,21.888,-0.491,15.432,6.184,0.000,-193.94,0.8506,0.9391,0.9368,0.8593,0.6972,0.4711,0.9289
743,0,off,0,8,7,22.802,23.014,0.076,17.525,6.184,0.000,-273.50,0.8830,0.9723,0.9628,0.7241,0.3858,0.4340,0.9344
744,0,off,0,7,8,18.255,19.818,0.389,12.222,6.184,0.000,-182.47,0.9328,0.8957,0.8925,0.8569,0.4625,0.4324,0.2791
745,0,off,0,11,7,13.214,15.476,0.412,8.899,14.226,0.000,-102.25,0.9320,0.6403,0.6269,0.9850,0.8174,0.4601,0.2530
746,0,off,0,11,7,8.836,15.795,0.075,8.455,14.226,0.000,-53.98,0.8941,0.6656,0.6514,0.6625,0.5905,0.5874,0.2727
747,0,off,0,11,7,11.046,14.689,0.303,9.188,14.226,0.000,-75.96,0.9225,0.7028,0.7059,0.7644,0.7660,0.7684,0.4174
748,0,off,0,7,12,11.541,17.391,0.981,8.884,4.449,0.005,-82.46,0.6846,0.5423,0.5478,0.4972,0.1636,0.8498,0.9036
749,0,off,0,7,12,12.255,16.698,0.917,9.197,4.449,0.005,-90.95,0.7186,0.5312,0.5375,0.4158,0.1107,0.9051,0.6134
750,0,off,0,7,12,12.293,16.193,0.909,8.854,4.449,0.005,-91.42,0.6822,0.5107,0.5154,0.4617,0.1589,0.8688,0.2870
751,0,off,0,7,12,12.767,16.595,0.913,8.890,4.449,0.005,-97.35,0.7209,0.4885,0.4862,0.4237,0.1581,0.7992,0.2617
752,0,off,0,7,6,15.028,15.277,0.843,12.195,6.398,0.000,-128.47,0.5281,0.5802,0.5534,0.4901,0.5771,0.7565,0.2719
753,0,off,0,14,6,9.854,15.165,0.876,7.556,7.246,0.000,-62.83,0.4941,0.7439,0.7154,0.4846,0.7984,0.7202,0.3130
754,0,valley,1,14,10,8.416,8.729,0.760,5.945,7.270,0.000,-48.76,0.5083,0.8016,0.7921,0.4190,0.7383,0.6751,0.3739
755,0,off,0,10,8,9.360,14.964,-0.241,7.500,11.215,0.000,-54.98,0.5984,0.7771,0.7794,0.5534,0.7960,0.6870,0.3818
756,0,off,0,8,7,11.669,17.674,-0.257,10.319,6.184,0.000,-81.61,0.6704,0.8735,0.8727,0.8553,0.6419,0.6395,0.3289
757,0,off,0,8,7,22.830,23.358,-0.574,18.467,6.184,0.000,-274.14,0.8087,0.9621,0.9557,0.8213,0.5391,0.5233,0.3043
758,1,off,0,8,7,15.571,16.891,0.557,11.854,6.184,0.000,-134.76,0.8324,0.9138,0.9028,0.9265,0.4324,0.4759,0.2783
759,1,off,0,7,12,13.760,19.416,0.955,8.876,4.449,0.005,-110.52,0.8640,0.7494,0.7407,0.9794,0.5312,0.5502,0.9739
760,1,off,0,7,12,12.844,16.211,1.105,7.799,4.449,0.005,-98.34,0.6814,0.5747,0.5668,0.6964,0.2379,0.6498,0.9407
761,1,off,0,7,12,12.075,16.105,0.964,7.682,4.449,0.005,-88.76,0.5953,0.4941,0.4925,0.6443,0.1747,0.6909,0.2941
762,1,off,0,7,12,13.394,14.624,0.969,8.738,4.449,0.005,-105.56,0.7217,0.4672,0.4767,0.3937,0.1194,0.7296,0.3289
763,1,off,0,7,12,14.158,15.184,1.026,9.056,4.449,0.005,-116.07,0.7968,0.4617,0.4688,0.4221,0.1826,0.7249,0.3368
764,1,off,0,7,6,15.201,15.907,0.889,12.453,6.398,0.000,-131.40,0.5075,0.5407,0.5170,0.5043,0.6775,0.7083,0.3067
765,1,valley,1,14,13,9.989,13.399,0.919,6.702,10.829,0.000,-64.16,0.4870,0.7067,0.6688,0.4348,0.7447,0.6933,0.4632
766,1,off,0,14,10,8.830,15.522,0.422,7.300,7.270,0.000,-53.26,0.4506,0.8490,0.8340,0.7834,0.9652,0.7368,0.6466
767,1,off,0,14,7,14.017,18.112,0.100,8.572,13.219,0.000,-112.51,0.5984,0.9320,0.9265,0.8190,0.9423,0.9542,0.9802
768,1,off,0,7,10,15.506,18.077,0.669,8.023,14.932,0.000,-136.08,0.6419,0.9779,0.9676,0.9613,0.9589,0.9731,0.9818
769,1,off,0,7,8,15.684,20.166,0.004,13.608,6.184,0.000,-138.85,0.7692,0.9905,0.9889,0.9826,0.9534,0.9794,0.9874
770,1,off,0,7,6,15.896,21.650,0.068,13.828,6.398,0.000,-142.20,0.8285,0.9937,0.9921,0.9889,0.9628,0.9874,0.9921
771,1,off,0,3,7,173.952,209.424,2.641,140.869,14.939,0.000,-15139.88,1.0000,0.9992,0.9992,0.9984,1.0000,1.0000,1.0000
772,1,off,0,3,7,205.061,227.325,2.813,151.175,14.939,0.000,-21035.40,1.0000,1.0000,1.0000,0.9992,1.0000,1.0000,1.0000
773,1,off,0,7,11,33.212,68.589,-0.063,37.248,14.226,0.000,-567.38,0.9992,1.0000,1.0000,0.9984,0.9992,1.0000,1.0000
774,1,off,0,7,11,30.654,63.009,-0.060,34.559,14.226,0.000,-485.70,0.9992,1.0000,1.0000,0.9984,0.9992,1.0000,1.0000
775,1,off,0,7,11,27.833,55.755,-0.055,30.795,14.226,0.000,-403.20,0.9992,1.0000,1.0000,0.9984,0.9992,1.0000,1.0000
776,1,off,0,7,11,25.795,47.512,-0.044,26.777,14.226,0.000,-348.54,0.9992,1.0000,1.0000,0.9984,0.9992,1.0000,1.0000
777,1,off,0,7,11,25.742,41.634,-0.037,24.371,14.226,0.000,-347.19,0.9992,1.0000,1.0000,0.9984,0.9992,1.0000,1.0000
778,1,off,0,7,11,26.696,38.245,-0.036,23.279,14.226,0.000,-372.18,0.9992,1.0000,1.0000,0.9984,0.9992,1.0000,1.0000
779,1,off,0,7,11,27.854,36.482,-0.037,22.922,14.226,0.000,-403.79,0.9992,1.0000,1.0000,0.9984,0.9992,1.0000,1.0000
780,1,off,0,7,8,28.990,33.745,0.737,12.806,6.184,0.000,-436.07,0.9992,1.0000,1.0000,0.9984,0.9992,1.0000,1.0000
781,1,off,0,8,10,23.330,29.217,0.477,23.252,11.215,0.000,-285.67,0.9992,1.0000,1.0000,0.9984,0.9992,1.0000,1.0000
782,1,off,0,8,10,17.941,23.614,0.597,16.578,11.215,0.000,-174.47,0.9992,1.0000,1.0000,0.9984,0.9992,1.0000,1.0000
783,1,off,0,8,10,17.488,23.458,0.578,16.060,11.215,0.000,-166.45,0.9992,1.0000,1.0000,0.9984,0.9984,1.0000,1.0000
784,1,off,0,8,10,17.262,23.335,0.569,15.786,11.215,0.000,-162.52,0.9992,1.0000,1.0000,0.9984,0.9984,1.0000,1.0000
785,1,off,0,8,10,16.883,23.196,0.559,15.370,11.215,0.000,-156.05,0.9992,1.0000,1.0000,0.9984,0.9960,1.0000,1.0000
786,1,off,0,8,10,16.594,22.964,0.572,14.994,11.215,0.000,-151.21,0.9992,1.0000,1.0000,0.9984,0.9960,1.0000,1.0000
787,1,off,0,8,10,16.398,22.768,0.582,14.745,11.215,0.000,-147.97,0.9992,1.0000,1.0000,0.9984,0.9960,1.0000,1.0000
788,1,off,0,8,10,16.107,22.668,0.579,14.480,11.215,0.000,-143.24,0.9992,1.0000,1.0000,0.9984,0.9945,1.0000,1.0000
789,1,off,0,8,10,16.063,22.558,0.600,14.351,11.215,0.000,-142.54,0.9992,1.0000,1.0000,0.9984,0.9945,1.0000,1.0000
790,1,off,0,8,10,16.076,22.504,0.626,14.251,11.215,0.000,-142.75,0.9992,1.0000,1.0000,0.9984,0.9945,1.0000,1.0000
791,1,off,0,8,10,15.815,22.444,0.620,13.881,11.215,0.000,-138.59,0.9992,1.0000,1.0000,0.9984,0.9945,1.0000,1.0000
792,1,off,0,8,10,15.408,22.736,0.580,13.564,11.215,0.000,-132.23,0.9992,1.0000,1.0000,0.9984,0.9945,1.0000,1.0000
793,1,off,0,8,10,15.177,22.574,0.605,13.209,11.215,0.000,-128.69,0.9992,1.0000,1.0000,0.9984,0.9945,1.0000,1.0000
794,1,off,0,8,10,15.035,22.581,0.592,13.029,11.215,0.000,-126.56,0.9992,1.0000,1.0000,0.9984,0.9960,1.0000,1.0000
795,1,off,0,8,10,14.832,22.462,0.604,12.785,11.215,0.000,-123.53,0.9992,1.0000,1.0000,0.9984,0.9968,1.0000,1.0000
796,1,off,0,8,10,14.803,22.443,0.604,12.767,11.215,0.000,-123.09,0.9992,1.0000,1.0000,0.9984,0.9968,1.0000,1.0000
797,1,off,0,8,10,14.898,22.524,0.595,12.911,11.215,0.000,-124.50,0.9992,1.0000,1.0000,0.9984,0.9968,1.0000,1.0000
798,1,off,0,8,10,14.886,22.480,0.594,13.018,11.215,0.000,-124.33,0.9992,1.0000,1.0000,0.9984,0.9945,1.0000,1.0000
799,1,off,0,8,10,14.826,22.383,0.603,12.937,11.215,0.000,-123.44,0.9992,1.0000,1.0000,0.9984,0.9945,1.0000,1.0000
800,1,off,0,8,10,14.818,22.431,0.605,12.944,11.215,0.000,-123.32,0.9992,1.0000,1.0000,0.9984,0.9945,1.0000,1.0000
801,1,off,0,8,10,14.936,22.613,0.583,13.179,11.215,0.000,-125.07,0.9992,1.0000,1.0000,0.9984,0.9960,1.0000,1.0000
802,1,off,0,8,10,14.895,22.529,0.591,13.121,11.215,0.000,-124.46,0.9992,1.0000,1.0000,0.9984,0.9945,1.0000,1.0000
803,1,off,0,8,10,14.978,22.551,0.593,13.173,11.215,0.000,-125.70,0.9992,1.0000,1.0000,0.9984,0.9945,1.0000,1.0000
804,1,off,0,8,10,15.013,22.595,0.585,13.317,11.215,0.000,-126.23,0.9992,1.0000,1.0000,0.9984,0.9945,1.0000,1.0000
805,1,off,0,8,10,15.046,22.585,0.586,13.381,11.215,0.000,-126.73,0.9992,1.0000,1.0000,0.9984,0.9945,1.0000,1.0000
806,1,off,0,8,10,15.216,22.772,0.573,13.670,11.215,0.000,-129.29,0.9992,1.0000,1.0000,0.9984,0.9945,1.0000,1.0000
807,1,off,0,8,10,15.339,23.004,0.557,13.892,11.215,0.000,-131.17,0.9992,1.0000,1.0000,0.9984,0.9945,1.0000,1.0000
808,1,off,0,8,10,15.068,22.579,0.590,13.509,11.215,0.000,-127.05,0.9992,1.0000,1.0000,0.9984,0.9945,1.0000,1.0000
809,1,off,0,8,10,15.038,22.531,0.594,13.427,11.215,0.000,-126.60,0.9992,1.0000,1.0000,0.9984,0.9945,1.0000,1.0000
810,1,off,0,8,10,15.223,22.757,0.575,13.742,11.215,0.000,-129.40,0.9992,1.0000,1.0000,0.9984,0.9960,1.0000,1.0000
811,1,off,0,8,10,15.300,22.881,0.568,13.868,11.215,0.000,-130.58,0.9992,1.0000,1.0000,0.9984,0.9968,1.0000,1.0000
812,1,off,0,8,10,15.264,22.845,0.569,13.827,11.215,0.000,-130.03,0.9992,1.0000,1.0000,0.9984,0.9984,1.0000,1.0000
813,1,off,0,8,10,15.289,22.749,0.575,13.867,11.215,0.000,-130.41,0.9992,1.0000,1.0000,0.9984,0.9960,1.0000,1.0000
814,1,off,0,8,10,15.217,22.487,0.605,13.703,11.215,0.000,-129.30,0.9992,1.0000,1.0000,0.9984,0.9945,1.0000,1.0000
815,1,off,0,8,10,15.200,22.474,0.606,13.670,11.215,0.000,-129.06,0.9992,1.0000,1.0000,0.9984,0.9945,1.0000,1.0000
816,1,off,0,8,10,15.273,22.583,0.594,13.807,11.215,0.000,-130.16,0.9992,1.0000,1.0000,0.9984,0.9960,1.0000,1.0000
817,1,off,0,8,10,15.275,22.373,0.620,13.786,11.215,0.000,-130.20,0.9992,1.0000,1.0000,0.9984,0.9992,1.0000,1.0000
818,1,off,0,8,10,15.234,22.432,0.614,13.704,11.215,0.000,-129.57,0.9992,1.0000,1.0000,0.9984,0.9984,1.0000,1.0000
819,1,off,0,8,10,15.239,22.543,0.597,13.734,11.215,0.000,-129.64,0.9992,1.0000,1.0000,0.9984,0.9976,1.0000,1.0000
820,1,off,0,8,10,15.310,22.470,0.610,13.878,11.215,0.000,-130.73,0.9992,1.0000,1.0000,0.9984,0.9960,1.0000,1.0000
821,1,off,0,8,10,15.360,22.619,0.595,13.972,11.215,0.000,-131.50,0.9992,1.0000,1.0000,0.9984,0.9968,1.0000,1.0000
822,1,off,0,8,10,15.327,22.489,0.609,13.868,11.215,0.000,-130.99,0.9992,1.0000,1.0000,0.9984,0.9984,1.0000,1.0000
823,1,off,0,8,10,15.382,22.465,0.623,13.933,11.215,0.000,-131.83,0.9992,1.0000,1.0000,0.9984,0.9984,1.0000,1.0000
824,1,off,0,8,10,15.316,22.532,0.610,13.850,11.215,0.000,-130.82,0.9992,1.0000,1.0000,0.9984,0.9960,1.0000,1.0000
825,1,off,0,8,10,15.415,22.600,0.602,14.027,11.215,0.000,-132.35,0.9992,1.0000,1.0000,0.9984,0.9960,1.0000,1.0000
826,1,off,0,8,10,15.490,22.587,0.607,14.135,11.215,0.000,-133.51,0.9992,1.0000,1.0000,0.9984,0.9984,1.0000,1.0000
827,1,off,0,8,10,15.362,22.620,0.603,13.923,11.215,0.000,-131.52,0.9992,1.0000,1.0000,0.9984,0.9984,1.0000,1.0000
828,1,off,0,8,10,15.436,22.727,0.591,14.077,11.215,0.000,-132.67,0.9992,1.0000,1.0000,0.9984,0.9984,1.0000,1.0000
829,1,off,0,8,10,15.477,22.685,0.599,14.107,11.215,0.000,-133.30,0.9992,1.0000,1.0000,0.9984,0.9968,1.0000,1.0000
830,1,off,0,8,10,15.427,22.622,0.602,14.031,11.215,0.000,-132.53,0.9992,1.0000,1.0000,0.9984,0.9976,1.0000,1.0000
831,1,off,0,8,10,15.536,22.759,0.594,14.201,11.215,0.000,-134.21,0.9992,1.0000,1.0000,0.9984,0.9960,1.0000,1.0000
832,1,off,0,8,10,15.541,22.896,0.582,14.226,11.215,0.000,-134.30,0.9992,1.0000,1.0000,0.9984,0.9960,1.0000,1.0000
833,1,off,0,8,10,15.544,22.945,0.579,14.211,11.215,0.000,-134.34,0.9992,1.0000,1.0000,0.9984,0.9968,1.0000,1.0000
834,1,off,0,8,10,15.520,22.887,0.586,14.189,11.215,0.000,-133.96,0.9992,1.0000,1.0000,0.9984,0.9968,1.0000,1.0000
835,1,off,0,8,10,15.597,22.926,0.584,14.294,11.215,0.000,-135.16,0.9992,1.0000,1.0000,0.9984,0.9968,1.0000,1.0000
836,1,off,0,8,10,15.507,23.007,0.575,14.172,11.215,0.000,-133.77,0.9992,1.0000,1.0000,0.9984,0.9968,1.0000,1.0000
837,1,off,0,8,10,15.380,22.747,0.608,13.953,11.215,0.000,-131.80,0.9992,1.0000,1.0000,0.9984,0.9984,1.0000,1.0000
838,1,off,0,8,10,15.347,22.749,0.609,13.920,11.215,0.000,-131.29,0.9992,1.0000,1.0000,0.9984,0.9968,1.0000,1.0000
839,1,off,0,8,10,15.368,22.832,0.598,13.920,11.215,0.000,-131.62,0.9992,1.0000,1.0000,0.9984,0.9984,1.0000,1.0000
840,1,off,0,8,10,15.295,22.835,0.603,13.766,11.215,0.000,-130.50,0.9992,1.0000,1.0000,0.9984,0.9984,1.0000,1.0000
841,1,off,0,8,10,15.289,23.007,0.578,13.801,11.215,0.000,-130.41,0.9992,1.0000,1.0000,0.9984,0.9976,1.0000,1.0000
842,1,off,0,8,10,15.342,23.136,0.572,13.845,11.215,0.000,-131.22,0.9992,1.0000,1.0000,0.9984,0.9984,1.0000,1.0000
843,1,off,0,8,10,15.245,23.169,0.572,13.641,11.215,0.000,-129.74,0.9992,1.0000,1.0000,0.9984,0.9976,1.0000,1.0000
844,1,off,0,8,10,15.280,23.133,0.573,13.699,11.215,0.000,-130.27,0.9992,1.0000,1.0000,0.9984,0.9984,1.0000,1.0000
845,1,off,0,8,10,15.351,23.137,0.571,13.824,11.215,0.000,-131.36,0.9992,1.0000,1.0000,0.9984,0.9960,1.0000,1.0000
846,1,off,0,8,10,15.365,23.125,0.577,13.838,11.215,0.000,-131.56,0.9992,1.0000,1.0000,0.9984,0.9960,1.0000,1.0000
847,1,off,0,8,10,15.387,23.092,0.578,13.965,11.215,0.000,-131.90,0.9992,1.0000,1.0000,0.9984,0.9968,1.0000,1.0000
848,1,off,0,8,10,15.403,23.100,0.575,13.966,11.215,0.000,-132.15,0.9992,1.0000,1.0000,0.9984,0.9960,1.0000,1.0000
849,1,off,0,8,10,15.515,23.209,0.568,14.078,11.215,0.000,-133.88,0.9992,1.0000,1.0000,0.9984,0.9968,1.0000,1.0000
850,1,off,0,8,10,15.645,23.482,0.551,14.299,11.215,0.000,-135.92,0.9992,1.0000,1.0000,0.9984,0.9976,1.0000,1.0000
851,1,off,0,8,10,15.565,23.348,0.560,14.171,11.215,0.000,-134.66,0.9992,1.0000,1.0000,0.9984,0.9976,1.0000,1.0000
852,1,off,0,8,10,15.468,23.085,0.579,14.013,11.215,0.000,-133.17,0.9992,1.0000,1.0000,0.9984,0.9968,1.0000,1.0000
853,1,off,0,8,10,15.490,23.132,0.574,14.059,11.215,0.000,-133.50,0.9992,1.0000,1.0000,0.9984,0.9968,1.0000,1.0000
854,1,off,0,8,10,15.574,23.405,0.557,14.173,11.215,0.000,-134.81,0.9992,1.0000,1.0000,0.9984,0.9968,1.0000,1.0000
855,1,off,0,8,10,15.599,23.596,0.547,14.225,11.215,0.000,-135.19,0.9992,1.0000,1.0000,0.9984,0.9992,1.0000,1.0000
856,1,off,0,8,10,15.626,23.590,0.547,14.282,11.215,0.000,-135.62,0.9992,1.0000,1.0000,0.9984,0.9992,1.0000,1.0000
857,1,off,0,8,10,15.606,23.592,0.548,14.235,11.215,0.000,-135.31,0.9992,1.0000,1.0000,0.9984,0.9984,1.0000,1.0000
858,1,off,0,8,10,15.471,23.348,0.565,14.009,11.215,0.000,-133.20,0.9992,1.0000,1.0000,0.9984,0.9968,1.0000,1.0000
859,1,off,0,8,10,15.368,23.283,0.569,13.881,11.215,0.000,-131.61,0.9992,1.0000,1.0000,0.9984,0.9968,1.0000,1.0000
860,1,off,0,8,10,15.361,23.080,0.588,13.814,11.215,0.000,-131.50,0.9992,1.0000,1.0000,0.9984,0.9960,1.0000,1.0000
861,1,off,0,8,10,15.289,23.055,0.595,13.681,11.215,0.000,-130.40,0.9992,1.0000,1.0000,0.9984,0.9960,1.0000,1.0000
862,1,off,0,8,10,15.284,23.152,0.581,13.698,11.215,0.000,-130.33,0.9992,1.0000,1.0000,0.9984,0.9960,1.0000,1.0000
863,1,off,0,8,10,15.227,23.033,0.601,13.581,11.215,0.000,-129.46,0.9992,1.0000,1.0000,0.9984,0.9960,1.0000,1.0000
864,1,off,0,8,10,15.264,23.144,0.590,13.619,11.215,0.000,-130.02,0.9992,1.0000,1.0000,0.9984,0.9945,1.0000,1.0000
865,1,off,0,8,10,15.255,23.239,0.576,13.619,11.215,0.000,-129.89,0.9992,1.0000,1.0000,0.9984,0.9945,1.0000,1.0000
866,1,off,0,8,10,15.259,23.103,0.593,13.622,11.215,0.000,-129.95,0.9992,1.0000,1.0000,0.9984,0.9945,1.0000,1.0000
867,1,off,0,8,10,15.201,23.164,0.583,13.501,11.215,0.000,-129.07,0.9992,1.0000,1.0000,0.9984,0.9945,1.0000,1.0000
868,1,off,0,8,10,15.178,23.121,0.601,13.455,11.215,0.000,-128.72,0.9992,1.0000,1.0000,0.9984,0.9945,1.0000,1.0000
869,1,off,0,8,10,15.192,23.228,0.586,13.527,11.215,0.000,-128.93,0.9992,1.0000,1.0000,0.9984,0.9960,1.0000,1.0000
870,1,off,0,8,10,15.161,23.235,0.588,13.409,11.215,0.000,-128.46,0.9992,1.0000,1.0000,0.9984,0.9960,1.0000,1.0000
871,1,off,0,8,10,15.114,23.250,0.586,13.370,11.215,0.000,-127.74,0.9992,1.0000,1.0000,0.9984,0.9945,1.0000,1.0000
872,1,off,0,8,10,15.165,23.344,0.576,13.455,11.215,0.000,-128.52,0.9992,1.0000,1.0000,0.9984,0.9945,1.0000,1.0000
873,1,off,0,8,10,15.184,23.311,0.575,13.459,11.215,0.000,-128.81,0.9992,1.0000,1.0000,0.9984,0.9945,1.0000,1.0000
874,1,off,0,8,10,15.104,23.216,0.591,13.291,11.215,0.000,-127.59,0.9992,1.0000,1.0000,0.9984,0.9945,1.0000,1.0000
875,1,off,0,8,10,15.119,23.197,0.594,13.289,11.215,0.000,-127.82,0.9992,1.0000,1.0000,0.9984,0.9945,1.0000,1.0000
876,1,off,0,8,10,15.189,23.277,0.588,13.356,11.215,0.000,-128.89,0.9992,1.0000,1.0000,0.9984,0.9945,1.0000,1.0000
877,1,off,0,8,10,15.219,23.545,0.562,13.487,11.215,0.000,-129.34,0.9992,1.0000,1.0000,0.9984,0.9945,1.0000,1.0000
878,1,off,0,7,3,328.339,332.774,-3.273,211.458,14.939,0.000,-53918.96,1.0000,1.0000,1.0000,0.9992,0.9992,1.0000,1.0000
879,0,off,0,7,3,313.763,342.958,-2.871,199.939,14.939,0.000,-49239.50,0.9992,0.9992,0.9992,0.9992,0.9992,0.4996,0.9992
880,0,off,0,7,8,30.169,41.204,1.727,20.426,6.184,0.000,-470.95,0.9937,0.9968,0.9968,0.9976,0.8719,0.9565,0.9976
881,0,off,0,10,8,31.117,31.319,0.709,27.445,11.215,0.000,-495.31,0.9921,0.9984,0.9984,0.9929,0.6727,0.8640,0.9968
882,0,off,0,8,7,24.747,25.403,0.587,11.595,6.184,0.000,-319.74,0.9976,0.9960,0.9960,0.9945,0.5486,0.7344,0.9960
883,0,off,0,12,7,22.322,23.262,-0.354,11.196,4.449,0.005,-259.58,0.9968,0.9921,0.9921,0.9960,0.5138,0.8458,0.9945
884,0,off,0,11,7,9.897,20.193,0.068,10.468,14.226,0.000,-63.93,0.5787,0.9945,0.9945,0.9755,0.6735,0.9810,0.9937
885,0,off,0,11,7,9.504,18.630,0.076,10.070,14.226,0.000,-60.11,0.7368,0.9953,0.9953,0.9858,0.7138,0.9976,0.9953
886,0,off,0,7,12,16.899,27.056,0.787,10.080,4.449,0.005,-158.64,0.5834,0.9929,0.9937,0.9874,0.3265,0.9984,0.9929
887,0,off,0,7,12,18.233,25.419,0.854,10.201,4.449,0.005,-182.08,0.7597,0.9889,0.9913,0.9905,0.4206,0.9992,0.9921
888,0,off,0,7,12,20.280,25.547,0.932,10.872,4.449,0.005,-221.50,0.8640,0.9589,0.9818,0.9897,0.4925,0.9953,0.9913
889,0,off,0,7,8,23.099,27.075,0.206,11.635,6.184,0.000,-282.63,0.9036,0.9897,0.9889,0.9953,0.4617,0.9715,0.9905
890,0,off,0,11,7,17.759,25.243,-0.029,15.506,14.226,0.000,-172.65,0.5684,0.9937,0.9929,0.9921,0.9692,0.9083,0.9881
891,0,off,0,11,7,12.506,19.423,0.066,10.822,14.226,0.000,-93.15,0.7810,0.9913,0.9897,0.9889,0.9621,0.7209,0.9889
892,0,off,0,7,8,21.280,26.980,0.349,13.063,6.184,0.000,-242.28,0.9960,0.9336,0.9202,0.9621,0.9328,0.7012,0.9897
893,0,off,0,8,7,14.503,16.093,0.467,7.476,6.184,0.000,-118.70,0.6261,0.8941,0.8814,0.7170,0.6530,0.8253,0.9874
894,0,off,0,7,8,14.965,18.860,0.012,7.274,6.184,0.000,-127.84,0.8451,0.8585,0.8387,0.7059,0.3289,0.8917,0.9866
895,0,off,0,7,8,16.522,20.328,-0.074,7.675,6.184,0.000,-152.35,0.8364,0.8126,0.7945,0.7249,0.4395,0.9281,0.9858
896,0,off,0,7,11,17.597,18.317,0.284,10.469,14.226,0.000,-170.69,0.6482,0.8862,0.8783,0.9866,0.6490,0.8925,0.9834
897,0,off,0,11,7,17.399,23.481,-0.149,14.970,14.226,0.000,-166.31,0.5043,0.9905,0.9905,0.8696,0.6514,0.8277,0.9842
898,0,off,0,11,7,11.757,18.320,0.075,11.062,14.226,0.000,-84.06,0.8964,0.9668,0.9613,0.9913,0.7708,0.7431,0.9850
899,0,off,0,7,12,14.078,21.810,0.894,8.583,4.449,0.005,-114.94,0.6561,0.7320,0.7138,0.6957,0.1818,0.8285,0.9826
900,0,off,0,7,12,13.908,21.284,0.743,8.556,4.449,0.005,-112.58,0.5486,0.7138,0.7091,0.6458,0.2040,0.9360,0.9818
901,0,off,0,7,12,15.404,22.283,0.781,9.207,4.449,0.005,-134.49,0.6688,0.6743,0.6648,0.7004,0.3004,0.9328,0.9810
902,0,off,0,7,12,16.305,24.034,0.682,10.454,4.449,0.005,-148.78,0.7834,0.6933,0.6814,0.9842,0.4182,0.8743,0.9787
903,0,off,0,11,7,11.019,17.318,0.134,9.760,14.226,0.000,-75.65,0.5265,0.9091,0.8957,0.9700,0.9557,0.8411,0.9747
904,0,off,0,11,7,11.874,16.599,0.147,10.098,14.226,0.000,-85.45,0.5953,0.9146,0.9020,0.9771,0.9676,0.7249,0.9779
905,0,off,0,8,7,13.132,16.187,0.455,7.815,6.184,0.000,-99.75,0.7542,0.7312,0.7202,0.6530,0.7921,0.6625,0.9755
906,0,off,0,8,7,12.202,17.777,-0.002,10.510,6.184,0.000,-87.97,0.6996,0.8822,0.8711,0.9360,0.6893,0.6688,0.9715
907,0,off,0,8,7,19.590,20.329,0.234,14.874,6.184,0.000,-205.42,0.8656,0.9470,0.9415,0.8980,0.4324,0.5992,0.9660
908,0,off,0,7,8,14.289,17.878,0.116,8.005,6.184,0.000,-117.95,0.8569,0.7597,0.7518,0.8838,0.5075,0.5660,0.9534
909,0,off,0,11,7,7.326,15.364,0.070,7.384,14.226,0.000,-41.79,0.5652,0.6150,0.6087,0.6245,0.8229,0.6569,0.9130
910,0,off,0,11,7,8.362,14.391,0.064,7.727,14.226,0.000,-49.91,0.4957,0.6909,0.6735,0.5692,0.6964,0.7842,0.9296
911,0,off,0,7,6,12.440,16.887,0.066,11.812,6.398,0.000,-93.23,0.6166,0.5613,0.5542,0.5889,0.5565,0.8735,0.9407
912,0,off,0,7,12,11.581,19.305,0.835,9.038,4.449,0.005,-82.91,0.6134,0.4972,0.5099,0.4466,0.2063,0.9209,0.8854
913,0,off,0,7,12,13.021,19.717,0.916,8.986,4.449,0.005,-100.63,0.6980,0.4593,0.4711,0.6150,0.3273,0.8838,0.4466
914,0,off,0,7,12,13.797,22.642,0.735,10.231,4.449,0.005,-111.04,0.7858,0.5660,0.5636,0.9652,0.3700,0.7968,0.1502
915,0,off,0,7,11,19.168,27.457,0.029,15.009,14.226,0.000,-199.56,0.8885,0.8451,0.8458,0.9328,0.4119,0.6585,0.1826
916,0,off,0,11,7,15.086,19.133,0.049,12.270,14.226,0.000,-128.74,0.6719,0.9328,0.9273,0.8885,0.9447,0.5818,0.6095
917,0,off,0,11,7,12.148,15.084,0.165,9.794,14.226,0.000,-88.73,0.7676,0.8166,0.8040,0.9320,0.9684,0.5241,0.2364
918,0,off,0,7,8,14.516,16.611,0.385,9.059,6.184,0.000,-121.21,0.6474,0.5273,0.5186,0.6522,0.7818,0.5589,0.2427
919,0,off,0,7,8,11.945,12.490,0.407,7.700,6.184,0.000,-87.18,0.4980,0.4719,0.4719,0.5012,0.6174,0.6538,0.2443
920,0,off,0,7,12,13.000,18.407,0.973,10.065,4.449,0.005,-100.35,0.8395,0.4403,0.4451,0.5154,0.3976,0.7059,0.2585
921,0,off,0,7,12,13.738,18.876,1.054,10.035,4.449,0.005,-110.22,0.8957,0.4174,0.4261,0.4514,0.3605,0.7067,0.2798
922,0,off,0,11,7,12.761,17.738,0.013,10.685,14.226,0.000,-96.37,0.7905,0.7984,0.8119,0.8561,0.7154,0.6593,0.3051
923,0,off,0,11,7,14.536,18.666,-0.043,11.954,14.226,0.000,-120.60,0.6198,0.8743,0.8791,0.7557,0.6316,0.5510,0.3312
924,0,off,0,7,6,12.882,18.035,-0.061,11.764,6.398,0.000,-98.83,0.6411,0.4964,0.4901,0.7945,0.4348,0.5123,0.3407
925,0,off,0,7,12,12.408,18.162,0.972,9.982,4.449,0.005,-92.84,0.8174,0.4055,0.4142,0.3755,0.1423,0.5668,0.3344
926,0,off,0,7,12,12.778,17.934,1.009,9.848,4.449,0.005,-97.49,0.8150,0.4063,0.4134,0.3787,0.1652,0.5771,0.3360
927,0,off,0,7,12,14.607,24.560,0.484,13.610,4.449,0.005,-122.54,0.8664,0.6324,0.6419,0.7984,0.2901,0.5296,0.3494
928,0,off,0,7,11,18.198,24.870,0.209,14.317,14.226,0.000,-181.44,0.6941,0.8791,0.8893,0.7874,0.6711,0.4830,0.3700
929,1,off,0,7,14,14.132,16.628,0.466,10.167,13.219,0.000,-115.71,0.6387,0.8229,0.8126,0.8237,0.6625,0.4735,0.4047
930,1,off,0,10,14,9.811,10.787,0.495,7.325,7.270,0.000,-59.30,0.4174,0.7186,0.6664,0.6403,0.9352,0.4941,0.4719
931,0,off,0,10,14,9.460,12.604,0.062,7.983,7.270,0.000,-55.91,0.5937,0.6798,0.6538,0.4806,0.8395,0.4957,0.5636
932,1,off,0,8,7,10.146,16.335,0.226,8.862,6.184,0.000,-65.00,0.6711,0.7225,0.7344,0.8427,0.8458,0.4909,0.5549
933,1,off,0,8,7,15.212,22.009,0.551,12.237,6.184,0.000,-129.23,0.6055,0.8672,0.8838,0.8111,0.5763,0.5360,0.5020
934,1,off,0,8,7,24.225,25.507,0.985,14.404,6.184,0.000,-306.95,0.6696,0.9209,0.9352,0.7043,0.3059,0.6561,0.4664
935,1,off,0,8,7,25.018,26.665,0.952,14.957,6.184,0.000,-326.47,0.7731,0.9178,0.9336,0.7043,0.3273,0.6909,0.4435
936,1,off,0,14,8,16.887,20.267,0.443,13.550,18.574,0.000,-156.87,0.5368,0.8545,0.8664,0.9937,0.8743,0.6253,0.4332
937,1,off,0,11,7,10.002,16.067,0.028,9.153,14.226,0.000,-64.97,0.6269,0.9249,0.9328,0.9921,0.9423,0.6530,0.8664
938,0,off,0,11,7,11.099,15.289,0.094,9.264,14.226,0.000,-76.54,0.6751,0.8261,0.8206,0.9747,0.8000,0.6000,0.9439
939,0,off,0,7,12,12.466,15.245,1.126,8.790,4.449,0.005,-93.56,0.7573,0.4126,0.4166,0.4142,0.1850,0.5881,0.9415
940,0,off,0,7,12,12.596,14.460,1.084,9.015,4.449,0.005,-95.19,0.8308,0.4150,0.4198,0.3802,0.1897,0.6253,0.9383
941,0,off,0,7,12,14.133,20.094,0.591,12.779,4.449,0.005,-115.72,0.9075,0.6545,0.6545,0.7905,0.2909,0.6111,0.9360
942,0,off,0,7,14,14.446,25.187,0.064,10.635,13.219,0.000,-120.20,0.8103,0.8119,0.8134,0.7700,0.6846,0.5636,0.9059
943,0,off,0,11,7,13.019,15.574,0.162,9.851,14.226,0.000,-99.70,0.7462,0.8174,0.7992,0.8814,0.9723,0.5779,0.4198
944,0,off,0,11,7,10.045,14.651,0.128,8.635,14.226,0.000,-65.40,0.7470,0.6806,0.6474,0.5652,0.9660,0.5447,0.4316
945,0,off,0,7,0,13.158,19.708,0.088,8.607,14.092,0.000,-102.42,0.6632,0.4158,0.4245,0.5502,0.6664,0.5794,0.4229
946,0,off,0,7,12,13.306,17.505,0.903,10.120,4.449,0.005,-104.38,0.7028,0.4395,0.4356,0.3945,0.4933,0.6862,0.4063
947,0,valley,1,14,13,10.695,13.401,0.999,5.737,10.829,0.000,-71.47,0.4759,0.5415,0.5059,0.4111,0.7099,0.6901,0.4300
948,0,off,0,14,7,11.383,15.881,0.277,9.016,13.219,0.000,-79.06,0.4474,0.6482,0.6237,0.4561,0.8348,0.6964,0.5186
949,0,valley,1,10,14,9.545,14.779,0.079,6.682,7.270,0.000,-56.72,0.6387,0.6751,0.6696,0.4988,0.8016,0.6885,0.5083
950,0,off,0,8,7,9.897,16.546,-0.099,8.830,6.184,0.000,-62.51,0.6743,0.8332,0.8348,0.8830,0.7992,0.6237,0.4142
951,0,off,0,8,7,21.691,22.094,-0.578,17.349,6.184,0.000,-248.78,0.7455,0.9375,0.9360,0.8435,0.6632,0.5178,0.8506
952,0,off,0,7,8,18.061,19.413,0.655,13.719,6.184,0.000,-178.96,0.8340,0.8996,0.8941,0.7929,0.4150,0.4838,0.4190
953,0,off,0,7,12,13.242,17.989,0.985,9.380,4.449,0.005,-103.52,0.9399,0.6158,0.6063,0.9115,0.4870,0.5075,0.3146
954,0,off,0,11,7,8.706,14.871,0.082,7.794,14.226,0.000,-52.84,0.6016,0.5652,0.5368,0.4640,0.5241,0.6632,0.3194
955,0,off,0,11,7,8.523,13.915,0.090,7.524,14.226,0.000,-51.27,0.5352,0.5960,0.5850,0.5115,0.5621,0.7810,0.3281
956,0,off,0,7,12,11.030,17.578,1.051,8.522,4.449,0.005,-76.68,0.5241,0.4324,0.4498,0.5178,0.2830,0.8427,0.3241
957,0,off,0,7,12,11.005,17.842,0.853,8.748,4.449,0.005,-76.41,0.6158,0.4372,0.4506,0.4016,0.1352,0.8980,0.3091
958,0,off,0,7,12,11.499,16.187,0.937,8.350,4.449,0.005,-81.97,0.6640,0.4237,0.4324,0.4269,0.1644,0.8791,0.3004
959,0,off,0,7,12,13.423,16.961,1.022,8.934,4.449,0.005,-105.95,0.8000,0.4134,0.4206,0.5083,0.2308,0.8119,0.2933
960,0,off,0,11,7,10.687,14.792,0.165,8.113,14.226,0.000,-72.06,0.6530,0.5771,0.5518,0.8166,0.9462,0.7676,0.2957
961,0,off,0,11,7,10.621,14.498,0.171,8.658,14.226,0.000,-71.35,0.6806,0.7067,0.6798,0.7826,0.9573,0.6743,0.3170
962,0,off,0,8,10,13.427,15.679,0.191,12.808,11.215,0.000,-103.67,0.7881,0.6490,0.6340,0.9012,0.9360,0.6055,0.3202
963,0,off,0,7,8,18.155,22.686,0.999,11.664,6.184,0.000,-180.65,0.6348,0.8561,0.8490,0.8964,0.9059,0.5905,0.3020
964,0,off,0,7,11,21.467,21.783,0.347,16.647,14.226,0.000,-246.27,0.6000,0.9652,0.9534,0.7415,0.7850,0.5099,0.7731
965,0,off,0,7,14,17.916,20.693,0.685,9.786,13.219,0.000,-176.34,0.4545,0.9012,0.8719,0.8198,0.9012,0.5154,0.8577
966,0,off,0,14,7,14.449,16.609,0.501,9.031,13.219,0.000,-118.66,0.5217,0.6664,0.6348,0.8277,0.7787,0.5083,0.5557
967,0,off,0,8,7,14.154,14.745,0.502,8.037,6.184,0.000,-113.69,0.7107,0.5383,0.5217,0.6063,0.7953,0.4949,0.3652
968,0,off,0,7,8,12.215,13.249,0.433,7.024,6.184,0.000,-90.46,0.5534,0.4688,0.4680,0.5478,0.7107,0.5368,0.3225
969,0,off,0,7,12,11.430,14.914,1.047,7.523,4.449,0.005,-81.17,0.7241,0.4364,0.4379,0.4277,0.3360,0.6364,0.2972
970,0,off,0,7,12,11.784,16.190,0.876,8.341,4.449,0.005,-85.29,0.6253,0.4213,0.4292,0.3818,0.2316,0.7494,0.2846
971,0,off,0,11,7,8.495,14.475,0.102,7.269,14.226,0.000,-51.03,0.5162,0.5130,0.5036,0.4206,0.5850,0.8024,0.2751
972,0,off,0,11,7,8.656,14.115,0.100,7.248,14.226,0.000,-52.41,0.4522,0.5589,0.5296,0.3747,0.4379,0.7328,0.2767
973,0,off,0,7,6,12.349,16.350,0.202,11.583,6.398,0.000,-92.11,0.5028,0.4300,0.4277,0.4964,0.5913,0.6988,0.2743
974,0,off,0,7,12,13.510,21.453,0.642,10.996,4.449,0.005,-107.11,0.7763,0.5233,0.5146,0.8324,0.2656,0.7225,0.2451
975,0,off,0,7,11,20.116,27.462,0.049,15.282,14.226,0.000,-218.19,0.8783,0.8316,0.8308,0.8854,0.2245,0.6435,0.2292
976,0,off,0,7,11,23.017,27.913,0.114,17.830,14.226,0.000,-280.74,0.8166,0.9154,0.9138,0.7146,0.1771,0.5186,0.8292
977,0,off,0,7,11,22.571,27.441,0.144,17.769,14.226,0.000,-270.58,0.7423,0.9138,0.9115,0.7107,0.1842,0.4625,0.5897
978,0,off,0,7,14,15.359,20.990,0.379,11.177,13.219,0.000,-133.81,0.5708,0.8427,0.8277,0.8087,0.6300,0.4933,0.2522
979,0,off,0,14,6,10.349,16.221,1.019,7.368,7.246,0.000,-67.83,0.4427,0.7360,0.6791,0.8292,0.8047,0.5960,0.3763
980,0,valley,1,10,14,7.816,10.250,0.032,6.745,7.270,0.000,-41.72,0.4435,0.7162,0.6846,0.4008,0.7043,0.6348,0.3447
981,0,off,0,8,10,13.536,14.534,0.496,12.961,11.215,0.000,-105.14,0.6419,0.6735,0.6672,0.6435,0.8964,0.6150,0.3557
982,0,off,0,7,8,10.813,16.764,0.536,7.890,6.184,0.000,-74.31,0.6024,0.5708,0.5652,0.6885,0.6870,0.6767,0.3257
983,0,off,0,7,12,8.673,14.530,1.039,7.115,4.449,0.005,-53.46,0.6269,0.5217,0.5225,0.6680,0.4664,0.8356,0.6403
984,0,off,0,7,12,8.837,16.350,0.780,7.414,4.449,0.005,-54.91,0.5518,0.5186,0.5257,0.4735,0.2727,0.9336,0.9194
985,0,off,0,7,12,9.333,16.062,0.728,7.793,4.449,0.005,-59.41,0.4838,0.4901,0.4949,0.4387,0.2095,0.9573,0.8838
986,0,off,0,11,7,9.221,12.891,0.118,7.097,14.226,0.000,-57.46,0.3470,0.6530,0.6530,0.4395,0.4735,0.9708,0.3368
987,0,off,0,11,7,9.009,12.900,0.114,7.013,14.226,0.000,-55.53,0.3534,0.6498,0.6451,0.4419,0.4877,0.9510,0.3154
988,0,off,0,7,12,9.765,15.909,0.811,7.327,4.449,0.005,-63.53,0.4680,0.4522,0.4545,0.4379,0.2079,0.9241,0.3036
989,0,off,0,7,12,12.076,16.031,0.893,7.582,4.449,0.005,-88.77,0.5700,0.4332,0.4340,0.5826,0.2300,0.9067,0.2711
990,0,off,0,7,12,14.144,19.509,0.715,9.943,4.449,0.005,-115.88,0.7581,0.5344,0.5178,0.9470,0.2704,0.7897,0.2538
991,0,off,0,7,11,19.114,27.355,0.030,14.404,14.226,0.000,-198.54,0.8079,0.8324,0.8300,0.9107,0.2846,0.6514,0.2553
992,0,off,0,7,11,19.191,23.253,0.225,13.821,14.226,0.000,-200.00,0.5399,0.9028,0.8964,0.8340,0.6261,0.5644,0.8909
993,0,off,0,14,7,15.604,17.156,0.269,10.468,13.219,0.000,-136.02,0.4332,0.8253,0.7976,0.7913,0.6119,0.5336,0.9249
994,0,valley,1,10,14,7.611,9.842,0.077,6.548,7.270,0.000,-40.13,0.3850,0.7581,0.7186,0.4506,0.8055,0.5281,0.9178
995,0,off,0,10,8,7.780,14.921,-0.222,7.113,11.215,0.000,-41.44,0.5676,0.7217,0.6996,0.5755,0.8601,0.4972,0.8783
996,0,off,0,8,7,10.404,16.485,-0.242,8.605,6.184,0.000,-67.65,0.5605,0.8095,0.8103,0.8174,0.6798,0.4917,0.3771
997,0,off,0,8,7,11.157,14.444,-0.052,8.663,6.184,0.000,-75.77,0.5383,0.8008,0.7929,0.7668,0.5866,0.5059,0.3186
998,0,off,0,7,12,12.024,15.386,0.948,7.250,4.449,0.005,-88.14,0.6933,0.5154,0.4933,0.8237,0.3905,0.5383,0.3059
999,0,off,0,7,12,11.831,15.083,1.001,7.155,4.449,0.005,-85.85,0.5542,0.4245,0.4308,0.4182,0.2466,0.6474,0.2964
1000,0,off,0,11,7,8.862,14.592,0.075,7.342,14.226,0.000,-54.22,0.4032,0.5913,0.5589,0.4324,0.5296,0.7913,0.2988
1001,0,valley,1,11,7,8.399,13.834,0.078,6.824,14.226,0.000,-50.22,0.3921,0.6032,0.5692,0.3810,0.4704,0.8040,0.3123
1002,0,off,0,7,12,11.564,18.703,0.812,7.781,4.449,0.005,-82.72,0.5296,0.4269,0.4300,0.3913,0.3028,0.7984,0.3028
1003,0,off,0,7,12,12.828,15.997,0.863,8.120,4.449,0.005,-98.13,0.6300,0.4190,0.4237,0.4569,0.1549,0.8190,0.2696
1004,0,off,0,7,12,15.723,23.513,0.450,13.126,4.449,0.005,-139.47,0.7660,0.6617,0.6553,0.8411,0.1960,0.7668,0.2601
1005,0,off,0,7,11,21.989,28.139,0.090,17.155,14.226,0.000,-257.61,0.8237,0.8949,0.9012,0.8040,0.2348,0.6427,0.3779
1006,0,off,0,7,11,21.212,24.588,0.264,15.794,14.226,0.000,-240.83,0.6466,0.9257,0.9241,0.8364,0.5723,0.5399,0.7178
1007,1,off,0,7,14,16.805,20.811,0.620,11.268,13.219,0.000,-157.06,0.4206,0.8530,0.8379,0.9636,0.8245,0.5178,0.3368
1008,1,beyond,0,10,14,7.395,9.689,-0.024,6.005,7.270,0.000,-38.51,0.3937,0.7518,0.7209,0.6727,0.8443,0.5937,0.7478
1009,1,off,0,8,10,12.215,14.562,0.708,9.195,11.215,0.000,-88.13,0.4617,0.6530,0.6466,0.7043,0.9170,0.5921,0.8174
1010,0,valley,1,8,7,10.711,10.807,0.490,5.899,6.184,0.000,-70.85,0.3905,0.5004,0.4917,0.6688,0.6854,0.5897,0.3518
1011,0,off,0,7,12,11.100,13.005,1.030,7.178,4.449,0.005,-77.46,0.6783,0.4466,0.4490,0.4316,0.3209,0.6822,0.3636
1012,0,off,0,7,12,11.182,13.057,0.864,8.128,4.449,0.005,-78.38,0.5526,0.4435,0.4458,0.4482,0.4822,0.7874,0.3692
1013,0,off,0,7,6,11.796,13.007,1.027,8.967,6.398,0.000,-85.43,0.3439,0.4996,0.4743,0.4245,0.5779,0.8466,0.3905
1014,0,valley,1,14,6,7.369,10.175,0.956,4.863,7.246,0.000,-41.43,0.3787,0.6522,0.6206,0.6261,0.8680,0.8553,0.5004
1015,0,off,0,10,14,10.484,10.685,0.162,7.955,7.270,0.000,-66.12,0.3652,0.6893,0.6711,0.5257,0.7621,0.8561,0.4909
1016,0,off,0,8,10,10.606,15.499,0.633,7.809,11.215,0.000,-69.77,0.4095,0.6079,0.6111,0.5818,0.9146,0.8213,0.4435
1017,0,off,0,8,7,9.659,14.416,-0.069,7.807,6.184,0.000,-60.17,0.4411,0.7494,0.7549,0.8253,0.5834,0.7447,0.3708
1018,0,off,0,7,8,18.821,19.376,0.804,14.335,6.184,0.000,-192.97,0.7439,0.8972,0.8972,0.8047,0.3889,0.6308,0.3320
1019,0,off,0,7,8,19.185,20.687,0.744,14.712,6.184,0.000,-199.90,0.5613,0.9020,0.8980,0.7897,0.3217,0.5597,0.3138
1020,0,off,0,7,11,12.833,17.539,0.327,7.960,14.226,0.000,-98.20,0.5976,0.6411,0.6277,0.8791,0.5613,0.5439,0.3115
1021,0,valley,1,11,7,7.283,14.733,0.039,6.604,14.226,0.000,-41.47,0.4561,0.5787,0.5328,0.4451,0.5375,0.6332,0.3296
1022,0,off,0,11,7,8.800,13.458,0.228,7.420,14.226,0.000,-53.67,0.4743,0.6047,0.5684,0.6988,0.6759,0.7557,0.3415
1023,0,valley,1,7,12,10.072,15.628,0.800,6.778,4.449,0.005,-66.58,0.4379,0.4387,0.4364,0.4055,0.1731,0.8332,0.3589
1024,0,off,0,7,12,12.137,15.493,0.756,7.723,4.449,0.005,-89.51,0.4830,0.4340,0.4332,0.4174,0.1320,0.8625,0.3913
1025,0,off,0,7,12,12.856,14.103,0.863,7.335,4.449,0.005,-98.49,0.4996,0.4277,0.4269,0.4332,0.2024,0.8174,0.4032
1026,0,off,0,7,12,14.011,16.012,0.786,8.387,4.449,0.005,-114.02,0.5850,0.4506,0.4419,0.8356,0.3020,0.7383,0.3731
1027,0,off,0,14,7,14.349,15.211,0.576,9.469,13.219,0.000,-117.22,0.4292,0.6514,0.6221,0.7747,0.6585,0.6941,0.3549
1028,0,off,0,14,7,10.931,16.436,0.231,9.172,13.219,0.000,-74.01,0.3692,0.7850,0.7470,0.8142,0.7715,0.6617,0.3842
1029,0,valley,1,10,14,8.250,9.712,0.163,6.949,7.270,0.000,-45.20,0.3700,0.7423,0.7075,0.4601,0.7826,0.5850,0.3945
1030,0,valley,1,8,10,9.198,11.462,0.517,6.665,11.215,0.000,-55.83,0.5510,0.7146,0.7123,0.8877,0.8798,0.5352,0.6806
1031,0,off,0,8,7,14.645,19.415,-0.443,11.711,6.184,0.000,-120.77,0.5146,0.8688,0.8648,0.8466,0.6443,0.5170,0.9494
1032,0,off,0,7,8,24.071,25.116,1.291,19.240,6.184,0.000,-305.57,0.7613,0.9549,0.9526,0.7360,0.4190,0.4846,0.9613
1033,0,off,0,7,8,21.154,22.320,0.825,16.086,6.184,0.000,-239.59,0.6213,0.9415,0.9375,0.7352,0.3652,0.4632,0.9217
1034,0,off,0,7,12,13.975,21.450,0.645,11.323,4.449,0.005,-113.51,0.9051,0.7652,0.7573,0.9170,0.3557,0.4909,0.3162
1035,0,valley,1,11,7,7.266,15.143,0.051,6.848,14.226,0.000,-41.35,0.4854,0.6300,0.5953,0.9091,0.5462,0.6119,0.3470
1036,0,valley,1,11,7,7.364,14.374,0.066,6.778,14.226,0.000,-42.06,0.5328,0.6292,0.6095,0.6427,0.5542,0.7470,0.3660
1037,0,beyond,0,7,12,11.191,14.642,1.020,6.753,4.449,0.005,-78.48,0.5194,0.4609,0.4632,0.6119,0.2514,0.8545,0.4095
1038,0,off,0,7,12,10.175,14.936,0.693,7.132,4.449,0.005,-67.62,0.4340,0.4704,0.4696,0.4134,0.1099,0.9296,0.4119
1039,0,off,0,7,12,11.101,15.266,0.753,7.222,4.449,0.005,-77.47,0.4625,0.4601,0.4553,0.4553,0.1660,0.9059,0.4348
1040,0,off,0,7,12,11.363,15.652,0.833,7.286,4.449,0.005,-80.41,0.5257,0.4427,0.4387,0.4933,0.2221,0.8451,0.3858
1041,0,off,0,7,6,13.643,15.109,0.707,11.178,6.398,0.000,-108.92,0.4174,0.4877,0.4648,0.6206,0.6498,0.7850,0.3581
1042,0,valley,1,14,6,10.095,16.207,0.970,6.895,7.246,0.000,-65.23,0.3929,0.6451,0.6055,0.5099,0.7534,0.7320,0.3889
1043,0,valley,1,10,14,8.227,8.712,0.186,6.170,7.270,0.000,-45.01,0.3478,0.7636,0.7304,0.4063,0.7605,0.6838,0.4055
1044,0,off,0,10,14,7.854,14.597,-0.029,7.023,7.270,0.000,-42.01,0.4261,0.7352,0.7217,0.5960,0.7874,0.6522,0.4119
1045,0,off,0,8,7,9.806,16.642,-0.250,8.190,6.184,0.000,-61.61,0.4451,0.8213,0.8198,0.8767,0.6680,0.6261,0.4213
1046,0,off,0,8,7,19.348,21.203,-0.496,15.272,6.184,0.000,-200.71,0.4822,0.9352,0.9344,0.8490,0.5747,0.5486,0.9431
1047,0,off,0,8,7,22.267,22.306,0.069,16.551,6.184,0.000,-261.40,0.6190,0.9526,0.9510,0.7431,0.4403,0.4751,0.9502
1048,0,off,0,7,8,18.194,21.226,0.564,12.887,6.184,0.000,-181.37,0.6957,0.8964,0.8949,0.8372,0.3897,0.4640,0.4482
1049,0,off,0,11,7,8.447,16.740,-0.019,7.813,14.226,0.000,-50.63,0.6103,0.7834,0.7668,0.9739,0.8032,0.5209,0.4008
1050,0,valley,1,11,7,7.205,14.962,0.048,6.986,14.226,0.000,-40.90,0.6775,0.6285,0.6071,0.6585,0.5731,0.6696,0.3953
1051,0,off,0,7,12,12.046,15.106,1.001,8.244,4.449,0.005,-88.41,0.7178,0.5241,0.5115,0.6877,0.5470,0.8221,0.5202
1052,0,off,0,7,12,9.112,16.662,0.710,7.380,4.449,0.005,-57.37,0.4324,0.4988,0.4941,0.4221,0.1336,0.8988,0.5692
1053,0,off,0,7,12,9.742,15.668,0.703,7.312,4.449,0.005,-63.30,0.4609,0.4862,0.4822,0.4166,0.1209,0.9233,0.4221
1054,0,off,0,7,12,10.461,15.568,0.776,7.074,4.449,0.005,-70.57,0.4711,0.4625,0.4625,0.4308,0.1526,0.9036,0.4285
1055,0,off,0,7,6,12.958,16.893,0.595,11.081,6.398,0.000,-99.81,0.4253,0.4545,0.4522,0.5842,0.6079,0.8474,0.4458
1056,0,off,0,14,7,13.749,14.171,0.436,8.555,13.219,0.000,-108.79,0.4008,0.6024,0.5581,0.5344,0.6364,0.8063,0.4016
1057,0,valley,1,10,14,8.478,9.552,0.555,6.803,7.270,0.000,-47.11,0.3636,0.7731,0.7383,0.6372,0.9178,0.7534,0.5565
1058,0,valley,1,10,14,7.744,11.118,0.033,6.691,7.270,0.000,-41.16,0.4016,0.7502,0.7439,0.4696,0.7036,0.7415,0.4656
1059,0,off,0,8,10,9.702,15.824,0.286,7.856,11.215,0.000,-60.60,0.4672,0.7842,0.7889,0.9146,0.8648,0.7004,0.4498
1060,0,off,0,8,7,16.292,19.261,-0.423,12.992,6.184,0.000,-146.25,0.4877,0.9075,0.9028,0.8751,0.6292,0.6166,0.6585
1061,0,off,0,7,8,22.451,23.285,0.996,17.418,6.184,0.000,-267.87,0.7036,0.9510,0.9470,0.7344,0.3621,0.5265,0.9083
1062,0,off,0,7,8,18.757,19.903,0.637,14.039,6.184,0.000,-191.77,0.6292,0.9162,0.9075,0.8103,0.3747,0.4901,0.4269
1063,0,off,0,7,12,12.556,15.892,0.798,9.710,4.449,0.005,-94.68,0.6553,0.6640,0.6522,0.9668,0.6111,0.5146,0.4522
1064,0,valley,1,11,7,7.297,14.624,0.048,6.818,14.226,0.000,-41.57,0.6538,0.6253,0.5968,0.6324,0.6451,0.6292,0.4751
1065,0,off,0,11,7,8.908,14.107,0.185,7.870,14.226,0.000,-54.63,0.5415,0.6609,0.6466,0.7296,0.7368,0.7976,0.4964
1066,0,off,0,7,12,10.055,16.683,0.794,7.444,4.449,0.005,-66.41,0.4498,0.4870,0.4838,0.4909,0.1968,0.8909,0.5383
1067,0,off,0,7,12,10.447,16.161,0.730,7.651,4.449,0.005,-70.43,0.4696,0.4751,0.4751,0.4443,0.1368,0.9170,0.4885
1068,0,off,0,7,12,11.296,15.511,0.835,7.535,4.449,0.005,-79.66,0.5273,0.4561,0.4569,0.4150,0.1470,0.8870,0.4111
1069,0,off,0,7,12,11.892,16.627,0.868,7.897,4.449,0.005,-86.57,0.6071,0.4474,0.4443,0.5549,0.2474,0.8403,0.4261
1070,0,off,0,7,6,13.849,15.009,0.886,11.102,6.398,0.000,-111.76,0.4443,0.5399,0.5083,0.5352,0.6277,0.8134,0.4253
1071,0,off,0,14,7,11.549,15.851,0.229,8.932,13.219,0.000,-80.97,0.4079,0.7051,0.6640,0.4743,0.7375,0.7771,0.3921
1072,0,valley,1,10,14,7.904,8.727,0.134,6.228,7.270,0.000,-42.41,0.3897,0.7684,0.7494,0.4577,0.7470,0.6917,0.4561
1073,0,beyond,0,10,8,8.577,14.532,-0.201,6.979,11.215,0.000,-47.96,0.4917,0.7368,0.7344,0.6142,0.8166,0.6791,0.4672
1074,0,off,0,8,7,12.941,18.437,-0.350,10.563,6.184,0.000,-97.27,0.5905,0.8617,0.8601,0.9352,0.6656,0.6182,0.9051
1075,0,off,0,8,7,23.470,23.721,-0.635,18.248,6.184,0.000,-288.95,0.6040,0.9534,0.9518,0.8419,0.5605,0.5162,0.9621
1076,0,off,0,7,8,22.398,22.948,0.899,16.951,6.184,0.000,-266.69,0.6443,0.9478,0.9439,0.7320,0.3771,0.4696,0.9549
1077,0,off,0,7,8,17.261,22.156,0.382,11.752,6.184,0.000,-164.82,0.8269,0.8640,0.8593,0.8727,0.3613,0.4672,0.3897
1078,0,off,0,11,7,9.226,16.245,0.026,8.201,14.226,0.000,-57.50,0.7043,0.7794,0.7605,0.9257,0.6672,0.5534,0.4419
1079,0,off,0,11,7,8.470,14.795,0.105,7.735,14.226,0.000,-50.82,0.7684,0.6229,0.6079,0.6854,0.5636,0.6711,0.5455
1080,0,off,0,7,12,10.939,16.586,1.116,7.905,4.449,0.005,-75.68,0.6174,0.4680,0.4767,0.6759,0.2166,0.7929,0.6308
1081,0,off,0,7,12,9.401,16.584,0.729,7.830,4.449,0.005,-60.04,0.4704,0.4941,0.4957,0.4040,0.1020,0.9107,0.6506
1082,0,off,0,7,12,10.127,16.107,0.747,7.832,4.449,0.005,-67.13,0.4933,0.4798,0.4814,0.4364,0.1447,0.9249,0.5352
1083,0,off,0,7,12,11.117,16.728,0.790,8.297,4.449,0.005,-77.65,0.5597,0.4553,0.4577,0.4498,0.1494,0.8877,0.4206
1084,0,off,0,7,6,13.215,14.902,0.692,10.654,6.398,0.000,-103.17,0.4530,0.4735,0.4688,0.5984,0.6553,0.8672,0.3850
1085,0,off,0,14,6,13.489,14.533,0.925,8.082,7.246,0.000,-105.26,0.4285,0.6245,0.5960,0.5281,0.6743,0.8443,0.4032
1086,0,off,0,10,14,9.624,10.970,0.366,8.488,7.270,0.000,-57.48,0.3802,0.7818,0.7557,0.5241,0.8316,0.7881,0.4569
1087,0,valley,1,10,14,7.949,12.021,0.124,6.568,7.270,0.000,-42.76,0.4395,0.7447,0.7391,0.4719,0.6957,0.7312,0.5178
1088,0,off,0,8,7,9.369,15.523,-0.160,7.954,6.184,0.000,-57.42,0.5130,0.7992,0.8079,0.8522,0.6988,0.7043,0.4775
1089,0,off,0,8,7,17.746,19.577,-0.456,14.079,6.184,0.000,-171.00,0.5755,0.9178,0.9154,0.8704,0.6387,0.6411,0.5328
1090,0,off,0,7,8,21.760,22.935,0.954,17.144,6.184,0.000,-252.59,0.7296,0.9439,0.9399,0.7289,0.3526,0.5462,0.7557
1091,0,off,0,7,8,15.811,19.952,0.396,11.014,6.184,0.000,-140.85,0.7225,0.8340,0.8253,0.8150,0.3708,0.5194,0.3747
1092,0,off,0,7,12,12.113,13.275,1.116,7.726,4.449,0.005,-89.22,0.6498,0.5067,0.4925,0.9581,0.6000,0.5834,0.3874
1093,0,off,0,11,7,8.633,14.481,0.026,7.331,14.226,0.000,-52.21,0.5360,0.6063,0.5802,0.4680,0.5146,0.7217,0.4245
1094,0,off,0,11,7,9.965,13.268,0.226,8.005,14.226,0.000,-64.60,0.5842,0.6379,0.6285,0.7043,0.7170,0.8237,0.4490
1095,0,off,0,7,12,11.034,17.676,0.850,8.334,4.449,0.005,-76.73,0.5115,0.4585,0.4672,0.4783,0.2553,0.8680,0.4395
1096,0,off,0,7,12,11.888,17.210,0.810,8.603,4.449,0.005,-86.52,0.5739,0.4530,0.4585,0.4957,0.2126,0.8949,0.4838
1097,0,off,0,7,12,12.931,16.463,0.906,8.482,4.449,0.005,-99.46,0.6364,0.4379,0.4411,0.5542,0.2854,0.8506,0.4862
1098,0,off,0,7,12,14.137,16.392,0.947,8.596,4.449,0.005,-115.78,0.6964,0.4261,0.4316,0.5320,0.2877,0.7700,0.4846
1099,0,off,0,7,14,15.439,15.469,0.437,9.434,13.219,0.000,-133.63,0.5557,0.5502,0.5241,0.7968,0.7281,0.7581,0.4443
1100,0,off,0,14,7,10.838,16.436,0.169,8.937,13.219,0.000,-73.01,0.4316,0.7336,0.6885,0.7660,0.8158,0.7407,0.4427
1101,0,valley,1,10,14,8.060,9.853,0.056,6.532,7.270,0.000,-43.65,0.4221,0.7700,0.7478,0.4727,0.7881,0.6609,0.5091
1102,0,off,0,8,10,8.328,16.188,0.059,8.186,11.215,0.000,-48.21,0.5375,0.7747,0.7723,0.8719,0.8696,0.6063,0.8126
1103,0,off,0,8,7,14.341,19.034,-0.403,11.824,6.184,0.000,-116.36,0.6206,0.8885,0.8933,0.8601,0.6221,0.5502,0.9628
1104,0,off,0,7,8,24.255,24.777,1.224,18.951,6.184,0.000,-310.02,0.8443,0.9684,0.9605,0.7510,0.4648,0.4735,0.9708
1105,0,off,0,7,8,21.649,22.492,0.818,16.249,6.184,0.000,-250.19,0.6791,0.9486,0.9462,0.7462,0.4372,0.4466,0.9605
1106,0,off,0,7,12,15.706,23.597,0.564,14.085,4.449,0.005,-139.19,0.9289,0.8474,0.8411,0.9431,0.4285,0.4617,0.4411
1107,0,off,0,11,7,8.973,15.793,0.044,8.011,14.226,0.000,-55.21,0.6767,0.7296,0.7083,0.9597,0.6379,0.5739,0.4664
1108,0,off,0,11,7,8.628,14.884,0.098,8.004,14.226,0.000,-52.17,0.7731,0.6119,0.6000,0.6980,0.5399,0.7138,0.4957
1109,0,off,0,7,12,10.830,16.572,1.087,8.139,4.449,0.005,-74.50,0.5423,0.4632,0.4783,0.6490,0.2292,0.8395,0.4933
1110,0,off,0,7,12,9.637,17.556,0.692,8.669,4.449,0.005,-62.29,0.4688,0.4822,0.4909,0.4522,0.0996,0.9194,0.4806
1111,0,off,0,7,12,9.703,16.970,0.729,8.241,4.449,0.005,-62.93,0.5051,0.4656,0.4791,0.4688,0.1486,0.9146,0.4514
1112,0,off,0,7,12,11.072,16.835,0.836,8.389,4.449,0.005,-77.16,0.5921,0.4498,0.4561,0.5209,0.2032,0.8798,0.4617
1113,0,off,0,11,7,11.832,13.227,0.260,8.205,14.226,0.000,-84.95,0.6277,0.5794,0.5700,0.6909,0.9526,0.8530,0.4759
1114,0,off,0,11,7,12.125,13.123,0.220,8.728,14.226,0.000,-88.45,0.5668,0.7170,0.7004,0.5945,0.9549,0.8229,0.5020
1115,0,off,0,8,7,14.010,15.050,0.555,7.854,6.184,0.000,-111.68,0.6221,0.6308,0.6229,0.6553,0.9455,0.7747,0.4996
1116,0,off,0,7,6,12.979,18.275,0.508,12.836,6.398,0.000,-100.08,0.5107,0.6553,0.6601,0.8862,0.8688,0.7542,0.4696
1117,0,off,0,7,11,15.486,20.633,0.254,12.974,14.226,0.000,-135.77,0.4348,0.8988,0.8877,0.8008,0.9225,0.7281,0.4901
1118,0,off,0,7,14,16.306,18.422,0.706,8.551,13.219,0.000,-148.80,0.3984,0.8917,0.8743,0.9083,0.9036,0.6957,0.5668
1119,0,off,0,10,14,10.817,13.097,0.124,8.463,7.270,0.000,-69.67,0.5186,0.6838,0.6625,0.6126,0.7581,0.6648,0.6292
1120,0,off,0,8,7,10.910,16.481,-0.078,8.607,6.184,0.000,-73.04,0.4862,0.7953,0.8000,0.8158,0.7067,0.6032,0.5905
1121,0,off,0,8,7,13.067,15.583,-0.168,10.617,6.184,0.000,-98.90,0.4735,0.8538,0.8466,0.7628,0.5447,0.5605,0.5644
1122,0,valley,1,7,8,11.784,16.133,0.091,6.814,6.184,0.000,-85.29,0.7067,0.6316,0.6174,0.8016,0.3684,0.5676,0.5344
1123,0,off,0,7,12,11.823,15.994,0.985,8.190,4.449,0.005,-85.75,0.6324,0.4356,0.4403,0.4087,0.2917,0.6506,0.6119
1124,0,off,0,11,7,9.166,13.516,0.207,7.222,14.226,0.000,-56.95,0.5692,0.5265,0.5249,0.4356,0.6237,0.7589,0.6032
1125,0,off,0,11,7,9.106,13.866,0.091,7.429,14.226,0.000,-56.41,0.4814,0.5945,0.5715,0.3842,0.4506,0.7731,0.6696
1126,0,off,0,7,6,12.104,16.543,0.197,11.503,6.398,0.000,-89.11,0.4791,0.4711,0.4640,0.5138,0.5360,0.7779,0.7794
1127,0,off,0,7,12,12.386,17.677,0.897,8.633,4.449,0.005,-92.56,0.7265,0.4419,0.4474,0.8032,0.2087,0.7818,0.6909
1128,0,off,0,7,12,16.030,26.389,0.336,14.867,4.449,0.005,-144.34,0.7976,0.7668,0.7700,0.8640,0.2735,0.7233,0.5921
1129,0,off,0,7,11,22.724,28.845,0.105,18.179,14.226,0.000,-274.05,0.8261,0.9281,0.9328,0.7494,0.2530,0.6158,0.5715
1130,0,off,0,7,11,20.349,27.056,0.101,15.877,14.226,0.000,-222.89,0.7304,0.9249,0.9225,0.8079,0.4775,0.5036,0.6719
1131,0,off,0,7,14,14.643,19.563,0.387,10.861,13.219,0.000,-123.07,0.5225,0.8356,0.8229,0.8269,0.6245,0.5257,0.4292
1132,0,off,0,14,10,13.783,14.934,0.417,10.496,7.270,0.000,-109.26,0.4111,0.7233,0.6743,0.5423,0.8727,0.6482,0.4972
1133,0,valley,1,10,14,7.107,9.656,0.049,5.688,7.270,0.000,-36.43,0.4277,0.7470,0.7249,0.4126,0.7644,0.6680,0.5818
1134,0,off,0,8,7,10.844,14.668,0.242,7.295,6.184,0.000,-72.33,0.4308,0.6791,0.6783,0.6174,0.9241,0.6198,0.5945
1135,0,off,0,7,8,11.597,14.691,0.516,7.715,6.184,0.000,-83.10,0.5059,0.5573,0.5502,0.6719,0.6838,0.6601,0.5407
1136,0,off,0,7,12,9.777,15.451,0.986,7.461,4.449,0.005,-63.65,0.6877,0.5020,0.5051,0.5613,0.3794,0.7739,0.4988
1137,0,off,0,7,12,9.315,16.724,0.815,7.769,4.449,0.005,-59.24,0.5818,0.4743,0.4830,0.3905,0.2119,0.8609,0.4711
1138,0,off,0,7,12,10.525,14.998,0.840,8.047,4.449,0.005,-71.24,0.5249,0.4443,0.4538,0.3897,0.1130,0.8893,0.4545
1139,0,off,0,11,7,10.006,14.035,0.116,7.953,14.226,0.000,-65.01,0.4269,0.6103,0.6016,0.4458,0.5083,0.9099,0.4506
1140,0,off,0,11,7,9.898,13.716,0.105,7.785,14.226,0.000,-63.93,0.4372,0.6008,0.5874,0.4095,0.5004,0.8569,0.4640
1141,0,off,0,7,12,10.824,16.081,0.907,7.897,4.449,0.005,-74.44,0.5549,0.4198,0.4285,0.4071,0.1921,0.8079,0.4403
1142,0,off,0,7,12,13.081,20.918,0.633,10.780,4.449,0.005,-101.41,0.7945,0.5644,0.5526,0.8514,0.2229,0.8000,0.4071
1143,0,off,0,7,11,19.094,27.188,0.052,14.899,14.226,0.000,-198.15,0.8356,0.8522,0.8561,0.8585,0.2885,0.6783,0.3992
1144,0,off,0,7,11,22.726,28.549,0.112,18.191,14.226,0.000,-274.09,0.8016,0.9296,0.9336,0.7265,0.2949,0.5202,0.8917
1145,0,off,0,7,11,15.975,22.557,0.176,11.775,14.226,0.000,-143.46,0.6332,0.8545,0.8474,0.8545,0.7360,0.4885,0.8277
1146,0,off,0,14,7,10.890,15.074,0.349,8.871,13.219,0.000,-73.57,0.4798,0.7399,0.6988,0.8126,0.7462,0.5431,0.4767
1147,0,valley,1,10,14,7.836,9.229,0.159,6.115,7.270,0.000,-41.87,0.4134,0.7715,0.7368,0.4229,0.7929,0.5976,0.5652
1148,0,off,0,8,10,8.992,11.046,0.447,7.475,11.215,0.000,-53.96,0.4601,0.7328,0.7233,0.5067,0.8451,0.5573,0.6277
1149,0,off,0,8,7,11.028,12.466,0.350,7.037,6.184,0.000,-74.34,0.5391,0.5692,0.5565,0.5621,0.6696,0.5581,0.5976
1150,0,off,0,7,12,10.384,16.008,1.054,7.527,4.449,0.005,-69.77,0.7130,0.4783,0.4759,0.5004,0.3723,0.6664,0.5494
1151,0,off,0,7,12,10.598,16.706,0.852,8.396,4.449,0.005,-72.02,0.6285,0.4538,0.4617,0.3992,0.2340,0.7889,0.5399
1152,0,off,0,7,12,11.137,15.811,0.889,8.471,4.449,0.005,-77.87,0.6569,0.4316,0.4435,0.3953,0.1866,0.8316,0.5470
1153,0,off,0,11,7,9.511,14.115,0.189,7.620,14.226,0.000,-60.17,0.6435,0.5202,0.5209,0.5289,0.7186,0.8016,0.5415
1154,0,off,0,11,7,10.008,14.541,0.110,8.109,14.226,0.000,-65.03,0.5170,0.6174,0.6024,0.7589,0.5265,0.7613,0.5486
1155,0,off,0,7,6,13.163,18.298,0.226,12.608,6.398,0.000,-102.49,0.5470,0.5138,0.5020,0.8245,0.5581,0.7423,0.5257
1156,0,off,0,7,11,16.631,26.865,0.004,12.867,14.226,0.000,-154.16,0.8474,0.7526,0.7628,0.8182,0.2482,0.7273,0.4798
1157,0,off,0,7,11,22.610,28.626,0.107,18.168,14.226,0.000,-271.46,0.8372,0.9265,0.9296,0.7273,0.2134,0.5937,0.5700
1158,1,off,0,7,11,16.443,26.346,-0.047,12.009,14.226,0.000,-151.05,0.6775,0.8506,0.8419,0.9225,0.7115,0.4727,0.8545
1159,1,off,0,7,14,15.250,20.884,0.280,9.031,13.219,0.000,-132.14,0.6269,0.6980,0.6719,0.9352,0.8142,0.4466,0.9747
1160,1,off,0,7,6,17.222,19.537,0.658,15.636,6.398,0.000,-164.16,0.7296,0.6617,0.6356,0.7059,0.9296,0.4964,0.5913
1161,0,off,0,7,6,13.099,15.129,0.704,11.368,6.398,0.000,-101.65,0.4466,0.6237,0.5818,0.6514,0.9162,0.6372,0.6704
1162,0,off,0,6,7,12.931,13.657,0.208,11.508,6.398,0.000,-96.71,0.4063,0.6435,0.6245,0.5123,0.8458,0.6980,0.7905
1163,0,off,0,8,7,11.583,14.737,0.359,7.298,6.184,0.000,-80.61,0.3874,0.6577,0.6664,0.5075,0.7771,0.7265,0.7881
1164,0,off,0,8,7,11.007,13.482,0.549,7.574,6.184,0.000,-74.10,0.5209,0.5225,0.5304,0.4261,0.5945,0.7178,0.6964
1165,0,off,0,7,8,13.560,18.508,0.286,8.996,6.184,0.000,-107.79,0.8419,0.6949,0.7067,0.7858,0.2759,0.7289,0.6490
1166,0,off,0,7,11,20.532,26.539,0.147,16.539,14.226,0.000,-226.64,0.8601,0.9043,0.9083,0.7834,0.1715,0.6996,0.6087
1167,0,off,0,7,12,14.817,22.928,0.539,13.577,4.449,0.005,-125.62,0.7636,0.7289,0.7328,0.7889,0.2506,0.6324,0.6008
1168,0,off,0,11,7,10.096,15.102,0.070,8.440,14.226,0.000,-65.91,0.6308,0.5921,0.5644,0.4032,0.6087,0.6893,0.6142
1169,0,off,0,11,7,9.667,14.815,0.080,8.434,14.226,0.000,-61.67,0.5660,0.5968,0.5905,0.5573,0.5968,0.7486,0.6261
1170,0,off,0,7,12,11.216,18.581,1.067,8.772,4.449,0.005,-78.75,0.5929,0.4292,0.4466,0.4403,0.1984,0.8032,0.5889
1171,0,off,0,7,12,11.306,17.655,0.928,9.203,4.449,0.005,-79.77,0.7565,0.4308,0.4482,0.3866,0.1004,0.8704,0.5510
1172,0,off,0,7,12,12.887,18.068,0.997,9.497,4.449,0.005,-98.89,0.8158,0.4253,0.4395,0.5059,0.2522,0.8198,0.5439
1173,0,off,0,7,12,14.036,20.885,0.737,11.084,4.449,0.005,-114.36,0.8704,0.5565,0.5621,0.8221,0.3202,0.7083,0.5526
1174,0,off,0,11,7,13.572,17.272,0.106,10.408,14.226,0.000,-107.05,0.8040,0.8806,0.8901,0.8111,0.9502,0.6356,0.5826
1175,0,off,0,11,7,13.702,15.638,0.173,10.252,14.226,0.000,-108.83,0.8348,0.8593,0.8585,0.9304,0.9802,0.5407,0.6387
1176,0,off,0,8,7,15.446,16.264,0.354,8.261,6.184,0.000,-132.82,0.8530,0.7644,0.7739,0.9186,0.9320,0.5423,0.6427
1177,0,off,0,7,11,18.795,23.523,0.194,15.225,14.226,0.000,-192.49,0.7407,0.9241,0.9265,0.8672,0.8482,0.5921,0.6190
1178,0,off,0,7,11,16.894,21.392,0.241,13.778,14.226,0.000,-158.55,0.5067,0.9502,0.9486,0.8656,0.8672,0.6040,0.6498
1179,0,off,0,14,7,12.244,16.096,0.302,8.411,13.219,0.000,-89.23,0.4364,0.8625,0.8553,0.8387,0.8941,0.6727,0.7233
1180,0,off,0,10,14,13.790,16.454,0.103,12.491,7.270,0.000,-106.26,0.7953,0.6925,0.6933,0.6182,0.8340,0.6759,0.7668
1181,0,off,0,7,8,13.377,16.890,0.409,9.364,6.184,0.000,-105.33,0.7154,0.6071,0.6308,0.6917,0.8206,0.7107,0.7036
1182,0,off,0,7,8,11.149,15.687,0.392,8.197,6.184,0.000,-78.01,0.5075,0.5676,0.5858,0.6609,0.6324,0.8419,0.6632
1183,0,off,0,7,12,11.225,19.258,1.024,10.283,4.449,0.005,-78.86,0.7787,0.5360,0.5597,0.5597,0.4079,0.9265,0.6443
1184,0,off,0,7,12,11.327,19.960,0.926,10.538,4.449,0.005,-80.00,0.6680,0.5099,0.5415,0.4632,0.2941,0.9605,0.6316
1185,0,off,0,11,7,11.300,14.140,0.102,8.920,14.226,0.000,-78.80,0.5368,0.6593,0.6957,0.5510,0.7265,0.9668,0.6206
1186,0,off,0,11,7,10.594,13.767,0.071,8.457,14.226,0.000,-71.07,0.5233,0.6585,0.6822,0.4585,0.6071,0.9478,0.6379
1187,0,off,0,7,6,11.705,19.834,-0.022,10.185,6.398,0.000,-84.36,0.5091,0.4672,0.5012,0.5312,0.4545,0.9423,0.6158
1188,0,off,0,7,12,12.654,18.948,1.012,9.660,4.449,0.005,-95.91,0.8514,0.4482,0.4704,0.5739,0.1874,0.9391,0.5628
1189,0,off,0,7,12,14.429,22.237,0.762,11.455,4.449,0.005,-119.96,0.9415,0.6055,0.6324,0.9644,0.2964,0.8340,0.5597
1190,0,off,0,7,11,19.059,27.950,0.033,15.120,14.226,0.000,-197.48,0.9628,0.8719,0.8854,0.9573,0.3383,0.6443,0.5787
1191,0,off,0,7,11,18.258,24.434,0.160,13.588,14.226,0.000,-182.53,0.8735,0.9059,0.9123,0.8996,0.7415,0.5067,0.8933
1192,0,off,0,11,7,14.182,16.445,0.079,10.409,14.226,0.000,-115.51,0.8617,0.8814,0.8767,0.9344,0.9771,0.4783,0.8308
1193,0,off,0,11,7,13.724,16.163,0.216,11.628,14.226,0.000,-109.12,0.9526,0.7937,0.7866,0.7328,0.9953,0.4964,0.6656
1194,0,off,0,7,8,13.732,16.205,0.272,8.812,6.184,0.000,-110.14,0.5715,0.5194,0.5281,0.6024,0.7486,0.5455,0.6672
1195,0,off,0,7,0,13.302,19.328,0.074,7.323,14.092,0.000,-104.32,0.5794,0.5510,0.5336,0.5091,0.6704,0.6640,0.6767
1196,0,off,0,14,6,10.701,15.872,0.627,8.452,7.246,0.000,-71.53,0.4585,0.6704,0.6395,0.5708,0.9115,0.8008,0.7542
1197,0,off,0,14,6,15.065,15.223,1.026,8.849,7.246,0.000,-127.49,0.4909,0.7075,0.7043,0.5834,0.8008,0.8308,0.8411
1198,0,off,0,8,10,9.380,13.390,0.536,7.746,11.215,0.000,-57.52,0.5826,0.6941,0.7194,0.8941,0.8814,0.8095,0.8427
1199,0,off,0,8,7,13.003,16.993,-0.129,10.704,6.184,0.000,-98.07,0.5810,0.8656,0.8704,0.8617,0.7526,0.7510,0.7810
1200,0,off,0,7,8,21.632,23.761,1.149,18.250,6.184,0.000,-249.83,0.8822,0.9557,0.9589,0.7375,0.4569,0.6190,0.7154
1201,0,off,0,7,8,14.324,17.943,0.270,9.615,6.184,0.000,-118.45,0.8696,0.8032,0.8063,0.8134,0.4419,0.5700,0.7209
1202,0,off,0,7,12,13.792,16.308,1.221,9.596,4.449,0.005,-110.96,0.7328,0.4490,0.4593,0.4285,0.2640,0.6245,0.7462
1203,1,off,0,11,7,12.611,14.754,0.170,10.428,14.226,0.000,-94.46,0.7692,0.6545,0.6577,0.5834,0.8451,0.7249,0.7668
1204,1,off,0,11,7,10.906,14.538,0.133,9.713,14.226,0.000,-74.42,0.7407,0.7067,0.7075,0.6806,0.8656,0.7700,0.7905
1205,1,off,0,7,12,12.842,16.223,1.188,10.245,4.449,0.005,-98.32,0.8032,0.5020,0.5170,0.6530,0.4640,0.8427,0.7486
1206,0,off,0,7,12,14.003,16.316,1.174,10.071,4.449,0.005,-113.90,0.9115,0.4854,0.5028,0.5747,0.2625,0.8719,0.8964
1207,0,off,0,7,12,14.736,21.062,0.759,12.644,4.449,0.005,-124.43,0.9589,0.7083,0.7399,0.8901,0.3225,0.7597,0.8901
1208,0,off,0,7,11,19.567,27.391,0.080,15.651,14.226,0.000,-207.28,0.9613,0.9194,0.9281,0.8332,0.3091,0.6126,0.8806
1209,0,off,0,11,7,16.368,20.156,-0.022,12.257,14.226,0.000,-148.90,0.9123,0.9636,0.9636,0.9534,0.9755,0.5328,0.7684
1210,0,off,0,11,7,12.832,15.910,0.105,9.743,14.226,0.000,-97.28,0.8909,0.8632,0.8617,0.9510,0.9889,0.5360,0.8150
1211,0,off,0,7,0,15.069,18.757,0.072,9.611,14.092,0.000,-129.39,0.8672,0.5636,0.5676,0.6806,0.8838,0.6047,0.8158
1212,0,off,0,6,7,12.005,13.436,0.482,11.565,6.398,0.000,-85.17,0.6340,0.5036,0.5123,0.4767,0.6103,0.7091,0.7968
1213,0,off,0,7,6,13.522,19.298,0.775,12.272,6.398,0.000,-107.27,0.5447,0.5597,0.5455,0.4980,0.5842,0.7905,0.8166
1214,0,off,0,14,7,12.394,15.224,0.273,8.507,13.219,0.000,-91.07,0.4656,0.7273,0.7162,0.5186,0.8443,0.8522,0.8553
1215,0,off,0,10,14,9.652,12.578,0.130,7.891,7.270,0.000,-57.75,0.5407,0.7810,0.7881,0.5036,0.8190,0.8656,0.8688
1216,0,off,0,8,7,11.210,16.225,0.099,8.562,6.184,0.000,-76.36,0.5992,0.7779,0.7968,0.8909,0.8142,0.8324,0.8522
1217,0,off,0,8,7,15.050,17.566,-0.327,12.339,6.184,0.000,-126.78,0.6672,0.9083,0.9107,0.8530,0.5921,0.7636,0.7921
1218,0,off,0,7,8,19.676,20.747,0.794,15.395,6.184,0.000,-209.42,0.8798,0.9423,0.9407,0.8229,0.3518,0.6419,0.7289
1219,0,off,0,7,8,13.340,19.291,0.109,8.681,6.184,0.000,-104.83,0.8403,0.7455,0.7589,0.8427,0.4158,0.6229,0.7146
1220,0,off,0,11,7,10.035,14.750,0.135,8.471,14.226,0.000,-65.30,0.7628,0.5874,0.6040,0.5494,0.7889,0.7296,0.7241
1221,0,off,0,11,7,11.102,15.151,0.078,9.131,14.226,0.000,-76.58,0.6356,0.6538,0.6688,0.4664,0.5897,0.8206,0.7510
1222,0,off,0,7,6,13.955,18.572,0.157,12.970,6.398,0.000,-113.23,0.4870,0.5328,0.5391,0.6308,0.6482,0.8806,0.7470
1223,0,off,0,7,12,12.711,19.599,0.956,10.077,4.449,0.005,-96.63,0.7771,0.4830,0.5091,0.4822,0.1881,0.9138,0.7067
1224,0,off,0,7,12,13.898,19.148,1.049,10.178,4.449,0.005,-112.44,0.8759,0.4696,0.4980,0.5304,0.2443,0.8830,0.6862
1225,0,off,0,7,12,15.112,22.850,0.741,11.991,4.449,0.005,-130.04,0.9462,0.6601,0.6941,0.9336,0.3462,0.7921,0.6925
1226,0,off,0,7,11,16.232,27.134,-0.028,12.268,14.226,0.000,-147.60,0.8972,0.8727,0.8885,0.8609,0.6577,0.6403,0.7202
1227,0,off,0,11,7,15.076,17.216,0.114,11.157,14.226,0.000,-128.60,0.8719,0.9202,0.9186,0.9676,0.9842,0.5787,0.7636
1228,0,off,0,11,7,14.003,16.254,0.202,11.636,14.226,0.000,-112.99,0.9067,0.8190,0.8158,0.6696,0.9929,0.5747,0.8008
1229,0,off,0,7,8,14.903,16.337,0.349,8.891,6.184,0.000,-126.90,0.6972,0.5542,0.5605,0.6087,0.8522,0.5684,0.7953
1230,0,off,0,7,8,14.660,19.569,-0.250,9.207,6.184,0.000,-123.31,0.7644,0.5700,0.5486,0.5328,0.7312,0.6008,0.7802
1231,0,off,0,14,7,12.111,16.835,0.246,10.011,13.219,0.000,-87.62,0.5431,0.6632,0.6403,0.5723,0.9202,0.6775,0.8245
1232,0,off,0,14,7,13.808,16.332,0.343,9.354,13.219,0.000,-109.60,0.5573,0.7375,0.7225,0.5439,0.8126,0.7478,0.8664
1233,0,off,0,10,8,9.507,13.716,-0.029,8.372,11.215,0.000,-56.36,0.7202,0.7344,0.7597,0.6269,0.8704,0.7304,0.8672
1234,0,off,0,8,7,12.752,18.353,-0.097,10.704,6.184,0.000,-94.83,0.6949,0.8775,0.8870,0.8743,0.8119,0.6530,0.8300
1235,0,off,0,7,8,22.507,24.169,1.207,18.681,6.184,0.000,-269.13,0.9146,0.9715,0.9684,0.7455,0.4996,0.5470,0.9202
1236,0,off,0,7,8,18.951,21.221,0.689,14.884,6.184,0.000,-195.42,0.9209,0.9368,0.9383,0.8395,0.4696,0.4870,0.7834
1237,1,off,0,7,12,15.720,21.254,0.931,11.491,4.449,0.005,-139.41,0.9447,0.8142,0.8198,0.9921,0.5138,0.6047,0.7968
1238,1,off,0,11,7,11.796,16.383,0.148,10.083,14.226,0.000,-84.52,0.8213,0.7826,0.7874,0.8111,0.9320,0.7518,0.8174
1239,1,off,0,11,7,10.746,13.968,0.140,9.199,14.226,0.000,-72.69,0.7099,0.7802,0.7960,0.6822,0.9518,0.9874,0.8292
1240,1,off,0,7,8,11.567,21.222,0.251,8.713,6.184,0.000,-82.76,0.4664,0.6411,0.7004,0.6704,0.7249,0.9842,0.8213
1241,1,off,0,7,8,11.028,18.459,0.302,8.181,6.184,0.000,-76.67,0.4474,0.6040,0.6585,0.5842,0.5130,0.9621,0.9265
1242,0,off,0,7,12,12.050,18.778,0.957,10.771,4.449,0.005,-88.45,0.7652,0.5628,0.6182,0.5644,0.3368,0.9826,0.8885
1243,0,off,0,7,12,12.632,19.000,0.974,10.681,4.449,0.005,-95.63,0.8213,0.5352,0.5794,0.5897,0.3494,0.9771,0.7771
1244,0,off,0,11,7,11.290,14.458,0.205,9.167,14.226,0.000,-78.68,0.5304,0.6506,0.6917,0.6798,0.9091,0.9526,0.7842
1245,0,off,0,11,7,11.284,14.943,0.131,9.444,14.226,0.000,-78.61,0.7162,0.6957,0.7099,0.5455,0.7146,0.8854,0.8063
1246,0,off,0,7,6,14.388,17.179,0.305,13.014,6.398,0.000,-119.37,0.7992,0.5431,0.5447,0.9162,0.7613,0.8364,0.8040
1247,0,off,0,7,11,16.532,23.867,0.143,12.930,14.226,0.000,-152.51,0.9170,0.8142,0.8340,0.9178,0.6474,0.8111,0.7447
1248,0,off,0,7,11,20.318,24.594,0.263,16.104,14.226,0.000,-222.26,0.7549,0.9755,0.9747,0.9628,0.8134,0.6925,0.7194
1249,0,off,0,7,14,17.229,17.433,0.892,8.931,13.219,0.000,-164.14,0.6111,0.9344,0.9289,0.9881,0.9636,0.5391,0.9162
1250,0,off,0,10,14,10.428,12.388,0.079,8.401,7.270,0.000,-65.54,0.7747,0.8300,0.8245,0.5905,0.8514,0.4925,0.9138
1251,0,off,0,8,10,9.516,14.870,0.254,7.966,11.215,0.000,-58.81,0.8198,0.8237,0.8316,0.9249,0.9194,0.4988,0.8593
1252,0,off,0,8,7,14.379,17.428,-0.267,11.949,6.184,0.000,-116.91,0.6648,0.9225,0.9233,0.7810,0.6791,0.5273,0.7589
1253,0,off,0,7,8,13.591,18.684,0.279,9.568,6.184,0.000,-108.22,0.9257,0.8387,0.8364,0.9281,0.5012,0.5708,0.7304
1254,0,off,0,7,12,14.589,19.464,1.296,10.751,4.449,0.005,-122.27,0.9083,0.5012,0.5067,0.9312,0.4711,0.6719,0.7407
1255,0,off,0,7,12,13.010,17.279,1.173,9.875,4.449,0.005,-100.48,0.7289,0.4617,0.4893,0.4996,0.2198,0.8182,0.7534
1256,0,off,0,11,7,11.621,14.263,0.137,9.160,14.226,0.000,-82.47,0.5779,0.6759,0.6854,0.4292,0.4862,0.9130,0.7874
1257,0,off,0,11,7,11.064,14.191,0.124,9.031,14.226,0.000,-76.15,0.5723,0.6846,0.7028,0.4609,0.5336,0.9225,0.8055
1258,0,off,0,7,12,12.276,19.292,1.068,10.362,4.449,0.005,-91.21,0.6759,0.4838,0.5162,0.5107,0.2372,0.9273,0.7818
1259,0,off,0,7,12,13.696,19.525,1.087,10.365,4.449,0.005,-109.64,0.8933,0.4664,0.5004,0.6213,0.3043,0.9154,0.7368
1260,0,off,0,7,12,14.950,24.869,0.634,13.137,4.449,0.005,-127.60,0.9407,0.7281,0.7652,0.9455,0.4000,0.8158,0.7320
1261,0,off,0,7,11,20.353,28.609,0.059,16.689,14.226,0.000,-222.97,0.9549,0.9233,0.9352,0.8893,0.3486,0.6656,0.7613
1262,0,off,0,11,7,16.154,19.281,0.036,12.235,14.226,0.000,-145.42,0.8411,0.9447,0.9455,0.9462,0.9731,0.5557,0.8079
1263,0,off,0,11,7,13.499,15.113,0.172,10.298,14.226,0.000,-106.06,0.8245,0.8498,0.8419,0.9557,0.9866,0.5344,0.8387
1264,0,off,0,7,0,15.667,18.458,0.130,9.497,14.092,0.000,-138.59,0.8585,0.6016,0.6142,0.6949,0.9494,0.5826,0.8498
1265,0,off,0,6,7,12.089,12.790,0.454,11.088,6.398,0.000,-86.17,0.5004,0.5723,0.5723,0.5636,0.8625,0.6854,0.8403
1266,0,off,0,14,7,14.313,14.361,0.404,9.527,13.219,0.000,-116.61,0.4126,0.6332,0.6198,0.5763,0.8569,0.7794,0.8609
1267,0,off,0,14,7,10.349,15.036,0.342,9.462,13.219,0.000,-67.82,0.4300,0.7478,0.7360,0.6340,0.9233,0.8585,0.8830
1268,0,off,0,10,14,11.264,13.420,0.228,9.783,7.270,0.000,-74.61,0.6522,0.7510,0.7747,0.6403,0.8332,0.8775,0.8862
1269,0,off,0,8,7,10.605,14.620,0.162,8.504,6.184,0.000,-69.76,0.5455,0.7660,0.7960,0.8680,0.8087,0.8071,0.8727
1270,0,off,0,8,7,16.025,16.755,-0.282,13.103,6.184,0.000,-141.92,0.6403,0.9107,0.9162,0.8403,0.5929,0.7241,0.8419
1271,0,off,0,7,8,17.742,19.847,0.683,14.408,6.184,0.000,-173.24,0.9091,0.9273,0.9312,0.8119,0.3644,0.6498,0.8261
1272,0,off,0,7,8,13.266,20.120,-0.003,8.631,6.184,0.000,-103.85,0.8988,0.6972,0.7130,0.8482,0.4498,0.6213,0.8316
1273,0,off,0,11,7,11.641,15.428,0.082,9.620,14.226,0.000,-82.71,0.8063,0.6458,0.6593,0.4814,0.6601,0.7439,0.8490
1274,0,off,0,11,7,11.696,14.731,0.089,9.641,14.226,0.000,-83.35,0.5320,0.6767,0.6877,0.4593,0.5628,0.8379,0.8569
1275,0,off,0,7,6,12.001,19.910,-0.019,10.514,6.398,0.000,-87.87,0.4593,0.4949,0.5170,0.5581,0.4909,0.8933,0.8379
1276,0,off,0,7,12,12.079,20.971,0.935,10.771,4.449,0.005,-88.81,0.8435,0.4806,0.5107,0.5020,0.2451,0.9202,0.8024
1277,0,off,0,7,12,12.876,19.908,1.044,10.658,4.449,0.005,-98.75,0.8893,0.4648,0.4964,0.5217,0.2664,0.8767,0.7700
1278,0,off,0,7,12,14.419,25.405,0.581,13.670,4.449,0.005,-119.81,0.9447,0.7209,0.7613,0.8925,0.3399,0.8055,0.7581
1279,0,off,0,7,11,16.227,24.804,0.120,12.847,14.226,0.000,-147.51,0.8727,0.8846,0.9036,0.7992,0.7478,0.6806,0.7779
1280,0,off,0,11,7,14.246,15.755,0.108,10.605,14.226,0.000,-116.43,0.8316,0.9099,0.9059,0.9225,0.9581,0.6024,0.8103
1281,0,off,0,11,7,14.316,15.520,0.250,12.024,14.226,0.000,-117.42,0.8593,0.8182,0.8126,0.7123,0.9960,0.5810,0.8206
1282,0,off,0,7,8,13.522,15.097,0.342,8.687,6.184,0.000,-107.28,0.6063,0.5668,0.5763,0.5447,0.7937,0.5945,0.8134
1283,0,off,0,7,8,13.823,19.177,-0.131,9.065,6.184,0.000,-111.40,0.7091,0.6901,0.6870,0.7787,0.6980,0.6553,0.8111
1284,0,off,0,14,6,10.902,14.996,0.931,7.229,7.246,0.000,-73.70,0.4751,0.8024,0.7897,0.7881,0.9067,0.7162,0.8372
1285,0,off,0,14,7,11.264,15.626,0.344,8.821,13.219,0.000,-77.71,0.5099,0.7763,0.7684,0.8498,0.8182,0.7723,0.8711
1286,0,off,0,8,10,9.840,13.160,0.569,8.044,11.215,0.000,-61.94,0.6577,0.7573,0.7874,0.9217,0.9186,0.7708,0.8625
1287,0,off,0,8,7,14.175,18.365,-0.219,11.770,6.184,0.000,-114.00,0.6925,0.9004,0.9099,0.9028,0.8253,0.7130,0.8190
1288,0,off,0,7,8,22.176,24.369,1.195,19.044,6.184,0.000,-261.73,0.9154,0.9802,0.9810,0.7478,0.4964,0.6142,0.7652
1289,0,off,0,7,8,15.660,18.771,0.431,11.870,6.184,0.000,-138.47,0.9265,0.8901,0.8996,0.8458,0.4577,0.5565,0.7352
1290,0,off,0,7,12,13.056,19.815,1.167,10.378,4.449,0.005,-101.08,0.9455,0.6166,0.6411,0.9375,0.4466,0.6490,0.7375
1291,0,off,0,11,7,11.346,14.633,0.098,9.347,14.226,0.000,-79.32,0.6182,0.6917,0.7020,0.4925,0.5715,0.8664,0.7755
1292,0,off,0,11,7,11.581,14.524,0.113,9.597,14.226,0.000,-82.01,0.5020,0.7194,0.7502,0.6111,0.5889,0.9383,0.7984
1293,0,off,0,7,12,11.166,20.387,1.039,10.423,4.449,0.005,-78.19,0.6316,0.5320,0.5897,0.5360,0.2798,0.9502,0.7494
1294,0,off,0,7,12,11.940,20.254,0.991,10.637,4.449,0.005,-87.14,0.8688,0.5281,0.5747,0.4877,0.1755,0.9636,0.6933
1295,0,off,0,7,12,13.614,20.131,1.054,11.104,4.449,0.005,-108.53,0.9194,0.5091,0.5360,0.5787,0.2996,0.9368,0.6791
1296,0,off,0,7,12,13.547,21.913,0.883,11.528,4.449,0.005,-107.61,0.9494,0.5976,0.6356,0.9004,0.3542,0.8593,0.6822
1297,0,off,0,11,7,13.599,16.366,0.079,10.222,14.226,0.000,-107.41,0.8751,0.8925,0.9067,0.9075,0.9794,0.8047,0.7020
1298,1,off,0,11,7,12.187,15.255,0.122,9.800,14.226,0.000,-89.21,0.8008,0.9091,0.9075,0.9668,0.9755,0.7083,0.7478
1299,1,off,0,8,7,12.719,14.911,0.601,8.577,6.184,0.000,-94.41,0.7502,0.7534,0.7676,0.9779,0.9344,0.6150,0.8877
1300,1,off,0,7,8,15.681,20.537,0.825,11.645,6.184,0.000,-138.80,0.7352,0.9178,0.9217,0.9794,0.9257,0.6087,0.7233
1301,0,off,0,7,11,22.132,22.803,0.386,17.877,14.226,0.000,-260.76,0.6079,0.9881,0.9881,0.7605,0.8538,0.6735,0.7660
1302,0,off,0,7,11,18.598,22.971,0.273,16.648,14.226,0.000,-188.79,0.4775,0.9874,0.9858,0.9787,0.9407,0.6561,0.8198
1303,0,off,0,14,7,14.671,15.795,0.539,8.256,13.219,0.000,-121.90,0.5881,0.8877,0.8909,0.9067,0.8877,0.6814,0.8530
1304,0,off,0,7,0,14.400,19.301,0.142,9.676,14.092,0.000,-119.54,0.9486,0.7012,0.7423,0.7304,0.9304,0.7123,0.8364
1305,0,off,0,7,0,13.140,19.322,0.186,9.412,14.092,0.000,-102.18,0.7755,0.6269,0.6751,0.7581,0.7692,0.8348,0.8047
1306,0,off,0,7,12,11.917,22.003,1.084,10.640,4.449,0.005,-86.86,0.6379,0.6134,0.6838,0.7020,0.3929,0.9589,0.7747
1307,0,off,0,7,12,10.965,22.953,0.817,10.873,4.449,0.005,-75.97,0.6427,0.6395,0.7209,0.6055,0.2893,0.9842,0.8870
1308,0,off,0,7,6,11.166,20.436,0.249,9.785,6.398,0.000,-78.20,0.6087,0.6356,0.7170,0.6000,0.4798,0.9897,0.7344
1309,0,off,0,11,7,12.283,13.666,0.169,10.251,14.226,0.000,-90.38,0.5802,0.8198,0.8395,0.6356,0.8198,0.9889,0.7478
1310,0,off,0,11,7,11.840,13.775,0.191,10.244,14.226,0.000,-85.05,0.5628,0.8206,0.8379,0.7012,0.9209,0.9834,0.7391
1311,0,off,0,7,12,12.618,22.410,0.970,11.070,4.449,0.005,-95.46,0.8285,0.5992,0.6585,0.6791,0.4126,0.9818,0.6783
1312,0,off,0,7,12,13.515,20.255,1.099,10.525,4.449,0.005,-107.18,0.9130,0.5336,0.5787,0.6846,0.2435,0.9731,0.6514
1313,0,off,0,7,12,14.819,25.256,0.637,13.330,4.449,0.005,-125.65,0.9581,0.7755,0.8047,0.9731,0.3249,0.9162,0.6451
1314,0,off,0,7,11,20.729,28.490,0.069,16.964,14.226,0.000,-230.69,0.9652,0.9383,0.9478,0.9589,0.3660,0.7375,0.6640
1315,0,off,0,11,7,15.923,18.759,0.089,12.162,14.226,0.000,-141.72,0.8498,0.9518,0.9542,0.9518,0.9613,0.6466,0.9099
1316,0,off,0,11,7,13.703,15.287,0.198,10.651,14.226,0.000,-108.83,0.8024,0.8553,0.8506,0.9565,0.9739,0.5802,0.7549
1317,0,off,0,7,8,15.338,16.665,0.334,9.236,6.184,0.000,-133.49,0.7897,0.6261,0.6443,0.6395,0.8925,0.5715,0.7573
1318,0,off,0,7,8,14.461,18.965,-0.120,9.013,6.184,0.000,-120.41,0.7059,0.6111,0.6213,0.5858,0.7779,0.6949,0.7265
1319,0,off,0,14,7,12.640,16.122,0.246,9.042,13.219,0.000,-94.16,0.5731,0.6830,0.6632,0.5881,0.9123,0.7787,0.7826
1320,0,off,0,14,10,9.421,17.893,0.490,8.946,7.270,0.000,-58.65,0.5858,0.7866,0.7763,0.6419,0.9423,0.8387,0.8395
1321,0,off,0,10,14,10.778,13.296,0.347,7.208,7.270,0.000,-69.25,0.8458,0.7968,0.8095,0.6443,0.8846,0.8435,0.8585
1322,0,off,0,8,7,12.094,17.498,0.007,10.367,6.184,0.000,-86.66,0.8032,0.8704,0.8846,0.9233,0.8854,0.7715,0.8182
1323,0,off,0,8,7,20.764,21.035,-0.488,16.497,6.184,0.000,-229.11,0.8142,0.9700,0.9700,0.8933,0.6617,0.6798,0.8759
1324,0,off,0,7,8,21.048,22.882,0.860,17.362,6.184,0.000,-237.36,0.9012,0.9794,0.9779,0.7423,0.4071,0.6103,0.6988
1325,0,off,0,7,8,14.363,20.900,0.172,10.195,6.184,0.000,-119.00,0.9502,0.8403,0.8435,0.8988,0.4751,0.6221,0.7028
1326,0,off,0,11,7,10.461,15.800,0.052,9.111,14.226,0.000,-69.67,0.6838,0.7202,0.7320,0.9486,0.7549,0.7644,0.7257
1327,0,off,0,11,7,11.326,15.278,0.093,9.624,14.226,0.000,-79.08,0.6229,0.7186,0.7486,0.6538,0.6688,0.8751,0.7692
1328,0,off,0,7,0,12.908,22.828,0.130,8.226,14.092,0.000,-99.17,0.5889,0.5518,0.6032,0.6498,0.4783,0.9470,0.7518
1329,0,off,0,7,12,11.843,20.235,0.883,10.663,4.449,0.005,-85.99,0.7850,0.5447,0.6008,0.4917,0.1628,0.9723,0.6893
1330,0,off,0,7,12,12.673,19.511,0.954,10.388,4.449,0.005,-96.16,0.8522,0.5289,0.5731,0.4830,0.1455,0.9684,0.6743
1331,0,off,0,7,12,13.494,19.864,1.019,10.517,4.449,0.005,-106.89,0.9107,0.5146,0.5423,0.5731,0.2957,0.9447,0.6798
1332,0,off,0,7,6,13.977,17.772,0.538,12.644,6.398,0.000,-113.53,0.8134,0.6561,0.6972,0.8577,0.7431,0.8696,0.6917
1333,0,off,0,11,7,12.753,15.383,0.139,9.796,14.226,0.000,-96.27,0.8490,0.8767,0.8806,0.8285,0.9668,0.7960,0.7281
1334,0,off,0,11,7,16.618,17.259,0.245,13.647,14.226,0.000,-153.03,0.8775,0.8759,0.8751,0.9802,0.9937,0.7360,0.7439
1335,0,off,0,8,7,17.148,18.106,-0.092,12.340,6.184,0.000,-160.56,0.6656,0.9123,0.9209,0.9209,0.8324,0.6909,0.7059
1336,0,off,0,7,11,21.835,22.772,0.333,17.121,14.226,0.000,-254.24,0.8095,0.9858,0.9874,0.7597,0.7352,0.6933,0.7043
1337,0,off,0,7,11,17.547,22.535,0.212,14.672,14.226,0.000,-169.80,0.4949,0.9810,0.9708,0.9265,0.9107,0.7146,0.7858
1338,0,off,0,7,14,16.624,17.238,0.641,8.875,13.219,0.000,-154.03,0.5771,0.8830,0.8822,0.8632,0.8300,0.7455,0.8356
1339,0,off,0,8,10,14.195,14.978,0.581,13.543,11.215,0.000,-114.27,0.9202,0.7802,0.7953,0.6775,0.9099,0.7170,0.8443
1340,0,off,0,7,8,14.169,17.693,0.331,9.758,6.184,0.000,-116.23,0.8632,0.6814,0.7146,0.7075,0.8498,0.7518,0.8174
1341,0,off,0,7,12,11.973,17.526,1.213,9.806,4.449,0.005,-87.53,0.8324,0.6277,0.6609,0.6941,0.5249,0.8759,0.7889
1342,0,off,0,7,12,12.590,19.843,1.037,10.772,4.449,0.005,-95.10,0.8482,0.6182,0.6680,0.6316,0.3874,0.9557,0.7526
1343,0,off,0,7,12,11.838,19.561,0.932,10.400,4.449,0.005,-85.92,0.7115,0.5889,0.6490,0.5462,0.2822,0.9802,0.7605
1344,0,off,0,11,7,11.856,14.520,0.129,9.486,14.226,0.000,-85.23,0.5202,0.7723,0.8024,0.5383,0.5186,0.9874,0.7929
1345,0,off,0,11,7,11.788,14.413,0.117,9.593,14.226,0.000,-84.43,0.5344,0.7534,0.7905,0.5170,0.5154,0.9763,0.7960
1346,0,off,0,7,12,11.693,19.732,0.966,10.205,4.449,0.005,-84.22,0.7273,0.5375,0.5866,0.5273,0.2261,0.9628,0.7296
1347,0,off,0,7,12,13.074,21.156,0.923,10.659,4.449,0.005,-101.32,0.9043,0.5684,0.6134,0.9613,0.2688,0.9621,0.6648
1348,0,off,0,7,11,16.964,27.690,-0.009,13.551,14.226,0.000,-159.75,0.9668,0.8482,0.8640,0.9723,0.3115,0.8901,0.6530
1349,0,off,0,7,11,22.028,28.927,0.090,18.077,14.226,0.000,-258.47,0.9708,0.9644,0.9723,0.7692,0.3257,0.7115,0.7897
1350,0,off,0,11,7,17.318,20.782,0.070,13.550,14.226,0.000,-164.90,0.8806,0.9731,0.9763,0.9708,0.9779,0.5613,0.8988
1351,0,off,0,11,7,14.265,15.706,0.119,10.473,14.226,0.000,-116.69,0.8277,0.9130,0.9091,0.9684,0.9905,0.5415,0.7431
1352,0,off,0,7,0,16.473,19.678,0.113,9.961,14.092,0.000,-151.54,0.9858,0.7391,0.7455,0.7399,0.9834,0.6206,0.7787
1353,0,off,0,7,6,12.953,13.811,0.379,11.392,6.398,0.000,-99.75,0.6055,0.6443,0.6704,0.6506,0.8933,0.7628,0.7708
1354,0,off,0,7,6,12.754,18.036,0.742,11.222,6.398,0.000,-97.19,0.4514,0.6862,0.6893,0.5992,0.7739,0.8727,0.8087
1355,0,off,0,14,6,8.414,15.252,0.769,7.690,7.246,0.000,-49.67,0.4664,0.8063,0.8087,0.6047,0.9273,0.9439,0.8538
1356,0,off,0,14,7,12.759,15.100,0.476,8.353,13.219,0.000,-95.67,0.4901,0.8111,0.8237,0.5700,0.7731,0.9597,0.8656
1357,0,off,0,8,7,12.249,15.130,0.379,8.929,6.184,0.000,-88.54,0.5494,0.7407,0.7802,0.6103,0.8277,0.9462,0.8514
1358,0,off,0,8,7,10.727,14.139,0.420,8.270,6.184,0.000,-71.07,0.7051,0.6680,0.6964,0.5470,0.7123,0.9123,0.7984
1359,0,off,0,7,8,15.098,17.274,0.374,10.219,6.184,0.000,-129.83,0.9304,0.8411,0.8498,0.9059,0.4585,0.8577,0.7336
1360,0,off,0,7,8,20.551,23.337,0.738,16.521,6.184,0.000,-227.02,0.9391,0.9542,0.9644,0.8688,0.4213,0.7866,0.7012
1361,0,off,0,11,7,17.903,23.578,-0.062,15.770,14.226,0.000,-175.20,0.7818,0.9747,0.9794,0.8775,0.7905,0.7036,0.6972
1362,0,off,0,11,7,12.281,16.847,-0.040,10.039,14.226,0.000,-90.36,0.7518,0.8680,0.8696,0.8735,0.7091,0.6972,0.7399
1363,0,off,0,7,12,15.360,19.162,1.305,11.028,4.449,0.005,-133.82,0.9534,0.5739,0.5826,0.7138,0.7233,0.8087,0.7423
1364,0,off,0,7,12,13.211,20.617,1.048,10.517,4.449,0.005,-103.12,0.8047,0.5304,0.5708,0.5953,0.2206,0.9186,0.6980
1365,0,off,0,7,12,12.827,19.915,0.925,10.907,4.449,0.005,-98.12,0.8332,0.5439,0.5913,0.4893,0.1328,0.9542,0.6854
1366,0,off,0,7,12,13.401,19.693,0.975,10.751,4.449,0.005,-105.65,0.8292,0.5296,0.5668,0.6071,0.2767,0.9494,0.6901
1367,0,off,0,7,12,13.833,19.592,0.999,10.771,4.449,0.005,-111.53,0.8838,0.5170,0.5399,0.6348,0.3162,0.9115,0.6996
1368,0,off,0,11,7,13.306,14.770,0.217,9.897,14.226,0.000,-103.48,0.7431,0.8000,0.8055,0.6632,0.9565,0.9020,0.7225
1369,0,off,0,7,11,15.375,16.629,0.721,12.458,14.226,0.000,-134.05,0.7344,0.8506,0.8522,0.6783,0.9810,0.8632,0.7565
1370,0,off,0,8,7,14.029,15.295,0.208,9.130,6.184,0.000,-111.93,0.6545,0.8348,0.8530,0.9099,0.8640,0.7858,0.7383
1371,0,off,0,7,11,19.682,22.664,0.307,15.588,14.226,0.000,-209.54,0.7486,0.9628,0.9668,0.9391,0.8411,0.7462,0.7091
1372,0,off,0,7,11,19.054,22.388,0.267,15.317,14.226,0.000,-197.39,0.5565,0.9866,0.9866,0.9478,0.9138,0.7075,0.7486
1373,0,off,0,14,7,15.487,17.294,0.329,9.315,13.219,0.000,-134.19,0.4806,0.9320,0.9249,0.8917,0.9004,0.7028,0.8229
1374,0,off,0,10,14,11.028,13.299,0.054,9.644,7.270,0.000,-71.97,0.8466,0.7945,0.8016,0.6411,0.8632,0.6672,0.8458
1375,0,off,0,8,7,15.382,15.422,0.531,9.384,6.184,0.000,-131.79,0.8379,0.6996,0.7289,0.6727,0.8609,0.6577,0.8213
1376,0,off,0,7,8,12.888,13.688,0.450,8.230,6.184,0.000,-98.90,0.7099,0.6364,0.6569,0.6601,0.6719,0.7763,0.7739
1377,0,off,0,7,12,13.569,19.359,1.077,10.556,4.449,0.005,-107.91,0.9028,0.5866,0.6158,0.5526,0.3636,0.9028,0.7249
1378,0,off,0,7,12,13.519,19.836,1.027,10.576,4.449,0.005,-107.23,0.8877,0.5486,0.5889,0.4885,0.2791,0.9407,0.7075
1379,0,off,0,11,7,11.864,15.789,0.104,9.805,14.226,0.000,-85.33,0.6854,0.7178,0.7510,0.5668,0.6767,0.9486,0.6957
1380,0,off,0,11,7,10.693,14.755,0.092,8.851,14.226,0.000,-72.12,0.6490,0.7130,0.7336,0.4474,0.5178,0.9344,0.7083
1381,0,off,0,7,6,13.133,21.269,-0.084,11.800,6.398,0.000,-102.09,0.7194,0.5162,0.5352,0.5043,0.4166,0.9012,0.6759
1382,0,off,0,7,12,15.713,26.229,0.606,14.091,4.449,0.005,-139.30,0.9470,0.7787,0.8032,0.9154,0.3233,0.8885,0.6300
1383,0,off,0,7,11,20.752,28.162,0.075,16.838,14.226,0.000,-231.17,0.9692,0.9407,0.9494,0.9542,0.3320,0.7802,0.6040
1384,0,off,0,7,11,22.939,28.583,0.115,18.552,14.226,0.000,-278.96,0.9636,0.9613,0.9692,0.7407,0.2379,0.6087,0.8996
1385,0,off,0,7,11,18.137,24.746,0.168,14.089,14.226,0.000,-180.33,0.8743,0.9431,0.9502,0.9036,0.7178,0.5518,0.6846
1386,0,off,0,11,7,13.930,15.993,0.054,10.078,14.226,0.000,-111.97,0.8648,0.9312,0.9320,0.9636,0.9826,0.6316,0.6830
1387,0,off,0,11,7,13.434,15.366,0.205,11.293,14.226,0.000,-105.18,0.9099,0.8458,0.8443,0.7715,0.9968,0.7692,0.7186
1388,0,off,0,7,0,12.529,20.285,0.235,7.860,14.092,0.000,-94.34,0.5138,0.6474,0.6925,0.7209,0.8024,0.8783,0.7099
1389,0,off,0,7,12,11.759,18.450,0.968,11.113,4.449,0.005,-85.00,0.6095,0.7020,0.7447,0.6838,0.7968,0.9700,0.7138
1390,0,off,0,14,7,9.793,14.234,0.275,8.213,13.219,0.000,-62.23,0.4356,0.8087,0.8221,0.6474,0.8751,0.9921,0.7913
1391,0,off,0,6,7,12.100,12.936,0.110,10.124,6.398,0.000,-86.30,0.4198,0.8435,0.8632,0.6277,0.7976,0.9945,0.8482
1392,0,off,0,8,10,10.820,12.781,0.636,8.643,11.215,0.000,-72.06,0.3818,0.8395,0.8680,0.6830,0.8775,0.9905,0.8466
1393,0,off,0,8,7,11.546,12.760,0.368,8.293,6.184,0.000,-80.19,0.4640,0.7613,0.8071,0.6300,0.7945,0.9850,0.7866
1394,0,off,0,7,8,10.788,15.977,0.208,7.637,6.184,0.000,-74.05,0.7874,0.6466,0.6806,0.5779,0.4593,0.9755,0.6949
1395,0,off,0,7,12,13.699,19.750,1.030,10.328,4.449,0.005,-109.69,0.9273,0.5850,0.6166,0.6285,0.4221,0.9660,0.6609
1396,0,off,0,7,8,14.304,20.976,0.057,8.719,6.184,0.000,-118.16,0.9281,0.7107,0.7534,0.9202,0.3589,0.9352,0.6372
1397,0,off,0,11,7,18.573,23.621,-0.078,15.972,14.226,0.000,-187.44,0.7708,0.9787,0.9826,0.9020,0.6332,0.8846,0.6198
1398,0,off,0,11,7,16.502,21.192,-0.072,13.815,14.226,0.000,-151.11,0.6917,0.9494,0.9549,0.8308,0.6506,0.7605,0.6348
1399,0,off,0,7,12,14.283,20.558,1.067,10.199,4.449,0.005,-117.86,0.8767,0.6095,0.6332,0.9407,0.3984,0.7051,0.6253
1400,0,off,0,7,12,14.130,18.966,1.032,9.824,4.449,0.005,-115.69,0.8577,0.5083,0.5265,0.4198,0.1186,0.8103,0.5834
1401,0,off,0,7,12,15.046,18.206,0.989,10.287,4.449,0.005,-129.04,0.8791,0.5115,0.5289,0.4870,0.1992,0.8269,0.5763
1402,0,off,0,7,12,16.824,27.211,0.402,15.297,4.449,0.005,-157.38,0.9249,0.8158,0.8269,0.8474,0.2806,0.7953,0.5984
1403,0,off,0,11,7,16.953,21.059,0.070,13.654,14.226,0.000,-158.66,0.8387,0.9692,0.9739,0.8783,0.9644,0.7391,0.6395
1404,0,off,0,11,7,13.895,16.085,0.110,10.243,14.226,0.000,-111.48,0.8071,0.9217,0.9194,0.9660,0.9858,0.7194,0.6735
1405,0,off,0,7,6,16.869,19.161,0.123,15.357,6.398,0.000,-158.14,0.9557,0.7557,0.7644,0.7028,0.9605,0.7573,0.6814
1406,0,off,0,7,6,14.452,15.312,0.362,12.659,6.398,0.000,-120.29,0.5913,0.6427,0.6656,0.6229,0.8466,0.8166,0.6569
1407,0,off,0,7,6,13.878,20.909,0.643,12.511,6.398,0.000,-112.15,0.6126,0.6719,0.6719,0.5976,0.7115,0.8814,0.6553
1408,0,off,0,14,7,7.681,18.658,0.021,7.760,13.219,0.000,-43.78,0.4237,0.7881,0.7818,0.7676,0.9715,0.9257,0.7162
1409,0,off,0,14,7,13.482,16.455,0.404,8.984,13.219,0.000,-105.15,0.5478,0.8071,0.8166,0.5810,0.8261,0.9320,0.8032
1410,0,off,0,8,10,9.298,14.257,0.511,7.606,11.215,0.000,-56.76,0.7605,0.8308,0.8451,0.9692,0.9296,0.9075,0.7621
1411,0,off,0,8,7,14.390,19.768,-0.185,12.114,6.184,0.000,-117.07,0.7320,0.9399,0.9423,0.9383,0.7763,0.8490,0.6593
1412,0,off,0,7,8,22.055,23.424,0.984,17.867,6.184,0.000,-259.07,0.9020,0.9826,0.9842,0.7518,0.3937,0.7652,0.6079
1413,0,off,0,7,8,14.930,18.637,0.251,9.944,6.184,0.000,-127.31,0.8996,0.8514,0.8482,0.8538,0.4063,0.7186,0.5968
1414,0,off,0,12,7,12.013,13.674,-0.228,8.528,4.449,0.005,-82.61,0.7312,0.5257,0.5344,0.5715,0.3921,0.8261,0.6063
1415,0,off,0,11,7,10.281,15.570,0.075,8.905,14.226,0.000,-67.80,0.6237,0.7415,0.7581,0.5771,0.6269,0.9312,0.6340
1416,0,off,0,11,7,10.453,14.956,0.113,9.096,14.226,0.000,-69.58,0.4988,0.7605,0.7810,0.6767,0.7447,0.9534,0.6324
1417,0,off,0,7,12,12.194,19.232,0.909,9.360,4.449,0.005,-90.20,0.6830,0.5557,0.5929,0.5296,0.1889,0.9692,0.5858
1418,0,off,0,7,12,14.007,18.347,0.957,9.772,4.449,0.005,-113.95,0.7960,0.5407,0.5628,0.6166,0.2103,0.9676,0.5502
1419,0,off,0,7,12,15.113,21.636,0.746,11.684,4.449,0.005,-130.05,0.9478,0.6854,0.7178,0.9194,0.2593,0.9455,0.5391
1420,0,off,0,7,11,19.857,27.891,0.046,15.662,14.226,0.000,-213.01,0.9573,0.9051,0.9146,0.9423,0.3470,0.8862,0.5423
1421,0,off,0,11,7,15.358,19.419,0.040,12.288,14.226,0.000,-132.89,0.7257,0.9660,0.9621,0.9399,0.9542,0.8292,0.6269
1422,0,off,0,11,7,12.908,15.525,0.163,9.917,14.226,0.000,-98.26,0.7336,0.8711,0.8625,0.9439,0.9708,0.7526,0.5960
1423,0,off,0,7,8,15.068,15.582,0.382,8.088,6.184,0.000,-129.37,0.7391,0.6387,0.6506,0.6379,0.8806,0.7099,0.6016
1424,0,off,0,7,8,13.254,15.665,0.366,7.927,6.184,0.000,-103.69,0.5897,0.6213,0.6292,0.6134,0.8419,0.7937,0.5810
1425,0,off,0,14,7,14.635,15.128,0.380,9.464,13.219,0.000,-121.37,0.4617,0.6775,0.6617,0.6190,0.8593,0.8601,0.6126
1426,0,off,0,14,7,8.814,16.968,0.226,9.311,13.219,0.000,-53.12,0.4182,0.7874,0.7731,0.6008,0.8885,0.9004,0.6838
1427,0,valley,1,10,14,8.024,11.566,0.168,6.740,7.270,0.000,-43.36,0.6008,0.7960,0.8008,0.5866,0.7628,0.8941,0.7130
1428,0,off,0,8,7,10.746,17.756,-0.034,8.858,6.184,0.000,-71.27,0.6585,0.8601,0.8656,0.9368,0.8379,0.8617,0.6474
1429,0,off,0,8,7,19.180,21.258,-0.484,15.297,6.184,0.000,-197.46,0.7502,0.9581,0.9597,0.9051,0.5881,0.7621,0.8798
1430,0,off,0,7,8,22.069,22.574,0.889,16.864,6.184,0.000,-259.38,0.8253,0.9779,0.9731,0.7439,0.3842,0.6285,0.8269
1431,0,off,0,7,8,15.971,20.752,0.210,9.787,6.184,0.000,-143.40,0.8814,0.8530,0.8545,0.9130,0.4332,0.6458,0.5296
1432,0,off,0,11,7,8.184,15.460,0.117,7.580,14.226,0.000,-48.44,0.6735,0.6877,0.6949,0.9605,0.8308,0.7660,0.5462
1433,0,off,0,11,7,9.370,15.215,0.050,8.155,14.226,0.000,-58.85,0.6395,0.7225,0.7257,0.5802,0.5874,0.8996,0.5771
1434,0,off,0,7,12,13.335,17.303,1.036,9.676,4.449,0.005,-104.77,0.6664,0.6206,0.6364,0.6648,0.6403,0.9613,0.5731
1435,0,off,0,7,12,11.953,18.477,0.884,8.969,4.449,0.005,-87.29,0.6601,0.5605,0.5842,0.4949,0.1557,0.9747,0.5289
1436,0,off,0,7,12,13.312,17.561,0.922,9.298,4.449,0.005,-104.46,0.7557,0.5455,0.5573,0.5249,0.1684,0.9739,0.5075
1437,0,off,0,7,12,13.781,17.123,0.993,8.802,4.449,0.005,-110.82,0.8126,0.5209,0.5320,0.5518,0.2008,0.9581,0.5043
1438,0,off,0,7,12,15.140,22.381,0.885,9.218,4.449,0.005,-130.46,0.7802,0.5897,0.5945,0.8300,0.6308,0.9217,0.5146
1439,0,off,0,14,7,13.914,16.974,0.521,9.767,13.219,0.000,-111.07,0.7375,0.7431,0.7375,0.8348,0.7004,0.8957,0.5312
1440,0,off,0,14,10,10.862,11.133,0.406,8.437,7.270,0.000,-72.51,0.5621,0.8245,0.8111,0.6292,0.8957,0.8482,0.6071
1441,0,valley,1,10,14,8.556,10.442,0.050,6.138,7.270,0.000,-47.78,0.6047,0.8372,0.8324,0.5605,0.7810,0.7826,0.7004
1442,0,off,0,8,10,10.110,19.058,-0.125,10.194,11.215,0.000,-64.64,0.6901,0.8798,0.8862,0.8972,0.8617,0.7399,0.9170
1443,0,off,0,8,7,17.392,21.708,-0.454,14.279,6.184,0.000,-164.77,0.7937,0.9573,0.9581,0.8798,0.6545,0.6545,0.9644
1444,0,off,0,8,7,22.541,23.574,0.071,17.021,6.184,0.000,-267.59,0.8870,0.9834,0.9834,0.7526,0.4308,0.5549,0.9676
1445,0,off,0,7,8,21.524,22.916,0.694,15.925,6.184,0.000,-247.51,0.8980,0.9708,0.9676,0.9043,0.4040,0.5526,0.9075
1446,0,off,0,7,12,15.934,21.701,0.892,12.454,4.449,0.005,-142.81,0.9810,0.8150,0.8174,0.9794,0.4047,0.6387,0.5660
1447,0,off,0,11,7,9.172,16.599,0.098,8.811,14.226,0.000,-57.01,0.7984,0.7123,0.7115,0.7130,0.6095,0.8372,0.5913
1448,0,off,0,11,7,9.641,15.297,0.102,8.671,14.226,0.000,-61.42,0.7589,0.7589,0.7771,0.6933,0.5494,0.9399,0.6285
1449,0,off,0,7,12,12.128,18.303,1.103,9.189,4.449,0.005,-89.39,0.5866,0.6000,0.6379,0.6577,0.2617,0.9652,0.6625
1450,0,off,0,7,12,11.695,18.607,0.836,9.375,4.449,0.005,-84.24,0.6506,0.6087,0.6458,0.5565,0.1605,0.9858,0.5739
1451,0,off,0,7,12,12.336,18.584,0.919,9.337,4.449,0.005,-91.94,0.7929,0.5881,0.6190,0.5794,0.1976,0.9866,0.5676
1452,0,off,0,7,12,13.754,19.685,0.954,9.374,4.449,0.005,-110.45,0.7383,0.5581,0.5771,0.6617,0.5534,0.9787,0.5802
1453,0,off,0,11,7,11.427,15.238,0.275,9.117,14.226,0.000,-80.24,0.7494,0.7708,0.7858,0.7154,0.9850,0.9644,0.5937
1454,1,off,0,12,3,233.625,243.627,-2.113,163.216,18.543,0.000,-27300.86,0.9992,0.9992,0.9992,0.9984,1.0000,1.0000,1.0000
1455,1,off,0,12,7,192.086,208.297,-1.711,186.629,4.449,0.005,-18458.97,0.9992,1.0000,1.0000,0.9984,0.9992,1.0000,1.0000
1456,1,off,0,12,7,185.947,218.609,-2.463,195.075,4.449,0.005,-17298.60,0.9976,0.9992,0.9992,0.9984,0.9992,1.0000,1.0000
1457,1,off,0,7,11,142.268,227.082,-0.395,145.216,14.226,0.000,-10135.89,0.9976,0.9486,0.9273,0.9984,0.9945,0.4000,0.8316
1458,1,off,0,7,11,156.099,215.252,-0.383,159.511,14.226,0.000,-12199.30,0.8166,0.9723,0.9549,0.9668,0.9312,0.5067,0.9581
1459,1,off,0,6,3,141.134,155.810,0.042,98.781,15.418,0.000,-9972.49,0.7597,0.9470,0.9557,0.9976,0.9352,0.6166,0.9984
1460,1,off,0,7,8,45.741,48.220,1.229,41.883,6.184,0.000,-1061.96,0.6980,0.9937,0.9945,0.9937,0.8427,0.6387,1.0000
1461,1,off,0,7,12,265.500,270.388,2.704,239.246,4.449,0.005,-35261.03,0.9992,1.0000,1.0000,0.9984,0.8996,1.0000,1.0000
1462,1,off,0,7,12,320.336,379.641,0.473,291.564,4.449,0.005,-51323.34,0.9992,1.0000,1.0000,0.9984,0.8909,1.0000,1.0000
1463,0,off,0,7,11,273.986,325.341,1.574,277.063,14.226,0.000,-37550.05,0.9984,0.9976,0.9976,0.9984,0.9976,0.8964,0.9984
1464,0,off,0,11,7,12.985,20.268,0.033,12.679,14.226,0.000,-99.25,0.9850,0.8909,0.8988,0.9968,0.8743,0.6174,0.8735
1465,0,off,0,7,12,15.942,16.354,1.325,9.724,4.449,0.005,-142.67,0.9731,0.7091,0.7265,0.7684,0.7794,0.9375,0.8348
1466,0,off,0,7,12,12.154,18.292,1.036,8.520,4.449,0.005,-89.71,0.6696,0.6870,0.7241,0.6964,0.2174,0.9794,0.7937
1467,0,off,0,7,12,12.066,18.064,0.913,9.000,4.449,0.005,-88.65,0.6870,0.7059,0.7542,0.6640,0.2419,0.9913,0.7312
1468,0,off,0,7,12,12.784,14.626,0.854,9.320,4.449,0.005,-97.57,0.6245,0.6885,0.7273,0.7162,0.4806,0.9929,0.7115
1469,0,off,0,7,6,13.967,14.211,1.019,10.686,6.398,0.000,-112.99,0.4419,0.8134,0.8213,0.6656,0.7217,0.9960,0.7455
1470,0,off,0,14,7,10.168,17.124,-0.024,7.308,13.219,0.000,-65.97,0.3613,0.8933,0.9043,0.7921,0.9818,0.9968,0.8253
1471,0,off,0,10,14,9.825,12.330,0.097,8.682,7.270,0.000,-59.43,0.4482,0.8980,0.9130,0.6561,0.7391,0.9937,0.8617
1472,0,off,0,8,7,10.020,15.588,0.097,7.926,6.184,0.000,-63.73,0.4569,0.8577,0.8775,0.6870,0.9075,0.9881,0.8451
1473,0,valley,1,8,7,9.228,13.182,0.319,6.820,6.184,0.000,-56.11,0.5581,0.7628,0.7937,0.6569,0.6395,0.9779,0.7676
1474,0,off,0,7,8,15.567,16.417,0.395,9.517,6.184,0.000,-137.02,0.9186,0.8664,0.8735,0.9526,0.4791,0.9549,0.6941
1475,0,off,0,7,8,21.376,23.014,0.771,16.378,6.184,0.000,-244.32,0.9004,0.9739,0.9771,0.8949,0.3992,0.9178,0.6751
1476,0,off,0,7,11,22.049,25.989,0.192,17.184,14.226,0.000,-258.93,0.8609,0.9771,0.9787,0.8664,0.2609,0.8538,0.6775
1477,1,off,0,11,7,13.423,18.842,-0.015,11.334,14.226,0.000,-105.03,0.7273,0.9304,0.9352,0.8885,0.6095,0.8498,0.7028
1478,1,off,0,11,7,10.426,16.485,0.117,9.757,14.226,0.000,-69.30,0.7953,0.7842,0.7976,0.6885,0.7439,0.8893,0.7091
1479,1,off,0,7,12,12.955,22.142,0.961,9.863,4.449,0.005,-99.78,0.7296,0.6538,0.6957,0.6727,0.2593,0.9621,0.9399
1480,1,off,0,7,8,13.206,20.219,0.176,8.875,6.184,0.000,-103.05,0.7810,0.7834,0.7984,0.6870,0.2901,0.9937,0.9818
1481,1,off,0,7,12,13.462,17.157,0.946,10.148,4.449,0.005,-106.47,0.8032,0.8522,0.8601,0.7043,0.3154,0.9984,0.9874
1482,1,off,0,7,12,13.951,14.657,1.144,9.611,4.449,0.005,-113.17,0.8427,0.8806,0.8862,0.7249,0.3154,0.9984,0.9913
1483,1,off,0,11,7,13.466,17.206,0.111,10.923,14.226,0.000,-105.61,0.8806,0.9154,0.9146,0.8237,0.9708,0.9874,0.9644
1484,0,off,0,11,7,13.167,14.795,0.246,9.938,14.226,0.000,-101.63,0.7123,0.8569,0.8609,0.6743,0.9597,0.9431,0.7415
1485,0,off,0,8,7,15.080,15.503,0.247,7.966,6.184,0.000,-127.24,0.6119,0.8379,0.8514,0.9715,0.8040,0.9043,0.7723
1486,0,off,0,7,11,19.776,22.702,0.265,15.329,14.226,0.000,-211.41,0.5462,0.9763,0.9715,0.9779,0.8862,0.9304,0.7763
1487,0,off,0,7,11,18.940,21.972,0.231,14.920,14.226,0.000,-195.22,0.4893,0.9850,0.9850,0.9494,0.9130,0.9091,0.8142
1488,0,off,0,14,7,12.289,17.625,0.361,9.101,13.219,0.000,-89.79,0.4783,0.9170,0.9051,0.9289,0.8972,0.8711,0.8435
1489,0,off,0,10,8,9.900,14.775,-0.130,9.210,11.215,0.000,-60.17,0.7866,0.8047,0.8150,0.6664,0.8577,0.8245,0.8340
1490,0,off,0,8,7,14.444,15.664,0.550,8.155,6.184,0.000,-117.84,0.7170,0.7099,0.7281,0.6735,0.8245,0.8150,0.7976
1491,0,valley,1,7,8,11.940,15.371,0.185,6.527,6.184,0.000,-87.14,0.7715,0.6372,0.6427,0.5557,0.4087,0.8822,0.7273
1492,0,off,0,7,12,12.899,17.004,0.914,7.993,4.449,0.005,-99.05,0.7842,0.5984,0.6119,0.5162,0.2458,0.9289,0.6885
1493,0,off,0,7,12,13.400,16.219,0.888,8.107,4.449,0.005,-105.63,0.6885,0.5549,0.5557,0.4941,0.2538,0.9415,0.6688
1494,0,off,0,11,7,12.369,18.505,0.051,10.840,14.226,0.000,-91.44,0.5123,0.8838,0.9004,0.8806,0.5960,0.9518,0.6561
1495,0,off,0,11,7,13.136,19.120,-0.006,11.383,14.226,0.000,-101.22,0.4727,0.9186,0.9257,0.7723,0.5344,0.8972,0.6617
1496,0,off,0,7,12,12.815,18.169,0.823,7.871,4.449,0.005,-97.96,0.7004,0.6040,0.5937,0.8506,0.2601,0.8300,0.6332
1497,0,off,0,7,12,13.921,19.450,0.622,9.619,4.449,0.005,-112.76,0.6609,0.6198,0.6261,0.8071,0.1391,0.8648,0.5794
