idx,label,part,valley_distinct,h,j,dh,dj,t,perp,Dhj,vr,mixlogp,LatAD_pct,USAD_pct,TranAD_pct,AE_pct,IF_pct,linres_pct,maxz_pct
0,0,in_cluster,0,7,11,5.797,10.506,-0.198,4.429,5.965,0.010,-23.37,0.0016,0.0221,0.0111,0.0229,0.0079,0.1589,0.9241
1,0,in_cluster,0,6,12,4.062,8.531,-0.178,3.414,4.289,0.003,-18.79,0.0111,0.0988,0.0775,0.1447,0.2751,0.1636,0.9368
2,0,in_cluster,0,6,12,4.126,4.255,0.089,3.035,4.289,0.003,-19.04,0.0553,0.2040,0.1652,0.1557,0.4411,0.0530,0.9328
3,0,in_cluster,0,2,10,6.211,10.961,0.744,3.575,5.155,0.001,-31.41,0.0506,0.2680,0.2142,0.1028,0.5763,0.0806,0.9146
4,1,valley,1,2,9,7.409,7.516,0.584,5.296,5.624,0.000,-38.60,0.0569,0.2364,0.1771,0.1715,0.5304,0.1818,0.8964
5,1,valley,1,0,13,7.443,10.683,0.603,4.214,4.723,0.002,-41.20,0.1763,0.1470,0.1233,0.1913,0.4822,0.2609,0.9217
6,1,valley,1,0,5,9.295,11.403,0.302,4.712,6.840,0.000,-56.70,0.3051,0.0830,0.0656,0.1905,0.3099,0.2727,0.9336
7,1,off,0,5,14,11.470,13.996,-0.205,10.734,7.794,0.000,-80.66,0.2593,0.0617,0.0458,0.1763,0.1146,0.2704,0.9289
8,1,off,0,5,14,11.616,14.390,-0.262,10.971,7.794,0.000,-82.36,0.1953,0.0704,0.0625,0.1644,0.1336,0.2593,0.9289
9,1,beyond,0,14,3,13.647,17.459,1.138,6.564,6.540,0.000,-109.72,0.3787,0.3360,0.3241,0.6688,0.7439,0.2482,0.9083
10,1,off,0,14,5,17.704,20.954,-0.068,12.602,7.794,0.000,-173.32,0.3842,0.3842,0.3826,0.4609,0.6822,0.2625,0.9178
11,1,off,0,5,13,12.180,13.770,0.478,7.570,14.808,0.000,-89.06,0.3312,0.1976,0.2688,0.5304,0.1597,0.2458,0.9289
12,0,beyond,0,7,11,7.359,12.764,-0.522,5.740,5.965,0.010,-33.65,0.0071,0.0237,0.0182,0.0735,0.0269,0.1289,0.9320
13,0,in_cluster,0,7,11,6.590,12.523,-0.499,5.176,5.965,0.010,-28.29,0.0047,0.0285,0.0206,0.0941,0.0348,0.1352,0.9391
14,0,off,0,3,5,14.384,14.729,0.943,7.277,15.239,0.000,-115.81,0.3304,0.0506,0.0324,0.2016,0.3312,0.1249,0.9423
15,1,valley,1,12,6,9.185,11.461,0.931,6.154,4.289,0.003,-56.98,0.1850,0.1312,0.1233,0.2008,0.4166,0.2395,0.9415
16,1,valley,1,12,2,9.730,11.252,0.421,6.380,10.421,0.000,-62.13,0.2854,0.2506,0.2119,0.2174,0.6040,0.2553,0.9415
17,1,valley,1,2,9,9.735,10.247,0.627,6.203,5.624,0.000,-59.49,0.0901,0.3004,0.2648,0.2079,0.6237,0.2553,0.9360
18,0,off,0,9,0,9.568,10.036,0.440,6.952,5.806,0.000,-56.60,0.1881,0.2348,0.1968,0.2348,0.6949,0.1692,0.9209
19,0,in_cluster,0,0,13,5.598,8.785,0.803,3.680,4.723,0.002,-29.17,0.0253,0.1178,0.1138,0.2079,0.3945,0.0538,0.9225
20,1,in_cluster,0,15,1,5.610,11.234,-0.251,4.996,5.698,0.000,-20.70,0.0032,0.0727,0.0640,0.0846,0.0806,0.0229,0.9336
21,1,in_cluster,0,15,1,5.348,11.115,-0.349,4.563,5.698,0.000,-19.26,0.0119,0.0435,0.0364,0.0609,0.0482,0.0656,0.9360
22,1,in_cluster,0,15,7,5.844,9.558,0.231,5.968,6.871,0.000,-22.04,0.0206,0.0379,0.0285,0.0419,0.0277,0.1107,0.9336
23,1,off,0,3,14,8.638,17.462,-0.579,7.231,6.540,0.000,-49.66,0.2490,0.2625,0.3020,0.4609,0.7391,0.5059,0.9415
24,1,beyond,0,3,14,8.638,14.350,-0.446,6.149,6.540,0.000,-49.66,0.2466,0.3352,0.3407,0.3644,0.9202,0.5739,0.9447
25,1,beyond,0,3,14,8.601,13.334,-0.079,5.741,6.540,0.000,-49.35,0.4372,0.2625,0.2648,0.3929,0.9368,0.2609,0.9415
26,1,valley,1,13,5,12.097,14.208,0.193,4.609,14.808,0.000,-84.09,0.2617,0.1502,0.1534,0.3194,0.4656,0.1676,0.9399
27,1,valley,1,5,13,13.203,14.056,0.780,4.134,14.808,0.000,-102.04,0.2711,0.0877,0.0901,0.2806,0.3834,0.2609,0.9431
28,0,in_cluster,0,15,7,5.924,9.066,0.336,5.188,6.871,0.000,-22.51,0.0957,0.0759,0.0783,0.1360,0.0640,0.2672,0.9470
29,0,valley,1,15,7,7.541,8.367,0.413,5.388,6.871,0.000,-33.40,0.0814,0.0854,0.0814,0.1549,0.0941,0.2696,0.9455
30,0,valley,1,5,3,12.250,13.063,0.292,5.570,15.239,0.000,-89.92,0.3146,0.1368,0.1375,0.2063,0.3913,0.2625,0.9486
31,0,in_cluster,0,12,4,3.738,14.749,0.670,3.053,5.355,0.000,-21.78,0.1597,0.2174,0.1858,0.2530,0.7455,0.2506,0.9478
32,0,valley,1,2,12,12.073,12.080,0.534,6.302,10.421,0.000,-84.94,0.2403,0.2711,0.2221,0.2213,0.6877,0.1818,0.9447
33,0,in_cluster,0,0,9,6.393,9.351,0.786,2.933,5.806,0.000,-33.94,0.0988,0.2593,0.1960,0.2711,0.7542,0.1186,0.9462
34,0,in_cluster,0,0,13,5.831,8.508,0.838,3.312,4.723,0.002,-30.51,0.0625,0.1708,0.1431,0.1921,0.4134,0.1115,0.9518
35,0,in_cluster,0,15,1,5.919,10.815,-0.316,3.643,5.698,0.000,-22.48,0.0704,0.1217,0.1091,0.1391,0.1779,0.1628,0.9565
36,0,off,0,5,0,13.059,15.833,-0.023,8.865,6.840,0.000,-100.16,0.2822,0.1107,0.0925,0.2933,0.3581,0.2190,0.9581
37,1,beyond,0,3,14,6.954,13.057,-0.093,4.890,6.540,0.000,-36.54,0.3051,0.3431,0.3138,0.3257,0.6395,1.0000,0.9589
38,1,off,0,14,3,12.614,13.369,1.144,8.326,6.540,0.000,-96.16,0.6024,0.4474,0.4016,0.7628,0.9937,1.0000,0.9779
39,1,off,0,3,14,13.793,14.023,-0.166,7.834,6.540,0.000,-107.49,0.4530,0.5130,0.4071,0.7462,0.9937,1.0000,0.9779
40,1,off,0,3,14,16.563,17.421,0.610,11.262,6.540,0.000,-149.52,0.8751,0.4040,0.3802,0.6893,0.9810,1.0000,0.9810
41,1,beyond,0,14,9,17.178,17.249,1.005,5.531,12.803,0.000,-159.59,0.4775,0.3320,0.3075,0.6569,0.9692,0.3470,0.9818
42,0,off,0,13,0,13.801,13.882,-0.198,8.901,4.723,0.002,-106.13,0.2269,0.2806,0.2854,0.3502,0.7510,0.2854,0.9802
43,0,off,0,13,15,9.764,12.584,0.836,6.752,9.919,0.000,-58.59,0.1929,0.2221,0.2648,0.2925,0.4340,0.2830,0.9771
44,0,valley,1,15,13,9.870,11.244,0.028,4.821,9.919,0.000,-53.67,0.0174,0.1826,0.2237,0.2632,0.3012,0.2798,0.9723
45,0,in_cluster,0,15,7,6.648,9.423,0.419,2.846,6.871,0.000,-27.06,0.2292,0.1518,0.1715,0.2198,0.1028,0.2743,0.9668
46,0,beyond,0,3,14,6.793,13.599,-0.039,3.162,6.540,0.000,-35.43,0.0680,0.2909,0.2893,0.2617,0.5739,0.2759,0.9652
47,0,in_cluster,0,3,14,6.565,13.730,-0.129,3.054,6.540,0.000,-33.91,0.0696,0.2964,0.2933,0.2727,0.5810,0.2775,0.9692
48,0,off,0,7,11,7.091,11.956,0.031,7.231,5.965,0.010,-31.72,0.2688,0.1589,0.1723,0.2522,0.2253,0.2735,0.9636
49,0,in_cluster,0,7,11,6.199,11.915,-0.149,6.029,5.965,0.010,-25.79,0.1162,0.1486,0.1526,0.1858,0.1012,0.2751,0.9542
50,1,off,0,4,8,154.153,174.932,2.533,136.213,19.054,0.000,-11891.35,0.9921,0.4474,0.4213,0.9984,0.6522,0.6933,1.0000
51,1,off,0,5,14,318.037,403.129,0.252,309.568,7.794,0.000,-50588.62,0.9968,1.0000,1.0000,0.9984,0.8522,1.0000,1.0000
52,1,off,0,5,14,269.892,340.134,1.807,263.511,7.794,0.000,-36435.59,0.9960,1.0000,1.0000,0.9992,1.0000,1.0000,1.0000
53,1,off,0,5,14,375.409,503.866,6.171,372.793,7.794,0.000,-70481.02,0.9992,0.9992,0.9992,0.9984,1.0000,1.0000,1.0000
54,0,off,0,5,14,64.961,66.926,2.018,52.302,7.794,0.000,-2124.87,0.7723,0.2237,0.2103,0.9818,0.9336,0.3020,0.5067
55,0,off,0,13,0,9.504,15.092,0.051,7.839,4.723,0.002,-56.09,0.1826,0.1715,0.1549,0.3178,0.6822,0.2300,0.4103
56,0,valley,1,15,1,6.912,8.886,0.128,4.129,5.698,0.000,-28.85,0.0040,0.1352,0.1360,0.1866,0.2561,0.2458,0.5028
57,0,in_cluster,0,15,1,6.450,9.933,0.009,4.935,5.698,0.000,-25.76,0.0063,0.1170,0.1170,0.1186,0.1676,0.2419,0.5360
58,0,in_cluster,0,3,14,3.988,16.818,-0.196,4.076,6.540,0.000,-20.31,0.0791,0.1407,0.1415,0.3391,0.7296,0.2482,0.4783
59,0,in_cluster,0,3,14,3.091,15.810,-0.188,2.880,6.540,0.000,-17.13,0.0846,0.2474,0.2538,0.1644,0.5099,0.1945,0.4791
60,0,in_cluster,0,3,11,5.657,16.226,0.302,5.334,12.336,0.000,-28.36,0.2696,0.1960,0.1976,0.3518,0.7257,0.1123,0.4538
61,0,in_cluster,0,7,15,3.723,11.070,0.044,3.337,6.871,0.000,-13.50,0.0000,0.1043,0.0980,0.0648,0.0719,0.1431,0.4609
62,0,in_cluster,0,7,11,4.107,12.618,-0.298,3.725,5.965,0.010,-15.01,0.0079,0.1051,0.0941,0.0933,0.1059,0.1518,0.4727
63,0,in_cluster,0,7,11,3.678,12.142,-0.223,3.554,5.965,0.010,-13.34,0.0119,0.1083,0.0901,0.0854,0.1067,0.1273,0.4451
64,0,in_cluster,0,4,6,5.448,6.889,-0.232,3.509,4.426,0.000,-24.60,0.0901,0.1660,0.1470,0.2229,0.4941,0.1312,0.4917
65,0,in_cluster,0,4,6,6.411,7.294,-0.241,3.837,4.426,0.000,-30.31,0.1020,0.2838,0.2419,0.2403,0.6522,0.1423,0.5217
66,0,beyond,0,10,2,6.807,10.227,-0.248,3.894,5.155,0.001,-29.67,0.0972,0.3146,0.2719,0.2158,0.8213,0.1328,0.4830
67,0,in_cluster,0,9,10,5.422,6.700,0.314,4.380,4.754,0.000,-25.50,0.1842,0.2972,0.2561,0.2261,0.7051,0.1407,0.4814
68,0,in_cluster,0,13,0,6.053,7.167,-0.065,3.193,4.723,0.002,-29.24,0.1383,0.2213,0.1787,0.2087,0.5123,0.0949,0.4719
69,0,beyond,0,13,0,6.729,8.295,-0.091,4.162,4.723,0.002,-33.56,0.1858,0.1573,0.1462,0.2277,0.4949,0.0206,0.4877
70,0,in_cluster,0,15,1,5.284,10.699,-0.171,3.831,5.698,0.000,-18.92,0.0395,0.1281,0.1249,0.1565,0.2285,0.0482,0.5249
71,0,in_cluster,0,15,1,4.483,10.497,-0.297,2.956,5.698,0.000,-15.01,0.0411,0.1146,0.1123,0.1075,0.1312,0.0609,0.5375
72,0,in_cluster,0,3,14,4.032,14.784,-0.150,3.616,6.540,0.000,-20.49,0.1755,0.2561,0.2577,0.1960,0.5281,0.1162,0.5842
73,0,in_cluster,0,3,14,3.908,15.447,-0.284,3.430,6.540,0.000,-19.99,0.1352,0.2545,0.2585,0.1605,0.5518,0.1012,0.5534
74,0,in_cluster,0,7,11,5.735,13.849,-0.439,4.406,5.965,0.010,-23.02,0.1787,0.1059,0.1020,0.1810,0.1534,0.0395,0.5723
75,0,in_cluster,0,7,15,5.195,12.427,0.149,4.310,6.871,0.000,-20.07,0.0364,0.0964,0.0862,0.0617,0.0482,0.0941,0.5929
76,0,in_cluster,0,7,11,4.758,12.720,-0.351,3.758,5.965,0.010,-17.90,0.0877,0.1020,0.0885,0.0704,0.0632,0.0838,0.5107
77,0,in_cluster,0,7,11,4.363,12.914,-0.367,3.578,5.965,0.010,-16.09,0.0893,0.1115,0.0964,0.0885,0.0854,0.1209,0.6000
78,0,in_cluster,0,3,14,6.665,16.415,-0.148,4.585,6.540,0.000,-34.57,0.1739,0.1510,0.1423,0.3447,0.8237,0.1660,0.8000
79,0,in_cluster,0,3,14,6.201,16.116,-0.269,5.214,6.540,0.000,-31.58,0.1462,0.3012,0.2783,0.2798,0.9518,0.2142,0.7628
80,0,valley,1,9,14,13.177,14.665,0.228,6.463,12.803,0.000,-97.65,0.4158,0.3099,0.2798,0.3968,0.9897,0.2498,0.6577
81,0,in_cluster,0,13,5,6.667,15.026,0.149,4.951,14.808,0.000,-33.15,0.1834,0.1953,0.1684,0.2719,0.8387,0.2514,0.6047
82,0,off,0,13,4,8.995,9.942,0.857,7.583,8.637,0.000,-51.38,0.2427,0.2126,0.1921,0.2585,0.6925,0.2277,0.6229
83,0,in_cluster,0,12,4,5.870,10.679,0.367,4.974,5.355,0.000,-32.02,0.2751,0.2846,0.2593,0.3423,0.9415,0.0704,0.6213
84,0,valley,1,12,4,9.019,12.063,0.688,5.549,5.355,0.000,-55.47,0.1960,0.2822,0.2490,0.2474,0.8071,0.2055,0.5755
85,0,valley,1,13,0,7.864,9.339,0.080,4.430,4.723,0.002,-41.84,0.1344,0.2443,0.1897,0.2664,0.8490,0.2221,0.5336
86,0,in_cluster,0,13,0,6.423,8.942,-0.009,3.647,4.723,0.002,-31.55,0.1265,0.1850,0.1518,0.2292,0.6040,0.1826,0.5368
87,0,in_cluster,0,15,1,4.648,11.274,-0.315,3.038,5.698,0.000,-15.76,0.0798,0.1462,0.1336,0.1534,0.2150,0.0198,0.5447
88,0,in_cluster,0,15,1,4.977,10.098,-0.268,2.716,5.698,0.000,-17.35,0.1012,0.1241,0.1154,0.1621,0.2364,0.0079,0.5478
89,0,in_cluster,0,15,7,6.213,8.129,0.411,4.735,6.871,0.000,-24.26,0.2324,0.1099,0.0988,0.1478,0.1257,0.1613,0.5233
90,0,in_cluster,0,3,14,4.179,14.550,-0.214,3.670,6.540,0.000,-21.09,0.2213,0.2466,0.2451,0.1668,0.4767,0.0759,0.4980
91,0,in_cluster,0,3,14,3.414,14.262,-0.233,3.079,6.540,0.000,-18.18,0.1043,0.2395,0.2403,0.1020,0.4522,0.0340,0.5170
92,0,in_cluster,0,7,15,4.843,11.801,-0.012,4.849,6.871,0.000,-18.30,0.2490,0.0909,0.0735,0.1202,0.0775,0.0466,0.5320
93,0,in_cluster,0,7,11,4.597,11.936,-0.171,3.920,5.965,0.010,-17.14,0.0775,0.0901,0.0680,0.0862,0.0680,0.0862,0.5684
94,0,in_cluster,0,7,11,4.635,11.959,-0.190,3.706,5.965,0.010,-17.32,0.1328,0.0925,0.0711,0.1004,0.0577,0.0071,0.5747
95,0,in_cluster,0,7,5,5.137,12.331,0.234,3.929,12.362,0.000,-19.77,0.2071,0.1067,0.0830,0.1154,0.1036,0.0087,0.6111
96,0,in_cluster,0,3,14,6.621,15.597,-0.194,5.216,6.540,0.000,-34.27,0.2332,0.2719,0.2609,0.2704,0.9265,0.0522,0.6482
97,0,in_cluster,0,3,14,5.716,13.946,-0.113,4.955,6.540,0.000,-28.69,0.0980,0.3059,0.2814,0.2759,0.9486,0.2403,0.6538
98,0,valley,1,13,5,11.260,13.943,0.254,6.108,14.808,0.000,-74.31,0.2063,0.1937,0.1621,0.2870,0.8285,0.2640,0.7123
99,0,valley,1,13,5,7.820,13.237,0.238,4.935,14.808,0.000,-41.50,0.1708,0.1976,0.1700,0.2680,0.7407,0.2561,0.8095
100,0,valley,1,12,4,6.802,11.059,0.603,5.484,5.355,0.000,-37.93,0.1731,0.2435,0.2087,0.2688,0.8079,0.1304,0.8071
101,0,valley,1,12,4,7.711,11.238,0.532,4.983,5.355,0.000,-44.53,0.1209,0.2783,0.2482,0.2395,0.8545,0.1652,0.6680
102,0,beyond,0,9,10,7.050,8.274,-0.053,4.961,4.754,0.000,-35.67,0.1399,0.2632,0.2111,0.2332,0.7012,0.2269,0.6103
103,0,valley,1,13,0,8.325,9.989,0.130,4.675,4.723,0.002,-45.58,0.1802,0.1881,0.1534,0.2419,0.6814,0.2071,0.6221
104,0,valley,1,13,0,8.546,8.823,0.032,5.135,4.723,0.002,-47.44,0.1945,0.1470,0.1320,0.2427,0.5202,0.0119,0.6364
105,0,in_cluster,0,15,1,6.550,10.494,-0.132,4.648,5.698,0.000,-26.41,0.1004,0.1186,0.1075,0.1802,0.2498,0.0032,0.6435
106,0,in_cluster,0,15,1,5.614,10.103,-0.191,3.927,5.698,0.000,-20.72,0.1494,0.1036,0.0870,0.1123,0.1202,0.0285,0.6356
107,0,in_cluster,0,3,14,3.965,13.806,-0.124,3.550,6.540,0.000,-20.22,0.1581,0.2292,0.2300,0.1708,0.4458,0.0364,0.6150
108,0,in_cluster,0,3,14,4.452,14.588,-0.204,3.855,6.540,0.000,-22.27,0.1336,0.2253,0.2364,0.1462,0.4538,0.0111,0.5605
109,0,in_cluster,0,7,11,5.697,12.509,-0.163,4.496,5.965,0.010,-22.80,0.2411,0.0806,0.0656,0.1794,0.1510,0.1028,0.4949
110,0,in_cluster,0,7,15,5.130,11.581,0.222,4.057,6.871,0.000,-19.73,0.1115,0.0719,0.0498,0.0672,0.0466,0.0213,0.4024
111,0,in_cluster,0,7,11,3.804,11.357,-0.144,3.640,5.965,0.010,-13.81,0.1075,0.0704,0.0458,0.0751,0.0601,0.0063,0.2514
112,0,in_cluster,0,7,11,4.291,11.825,-0.132,4.344,5.965,0.010,-15.78,0.1415,0.0791,0.0569,0.0925,0.0696,0.0166,0.1462
113,0,in_cluster,0,3,14,5.942,14.631,-0.068,3.957,6.540,0.000,-30.01,0.1518,0.1249,0.1202,0.3455,0.7597,0.0632,0.1375
114,0,in_cluster,0,3,14,5.181,14.486,-0.096,4.939,6.540,0.000,-25.78,0.0743,0.2814,0.2680,0.2593,0.9344,0.2008,0.1360
115,0,valley,1,14,9,13.603,14.360,0.752,6.248,12.803,0.000,-109.11,0.3866,0.2933,0.2688,0.3984,0.9921,0.2553,0.1194
116,0,in_cluster,0,13,5,6.295,14.103,0.221,5.187,14.808,0.000,-30.74,0.1913,0.1597,0.1478,0.2538,0.7700,0.2577,0.1004
117,0,valley,1,4,13,8.052,8.876,0.120,6.424,8.637,0.000,-42.18,0.2372,0.1810,0.1628,0.2458,0.6411,0.2451,0.1296
118,0,valley,1,12,4,6.938,9.188,0.307,5.066,5.355,0.000,-38.86,0.2680,0.2617,0.2269,0.3486,0.9249,0.1178,0.6419
119,0,valley,1,12,4,7.080,7.155,0.657,4.443,5.355,0.000,-35.34,0.1921,0.2585,0.2206,0.2055,0.6830,0.2435,0.1589
120,0,in_cluster,0,13,0,5.671,8.186,0.039,3.719,4.723,0.002,-27.00,0.0830,0.2063,0.1708,0.2387,0.7723,0.2530,0.1621
121,0,in_cluster,0,13,0,4.824,8.622,-0.014,3.723,4.723,0.002,-22.56,0.0735,0.1565,0.1439,0.1779,0.5320,0.2316,0.1455
122,0,in_cluster,0,15,1,6.068,8.620,0.059,3.454,5.698,0.000,-23.37,0.0964,0.1202,0.1209,0.1455,0.1953,0.1549,0.1399
123,0,in_cluster,0,15,1,4.848,9.535,-0.081,3.779,5.698,0.000,-16.72,0.0767,0.1028,0.1028,0.0877,0.1241,0.1296,0.1755
124,0,in_cluster,0,15,7,4.467,7.059,0.405,3.844,6.871,0.000,-14.94,0.1850,0.0727,0.0727,0.0261,0.0364,0.2087,0.1787
125,0,in_cluster,0,3,14,3.682,14.101,-0.084,3.510,6.540,0.000,-19.14,0.1534,0.2206,0.2348,0.1043,0.4032,0.0791,0.1565
126,0,in_cluster,0,3,14,3.309,14.373,-0.110,3.084,6.540,0.000,-17.83,0.0822,0.2150,0.2285,0.0822,0.4356,0.0957,0.1217
127,0,in_cluster,0,7,11,5.217,9.641,0.338,4.725,5.965,0.010,-20.18,0.2016,0.0585,0.0553,0.1146,0.1075,0.0933,0.1067
128,0,in_cluster,0,7,11,3.837,9.949,0.127,3.851,5.965,0.010,-13.93,0.0458,0.0553,0.0514,0.0237,0.0316,0.1439,0.1249
129,0,in_cluster,0,7,11,3.732,10.284,0.093,3.922,5.965,0.010,-13.54,0.0569,0.0648,0.0609,0.0245,0.0411,0.0411,0.1012
130,0,in_cluster,0,7,11,4.033,10.085,0.132,3.974,5.965,0.010,-14.71,0.0656,0.0775,0.0688,0.0458,0.0609,0.0174,0.1470
131,0,in_cluster,0,3,14,5.670,14.759,-0.009,4.525,6.540,0.000,-28.43,0.1818,0.2530,0.2553,0.2451,0.9051,0.1344,0.1486
132,0,in_cluster,0,3,14,5.045,14.412,0.037,4.605,6.540,0.000,-25.08,0.0229,0.2949,0.2735,0.2506,0.9352,0.2372,0.0988
133,0,in_cluster,0,13,5,5.823,14.711,0.184,4.200,14.808,0.000,-27.88,0.1723,0.1794,0.1565,0.2577,0.7194,0.2601,0.0798
134,0,in_cluster,0,13,5,5.339,14.254,0.193,4.768,14.808,0.000,-25.18,0.1241,0.1842,0.1613,0.2443,0.6917,0.2545,0.0814
135,0,in_cluster,0,4,12,6.312,7.779,0.329,5.868,5.355,0.000,-29.68,0.1391,0.2198,0.1937,0.2356,0.7083,0.2387,0.1866
136,0,in_cluster,0,4,12,5.104,7.168,0.346,4.244,5.355,0.000,-22.78,0.0949,0.2656,0.2356,0.2071,0.7494,0.2490,0.1557
137,0,valley,1,10,9,7.433,8.106,0.197,5.033,4.754,0.000,-34.12,0.1099,0.2490,0.2016,0.1937,0.5858,0.2609,0.1763
138,0,in_cluster,0,13,0,4.968,9.153,0.024,3.943,4.723,0.002,-23.27,0.0632,0.1787,0.1502,0.1771,0.5526,0.2593,0.1518
139,0,in_cluster,0,13,0,4.681,7.508,-0.113,2.909,4.723,0.002,-21.88,0.1470,0.1289,0.1312,0.1526,0.3960,0.2356,0.1383
140,0,in_cluster,0,15,1,4.858,9.849,0.010,3.783,5.698,0.000,-16.76,0.0372,0.1130,0.1130,0.1051,0.1565,0.2237,0.1099
141,0,in_cluster,0,15,1,4.436,9.526,-0.130,2.832,5.698,0.000,-14.80,0.0909,0.0980,0.1036,0.0632,0.1383,0.1905,0.0822
142,0,in_cluster,0,3,14,4.094,14.439,-0.062,3.998,6.540,0.000,-20.74,0.1170,0.2387,0.2466,0.1684,0.5028,0.1889,0.2277
143,0,in_cluster,0,3,14,2.823,14.079,-0.068,2.930,6.540,0.000,-16.34,0.0601,0.2324,0.2411,0.0538,0.3787,0.0617,0.1241
144,0,in_cluster,0,7,15,4.655,10.107,0.102,4.789,6.871,0.000,-17.41,0.2158,0.0696,0.0759,0.0759,0.0980,0.0719,0.0719
145,0,in_cluster,0,7,11,4.944,9.971,0.301,4.802,5.965,0.010,-18.80,0.0711,0.0625,0.0632,0.0332,0.0387,0.1494,0.0727
146,0,in_cluster,0,7,11,5.099,9.909,0.226,5.031,5.965,0.010,-19.57,0.2300,0.0617,0.0601,0.0727,0.0617,0.1644,0.0704
147,0,in_cluster,0,7,11,4.171,8.999,0.274,3.902,5.965,0.010,-15.27,0.0348,0.0593,0.0577,0.0119,0.0261,0.2158,0.1320
148,0,valley,1,7,11,7.129,9.989,0.317,5.979,5.965,0.010,-31.98,0.2625,0.0798,0.0743,0.0664,0.1810,0.1684,0.1233
149,0,in_cluster,0,4,6,4.581,5.834,-0.034,3.031,4.426,0.000,-20.25,0.0617,0.1929,0.1644,0.1715,0.4142,0.1368,0.1146
150,0,valley,1,10,12,7.032,10.353,0.093,5.721,11.789,0.000,-31.22,0.2514,0.3028,0.2632,0.2838,0.8711,0.1383,0.5850
151,0,in_cluster,0,10,9,4.528,7.886,0.131,5.151,4.754,0.000,-16.75,0.0577,0.2925,0.2569,0.1518,0.6348,0.1486,0.2198
152,0,in_cluster,0,13,0,5.557,5.909,0.011,3.498,4.723,0.002,-26.35,0.1257,0.2498,0.2040,0.2190,0.6901,0.1747,0.2593
153,0,in_cluster,0,13,0,4.972,5.747,-0.039,2.179,4.723,0.002,-23.28,0.0838,0.1755,0.1581,0.1225,0.3826,0.0964,0.2237
154,0,in_cluster,0,15,1,5.947,8.159,0.135,3.041,5.698,0.000,-22.65,0.1273,0.1233,0.1265,0.1265,0.1621,0.1099,0.1913
155,0,in_cluster,0,15,1,5.793,8.619,0.101,3.191,5.698,0.000,-21.74,0.1407,0.1075,0.1107,0.0988,0.1194,0.1375,0.1581
156,0,in_cluster,0,15,7,6.091,7.485,0.552,4.402,6.871,0.000,-23.51,0.2285,0.0885,0.1004,0.0419,0.0395,0.2134,0.1391
157,0,in_cluster,0,3,14,2.978,12.667,0.056,2.881,6.540,0.000,-16.79,0.0648,0.2316,0.2458,0.0917,0.3668,0.2229,0.1652
158,0,in_cluster,0,3,14,3.083,13.471,-0.091,2.793,6.540,0.000,-17.11,0.1320,0.2142,0.2340,0.1083,0.4292,0.1233,0.1265
159,0,in_cluster,0,7,11,6.494,10.137,0.518,6.007,5.965,0.010,-27.66,0.1573,0.0514,0.0545,0.0964,0.0656,0.1281,0.0751
160,0,in_cluster,0,7,11,5.242,9.446,0.407,5.099,5.965,0.010,-20.31,0.0198,0.0538,0.0585,0.0253,0.0300,0.1929,0.0656
161,0,in_cluster,0,7,11,4.673,8.595,0.376,4.162,5.965,0.010,-17.49,0.0190,0.0632,0.0648,0.0206,0.0292,0.0972,0.0593
162,0,in_cluster,0,7,11,5.002,8.923,0.383,4.467,5.965,0.010,-19.08,0.0308,0.0735,0.0719,0.0427,0.0435,0.1257,0.0617
163,0,in_cluster,0,4,6,4.615,6.025,-0.040,3.298,4.426,0.000,-20.41,0.0427,0.1320,0.1296,0.2134,0.4427,0.1067,0.0585
164,0,in_cluster,0,4,12,4.665,6.121,0.186,2.776,5.355,0.000,-20.64,0.0925,0.2553,0.2166,0.2308,0.5668,0.1621,0.1202
165,0,in_cluster,0,10,2,5.156,8.194,-0.108,2.945,5.155,0.001,-19.79,0.0585,0.3067,0.2672,0.1636,0.7289,0.1897,0.1668
166,0,in_cluster,0,10,9,4.980,6.656,-0.012,4.803,4.754,0.000,-18.90,0.1202,0.2870,0.2530,0.1842,0.5984,0.1937,0.2458
167,0,in_cluster,0,13,0,3.842,5.467,0.026,2.559,4.723,0.002,-18.30,0.0719,0.2016,0.1771,0.1233,0.3628,0.1787,0.1771
168,0,in_cluster,0,13,0,4.381,6.383,0.006,3.215,4.723,0.002,-20.52,0.1130,0.1478,0.1455,0.1383,0.3344,0.1731,0.1312
169,0,in_cluster,0,15,1,4.547,8.898,-0.026,2.586,5.698,0.000,-15.30,0.0387,0.1154,0.1241,0.1217,0.1249,0.1802,0.1130
170,0,in_cluster,0,15,1,4.369,9.968,-0.123,3.543,5.698,0.000,-14.51,0.0538,0.1004,0.1099,0.1336,0.1083,0.1470,0.1036
171,0,in_cluster,0,3,14,3.248,12.790,-0.002,3.202,6.540,0.000,-17.63,0.0862,0.2300,0.2435,0.1486,0.3953,0.2253,0.1478
172,0,in_cluster,0,3,14,1.992,12.575,-0.034,2.272,6.540,0.000,-14.34,0.0300,0.2190,0.2395,0.0324,0.3107,0.2119,0.1154
173,0,in_cluster,0,7,11,4.371,9.378,0.248,3.689,5.965,0.010,-16.13,0.1281,0.0577,0.0704,0.1067,0.0917,0.1565,0.0838
174,0,in_cluster,0,7,11,4.495,8.679,0.290,4.324,5.965,0.010,-16.68,0.0008,0.0435,0.0490,0.0348,0.0277,0.2332,0.0632
175,0,in_cluster,0,7,11,4.026,8.713,0.263,3.850,5.965,0.010,-14.68,0.0087,0.0474,0.0506,0.0150,0.0379,0.2213,0.0419
176,0,in_cluster,0,7,11,4.423,8.848,0.332,4.138,5.965,0.010,-16.36,0.0261,0.0609,0.0593,0.0316,0.0545,0.1708,0.0308
177,0,valley,1,7,11,7.595,10.053,0.345,6.183,5.965,0.010,-35.42,0.2561,0.0783,0.0767,0.1431,0.3036,0.1771,0.0277
178,0,in_cluster,0,4,6,4.039,5.999,-0.023,2.828,4.426,0.000,-17.91,0.0498,0.1897,0.1636,0.1881,0.4474,0.1605,0.0379
179,0,valley,1,10,2,7.149,9.325,0.059,5.802,5.155,0.001,-32.05,0.2498,0.3004,0.2617,0.2854,0.8585,0.1715,0.5874
180,0,in_cluster,0,10,9,4.251,6.550,0.195,4.540,4.754,0.000,-15.53,0.1146,0.2885,0.2522,0.1138,0.5676,0.1723,0.1668
181,0,in_cluster,0,13,0,5.145,6.295,0.044,3.831,4.723,0.002,-24.16,0.1613,0.2458,0.2024,0.2182,0.6198,0.2016,0.2561
182,0,in_cluster,0,13,0,4.951,5.725,0.003,3.323,4.723,0.002,-23.18,0.1107,0.1692,0.1573,0.1818,0.4024,0.1700,0.0854
183,0,in_cluster,0,15,1,4.403,9.094,-0.076,2.865,5.698,0.000,-14.66,0.0435,0.1209,0.1273,0.1059,0.1265,0.1146,0.0767
184,0,in_cluster,0,15,1,5.033,8.511,0.071,3.046,5.698,0.000,-17.63,0.0206,0.1012,0.1083,0.0972,0.0933,0.1842,0.1091
185,0,in_cluster,0,15,7,6.275,7.662,0.477,5.195,6.871,0.000,-24.65,0.1217,0.0814,0.0909,0.0656,0.0474,0.2198,0.1605
186,0,in_cluster,0,3,14,3.255,12.795,-0.012,3.235,6.540,0.000,-17.66,0.1557,0.2261,0.2443,0.0711,0.3676,0.2174,0.1834
187,0,in_cluster,0,3,14,2.624,13.040,-0.051,2.579,6.540,0.000,-15.80,0.0285,0.2079,0.2308,0.0474,0.3439,0.1399,0.0395
188,0,in_cluster,0,7,11,5.324,8.902,0.476,4.778,5.965,0.010,-20.75,0.1233,0.0427,0.0435,0.0395,0.0332,0.0814,0.0340
189,0,in_cluster,0,7,11,4.784,8.469,0.382,4.125,5.965,0.010,-18.02,0.0103,0.0403,0.0427,0.0300,0.0206,0.2150,0.0253
190,0,in_cluster,0,7,11,5.040,8.467,0.445,4.395,5.965,0.010,-19.28,0.0182,0.0451,0.0466,0.0277,0.0324,0.2000,0.0237
191,0,in_cluster,0,7,11,5.570,8.723,0.480,4.963,5.965,0.010,-22.08,0.0221,0.0561,0.0561,0.0530,0.0514,0.1462,0.0261
192,0,in_cluster,0,4,6,4.974,5.252,0.009,2.429,4.426,0.000,-22.02,0.0245,0.1225,0.1194,0.1581,0.4174,0.1866,0.0530
193,0,in_cluster,0,4,12,4.315,5.758,0.228,2.309,5.355,0.000,-19.07,0.0751,0.2411,0.1992,0.1628,0.4632,0.2348,0.0830
194,0,in_cluster,0,10,2,5.208,7.588,0.027,2.429,5.155,0.001,-20.06,0.0419,0.2996,0.2625,0.1494,0.6055,0.2308,0.1668
195,0,in_cluster,0,10,2,4.493,7.474,0.020,2.751,5.155,0.001,-16.59,0.1296,0.2775,0.2379,0.2008,0.6206,0.1881,0.2387
196,0,in_cluster,0,13,0,4.375,5.458,0.066,2.618,4.723,0.002,-20.49,0.1083,0.1968,0.1676,0.1344,0.3739,0.2040,0.1636
197,0,in_cluster,0,13,0,4.845,6.375,0.025,3.409,4.723,0.002,-22.66,0.1059,0.1375,0.1399,0.1597,0.3407,0.1874,0.0854
198,0,in_cluster,0,15,1,4.899,9.412,-0.021,3.769,5.698,0.000,-16.96,0.0277,0.1123,0.1178,0.0806,0.0901,0.1502,0.1178
199,0,in_cluster,0,15,1,5.915,8.920,0.021,4.302,5.698,0.000,-22.45,0.0324,0.0877,0.1012,0.0870,0.0711,0.1850,0.1779
200,0,in_cluster,0,3,14,4.112,13.204,-0.072,3.781,6.540,0.000,-20.81,0.1810,0.1889,0.2071,0.1945,0.4917,0.1976,0.2032
201,0,in_cluster,0,3,14,2.877,12.606,-0.034,2.786,6.540,0.000,-16.50,0.0664,0.2095,0.2372,0.0601,0.3194,0.1225,0.0372
202,0,in_cluster,0,7,11,6.085,9.009,0.333,5.529,5.965,0.010,-25.09,0.1249,0.0838,0.0972,0.1692,0.3510,0.1202,0.0435
203,0,in_cluster,0,7,11,4.200,8.402,0.348,3.720,5.965,0.010,-15.39,0.0032,0.0379,0.0379,0.0047,0.0047,0.2024,0.0348
204,0,in_cluster,0,7,11,4.999,8.727,0.455,4.532,5.965,0.010,-19.07,0.0474,0.0395,0.0395,0.0285,0.0229,0.2032,0.0292
205,0,in_cluster,0,7,11,5.376,8.491,0.475,4.423,5.965,0.010,-21.03,0.0150,0.0466,0.0411,0.0451,0.0451,0.1676,0.0285
206,0,in_cluster,0,7,11,5.900,8.652,0.357,4.533,5.965,0.010,-23.98,0.1502,0.0569,0.0482,0.0688,0.1834,0.1794,0.0316
207,0,in_cluster,0,4,6,4.025,5.103,0.020,2.310,4.426,0.000,-17.86,0.0885,0.1739,0.1510,0.1352,0.4300,0.1739,0.0387
208,0,in_cluster,0,12,4,4.766,13.609,-0.017,3.965,5.355,0.000,-26.15,0.1905,0.2877,0.2514,0.3597,0.8656,0.2285,0.6458
209,0,in_cluster,0,10,9,4.238,6.583,0.140,4.549,4.754,0.000,-15.48,0.1178,0.2830,0.2427,0.0980,0.4980,0.2206,0.1668
210,0,in_cluster,0,0,13,6.116,7.303,0.868,4.861,4.723,0.002,-32.20,0.0996,0.2482,0.2032,0.2126,0.6340,0.0980,0.2672
211,0,in_cluster,0,13,0,4.577,5.406,0.094,2.378,4.723,0.002,-21.40,0.0451,0.1628,0.1494,0.1249,0.3455,0.0680,0.0854
212,0,in_cluster,0,15,1,6.025,8.110,0.097,2.931,5.698,0.000,-23.11,0.0870,0.1138,0.1217,0.0846,0.0925,0.0767,0.0980
213,0,in_cluster,0,15,1,6.304,7.872,0.108,3.029,5.698,0.000,-24.83,0.0561,0.0941,0.1043,0.0814,0.0846,0.1534,0.1510
214,0,in_cluster,0,15,7,5.536,7.332,0.476,3.458,6.871,0.000,-20.29,0.1289,0.0688,0.0822,0.0593,0.0458,0.1984,0.1905
215,0,in_cluster,0,3,14,3.238,12.289,-0.017,3.108,6.540,0.000,-17.60,0.1700,0.2055,0.2292,0.0569,0.3478,0.1810,0.2008
216,0,in_cluster,0,3,14,3.024,12.658,-0.097,2.518,6.540,0.000,-16.93,0.0688,0.1945,0.2134,0.0996,0.4008,0.0387,0.0458
217,0,in_cluster,0,7,11,5.893,9.469,0.535,5.411,5.965,0.010,-23.94,0.2553,0.0356,0.0348,0.0640,0.0403,0.0403,0.0403
218,0,in_cluster,0,7,11,5.965,8.956,0.573,5.291,5.965,0.010,-24.37,0.0332,0.0372,0.0364,0.0372,0.0237,0.2111,0.0269
219,0,in_cluster,0,7,11,4.783,8.648,0.426,4.268,5.965,0.010,-18.01,0.0490,0.0411,0.0387,0.0142,0.0245,0.0885,0.0245
220,0,in_cluster,0,7,11,4.856,8.503,0.403,4.091,5.965,0.010,-18.37,0.0530,0.0522,0.0403,0.0158,0.0253,0.0324,0.0680
221,0,in_cluster,0,4,6,4.378,5.103,0.067,2.569,4.426,0.000,-19.33,0.0134,0.1194,0.1162,0.1723,0.3802,0.0458,0.0577
222,0,in_cluster,0,4,6,4.317,5.282,0.046,2.724,4.426,0.000,-19.07,0.0854,0.2364,0.1929,0.1787,0.4530,0.0514,0.1138
223,0,in_cluster,0,10,2,5.128,7.087,0.042,2.471,5.155,0.001,-19.65,0.0522,0.2917,0.2545,0.1115,0.5755,0.1542,0.1668
224,0,in_cluster,0,10,2,5.206,7.141,0.076,3.156,5.155,0.001,-20.05,0.1304,0.2688,0.2229,0.1763,0.5644,0.1597,0.2419
225,0,in_cluster,0,0,13,5.311,5.687,0.862,3.501,4.723,0.002,-26.62,0.1763,0.1866,0.1605,0.2040,0.4443,0.0877,0.1660
226,0,in_cluster,0,13,0,5.313,5.362,0.098,2.889,4.723,0.002,-24.98,0.1455,0.1265,0.1304,0.2032,0.3834,0.0300,0.0854
227,0,in_cluster,0,15,1,5.951,7.930,0.126,3.557,5.698,0.000,-22.67,0.0158,0.0949,0.1059,0.0909,0.1375,0.0751,0.1281
228,0,in_cluster,0,15,1,5.081,7.547,0.101,2.384,5.698,0.000,-17.87,0.0126,0.0672,0.0838,0.0387,0.0522,0.1415,0.1818
229,0,in_cluster,0,3,14,2.295,11.516,0.025,2.304,6.540,0.000,-14.99,0.1715,0.1802,0.1913,0.1660,0.5415,0.1320,0.2142
230,0,in_cluster,0,3,14,2.801,11.512,0.041,2.392,6.540,0.000,-16.28,0.0466,0.1921,0.2174,0.0767,0.4253,0.0253,0.0300
231,0,valley,1,7,11,6.923,7.946,0.578,5.548,5.965,0.010,-30.54,0.1439,0.0545,0.0696,0.2269,0.4680,0.0316,0.0324
232,0,in_cluster,0,7,11,4.768,7.285,0.493,3.865,5.965,0.010,-17.94,0.0055,0.0229,0.0253,0.0024,0.0071,0.1921,0.0229
233,0,in_cluster,0,7,11,4.245,7.106,0.463,3.318,5.965,0.010,-15.59,0.0024,0.0245,0.0269,0.0055,0.0063,0.2182,0.0198
234,0,in_cluster,0,7,11,4.225,7.209,0.407,3.316,5.965,0.010,-15.50,0.0095,0.0261,0.0277,0.0095,0.0150,0.1059,0.0182
235,0,valley,1,7,11,6.851,8.909,0.328,5.938,5.965,0.010,-30.04,0.2474,0.0332,0.0316,0.1739,0.2972,0.0696,0.0206
236,0,in_cluster,0,6,4,4.321,4.544,0.798,2.580,4.426,0.000,-19.28,0.0340,0.1526,0.1447,0.1178,0.3502,0.2063,0.0221
237,0,valley,1,12,10,7.334,10.064,0.544,5.445,11.789,0.000,-41.69,0.2585,0.2727,0.2316,0.3605,0.8980,0.2395,0.6466
238,0,in_cluster,0,10,2,4.114,5.527,0.202,1.770,5.155,0.001,-14.96,0.1067,0.2640,0.2182,0.0585,0.4719,0.1478,0.1668
239,0,in_cluster,0,0,13,4.592,5.010,0.699,3.135,4.723,0.002,-23.03,0.1368,0.2047,0.1755,0.1834,0.5209,0.0854,0.2759
240,0,in_cluster,0,0,13,3.635,4.540,0.701,1.428,4.723,0.002,-19.83,0.0166,0.1328,0.1344,0.0893,0.2577,0.0545,0.0854
241,0,in_cluster,0,15,1,4.745,7.231,0.228,2.724,5.698,0.000,-16.22,0.0379,0.0870,0.0917,0.1257,0.1170,0.0893,0.0996
242,0,in_cluster,0,15,1,5.487,6.652,0.264,2.590,5.698,0.000,-20.02,0.0403,0.0530,0.0672,0.0435,0.0593,0.0648,0.1549
243,0,in_cluster,0,15,11,6.233,6.446,0.597,3.551,8.847,0.000,-24.38,0.0933,0.0340,0.0419,0.0269,0.0221,0.1447,0.1897
244,0,in_cluster,0,3,14,2.703,10.240,0.086,2.191,6.540,0.000,-16.01,0.1660,0.1818,0.2079,0.0466,0.2783,0.1170,0.2055
245,1,in_cluster,0,3,14,2.640,10.960,0.021,1.617,6.540,0.000,-15.84,0.1225,0.1715,0.1929,0.0980,0.3668,0.0419,0.0719
246,1,in_cluster,0,7,11,5.615,5.683,0.758,3.731,5.965,0.010,-22.22,0.2206,0.0174,0.0245,0.0253,0.0166,0.0925,0.0822
247,1,in_cluster,0,7,11,5.213,5.907,0.667,4.110,5.965,0.010,-20.16,0.0435,0.0182,0.0245,0.0040,0.0040,0.0545,0.0783
248,1,in_cluster,0,11,7,5.056,5.518,0.238,3.465,5.965,0.010,-20.66,0.0451,0.0213,0.0245,0.0008,0.0008,0.0419,0.0522
249,0,in_cluster,0,11,7,5.270,5.998,0.244,3.979,5.965,0.010,-22.07,0.0545,0.0253,0.0261,0.0087,0.0055,0.0783,0.0443
250,0,in_cluster,0,6,4,3.884,5.197,0.568,2.792,4.426,0.000,-18.08,0.0672,0.1273,0.1257,0.1312,0.3067,0.1217,0.0972
251,0,in_cluster,0,12,6,4.860,5.162,0.674,3.962,4.289,0.003,-23.79,0.1636,0.2522,0.2126,0.1897,0.5067,0.2095,0.4870
252,0,in_cluster,0,2,10,4.149,6.477,0.579,2.481,5.155,0.001,-20.73,0.1794,0.2664,0.2245,0.0514,0.4609,0.1834,0.2466
253,0,in_cluster,0,0,9,3.932,6.920,0.619,2.879,5.806,0.000,-21.24,0.1028,0.2269,0.1874,0.1889,0.5652,0.0917,0.2822
254,0,in_cluster,0,0,13,3.544,5.051,0.630,2.452,4.723,0.002,-19.77,0.0609,0.1455,0.1391,0.1241,0.3281,0.0182,0.1850
255,0,in_cluster,0,15,1,5.380,7.049,0.195,3.557,5.698,0.000,-19.43,0.2190,0.0862,0.0933,0.0775,0.0957,0.0332,0.0854
256,0,in_cluster,0,15,1,5.161,7.474,0.260,4.007,5.698,0.000,-18.28,0.1589,0.0443,0.0617,0.0609,0.0585,0.0427,0.0806
257,0,in_cluster,0,15,1,5.960,7.276,0.266,4.069,5.698,0.000,-22.72,0.2316,0.0277,0.0372,0.0482,0.0356,0.1036,0.1186
258,0,in_cluster,0,3,14,3.553,9.394,0.129,2.632,6.540,0.000,-18.67,0.2087,0.1652,0.1945,0.1162,0.2870,0.2103,0.1423
259,0,in_cluster,0,3,14,2.830,9.899,-0.040,1.819,6.540,0.000,-16.36,0.2237,0.1549,0.1810,0.0553,0.2648,0.0474,0.0079
260,0,in_cluster,0,11,7,5.760,6.246,0.293,3.532,5.965,0.010,-24.60,0.1968,0.0040,0.0134,0.0783,0.0340,0.0095,0.0047
261,0,in_cluster,0,7,11,5.143,6.022,0.490,3.575,5.965,0.010,-19.80,0.1565,0.0024,0.0095,0.0000,0.0000,0.1953,0.0016
262,0,in_cluster,0,7,11,5.081,6.532,0.374,3.716,5.965,0.010,-19.48,0.1984,0.0055,0.0126,0.0040,0.0016,0.1455,0.0008
263,0,in_cluster,0,7,11,5.100,6.564,0.394,3.852,5.965,0.010,-19.58,0.2079,0.0134,0.0166,0.0063,0.0087,0.0822,0.0000
264,0,in_cluster,0,6,12,4.411,7.980,-0.004,3.669,4.289,0.003,-20.27,0.2103,0.1091,0.1051,0.1281,0.3186,0.1779,0.0111
265,0,in_cluster,0,12,6,3.837,4.195,0.687,3.008,4.289,0.003,-19.28,0.2387,0.2158,0.1794,0.1368,0.4435,0.1154,0.3668
266,0,in_cluster,0,2,10,4.330,7.787,0.449,2.757,5.155,0.001,-21.50,0.2261,0.2609,0.2158,0.1439,0.5597,0.0490,0.1668
267,0,in_cluster,0,0,9,4.283,8.796,0.579,2.934,5.806,0.000,-22.68,0.2008,0.2332,0.1850,0.2672,0.6806,0.0711,0.2980
268,0,in_cluster,0,0,13,2.502,7.948,0.307,2.098,4.723,0.002,-16.64,0.2482,0.1391,0.1328,0.0798,0.3296,0.0245,0.0854
269,0,valley,1,15,1,6.987,7.227,0.356,4.653,5.698,0.000,-29.37,0.2727,0.0680,0.0791,0.1012,0.1613,0.0269,0.0854
270,0,in_cluster,0,15,1,5.808,6.371,0.260,3.493,5.698,0.000,-21.83,0.2150,0.0387,0.0538,0.0561,0.0569,0.0237,0.0466
271,0,in_cluster,0,15,1,5.612,6.155,0.273,3.225,5.698,0.000,-20.71,0.2379,0.0269,0.0340,0.0166,0.0308,0.0664,0.0775
272,0,in_cluster,0,3,14,2.866,8.239,0.064,1.739,6.540,0.000,-16.46,0.2435,0.1676,0.2000,0.0340,0.2569,0.0292,0.1020
273,0,in_cluster,0,3,14,2.915,9.495,-0.045,1.707,6.540,0.000,-16.60,0.2024,0.1605,0.1842,0.0443,0.3083,0.0047,0.0071
274,0,in_cluster,0,7,11,5.655,6.961,0.313,3.197,5.965,0.010,-22.56,0.2095,0.0095,0.0158,0.0498,0.0372,0.0451,0.0356
275,0,in_cluster,0,7,11,6.062,8.355,0.111,4.703,5.965,0.010,-24.95,0.1676,0.0087,0.0103,0.0490,0.0190,0.0016,0.0609
276,0,in_cluster,0,7,11,5.874,8.694,0.074,4.757,5.965,0.010,-23.82,0.1375,0.0142,0.0142,0.0506,0.0213,0.0055,0.0364
277,0,in_cluster,0,7,11,5.355,7.685,0.231,4.178,5.965,0.010,-20.91,0.1692,0.0174,0.0174,0.0292,0.0174,0.0727,0.0696
278,0,in_cluster,0,6,12,2.806,8.338,-0.090,2.680,4.289,0.003,-14.48,0.1186,0.0957,0.0854,0.1502,0.3431,0.0625,0.1273
279,0,in_cluster,0,6,12,4.188,4.202,0.248,2.890,4.289,0.003,-19.30,0.2047,0.1992,0.1668,0.1296,0.4364,0.0348,0.2372
280,0,in_cluster,0,2,9,4.608,5.435,0.436,2.598,5.624,0.000,-22.68,0.2356,0.2625,0.2190,0.1510,0.5304,0.0190,0.1668
281,0,in_cluster,0,2,10,4.174,8.134,0.441,2.587,5.155,0.001,-20.83,0.2308,0.2340,0.1818,0.2095,0.5549,0.0008,0.2609
282,0,in_cluster,0,0,13,3.666,9.429,0.361,2.957,4.723,0.002,-20.23,0.2443,0.1447,0.1289,0.1209,0.3565,0.0000,0.1162
283,0,in_cluster,0,0,13,4.626,9.582,0.462,3.462,4.723,0.002,-24.21,0.2601,0.0830,0.0798,0.1407,0.3130,0.0024,0.1644
284,0,in_cluster,0,15,5,5.489,9.446,0.362,3.199,11.997,0.000,-20.03,0.1889,0.0458,0.0530,0.0791,0.1115,0.0040,0.1842
285,0,in_cluster,0,15,5,5.436,9.225,0.374,2.912,11.997,0.000,-19.74,0.1937,0.0316,0.0356,0.0577,0.0625,0.0221,0.1889
286,0,in_cluster,0,3,14,3.434,9.652,-0.001,2.188,6.540,0.000,-18.25,0.2395,0.1771,0.1953,0.1470,0.4055,0.0126,0.2134
287,0,in_cluster,0,3,14,2.825,10.512,-0.086,1.912,6.540,0.000,-16.35,0.1542,0.1684,0.1905,0.0364,0.3051,0.0134,0.1534
288,0,in_cluster,0,7,11,5.445,7.474,0.301,3.954,5.965,0.010,-21.40,0.2126,0.0166,0.0198,0.1850,0.1399,0.0103,0.0783
289,0,in_cluster,0,7,11,5.978,7.945,0.250,4.764,5.965,0.010,-24.44,0.1154,0.0103,0.0071,0.0111,0.0119,0.0561,0.1043
290,0,in_cluster,0,7,11,5.334,7.667,0.235,4.119,5.965,0.010,-20.80,0.0806,0.0119,0.0079,0.0079,0.0134,0.0870,0.0964
291,0,in_cluster,0,7,11,5.405,7.486,0.278,4.104,5.965,0.010,-21.18,0.0941,0.0158,0.0087,0.0174,0.0427,0.1130,0.1170
292,0,in_cluster,0,6,12,3.791,9.378,-0.046,3.521,4.289,0.003,-17.73,0.1091,0.0640,0.0451,0.1613,0.3850,0.0909,0.2158
293,0,in_cluster,0,6,12,3.535,4.303,0.108,2.648,4.289,0.003,-16.79,0.1668,0.1834,0.1557,0.1107,0.3692,0.1107,0.1992
294,0,in_cluster,0,2,10,4.528,8.427,0.520,2.340,5.155,0.001,-22.37,0.1478,0.2672,0.2213,0.1194,0.5439,0.1763,0.2229
295,0,in_cluster,0,2,9,4.280,5.570,0.499,2.272,5.624,0.000,-21.28,0.1510,0.2419,0.1881,0.1755,0.5036,0.1051,0.2245
296,0,in_cluster,0,0,13,3.593,6.895,0.477,1.924,4.723,0.002,-19.96,0.1628,0.1542,0.1383,0.0719,0.3059,0.1043,0.1881
297,0,in_cluster,0,0,13,3.548,7.050,0.530,1.926,4.723,0.002,-19.80,0.1779,0.0972,0.0893,0.0743,0.2632,0.0775,0.0854
298,0,in_cluster,0,15,1,4.730,9.822,0.050,4.863,5.698,0.000,-16.15,0.1194,0.0482,0.0443,0.1170,0.1178,0.0435,0.0625
299,0,in_cluster,0,15,1,4.290,8.698,0.059,4.164,5.698,0.000,-14.16,0.1123,0.0308,0.0300,0.0522,0.0648,0.0672,0.0538
300,0,in_cluster,0,3,14,2.779,11.009,-0.072,2.315,6.540,0.000,-16.22,0.1644,0.1383,0.1589,0.1913,0.4640,0.0379,0.0545
301,1,in_cluster,0,3,14,3.264,11.147,-0.118,2.178,6.540,0.000,-17.68,0.1684,0.1652,0.1834,0.0585,0.3249,0.0229,0.0680
302,1,beyond,0,7,11,6.742,9.717,-0.033,5.863,5.965,0.010,-29.30,0.1621,0.0364,0.0379,0.1842,0.3447,0.0158,0.0648
303,0,in_cluster,0,7,11,5.656,9.600,0.008,5.189,5.965,0.010,-22.57,0.0237,0.0047,0.0047,0.0071,0.0040,0.0142,0.1051
304,0,in_cluster,0,7,11,5.001,8.221,0.186,4.312,5.965,0.010,-19.08,0.0514,0.0111,0.0055,0.0198,0.0103,0.0229,0.2024
305,0,in_cluster,0,7,11,4.991,7.791,0.182,3.731,5.965,0.010,-19.03,0.0316,0.0150,0.0063,0.0190,0.0142,0.0372,0.2174
306,1,valley,1,7,11,7.543,8.600,0.206,5.558,5.965,0.010,-35.02,0.2601,0.0213,0.0126,0.0704,0.1209,0.0601,0.2522
307,1,in_cluster,0,6,12,3.429,6.097,-0.119,2.652,4.289,0.003,-16.42,0.0877,0.1368,0.1233,0.1628,0.3581,0.0427,0.3004
308,1,in_cluster,0,12,2,4.341,15.683,0.017,2.800,10.421,0.000,-24.22,0.1549,0.2585,0.2071,0.3597,0.8925,0.0806,0.6466
309,0,in_cluster,0,9,2,3.717,4.850,0.473,2.304,5.624,0.000,-17.74,0.1225,0.2514,0.2008,0.1289,0.4972,0.1265,0.1668
310,1,in_cluster,0,0,9,5.559,7.133,0.585,3.276,5.806,0.000,-28.96,0.1455,0.1921,0.1597,0.2324,0.5779,0.1431,0.2522
311,1,in_cluster,0,0,13,5.746,5.894,0.639,2.997,4.723,0.002,-28.13,0.1249,0.1257,0.1233,0.1652,0.3146,0.1186,0.2419
312,1,valley,1,15,5,10.210,11.087,0.293,3.278,11.997,0.000,-57.08,0.1874,0.0704,0.0798,0.1850,0.1423,0.0482,0.2253
313,0,in_cluster,0,15,1,5.983,8.588,0.162,5.426,5.698,0.000,-22.86,0.0917,0.0324,0.0285,0.0696,0.0727,0.0640,0.2640
314,0,in_cluster,0,15,7,5.610,6.821,0.486,4.499,6.871,0.000,-20.70,0.1051,0.0182,0.0190,0.0182,0.0182,0.1020,0.2435
315,0,in_cluster,0,3,14,2.837,10.224,0.036,1.827,6.540,0.000,-16.38,0.1486,0.1621,0.1802,0.0403,0.2743,0.0506,0.2206
316,0,in_cluster,0,3,14,2.847,11.551,-0.049,1.385,6.540,0.000,-16.41,0.0482,0.1534,0.1747,0.0957,0.3447,0.0601,0.1597
317,0,in_cluster,0,7,11,4.619,7.435,0.186,3.314,5.965,0.010,-17.24,0.2206,0.0016,0.0024,0.0221,0.0126,0.0735,0.0711
318,0,in_cluster,0,7,11,4.064,7.173,0.207,3.106,5.965,0.010,-14.83,0.0443,0.0032,0.0008,0.0016,0.0008,0.0498,0.0759
319,0,in_cluster,0,7,11,4.812,7.376,0.222,3.705,5.965,0.010,-18.15,0.0356,0.0063,0.0032,0.0126,0.0111,0.0585,0.0743
320,0,off,0,5,3,12.633,14.473,0.034,6.737,15.239,0.000,-94.68,0.3051,0.0348,0.0245,0.1328,0.2925,0.0688,0.0640
321,0,in_cluster,0,12,4,6.338,9.043,0.810,2.932,5.355,0.000,-34.88,0.2245,0.1415,0.1368,0.1573,0.3763,0.2474,0.0688
322,0,valley,1,2,12,10.164,10.836,0.540,6.474,10.421,0.000,-63.77,0.2798,0.2427,0.2047,0.2047,0.6008,0.2427,0.2838
323,0,in_cluster,0,9,2,5.172,5.947,0.555,3.499,5.624,0.000,-24.20,0.1605,0.2648,0.2277,0.1130,0.5051,0.2379,0.2680
324,0,valley,1,0,13,6.854,9.472,0.438,5.434,4.723,0.002,-37.00,0.1953,0.1763,0.1542,0.1676,0.5407,0.1083,0.1328
325,0,in_cluster,0,0,13,4.942,6.948,0.523,2.499,4.723,0.002,-25.72,0.2253,0.0711,0.0664,0.0838,0.2672,0.0150,0.0854
326,0,in_cluster,0,15,1,5.193,7.743,0.269,4.566,5.698,0.000,-18.44,0.1526,0.0364,0.0332,0.0411,0.0553,0.0158,0.0735
327,0,in_cluster,0,15,1,5.294,7.205,0.303,4.369,5.698,0.000,-18.97,0.1431,0.0206,0.0213,0.0308,0.0443,0.0553,0.0664
328,0,in_cluster,0,15,11,6.563,7.670,0.501,2.684,8.847,0.000,-26.50,0.2111,0.0126,0.0150,0.0103,0.0198,0.1091,0.0601
329,0,in_cluster,0,3,14,2.646,10.117,-0.037,1.950,6.540,0.000,-15.86,0.2198,0.1494,0.1692,0.1375,0.3810,0.0996,0.0569
330,0,in_cluster,0,3,14,3.288,11.047,-0.113,2.450,6.540,0.000,-17.76,0.2040,0.1502,0.1731,0.0545,0.3304,0.0743,0.0672
331,0,in_cluster,0,7,11,5.269,6.380,0.435,3.108,5.965,0.010,-20.46,0.1897,0.0079,0.0119,0.1273,0.1051,0.0569,0.0648
332,0,in_cluster,0,7,11,5.113,7.293,0.271,3.994,5.965,0.010,-19.65,0.1036,0.0000,0.0000,0.0134,0.0095,0.0356,0.0506
333,0,in_cluster,0,7,11,4.596,6.951,0.293,3.502,5.965,0.010,-17.14,0.0727,0.0008,0.0016,0.0008,0.0024,0.0308,0.0490
334,0,in_cluster,0,7,11,5.009,6.939,0.305,3.650,5.965,0.010,-19.12,0.0759,0.0071,0.0040,0.0032,0.0032,0.0577,0.0498
335,0,in_cluster,0,6,4,4.054,7.936,0.545,2.957,4.426,0.000,-18.76,0.0593,0.0822,0.0640,0.1091,0.2719,0.0830,0.0561
336,0,in_cluster,0,6,12,4.303,4.626,0.236,3.309,4.289,0.003,-19.79,0.1447,0.1905,0.1597,0.0949,0.3597,0.1336,0.1542
337,0,in_cluster,0,2,9,5.049,6.776,0.517,2.933,5.624,0.000,-24.87,0.1621,0.2601,0.2119,0.1320,0.5091,0.1075,0.1668
338,0,in_cluster,0,2,10,4.603,6.687,0.499,2.600,5.155,0.001,-22.72,0.1747,0.2245,0.1779,0.2221,0.5708,0.1004,0.2806
339,0,in_cluster,0,0,13,3.120,7.238,0.453,1.996,4.723,0.002,-18.37,0.1549,0.1304,0.1225,0.0830,0.3075,0.0798,0.1123
340,0,in_cluster,0,0,13,4.565,7.294,0.557,2.473,4.723,0.002,-23.93,0.2174,0.0664,0.0625,0.1542,0.2980,0.0261,0.0854
341,0,off,0,15,1,8.156,10.298,0.193,7.263,5.698,0.000,-38.22,0.1684,0.0656,0.0806,0.1036,0.1233,0.3312,0.8545
342,1,in_cluster,0,15,1,6.138,9.181,0.173,5.630,5.698,0.000,-23.80,0.0941,0.0458,0.0640,0.0727,0.0632,0.3565,0.0711
343,1,valley,1,3,14,10.880,12.425,0.020,6.016,6.540,0.000,-71.55,0.3755,0.1257,0.1534,0.2988,0.3202,0.4071,0.4277
344,1,off,0,3,14,9.859,11.919,0.124,6.886,6.540,0.000,-60.95,0.2893,0.3360,0.3241,0.3209,0.6458,1.0000,0.9874
345,1,off,0,14,3,11.412,11.777,0.706,7.298,6.540,0.000,-81.02,0.3478,0.3787,0.3613,0.3391,0.9399,0.9921,0.9826
346,0,off,0,14,3,11.709,22.451,0.584,9.605,6.540,0.000,-85.16,0.5589,0.3091,0.2862,0.3621,0.9534,0.2292,0.9012
347,0,valley,1,0,13,8.927,9.770,0.507,5.078,4.723,0.002,-53.35,0.2182,0.1399,0.1352,0.2877,0.6158,0.2324,0.7170
348,0,valley,1,15,1,6.713,7.355,0.369,5.071,5.698,0.000,-27.49,0.2277,0.0846,0.0877,0.1589,0.1794,0.2166,0.2648
349,0,in_cluster,0,15,1,5.492,8.197,0.221,4.983,5.698,0.000,-20.04,0.0269,0.0490,0.0522,0.0680,0.0877,0.1913,0.0522
350,0,in_cluster,0,15,1,4.713,8.004,0.198,3.996,5.698,0.000,-16.07,0.0640,0.0300,0.0292,0.1415,0.0783,0.1968,0.0427
351,0,in_cluster,0,3,14,3.754,10.404,-0.105,1.951,6.540,0.000,-19.40,0.2055,0.1557,0.1739,0.1953,0.4514,0.1960,0.0411
352,0,in_cluster,0,3,14,2.973,10.271,-0.053,1.654,6.540,0.000,-16.77,0.0783,0.1644,0.1826,0.0625,0.3170,0.1992,0.0474
353,0,in_cluster,0,7,11,5.628,8.947,0.300,5.198,5.965,0.010,-22.41,0.1866,0.0292,0.0308,0.1304,0.1407,0.2340,0.0451
354,0,in_cluster,0,7,11,6.437,9.662,0.249,6.165,5.965,0.010,-27.29,0.0213,0.0190,0.0221,0.0379,0.0285,0.2126,0.0514
355,0,in_cluster,0,7,11,5.755,8.660,0.246,5.056,5.965,0.010,-23.13,0.0142,0.0198,0.0229,0.0213,0.0166,0.1573,0.1407
356,0,in_cluster,0,7,11,4.854,8.266,0.212,3.972,5.965,0.010,-18.36,0.0292,0.0213,0.0237,0.0356,0.0158,0.1241,0.1953
357,0,in_cluster,0,3,14,6.342,13.779,-0.119,5.021,6.540,0.000,-32.46,0.3099,0.0419,0.0474,0.3589,0.8269,0.2079,0.1945
358,0,in_cluster,0,3,14,5.485,12.040,-0.053,4.672,6.540,0.000,-27.40,0.2229,0.2308,0.2387,0.2625,0.8901,0.1138,0.2545
359,0,off,0,14,9,11.234,17.060,0.666,7.318,12.803,0.000,-79.71,0.4577,0.2696,0.2601,0.3763,0.9787,0.2538,0.3233
360,0,valley,1,13,0,9.835,10.193,0.527,5.778,4.723,0.002,-59.29,0.2466,0.1162,0.1146,0.1968,0.5423,0.2648,0.3099
361,0,valley,1,1,15,9.438,9.721,0.719,6.676,5.698,0.000,-51.93,0.2364,0.0767,0.0846,0.1423,0.2190,0.2632,0.3613
362,0,valley,1,5,13,11.242,14.219,0.489,6.092,14.808,0.000,-78.08,0.3992,0.0893,0.0949,0.2150,0.4245,0.2569,0.4340
363,0,off,0,12,4,9.643,12.790,0.517,7.268,5.355,0.000,-61.30,0.2419,0.1336,0.1407,0.2119,0.5589,0.2047,0.3984
364,0,off,0,12,2,9.972,11.215,0.391,7.358,10.421,0.000,-64.51,0.2522,0.2356,0.2095,0.2174,0.6625,0.1755,0.3478
365,0,valley,1,9,2,6.813,7.073,0.279,3.210,5.624,0.000,-34.00,0.1138,0.2379,0.1984,0.2253,0.6047,0.1858,0.3439
366,0,valley,1,0,13,8.478,10.102,0.484,5.082,4.723,0.002,-49.44,0.2451,0.1700,0.1486,0.2142,0.5660,0.1668,0.3455
367,0,in_cluster,0,0,13,5.001,8.922,0.566,3.238,4.723,0.002,-26.01,0.1976,0.1296,0.1281,0.1731,0.4016,0.0419,0.3826
368,0,in_cluster,0,15,1,6.478,8.865,0.136,4.521,5.698,0.000,-25.94,0.1423,0.0996,0.1067,0.1099,0.1225,0.0443,0.3573
369,0,in_cluster,0,15,5,5.827,9.093,0.404,3.771,11.997,0.000,-21.94,0.1652,0.0751,0.0957,0.0901,0.0814,0.0277,0.3526
370,0,in_cluster,0,3,14,4.587,12.578,-0.152,4.005,6.540,0.000,-22.88,0.2032,0.0933,0.1186,0.3352,0.6032,0.0901,0.4237
371,0,in_cluster,0,3,14,3.562,10.698,-0.112,2.681,6.540,0.000,-18.70,0.1992,0.1984,0.2332,0.1826,0.4601,0.0656,0.4166
372,0,beyond,0,3,14,7.598,13.753,-0.353,4.707,6.540,0.000,-41.22,0.3233,0.1723,0.1889,0.3874,0.6356,0.0593,0.3826
373,0,valley,1,5,7,8.716,11.505,0.519,4.761,12.362,0.000,-52.87,0.2830,0.0498,0.0751,0.2791,0.0530,0.0988,0.3794
374,0,valley,1,5,7,7.754,8.783,0.476,3.867,12.362,0.000,-44.35,0.2648,0.0601,0.0996,0.2024,0.0498,0.0925,0.3542
375,0,valley,1,5,7,7.248,7.693,0.424,4.344,12.362,0.000,-36.16,0.2980,0.0743,0.1115,0.1992,0.0751,0.1194,0.3802
376,0,valley,1,7,5,7.221,7.625,0.566,4.309,12.362,0.000,-32.65,0.2870,0.0917,0.1233,0.1399,0.0704,0.1391,0.4704
377,0,in_cluster,0,6,12,4.709,7.427,-0.059,3.716,4.289,0.003,-21.63,0.2458,0.1858,0.1834,0.2103,0.4553,0.0846,0.5241
378,0,in_cluster,0,6,12,5.984,6.210,0.379,5.038,4.289,0.003,-28.44,0.2704,0.2980,0.2711,0.2696,0.6561,0.1557,0.4585
379,0,in_cluster,0,2,9,6.494,7.601,0.600,3.417,5.624,0.000,-33.21,0.2664,0.3107,0.2806,0.1700,0.6213,0.1510,0.4000
380,0,in_cluster,0,0,9,6.382,12.468,0.792,3.883,5.806,0.000,-33.87,0.2530,0.2901,0.2696,0.2601,0.7652,0.1360,0.4079
381,0,in_cluster,0,0,5,4.681,9.650,0.011,5.140,6.840,0.000,-24.47,0.3004,0.2111,0.2324,0.2166,0.4759,0.2364,0.3960
382,0,valley,1,5,15,7.491,7.804,0.440,4.961,11.997,0.000,-35.41,0.3960,0.1581,0.1866,0.1905,0.2277,0.2411,0.3968
383,0,valley,1,5,15,8.213,8.232,0.442,4.945,11.997,0.000,-38.85,0.2988,0.1423,0.1763,0.1874,0.1826,0.1526,0.4158
384,0,valley,1,15,5,7.679,8.592,0.541,5.351,11.997,0.000,-34.44,0.3178,0.1257,0.1660,0.1929,0.1431,0.1581,0.5589
385,1,off,0,3,5,13.220,24.364,0.027,12.785,15.239,0.000,-99.75,0.3921,0.2988,0.3028,0.3352,0.4996,0.3960,0.7075
386,1,off,0,3,14,26.996,37.401,-1.421,22.066,6.540,0.000,-376.75,0.4601,0.3668,0.3747,0.4000,0.5660,1.0000,0.4877
387,1,off,0,3,5,31.248,37.711,0.890,28.734,15.239,0.000,-500.57,0.3328,0.3296,0.3652,0.3621,0.1407,1.0000,0.4237
388,1,off,0,3,5,23.577,25.214,0.965,18.745,15.239,0.000,-290.30,0.4466,0.1905,0.2830,0.3763,0.1130,0.3763,0.4435
389,1,valley,1,5,7,8.028,9.103,0.377,5.092,12.362,0.000,-46.77,0.3478,0.1138,0.1549,0.1874,0.1415,0.2213,0.4917
390,1,valley,1,5,7,8.475,9.665,0.378,5.641,12.362,0.000,-50.72,0.3336,0.1194,0.1597,0.2024,0.1565,0.2553,0.4514
391,1,in_cluster,0,3,5,6.516,14.864,0.161,6.473,15.239,0.000,-33.59,0.4870,0.2419,0.2688,0.3036,0.9407,0.2474,0.4134
392,1,in_cluster,0,3,14,6.106,15.007,-0.087,5.838,6.540,0.000,-31.00,0.3194,0.3067,0.2964,0.2925,0.9407,0.2387,0.3913
393,0,off,0,9,14,12.869,13.514,0.520,9.048,12.803,0.000,-93.63,0.3794,0.2538,0.2640,0.2988,0.9217,0.2656,0.3391
394,0,valley,1,5,13,9.246,10.974,0.433,5.670,14.808,0.000,-57.63,0.2917,0.2008,0.2253,0.2783,0.7858,0.2617,0.2949
395,0,valley,1,5,12,11.194,11.539,0.787,5.273,11.032,0.000,-77.52,0.2711,0.2372,0.2506,0.2806,0.7518,0.2245,0.3265
396,0,valley,1,12,5,8.340,12.768,0.025,6.035,11.032,0.000,-49.57,0.2545,0.2941,0.2775,0.2609,0.8403,0.2261,0.2854
397,0,valley,1,2,9,6.981,10.675,0.488,4.167,5.624,0.000,-36.49,0.2806,0.2854,0.2751,0.2498,0.6862,0.2522,0.2379
398,0,off,0,0,13,7.354,12.940,0.556,7.149,4.723,0.002,-40.55,0.3257,0.3257,0.3107,0.7257,0.6775,0.2466,0.2261
399,0,off,0,14,0,16.302,17.577,1.301,10.329,7.335,0.000,-149.48,0.3336,0.3897,0.3818,0.7233,0.5953,0.2443,0.2775
400,0,off,0,5,14,10.072,11.469,0.270,7.970,7.794,0.000,-65.61,0.6032,0.3573,0.3518,0.6672,0.3573,0.2585,0.0213
401,0,off,0,5,11,9.803,12.953,0.579,9.482,7.641,0.000,-62.93,0.5636,0.1779,0.2474,0.7391,0.3779,0.2688,0.0174
402,0,beyond,0,3,14,7.444,16.041,-0.426,6.086,6.540,0.000,-40.06,0.3597,0.2277,0.2791,0.3431,0.7834,0.2791,0.0150
403,0,in_cluster,0,3,14,5.716,12.605,-0.170,4.246,6.540,0.000,-28.69,0.2925,0.2743,0.2996,0.3004,0.6150,0.2909,0.2941
404,0,valley,1,3,11,10.162,11.636,0.744,5.945,12.336,0.000,-63.99,0.2538,0.1913,0.2759,0.3115,0.6024,0.3012,0.9375
405,0,off,0,5,11,10.348,12.135,0.614,7.166,7.641,0.000,-68.43,0.1874,0.1747,0.2743,0.2379,0.0893,0.3217,0.9589
406,0,off,0,5,11,10.493,12.022,0.583,7.696,7.641,0.000,-69.94,0.2000,0.1731,0.2727,0.2316,0.0798,0.3249,0.9510
407,0,off,0,5,11,10.396,12.131,0.566,7.796,7.641,0.000,-68.92,0.2166,0.1668,0.2704,0.2245,0.0735,0.3178,0.9312
408,0,off,0,5,11,9.816,11.475,0.525,7.375,7.641,0.000,-63.06,0.2221,0.1636,0.2656,0.2237,0.0830,0.3154,0.8680
409,0,valley,1,6,12,7.455,9.946,0.018,5.908,4.289,0.003,-38.33,0.1771,0.2577,0.2909,0.2648,0.5289,0.3265,0.5036
410,0,valley,1,12,6,6.704,7.934,0.542,5.885,4.289,0.003,-37.26,0.2142,0.3249,0.3075,0.2656,0.6593,0.3391,0.4625
411,0,beyond,0,2,12,7.538,15.010,-0.025,5.491,10.421,0.000,-40.53,0.2340,0.3328,0.3099,0.2324,0.6941,0.3368,0.3217
412,0,in_cluster,0,0,14,6.624,9.722,0.281,5.815,7.335,0.000,-35.45,0.1360,0.3170,0.3036,0.2822,0.8103,0.3281,0.2688
413,0,in_cluster,0,0,5,5.653,10.122,0.137,5.210,6.840,0.000,-29.49,0.1312,0.2569,0.2885,0.2364,0.4854,0.3115,0.0854
414,0,off,0,5,1,9.318,11.059,0.978,6.891,4.750,0.000,-58.29,0.2672,0.1874,0.2664,0.2372,0.2585,0.3083,0.0854
415,0,off,0,5,1,8.860,11.520,0.907,6.741,4.750,0.000,-54.14,0.2348,0.1613,0.2498,0.1976,0.0964,0.3075,0.0158
416,0,off,0,5,11,8.095,11.411,0.310,7.733,7.641,0.000,-47.65,0.2862,0.1439,0.2261,0.1747,0.0538,0.3043,0.0063
417,0,in_cluster,0,3,14,4.663,11.782,0.203,3.939,6.540,0.000,-23.23,0.2846,0.2767,0.2980,0.2300,0.4095,0.3004,0.0055
418,0,in_cluster,0,3,14,4.406,11.606,0.132,3.441,6.540,0.000,-22.06,0.2609,0.2751,0.2972,0.1984,0.4103,0.2933,0.0095
419,0,off,0,5,11,8.452,12.015,0.399,7.939,7.641,0.000,-50.60,0.3012,0.1360,0.2198,0.2000,0.0767,0.2901,0.0087
420,0,off,0,5,11,8.016,11.227,0.267,7.744,7.641,0.000,-47.01,0.2791,0.1312,0.2150,0.1652,0.0419,0.2917,0.0040
421,0,off,0,5,11,8.550,12.096,0.250,8.566,7.641,0.000,-51.44,0.2719,0.1344,0.2055,0.2111,0.0791,0.2822,0.0032
422,0,off,0,5,8,8.322,12.171,1.059,8.517,4.442,0.017,-49.51,0.3028,0.1431,0.2063,0.2206,0.0949,0.2767,0.0024
423,0,valley,1,5,3,8.904,14.936,0.244,6.320,15.239,0.000,-54.52,0.3431,0.2791,0.3020,0.7099,0.5478,0.2704,0.0482
424,0,off,0,5,14,10.199,12.018,0.508,9.227,7.794,0.000,-66.89,0.3462,0.3462,0.3257,0.7336,0.6063,0.2719,0.0126
425,0,valley,1,2,0,15.247,16.388,0.231,5.967,9.972,0.000,-128.36,0.3281,0.3447,0.3083,0.3644,0.8150,0.2711,0.3510
426,0,valley,1,2,0,9.353,11.765,0.096,5.546,9.972,0.000,-55.86,0.3557,0.3217,0.2988,0.3549,0.7328,0.2664,0.1929
427,0,off,0,0,5,23.134,23.196,-1.624,10.942,6.840,0.000,-281.04,0.3312,0.3407,0.3194,0.7573,0.5794,0.2680,0.2269
428,0,off,0,5,9,24.758,28.005,0.593,21.349,18.227,0.000,-321.37,0.3391,0.3755,0.3684,0.7225,0.4988,0.2727,0.0854
429,0,off,0,5,14,8.232,13.666,0.110,7.944,7.794,0.000,-48.77,0.6451,0.3281,0.3249,0.6862,0.3241,0.2783,0.0166
430,0,off,0,5,8,9.218,13.900,1.140,8.841,4.442,0.017,-57.37,0.5960,0.2032,0.2767,0.3020,0.3138,0.2877,0.0134
431,0,valley,1,3,5,7.374,14.209,0.237,4.276,15.239,0.000,-39.55,0.3715,0.2071,0.2830,0.3723,0.7565,0.3059,0.0119
432,0,in_cluster,0,3,14,6.000,11.777,0.152,3.620,6.540,0.000,-30.36,0.3170,0.3154,0.3154,0.2767,0.5020,0.3296,0.0190
433,0,valley,1,3,14,7.276,13.002,0.146,4.846,6.540,0.000,-38.83,0.4142,0.3138,0.3202,0.3731,0.6909,0.3462,0.1976
434,0,off,0,5,8,8.847,12.886,0.887,9.215,4.442,0.017,-54.02,0.2783,0.2182,0.2957,0.2561,0.0885,0.3518,0.3787
435,0,off,0,5,8,8.125,12.881,0.855,8.808,4.442,0.017,-47.89,0.2775,0.2134,0.2925,0.2285,0.0490,0.3510,0.1439
436,0,off,0,5,8,8.274,13.235,0.883,8.953,4.442,0.017,-49.11,0.2877,0.2103,0.2901,0.2340,0.0506,0.3407,0.0103
437,0,off,0,5,8,8.093,13.399,0.941,8.767,4.442,0.017,-47.63,0.3067,0.2087,0.2877,0.2435,0.0561,0.3328,0.0142
438,0,beyond,0,6,12,7.762,9.362,-0.022,5.498,4.289,0.003,-40.67,0.2593,0.2893,0.3028,0.2830,0.4482,0.3304,0.0332
439,0,in_cluster,0,12,6,5.315,6.629,0.655,4.996,4.289,0.003,-28.89,0.2656,0.3455,0.3225,0.2735,0.5352,0.3273,0.2348
440,0,valley,1,2,12,6.875,13.429,0.000,4.898,10.421,0.000,-35.75,0.2632,0.3589,0.3352,0.2553,0.5992,0.3099,0.1668
441,0,in_cluster,0,0,2,6.375,10.578,0.405,5.779,9.972,0.000,-33.83,0.2506,0.3526,0.3289,0.2885,0.7241,0.3107,0.2885
442,1,off,0,5,14,300.407,344.610,-0.578,282.414,7.794,0.000,-45136.92,0.9976,0.9992,0.9992,0.9984,0.9573,1.0000,1.0000
443,1,off,0,5,14,308.467,369.845,1.810,295.806,7.794,0.000,-47590.97,0.9976,1.0000,1.0000,0.9984,0.9494,1.0000,1.0000
444,1,off,0,5,14,355.917,448.330,4.632,347.344,7.794,0.000,-63353.29,0.9960,0.9992,0.9992,0.9984,0.9368,1.0000,1.0000
445,0,off,0,14,5,29.368,34.154,-0.661,25.229,7.794,0.000,-447.86,0.6458,0.3866,0.3874,0.9937,0.3818,0.2846,0.0553
446,0,off,0,14,3,11.504,18.641,0.465,9.361,6.540,0.000,-82.77,0.3723,0.4024,0.3976,0.7083,0.7336,0.2862,0.1075
447,0,in_cluster,0,3,14,6.241,13.327,0.114,4.402,6.540,0.000,-31.83,0.3676,0.3344,0.3273,0.6893,0.5976,0.2941,0.1028
448,0,off,0,5,8,8.922,12.431,1.174,8.156,4.442,0.017,-54.68,0.2964,0.2285,0.2917,0.3162,0.3123,0.3051,0.1344
449,0,off,0,5,8,8.113,12.450,0.918,8.585,4.442,0.017,-47.80,0.2909,0.2229,0.2941,0.2466,0.0759,0.3257,0.1225
450,0,off,0,5,14,8.036,13.287,0.000,8.467,7.794,0.000,-47.17,0.3779,0.2403,0.2964,0.2569,0.2838,0.3399,0.0791
451,0,in_cluster,0,6,12,6.697,6.920,-0.048,4.277,4.289,0.003,-32.96,0.2577,0.3115,0.3123,0.2846,0.5510,0.3581,0.0846
452,0,in_cluster,0,12,2,4.475,9.811,0.181,4.309,10.421,0.000,-24.81,0.2617,0.3613,0.3423,0.3336,0.8822,0.3636,0.5881
453,0,beyond,0,2,0,7.644,15.146,-0.281,6.178,9.972,0.000,-41.34,0.2640,0.3597,0.3431,0.2980,0.7075,0.3644,0.2087
454,0,valley,1,0,14,9.359,10.784,0.196,6.274,7.335,0.000,-57.31,0.2134,0.3399,0.3281,0.2972,0.8111,0.3613,0.2664
455,0,in_cluster,0,0,5,5.676,9.699,0.162,5.359,6.840,0.000,-29.62,0.2119,0.3051,0.3091,0.2751,0.4688,0.3573,0.2300
456,0,valley,1,5,1,8.624,13.479,0.842,6.469,4.750,0.000,-52.07,0.2957,0.2704,0.3012,0.2640,0.2332,0.3557,0.2000
457,0,off,0,5,14,8.394,13.464,-0.175,8.253,7.794,0.000,-50.12,0.2814,0.2451,0.2949,0.2545,0.1937,0.3526,0.2569
458,0,off,0,5,8,7.827,11.348,0.890,8.257,4.442,0.017,-45.52,0.2949,0.2166,0.2870,0.2411,0.0822,0.3478,0.3075
459,0,valley,1,3,14,7.202,12.495,0.282,4.881,6.540,0.000,-38.29,0.3075,0.3209,0.3178,0.2743,0.4814,0.3383,0.2901
460,0,valley,1,3,14,6.800,12.103,0.205,4.271,6.540,0.000,-35.48,0.2854,0.3194,0.3170,0.2514,0.4490,0.3186,0.2909
461,0,off,0,5,8,7.893,12.186,0.935,8.300,4.442,0.017,-46.04,0.3209,0.2024,0.2838,0.2490,0.0870,0.3146,0.3083
462,0,off,0,5,8,7.789,12.635,0.915,8.399,4.442,0.017,-45.22,0.3083,0.2000,0.2822,0.2482,0.0672,0.3123,0.2506
463,0,off,0,5,8,8.526,16.083,1.072,8.514,4.442,0.017,-51.23,0.4229,0.2119,0.2846,0.3557,0.1668,0.2996,0.1802
464,0,off,0,5,14,9.656,16.728,0.163,9.516,7.794,0.000,-61.50,0.5289,0.3036,0.3138,0.7652,0.2411,0.2885,0.1368
465,0,off,0,5,14,10.451,14.047,0.534,9.446,7.794,0.000,-69.49,0.3486,0.3731,0.3700,0.6822,0.5818,0.2893,0.1083
466,0,off,0,14,5,12.861,13.602,0.162,11.225,7.794,0.000,-99.30,0.3834,0.3818,0.3676,0.7960,0.7747,0.2870,0.3352
467,0,off,0,0,2,14.423,19.016,0.594,7.168,9.972,0.000,-117.52,0.3755,0.3644,0.3375,0.3684,0.7344,0.2814,0.2893
468,0,off,0,0,14,13.322,23.274,-0.482,9.683,7.335,0.000,-102.24,0.3115,0.3383,0.3130,0.3652,0.7399,0.2806,0.2925
469,0,off,0,5,9,27.174,32.663,0.726,23.302,18.227,0.000,-384.11,0.3036,0.3652,0.3510,0.7194,0.4893,0.2838,0.2783
470,0,off,0,5,0,10.391,13.524,0.845,8.241,6.840,0.000,-68.87,0.5502,0.3621,0.3613,0.7866,0.4451,0.2964,0.3273
471,0,valley,1,5,1,8.079,12.518,0.743,6.596,4.750,0.000,-47.52,0.5336,0.2988,0.3115,0.2964,0.2356,0.3028,0.3715
472,0,off,0,5,8,8.027,12.936,0.863,7.900,4.442,0.017,-47.10,0.4119,0.2862,0.3067,0.2901,0.1739,0.3162,0.3676
473,0,valley,1,3,14,7.779,13.137,0.353,4.832,6.540,0.000,-42.61,0.3368,0.3549,0.3486,0.2893,0.4198,0.3447,0.3810
474,0,valley,1,3,14,6.898,11.693,0.267,3.822,6.540,0.000,-36.15,0.3328,0.3557,0.3502,0.2862,0.4269,0.3439,0.3881
475,1,valley,1,5,3,9.774,13.905,0.199,6.264,15.239,0.000,-62.65,0.4190,0.3083,0.3225,0.3510,0.5423,0.9526,0.3850
476,1,valley,1,5,12,10.180,10.863,0.579,4.963,11.032,0.000,-66.70,0.3067,0.3644,0.3628,0.3589,0.6292,1.0000,0.9676
477,1,off,0,14,5,13.704,18.100,-0.504,9.587,7.794,0.000,-110.50,0.3526,0.4142,0.4008,0.6996,0.9779,1.0000,0.9660
478,1,off,0,14,3,18.796,22.976,-0.545,15.581,6.540,0.000,-193.25,0.5692,0.4545,0.4071,0.5225,0.9589,1.0000,0.9723
479,0,off,0,14,0,11.401,16.701,0.885,7.455,7.335,0.000,-81.59,0.4885,0.3976,0.3889,0.3921,0.9589,0.3787,0.9763
480,0,beyond,0,0,5,8.911,10.357,-0.050,5.397,6.840,0.000,-53.21,0.2972,0.3708,0.3668,0.3344,0.6126,0.3889,0.9731
481,0,off,0,5,14,7.862,13.890,0.031,7.699,7.794,0.000,-45.79,0.4767,0.3534,0.3470,0.3265,0.3391,0.3826,0.9684
482,0,off,0,5,14,8.835,15.582,0.095,8.761,7.794,0.000,-53.91,0.4387,0.3336,0.3360,0.3146,0.2711,0.3708,0.9573
483,0,off,0,5,1,9.866,13.616,0.623,7.278,4.750,0.000,-63.56,0.4403,0.3542,0.3534,0.6972,0.1692,0.3542,0.9115
484,0,off,0,14,3,13.017,23.105,0.084,12.353,6.540,0.000,-101.33,0.3518,0.5391,0.4664,0.6451,0.4885,0.3455,0.8972
485,0,off,0,14,3,11.536,17.706,0.386,9.275,6.540,0.000,-83.14,0.3968,0.4348,0.4111,0.7051,0.5059,0.3170,0.9257
486,0,off,0,5,8,8.449,13.315,1.049,7.734,4.442,0.017,-50.58,0.3605,0.3083,0.3186,0.3360,0.1462,0.3233,0.8893
487,0,off,0,5,14,7.299,12.404,0.020,7.074,7.794,0.000,-41.52,0.3826,0.3075,0.3217,0.2957,0.1123,0.3549,0.4324
488,0,off,0,5,14,7.392,12.402,0.009,7.139,7.794,0.000,-42.20,0.3455,0.3043,0.3209,0.2949,0.1138,0.3676,0.4854
489,0,off,0,5,14,7.185,12.210,0.012,6.974,7.794,0.000,-40.70,0.3581,0.2957,0.3162,0.2941,0.0972,0.3723,0.4356
490,0,valley,1,3,14,9.626,12.248,0.330,4.995,6.540,0.000,-58.69,0.3510,0.3636,0.3628,0.3470,0.9312,0.3739,0.4553
491,0,valley,1,14,3,10.469,10.887,0.596,4.798,6.540,0.000,-70.81,0.3217,0.3794,0.3731,0.3407,0.9383,0.3747,0.5012
492,0,valley,1,14,0,10.639,11.330,0.500,5.908,7.335,0.000,-73.18,0.2759,0.3478,0.3462,0.3383,0.8372,0.3794,0.4941
493,0,valley,1,0,5,9.036,9.177,0.459,5.769,6.840,0.000,-54.27,0.2735,0.3241,0.3320,0.3051,0.6134,0.3763,0.5154
494,0,off,0,5,14,7.358,13.123,-0.155,7.320,7.794,0.000,-41.95,0.3502,0.3020,0.3146,0.2909,0.1905,0.3715,0.5708
495,0,off,0,5,8,7.860,13.839,0.666,8.441,4.442,0.017,-45.77,0.3360,0.2798,0.3059,0.2917,0.2182,0.3652,0.5273
496,0,valley,1,3,14,8.376,12.874,0.245,4.859,6.540,0.000,-47.43,0.2767,0.2735,0.3043,0.3668,0.6569,0.3534,0.4332
497,0,in_cluster,0,3,14,5.685,10.306,0.353,3.474,6.540,0.000,-28.52,0.3130,0.3423,0.3391,0.2775,0.3866,0.3344,0.4680
498,0,valley,1,3,14,7.367,12.487,0.271,4.860,6.540,0.000,-39.50,0.3810,0.3312,0.3312,0.3715,0.5826,0.3202,0.5162
499,0,off,0,5,8,7.614,11.806,0.837,7.847,4.442,0.017,-43.87,0.3091,0.2506,0.3004,0.2814,0.1043,0.3194,0.5779
500,0,off,0,5,8,8.548,14.931,0.956,8.149,4.442,0.017,-51.42,0.4648,0.2759,0.3051,0.7502,0.2000,0.3091,0.6166
501,0,off,0,5,14,15.163,15.533,0.555,11.740,7.794,0.000,-129.85,0.4964,0.3834,0.3826,0.7763,0.2071,0.2972,0.5059
502,0,off,0,14,5,12.737,15.581,0.091,11.028,7.794,0.000,-97.71,0.3407,0.4411,0.4126,0.7447,0.5257,0.2957,0.4277
503,0,off,0,5,14,12.579,12.951,0.843,10.413,7.794,0.000,-94.00,0.3375,0.3960,0.3842,0.8055,0.6466,0.2980,0.4364
504,0,valley,1,0,2,13.137,18.530,0.651,6.317,9.972,0.000,-99.80,0.3289,0.3723,0.3621,0.3881,0.7249,0.2949,0.4530
505,0,off,0,0,13,10.839,19.331,0.077,7.367,4.723,0.002,-72.26,0.3945,0.3502,0.3296,0.4348,0.8292,0.2925,0.4743
506,0,off,0,5,9,22.661,27.612,0.649,20.480,18.227,0.000,-271.64,0.3644,0.3289,0.3233,0.3960,0.6166,0.2988,0.5542
507,0,off,0,5,0,16.566,24.566,1.799,12.563,6.840,0.000,-152.11,0.3889,0.3304,0.3383,0.4625,0.5170,0.3360,0.6055
508,0,off,0,5,14,7.237,13.780,-0.066,7.354,7.794,0.000,-41.07,0.4087,0.3225,0.3368,0.3036,0.1802,0.3660,0.5613
509,0,off,0,5,8,7.040,12.568,0.685,7.347,4.442,0.017,-39.67,0.3526,0.3178,0.3328,0.2996,0.1344,0.3771,0.5123
510,0,valley,1,3,14,8.791,12.083,0.409,4.635,6.540,0.000,-51.00,0.3162,0.3668,0.3708,0.3028,0.4237,0.3874,0.5225
511,0,valley,1,3,14,9.421,12.474,0.299,4.877,6.540,0.000,-56.73,0.3107,0.3692,0.3715,0.3123,0.4846,0.3842,0.5866
512,0,off,0,5,8,7.638,11.320,0.900,7.338,4.442,0.017,-44.05,0.3415,0.3186,0.3344,0.3170,0.1597,0.3802,0.5581
513,0,off,0,5,8,7.468,12.112,0.733,7.535,4.442,0.017,-42.77,0.3423,0.3162,0.3304,0.3012,0.0743,0.3810,0.5431
514,0,off,0,5,8,8.081,11.915,0.831,7.516,4.442,0.017,-47.53,0.3739,0.3123,0.3265,0.3075,0.1162,0.3621,0.5138
515,0,off,0,5,8,8.183,11.441,0.816,7.325,4.442,0.017,-48.36,0.3953,0.3130,0.3241,0.3043,0.1091,0.3470,0.4308
516,0,valley,1,6,5,7.650,9.491,0.211,5.418,8.573,0.000,-39.80,0.3296,0.3368,0.3455,0.3225,0.5107,0.3423,0.3486
517,0,in_cluster,0,12,6,5.716,6.431,0.718,4.667,4.289,0.003,-30.48,0.3202,0.3779,0.3723,0.3138,0.5557,0.3320,0.3431
518,0,valley,1,2,12,7.537,13.325,0.028,5.905,10.421,0.000,-40.52,0.3043,0.3945,0.3881,0.3217,0.7502,0.3241,0.4387
519,0,beyond,0,2,0,6.783,14.223,-0.237,5.458,9.972,0.000,-35.13,0.3320,0.3889,0.3850,0.3312,0.6933,0.3209,0.5130
520,0,off,0,0,14,9.971,16.778,-0.139,7.546,7.335,0.000,-63.22,0.3573,0.4079,0.4040,0.7178,0.4957,0.3138,0.5273
521,0,off,0,14,0,17.159,20.945,1.251,12.326,7.335,0.000,-163.82,0.3589,0.5905,0.5075,0.7091,0.4111,0.3067,0.6182
522,0,valley,1,14,1,10.891,13.325,0.787,6.394,10.727,0.000,-75.91,0.5012,0.4569,0.4213,0.7115,0.2933,0.3036,0.4632
523,0,off,0,5,8,8.084,13.594,0.957,6.963,4.442,0.017,-47.56,0.7692,0.3660,0.3692,0.7613,0.3154,0.3289,0.4885
524,0,valley,1,3,14,7.090,12.938,0.082,4.153,6.540,0.000,-37.49,0.3668,0.3628,0.3652,0.3613,0.6016,0.3700,0.5953
525,0,valley,1,3,14,8.432,10.505,0.285,3.895,6.540,0.000,-47.90,0.3399,0.3739,0.3747,0.3304,0.4656,0.3913,0.6545
526,0,off,0,14,5,11.333,12.764,0.412,8.294,7.794,0.000,-80.82,0.3138,0.3518,0.3597,0.3542,0.5692,0.4032,0.8925
527,0,off,0,5,14,7.632,12.237,-0.114,7.357,7.794,0.000,-44.01,0.3241,0.3391,0.3557,0.3186,0.0988,0.4206,0.9352
528,0,off,0,5,14,7.092,11.328,-0.100,6.871,7.794,0.000,-40.04,0.3273,0.3415,0.3565,0.3107,0.0688,0.4229,0.8949
529,0,beyond,0,5,14,6.922,11.260,-0.077,6.680,7.794,0.000,-38.84,0.3344,0.3375,0.3526,0.3067,0.0806,0.4126,0.8941
530,0,valley,1,5,6,7.611,7.887,0.671,4.795,8.573,0.000,-41.54,0.2996,0.3431,0.3542,0.3328,0.5383,0.4063,0.8332
531,0,valley,1,12,6,6.784,7.836,0.874,4.525,4.289,0.003,-37.78,0.2933,0.3747,0.3739,0.3202,0.5217,0.4047,0.8221
532,0,off,0,2,12,7.454,12.531,0.193,6.916,10.421,0.000,-39.90,0.2838,0.4000,0.3945,0.3375,0.7755,0.4040,0.8751
533,0,in_cluster,0,2,0,6.464,13.977,-0.197,5.353,9.972,0.000,-33.01,0.3059,0.3937,0.3913,0.3273,0.6538,0.3968,0.8791
534,0,in_cluster,0,0,5,6.362,12.175,-0.014,5.300,6.840,0.000,-33.75,0.2893,0.3763,0.3763,0.3233,0.5368,0.3929,0.8696
535,0,in_cluster,0,0,5,5.719,8.563,0.148,4.620,6.840,0.000,-29.86,0.2941,0.3565,0.3636,0.3154,0.4387,0.3921,0.8814
536,0,off,0,5,14,7.055,12.798,-0.042,7.027,7.794,0.000,-39.77,0.3731,0.3320,0.3447,0.3091,0.2158,0.3834,0.8743
537,0,off,0,5,14,7.591,14.259,0.017,7.734,7.794,0.000,-43.70,0.3747,0.3202,0.3336,0.3099,0.2047,0.3692,0.7107
538,0,off,0,14,3,12.064,19.231,0.381,9.718,6.540,0.000,-89.37,0.3186,0.3826,0.3858,0.7842,0.7130,0.3565,0.6237
539,0,off,0,14,5,12.930,29.221,-0.839,12.251,7.794,0.000,-100.19,0.3660,0.6221,0.5470,0.6482,0.4316,0.3431,0.6601
540,0,off,0,14,3,13.931,17.870,0.758,9.057,6.540,0.000,-113.64,0.6909,0.4087,0.4063,0.9826,0.7589,0.3415,0.8285
541,0,off,0,5,8,7.462,13.418,1.173,6.915,4.442,0.017,-42.72,0.4024,0.3233,0.3407,0.5391,0.2403,0.3668,0.8632
542,0,in_cluster,0,5,8,6.690,12.799,0.958,6.966,4.442,0.017,-37.26,0.4047,0.3352,0.3478,0.3573,0.1700,0.3858,0.7360
543,0,off,0,5,8,6.710,12.628,0.815,7.030,4.442,0.017,-37.40,0.3771,0.3439,0.3573,0.3368,0.1360,0.3953,0.5051
544,0,off,0,5,8,6.951,12.293,0.764,7.236,4.442,0.017,-39.04,0.3542,0.3486,0.3605,0.3281,0.1289,0.4008,0.3328
545,0,valley,1,12,5,8.615,8.925,0.317,5.236,11.032,0.000,-51.78,0.3123,0.3787,0.3787,0.3439,0.5194,0.4182,0.1810
546,0,in_cluster,0,12,6,6.099,10.482,0.153,6.146,4.289,0.003,-33.40,0.3020,0.4032,0.4008,0.3510,0.7842,0.4245,0.5209
547,0,in_cluster,0,2,12,6.136,15.073,-0.054,4.652,10.421,0.000,-30.95,0.2901,0.4047,0.4032,0.3257,0.5937,0.4134,0.2490
548,0,in_cluster,0,0,14,5.502,12.193,0.152,5.501,7.335,0.000,-28.64,0.2569,0.3968,0.4000,0.3478,0.7913,0.4103,0.2830
549,0,in_cluster,0,0,5,4.273,9.733,-0.007,4.192,6.840,0.000,-22.64,0.3225,0.3771,0.3802,0.3296,0.5431,0.4055,0.2079
550,0,valley,1,5,0,6.775,13.464,0.315,4.690,6.840,0.000,-37.84,0.4150,0.3581,0.3660,0.3320,0.3352,0.3976,0.1794
551,0,valley,1,5,8,8.027,13.048,0.709,6.240,4.442,0.017,-47.10,0.3249,0.3494,0.3589,0.3249,0.2395,0.3960,0.1447
552,0,valley,1,5,8,7.871,11.485,0.814,5.751,4.442,0.017,-45.86,0.3447,0.3360,0.3494,0.3194,0.1747,0.3881,0.1336
553,0,off,0,3,14,14.319,15.485,0.548,7.972,6.540,0.000,-114.87,0.3881,0.4071,0.4055,0.7312,0.4830,0.3779,0.1289
554,0,off,0,3,14,14.599,14.602,0.519,7.799,6.540,0.000,-118.90,0.3628,0.4182,0.4095,0.6704,0.4901,0.3628,0.1352
555,0,beyond,0,5,8,9.094,10.289,1.038,5.496,4.442,0.017,-56.23,0.3937,0.3510,0.3581,0.7186,0.1518,0.3605,0.1304
556,0,valley,1,5,8,8.894,10.225,0.893,5.539,4.442,0.017,-54.43,0.3763,0.3296,0.3439,0.3059,0.0664,0.3684,0.1107
557,0,valley,1,8,5,9.318,9.588,0.062,5.526,4.442,0.017,-53.09,0.3494,0.3265,0.3415,0.3130,0.1273,0.3597,0.1059
558,0,valley,1,5,8,9.437,9.503,0.919,5.705,4.442,0.017,-54.83,0.3549,0.3273,0.3399,0.3083,0.1146,0.3502,0.1115
559,0,valley,1,6,12,6.830,8.355,0.092,4.542,4.289,0.003,-33.87,0.3154,0.3605,0.3644,0.3289,0.5328,0.3494,0.1257
560,0,in_cluster,0,12,6,5.954,6.533,0.638,4.795,4.289,0.003,-31.46,0.2885,0.3905,0.3834,0.3241,0.6458,0.3486,0.2498
561,0,in_cluster,0,2,12,5.283,14.206,-0.058,4.159,10.421,0.000,-26.08,0.2743,0.4008,0.3968,0.3209,0.6751,0.3375,0.2040
562,0,in_cluster,0,2,0,5.918,14.043,-0.169,5.151,9.972,0.000,-29.63,0.3383,0.3953,0.3953,0.3399,0.6996,0.3352,0.2656
563,0,off,0,0,5,11.396,18.713,-0.417,9.487,6.840,0.000,-78.44,0.3194,0.4451,0.4229,0.7202,0.5455,0.3225,0.3107
564,0,off,0,14,1,18.575,19.742,0.843,9.436,10.727,0.000,-189.12,0.3352,0.6727,0.6150,0.7217,0.4743,0.3130,0.3937
565,0,off,0,5,14,12.377,13.695,0.570,9.671,7.794,0.000,-91.48,0.5178,0.4119,0.4079,0.7281,0.3146,0.3336,0.1526
566,0,beyond,0,5,8,9.829,12.038,1.249,6.099,4.442,0.017,-63.19,0.6150,0.3470,0.3549,0.7802,0.3328,0.3589,0.1573
567,0,off,0,3,14,9.560,19.606,-0.161,6.927,6.540,0.000,-58.05,0.4190,0.3810,0.3810,0.6032,0.6648,0.3897,0.1628
568,0,beyond,0,3,14,10.033,17.273,-0.018,6.064,6.540,0.000,-62.69,0.4040,0.3929,0.3937,0.5684,0.6182,0.4111,0.2862
569,0,beyond,0,5,8,8.462,9.867,1.053,5.572,4.442,0.017,-50.69,0.3913,0.3676,0.3771,0.3794,0.4277,0.4300,0.9107
570,0,valley,1,5,8,6.701,10.310,0.915,5.172,4.442,0.017,-37.34,0.3842,0.3715,0.3794,0.3494,0.1478,0.4443,0.9154
571,0,valley,1,5,8,7.459,10.010,0.881,5.504,4.442,0.017,-42.71,0.3976,0.3700,0.3779,0.3415,0.0909,0.4411,0.7217
572,0,valley,1,5,8,7.863,9.989,0.824,5.875,4.442,0.017,-45.80,0.4103,0.3684,0.3755,0.3462,0.1217,0.4308,0.2340
573,1,valley,1,12,6,9.086,9.096,0.877,5.908,4.289,0.003,-51.89,0.3518,0.4040,0.4071,0.9636,0.5099,0.4348,0.1818
574,1,in_cluster,0,12,6,6.250,8.663,0.674,5.776,4.289,0.003,-34.33,0.3265,0.4798,0.4411,0.9613,0.5850,0.4324,0.2174
575,1,off,0,12,2,12.684,16.741,0.451,9.085,10.421,0.000,-95.23,0.3312,0.4545,0.4213,0.6830,0.9138,0.4158,0.6466
576,1,off,0,12,2,12.858,16.934,0.479,9.213,10.421,0.000,-97.46,0.3447,0.5059,0.4490,0.7043,0.9455,0.4063,0.6466
577,1,valley,1,2,12,9.399,15.228,0.072,5.488,10.421,0.000,-56.29,0.2854,0.5510,0.4838,0.5826,0.8996,0.4095,0.3652
578,1,valley,1,2,0,11.106,13.901,0.189,5.418,9.972,0.000,-73.79,0.3099,0.5462,0.4846,0.6553,0.9320,0.4229,0.9708
579,0,beyond,0,0,5,9.886,14.616,-0.182,5.144,6.840,0.000,-62.37,0.3621,0.4458,0.4221,0.4079,0.7573,0.4269,0.9794
580,0,beyond,0,0,5,9.907,14.271,-0.146,6.096,6.840,0.000,-62.59,0.3265,0.4814,0.4427,0.7771,0.6285,0.4095,0.9739
581,0,valley,1,1,14,15.285,16.594,0.226,6.332,10.727,0.000,-125.60,0.5036,0.7542,0.7107,0.7621,0.3968,0.3905,0.9700
582,0,off,0,0,5,16.353,16.588,0.501,9.344,6.840,0.000,-147.14,0.4632,0.5826,0.5273,0.7549,0.3423,0.3755,0.9597
583,0,valley,1,3,14,7.110,21.163,0.178,5.577,6.540,0.000,-37.63,0.3858,0.4285,0.4150,0.7739,0.6640,0.3866,0.9399
584,0,valley,1,3,14,7.938,18.214,0.156,5.263,6.540,0.000,-43.86,0.4245,0.4206,0.4119,0.3850,0.5573,0.4087,0.9526
585,0,beyond,0,5,8,10.567,13.075,1.049,6.593,4.442,0.017,-70.72,0.4506,0.3913,0.3984,0.4411,0.4229,0.4356,0.9557
586,0,valley,1,5,8,8.726,13.555,0.694,6.607,4.442,0.017,-52.96,0.3708,0.3874,0.3960,0.3534,0.1858,0.4593,0.9067
587,0,valley,1,5,8,8.737,12.614,0.714,6.117,4.442,0.017,-53.06,0.3565,0.3850,0.3905,0.3565,0.2055,0.4561,0.5518
588,0,valley,1,5,8,9.771,12.564,0.851,6.135,4.442,0.017,-62.62,0.4000,0.3802,0.3866,0.3581,0.2387,0.4435,0.1921
589,0,valley,1,3,5,12.145,14.276,0.364,6.287,15.239,0.000,-86.11,0.5874,0.3858,0.3921,0.7486,0.9368,0.4261,0.1209
590,0,off,0,3,5,11.761,18.336,0.130,6.756,15.239,0.000,-81.51,0.4719,0.4846,0.4372,0.4000,0.9431,0.4198,0.1415
591,0,off,0,14,5,20.716,23.424,-0.859,12.242,7.794,0.000,-231.19,0.8854,0.5249,0.4735,0.7067,0.9881,0.4237,0.1613
592,0,off,0,0,5,10.914,14.191,0.413,6.911,6.840,0.000,-73.07,0.4213,0.3992,0.4016,0.3628,0.7162,0.4166,0.1494
593,0,off,0,5,8,10.418,12.846,0.876,7.060,4.442,0.017,-69.15,0.5968,0.3881,0.3929,0.3526,0.2775,0.4079,0.1431
594,0,off,0,5,1,13.024,15.073,0.638,7.226,4.750,0.000,-99.70,0.7360,0.4111,0.4103,0.7636,0.3755,0.3945,0.1858
595,0,off,0,1,14,13.480,18.325,0.250,8.255,10.727,0.000,-99.63,0.8008,0.6711,0.6435,0.7534,0.1913,0.3850,0.2735
596,0,off,0,14,3,18.059,22.947,0.076,12.184,6.540,0.000,-179.67,0.4490,0.8055,0.7834,0.7470,0.5162,0.3731,0.2877
597,0,off,0,3,14,10.629,21.664,0.098,7.248,6.540,0.000,-68.85,0.7249,0.4925,0.4514,0.8443,0.5787,0.3818,0.2632
598,0,off,0,8,5,11.856,13.252,-0.563,8.026,4.442,0.017,-79.96,0.9360,0.3842,0.3897,0.6751,0.3731,0.4000,0.2119
599,0,off,0,5,8,11.927,12.273,1.141,7.991,4.442,0.017,-84.68,0.7352,0.3921,0.3992,0.4545,0.2490,0.4253,0.2253
600,0,off,0,5,8,10.396,11.607,0.980,7.323,4.442,0.017,-68.92,0.6862,0.3984,0.4024,0.3700,0.1723,0.4387,0.2625
601,0,off,0,5,8,10.812,11.879,0.956,7.769,4.442,0.017,-73.33,0.6711,0.4016,0.4047,0.3636,0.1439,0.4458,0.2996
602,0,off,0,6,12,10.488,11.309,0.086,7.262,4.289,0.003,-65.54,0.4206,0.4221,0.4182,0.3771,0.5225,0.4522,0.3628
603,0,off,0,12,6,7.910,10.203,0.662,7.254,4.289,0.003,-46.08,0.4055,0.5534,0.4996,0.3739,0.6190,0.4609,0.3597
604,0,off,0,2,12,8.817,14.413,0.025,7.459,10.421,0.000,-51.00,0.3684,0.6419,0.5834,0.3692,0.7202,0.4569,0.3304
605,0,off,0,2,0,8.458,15.670,-0.286,6.822,9.972,0.000,-47.90,0.4166,0.5953,0.5549,0.3889,0.7439,0.4538,0.3462
606,0,in_cluster,0,0,5,6.564,14.751,0.072,6.386,6.840,0.000,-35.05,0.4846,0.4775,0.4656,0.3708,0.6229,0.4490,0.3565
607,0,valley,1,0,5,8.271,12.128,0.348,6.230,6.840,0.000,-47.72,0.5945,0.4166,0.4174,0.3660,0.5312,0.4395,0.3249
608,0,off,0,5,8,13.003,15.600,0.886,8.842,4.442,0.017,-99.43,0.8545,0.4095,0.4087,0.3676,0.3099,0.4292,0.3929
609,0,off,0,5,8,14.994,15.335,0.787,9.619,4.442,0.017,-126.58,0.8221,0.4640,0.4530,0.7708,0.3178,0.4142,0.4735
610,0,off,0,14,3,22.950,24.633,0.079,13.123,6.540,0.000,-279.96,0.7138,0.8870,0.8917,0.7779,0.6372,0.4016,0.4593
611,0,off,0,14,3,22.402,22.431,0.213,11.868,6.540,0.000,-263.90,0.7012,0.8854,0.8798,0.7755,0.6427,0.3937,0.4134
612,0,off,0,3,5,14.905,15.592,0.830,7.524,15.239,0.000,-123.44,0.9755,0.4514,0.4348,0.9502,0.4261,0.3984,0.3644
613,0,off,0,5,8,13.664,14.511,1.224,8.895,4.442,0.017,-108.23,0.7510,0.4040,0.4071,0.4791,0.2142,0.4277,0.3502
614,0,off,0,5,8,12.594,13.774,1.071,8.769,4.442,0.017,-94.19,0.8229,0.4103,0.4158,0.3779,0.1304,0.4474,0.3755
615,0,off,0,5,8,12.243,13.747,0.995,8.909,4.442,0.017,-89.83,0.7913,0.4142,0.4190,0.3834,0.1945,0.4585,0.3423
616,0,valley,1,3,5,12.372,14.550,0.361,6.077,15.239,0.000,-88.89,0.7020,0.4229,0.4253,0.6814,0.8095,0.4577,0.3383
617,0,off,0,3,5,9.285,17.743,0.133,6.945,15.239,0.000,-55.46,0.6617,0.6696,0.6372,0.4648,0.9510,0.4854,0.3605
618,0,off,0,3,14,19.536,22.368,0.429,8.998,6.540,0.000,-203.18,0.9375,0.7462,0.7312,0.7565,0.9945,0.5138,0.3621
619,0,off,0,2,5,13.614,15.815,0.599,10.479,14.921,0.000,-104.79,0.5439,0.5526,0.5383,0.5399,0.8909,0.5004,0.3723
620,0,valley,1,5,12,12.208,14.369,0.477,6.505,11.032,0.000,-89.40,0.4458,0.5763,0.5312,0.5233,0.8356,0.4759,0.3399
621,0,off,0,12,2,11.457,12.846,0.325,7.163,10.421,0.000,-80.43,0.4071,0.6980,0.6482,0.4751,0.8996,0.4806,0.3336
622,0,off,0,2,12,9.923,16.774,0.443,7.009,10.421,0.000,-61.35,0.4553,0.7043,0.6775,0.4775,0.8506,0.5249,0.3684
623,0,off,0,0,5,12.895,16.137,0.565,9.396,6.840,0.000,-96.65,0.6514,0.5779,0.5494,0.5407,0.8530,0.4893,0.4087
624,0,off,0,0,5,13.557,14.849,0.775,8.871,6.840,0.000,-105.40,0.8055,0.4727,0.4609,0.5028,0.7636,0.4482,0.4593
625,0,off,0,1,5,17.990,18.134,0.477,9.258,4.750,0.000,-170.60,0.9747,0.7486,0.7431,0.8024,0.3534,0.4316,0.6024
626,0,off,0,1,14,14.485,22.657,0.267,10.831,10.727,0.000,-113.69,0.9771,0.9289,0.9304,0.7036,0.2111,0.4024,0.7328
627,0,off,0,3,14,18.579,24.093,0.600,10.653,6.540,0.000,-184.95,0.9431,0.8696,0.8577,0.8261,0.8767,0.3992,0.6664
628,0,off,0,3,5,8.481,23.820,-0.037,7.940,15.239,0.000,-48.32,0.9542,0.6648,0.6253,0.9241,0.7897,0.4119,0.5621
629,0,off,0,3,8,12.649,16.629,0.912,7.355,13.125,0.000,-92.36,0.9826,0.5051,0.4877,0.6925,0.7209,0.4419,0.5573
630,0,off,0,5,8,13.611,15.954,1.135,10.359,4.442,0.017,-107.51,0.9162,0.4917,0.4988,0.4538,0.2545,0.5091,0.4648
631,0,off,0,5,8,13.044,15.740,0.992,10.404,4.442,0.017,-99.95,0.9233,0.5075,0.5138,0.3929,0.1573,0.5692,0.4688
632,0,off,0,5,8,13.743,16.082,1.022,10.680,4.442,0.017,-109.32,0.9439,0.5123,0.5194,0.4024,0.2213,0.5478,0.5115
633,0,off,0,5,8,15.226,16.712,1.154,11.260,4.442,0.017,-130.80,0.9818,0.5178,0.5202,0.4862,0.3549,0.5107,0.5265
634,0,off,0,3,5,9.374,19.207,0.138,7.743,15.239,0.000,-56.29,0.9059,0.7905,0.7715,0.6198,0.9763,0.5375,0.5992
635,0,off,0,3,5,9.805,20.601,0.127,8.394,15.239,0.000,-60.43,0.9217,0.8364,0.8292,0.6466,0.9913,0.5621,0.6522
636,0,off,0,5,13,17.951,18.873,0.200,9.549,14.808,0.000,-176.01,0.7534,0.6672,0.6767,0.6387,0.8830,0.5304,0.6174
637,0,off,0,5,12,14.967,16.893,0.423,8.070,11.032,0.000,-126.89,0.6814,0.6569,0.6498,0.5937,0.9083,0.5115,0.7644
638,0,off,0,12,5,12.440,16.934,0.043,8.775,11.032,0.000,-92.18,0.6988,0.7265,0.6830,0.5850,0.9257,0.4862,0.8775
639,0,off,0,12,2,10.254,14.931,0.399,7.880,10.421,0.000,-67.37,0.6625,0.7913,0.7621,0.5265,0.9154,0.4704,0.9043
640,0,off,0,2,0,11.269,17.178,-0.348,9.555,9.972,0.000,-75.61,0.8625,0.7826,0.7708,0.6016,0.8870,0.4775,0.9186
641,0,off,0,0,2,10.939,18.657,0.586,9.465,9.972,0.000,-73.34,0.9138,0.8672,0.8688,0.9549,0.9020,0.4451,0.9273
642,0,off,0,0,2,18.480,23.216,0.225,18.491,9.972,0.000,-184.26,0.9605,0.9676,0.9652,0.8759,0.7802,0.4190,0.9336
643,0,off,0,1,0,13.730,17.197,-0.280,9.245,11.774,0.000,-103.04,0.9723,0.8783,0.8664,0.8379,0.5233,0.4071,0.9304
644,0,off,0,5,8,16.971,18.506,1.323,11.620,4.442,0.017,-158.89,0.9842,0.5929,0.5613,0.9296,0.4838,0.4174,0.9233
645,0,off,0,3,5,8.794,22.528,-0.030,7.825,15.239,0.000,-51.02,0.9383,0.7249,0.7036,0.5660,0.7020,0.4530,0.9020
646,0,off,0,3,5,9.134,22.372,-0.011,7.691,15.239,0.000,-54.07,0.8680,0.7549,0.7565,0.5968,0.6885,0.5020,0.8877
647,0,off,0,5,3,16.024,16.199,0.110,7.981,15.239,0.000,-142.72,0.8206,0.5810,0.5976,0.6332,0.4561,0.5763,0.8648
648,0,off,0,5,3,14.538,17.140,0.044,7.355,15.239,0.000,-120.57,0.9621,0.5834,0.6126,0.4672,0.2427,0.6451,0.8474
649,0,off,0,5,3,15.512,16.877,0.038,7.740,15.239,0.000,-135.20,0.9802,0.5715,0.5881,0.4759,0.2696,0.6079,0.8561
650,0,off,0,5,3,15.846,16.206,0.042,7.882,15.239,0.000,-140.40,0.9913,0.5478,0.5439,0.4704,0.2988,0.5320,0.8640
651,0,off,0,3,5,11.767,17.233,0.383,7.443,15.239,0.000,-81.58,0.9834,0.5621,0.5407,0.6996,0.8917,0.4727,0.8822
652,0,off,0,3,5,8.736,20.845,0.092,8.160,15.239,0.000,-50.52,0.9715,0.8079,0.7913,0.6237,0.9874,0.4656,0.8980
653,0,off,0,3,0,18.785,25.288,0.439,7.214,25.788,0.000,-188.79,0.9929,0.8443,0.8285,0.7731,0.9984,0.4664,0.9004
654,0,off,0,0,13,16.539,17.524,0.548,9.144,4.723,0.002,-150.27,0.9352,0.6688,0.6577,0.6040,0.8783,0.4506,0.8957
655,0,off,0,3,5,16.527,19.923,0.689,11.169,15.239,0.000,-148.93,0.9312,0.8893,0.8838,0.9273,0.8893,0.4403,0.9028
656,0,off,0,3,5,19.946,21.619,0.809,13.931,15.239,0.000,-211.28,0.8182,0.9842,0.9755,0.8206,0.9391,0.4213,0.9123
657,0,valley,1,12,2,12.310,12.737,0.344,6.526,10.421,0.000,-90.50,0.7621,0.9067,0.8830,0.8846,0.9289,0.4150,0.9265
658,0,off,0,0,13,12.203,21.943,0.309,9.015,4.723,0.002,-87.97,0.9905,0.7889,0.7787,0.7383,0.9470,0.4158,0.9281
659,0,off,0,0,5,13.793,23.545,-0.210,11.328,6.840,0.000,-108.63,0.9889,0.6988,0.6909,0.9763,0.9281,0.4221,0.9091
660,1,off,0,0,12,19.552,22.774,0.226,18.323,21.211,0.000,-204.65,0.9802,0.8759,0.8854,0.8727,0.6435,0.4593,0.8941
661,1,off,0,0,8,27.035,31.599,0.770,21.253,18.430,0.000,-378.94,0.9881,0.9794,0.9858,0.7391,0.4561,0.5581,0.8909
662,1,off,0,0,8,27.125,27.351,0.936,18.350,18.430,0.000,-381.30,0.9953,0.9723,0.9818,0.7336,0.3565,0.5937,0.8759
663,1,off,0,3,8,27.617,34.489,0.094,19.827,13.125,0.000,-393.71,0.9581,0.9905,0.9913,0.7344,0.6814,0.6245,0.8609
664,1,off,0,3,5,23.858,32.255,0.038,14.401,15.239,0.000,-296.97,0.9644,0.9905,0.9905,0.8933,0.9636,0.5755,0.8791
665,1,off,0,12,3,20.815,21.542,0.258,13.288,19.001,0.000,-231.42,0.9731,0.8522,0.8569,0.9091,0.8585,0.5130,0.8593
666,0,off,0,0,2,19.261,20.247,1.042,14.003,9.972,0.000,-198.99,0.9565,0.7676,0.7692,0.8957,0.8427,0.4941,0.8016
667,0,off,0,0,2,21.620,22.994,0.899,18.457,9.972,0.000,-247.22,0.9763,0.9115,0.9170,0.8625,0.7304,0.4545,0.8704
668,0,off,0,1,5,18.870,25.019,0.522,11.601,4.750,0.000,-186.81,0.9953,0.9360,0.9391,0.8000,0.3715,0.4332,0.8846
669,0,off,0,3,5,13.238,25.342,-0.024,9.867,15.239,0.000,-99.98,0.9787,0.8648,0.8569,0.8822,0.9375,0.4285,0.8237
670,0,off,0,3,5,8.670,24.315,-0.025,8.418,15.239,0.000,-49.94,0.9518,0.7739,0.7526,0.5921,0.8791,0.4372,0.7051
671,0,off,0,3,8,13.375,20.306,0.968,8.254,13.125,0.000,-101.80,0.9794,0.6126,0.6103,0.6711,0.7866,0.4791,0.6245
672,0,off,0,5,3,15.810,16.716,0.021,7.453,15.239,0.000,-139.86,0.9779,0.5858,0.5984,0.4838,0.3375,0.5542,0.4925
673,0,off,0,6,12,10.257,10.658,0.317,8.237,4.289,0.003,-63.14,0.8119,0.7004,0.7012,0.5486,0.7676,0.5866,0.5194
674,0,off,0,12,6,9.168,12.936,-0.120,8.844,4.289,0.003,-56.82,0.7083,0.8466,0.8356,0.5913,0.9439,0.5929,0.5549
675,0,off,0,2,12,12.172,17.016,-0.070,9.719,10.421,0.000,-86.20,0.7968,0.8751,0.8672,0.5628,0.8561,0.5984,0.6877
676,0,off,0,0,2,9.750,14.142,0.429,8.897,9.972,0.000,-61.03,0.7217,0.8292,0.8372,0.6221,0.9170,0.6071,0.7502
677,0,off,0,0,5,10.040,18.004,0.261,9.182,6.840,0.000,-63.90,0.8862,0.7304,0.7462,0.5589,0.7225,0.5842,0.7850
678,0,off,0,5,0,16.917,17.013,0.110,9.287,6.840,0.000,-157.40,0.9866,0.6348,0.6300,0.5676,0.5130,0.5312,0.8119
679,0,off,0,0,5,17.584,20.129,0.856,10.126,6.840,0.000,-168.11,0.9897,0.8419,0.8427,0.8870,0.4727,0.4822,0.8601
680,0,off,0,1,0,17.052,23.566,-0.109,9.778,11.774,0.000,-154.17,0.9881,0.9605,0.9660,0.8190,0.3415,0.4514,0.8767
681,0,off,0,3,14,21.886,27.726,0.853,12.707,6.540,0.000,-251.86,0.9344,0.9597,0.9565,0.8095,0.6609,0.4427,0.8719
682,0,off,0,3,5,9.109,25.044,-0.036,8.305,15.239,0.000,-53.84,0.9660,0.8221,0.8142,0.9415,0.7423,0.4379,0.8324
683,0,off,0,3,8,16.010,16.594,1.046,7.410,13.125,0.000,-140.51,0.9874,0.5494,0.5431,0.6901,0.3336,0.4680,0.6727
684,0,off,0,5,8,15.557,16.468,1.101,10.878,4.442,0.017,-135.90,0.9510,0.5747,0.5810,0.5225,0.2237,0.5858,0.5304
685,0,off,0,5,8,15.709,16.657,1.055,11.011,4.442,0.017,-138.28,0.9684,0.5818,0.5921,0.4490,0.1502,0.6300,0.4474
686,0,off,0,5,8,15.800,16.708,1.068,11.036,4.442,0.017,-139.71,0.9700,0.5755,0.5779,0.5146,0.2680,0.6340,0.4182
687,0,off,0,3,5,11.895,19.381,0.095,7.716,15.239,0.000,-83.10,0.9296,0.7383,0.7415,0.6593,0.9700,0.6277,0.4379
688,0,off,0,3,5,10.302,20.506,0.101,8.183,15.239,0.000,-65.42,0.8901,0.8269,0.8190,0.6079,0.9747,0.6095,0.4822
689,0,off,0,2,0,13.283,16.902,0.241,12.886,9.972,0.000,-100.34,0.9423,0.7565,0.7660,0.6545,0.9399,0.6134,0.4577
690,0,off,0,2,12,15.503,18.791,0.915,8.756,10.421,0.000,-132.29,0.8711,0.6822,0.6901,0.6253,0.8949,0.5953,0.4047
691,0,off,0,5,12,16.899,19.599,0.549,8.856,11.032,0.000,-157.68,0.7526,0.7036,0.6759,0.6364,0.8553,0.5289,0.3976
692,0,off,0,12,2,10.739,15.243,0.368,7.172,10.421,0.000,-72.46,0.7075,0.7976,0.7676,0.6095,0.9628,0.5217,0.5099
693,0,off,0,2,12,11.286,12.338,0.449,8.551,10.421,0.000,-75.81,0.7826,0.7897,0.7842,0.5194,0.8988,0.5755,0.6711
694,0,off,0,0,2,11.206,19.164,0.675,9.480,9.972,0.000,-76.29,0.8538,0.8285,0.8332,0.9447,0.8759,0.5731,0.7715
695,0,off,0,0,2,14.706,20.011,0.444,14.868,9.972,0.000,-121.64,0.9368,0.9462,0.9447,0.9138,0.7668,0.4877,0.7945
696,0,off,0,1,0,12.321,22.126,-0.183,9.489,11.774,0.000,-84.69,0.9676,0.9818,0.9802,0.7368,0.4672,0.4364,0.7597
697,0,off,0,1,5,18.559,18.765,0.499,10.599,4.750,0.000,-181.00,0.9739,0.8609,0.8538,0.8711,0.5043,0.4348,0.6411
698,0,off,0,3,5,10.056,17.992,0.302,7.247,15.239,0.000,-62.91,0.9644,0.5731,0.5462,0.9834,0.9028,0.4648,0.4372
699,0,off,0,3,5,9.250,22.624,-0.027,7.151,15.239,0.000,-55.14,0.8553,0.7154,0.7051,0.5051,0.6253,0.5889,0.3209
700,0,off,0,3,8,10.189,19.791,0.373,8.676,13.125,0.000,-64.27,0.9597,0.7241,0.7296,0.7542,0.8221,0.7352,0.2704
701,0,off,0,5,8,12.425,17.781,0.920,10.742,4.442,0.017,-92.07,0.8427,0.5470,0.5739,0.4435,0.1542,0.8142,0.6870
702,0,off,0,5,8,12.398,17.331,0.861,10.679,4.442,0.017,-91.74,0.8561,0.5368,0.5510,0.4300,0.1415,0.8514,0.2356
703,0,off,0,5,8,13.219,17.011,0.895,10.583,4.442,0.017,-102.25,0.8949,0.5059,0.5130,0.4530,0.1708,0.8126,0.2071
704,0,off,0,5,8,14.312,16.854,0.922,10.651,4.442,0.017,-117.31,0.9241,0.4759,0.4798,0.4656,0.2016,0.7154,0.2103
705,0,off,0,3,5,11.205,19.519,0.139,7.757,15.239,0.000,-75.14,0.7700,0.7257,0.6980,0.6158,0.9478,0.6830,0.2221
706,0,off,0,3,5,11.381,20.921,0.135,8.804,15.239,0.000,-77.12,0.7921,0.7929,0.7755,0.5929,0.9652,0.6269,0.2395
707,0,off,0,0,5,16.465,19.166,0.563,9.377,6.840,0.000,-149.06,0.7233,0.5937,0.5755,0.5202,0.7684,0.5723,0.2411
708,0,off,0,2,5,16.152,19.156,0.636,9.634,14.921,0.000,-142.56,0.7668,0.7518,0.7407,0.9123,0.8474,0.5494,0.2308
709,0,off,0,5,3,20.360,20.453,0.202,13.438,15.239,0.000,-221.10,0.6142,0.9304,0.9178,0.7794,0.8735,0.5012,0.2474
710,0,off,0,2,12,16.486,17.043,0.821,8.609,10.421,0.000,-148.01,0.5312,0.9036,0.8759,0.8451,0.9043,0.4814,0.2917
711,0,off,0,2,0,8.578,15.891,-0.267,7.586,9.972,0.000,-48.92,0.6727,0.7115,0.6862,0.5431,0.8664,0.4688,0.3178
712,0,off,0,0,2,11.173,18.477,0.582,9.157,9.972,0.000,-75.92,0.7794,0.6142,0.5992,0.4340,0.7273,0.4498,0.2814
713,0,off,0,0,5,8.348,15.188,0.367,7.060,6.840,0.000,-48.35,0.8111,0.5462,0.5233,0.3976,0.5115,0.4553,0.2403
714,0,off,0,5,8,15.668,16.831,0.767,10.221,4.442,0.017,-137.62,0.9336,0.4957,0.4775,0.3826,0.2324,0.4743,0.2150
715,0,off,0,5,8,16.795,17.699,0.646,11.374,4.442,0.017,-155.92,0.9178,0.5842,0.5660,0.7818,0.2269,0.4980,0.2016
716,0,off,0,14,3,24.218,26.620,0.041,14.249,6.540,0.000,-309.85,0.8925,0.9209,0.9217,0.8063,0.6783,0.5028,0.1968
717,0,off,0,14,3,23.704,28.637,-0.085,14.959,6.540,0.000,-297.55,0.7281,0.9565,0.9573,0.7850,0.5684,0.4767,0.2047
718,0,off,0,3,8,17.061,19.881,0.875,13.816,13.125,0.000,-157.90,0.9945,0.6964,0.6727,0.9810,0.7028,0.4798,0.2111
719,0,off,0,5,8,13.685,15.200,1.164,9.052,4.442,0.017,-108.52,0.8190,0.4577,0.4601,0.5368,0.1763,0.5652,0.1960
720,0,off,0,5,8,13.294,15.493,0.867,9.583,4.442,0.017,-103.25,0.7889,0.4791,0.4806,0.3858,0.0862,0.6846,0.1874
721,0,off,0,5,8,13.385,16.519,0.773,10.200,4.442,0.017,-104.46,0.7779,0.4909,0.4885,0.4047,0.1154,0.7336,0.1937
722,0,off,0,5,8,13.089,16.582,0.771,9.932,4.442,0.017,-100.55,0.7415,0.4893,0.4846,0.4253,0.1296,0.7502,0.1984
723,0,off,0,12,6,8.652,11.677,0.777,7.053,4.289,0.003,-52.22,0.4972,0.6190,0.6047,0.4427,0.5700,0.7834,0.2166
724,0,off,0,12,6,9.736,12.512,0.097,8.887,4.289,0.003,-62.19,0.4538,0.7858,0.7636,0.5415,0.8063,0.7755,0.4150
725,0,off,0,2,12,9.082,16.405,-0.072,6.723,10.421,0.000,-53.37,0.5154,0.8040,0.7984,0.4119,0.7059,0.7368,0.3012
726,0,off,0,0,2,7.748,11.684,0.379,6.823,9.972,0.000,-43.52,0.4925,0.7692,0.7779,0.5874,0.8364,0.7257,0.3067
727,0,off,0,0,5,8.209,16.148,0.203,7.169,6.840,0.000,-47.20,0.6372,0.6340,0.6387,0.4854,0.5802,0.6704,0.2577
728,0,off,0,0,5,15.726,19.236,0.358,11.358,6.840,0.000,-137.17,0.8917,0.8229,0.8182,0.8316,0.3881,0.5968,0.2285
729,0,off,0,1,14,19.689,20.804,0.306,9.287,10.727,0.000,-202.60,0.8846,0.9455,0.9431,0.7937,0.2862,0.5130,0.2095
730,0,off,0,1,5,15.437,19.808,0.592,9.541,4.750,0.000,-127.94,0.7447,0.8490,0.8403,0.7953,0.2814,0.4719,0.2063
731,0,off,0,3,5,11.248,24.181,-0.025,8.452,15.239,0.000,-75.62,0.6593,0.7621,0.7352,0.7976,0.5502,0.5051,0.2182
732,0,valley,1,3,14,9.856,22.291,0.398,6.433,6.540,0.000,-60.93,0.7146,0.6783,0.6561,0.5130,0.5273,0.5913,0.2332
733,0,off,0,5,8,12.688,15.218,1.047,8.731,4.442,0.017,-95.38,0.7478,0.4980,0.4972,0.5375,0.1787,0.7020,0.2324
734,0,off,0,5,8,12.458,16.200,0.772,9.356,4.442,0.017,-92.49,0.6893,0.5028,0.5043,0.3937,0.0838,0.7945,0.2190
735,0,off,0,5,8,13.314,15.847,0.850,9.359,4.442,0.017,-103.52,0.7739,0.4933,0.4870,0.4103,0.1281,0.7549,0.2126
736,0,off,0,5,8,13.965,16.150,0.864,9.642,4.442,0.017,-112.39,0.8300,0.4767,0.4727,0.4711,0.1929,0.6877,0.2213
737,0,off,0,6,12,11.502,13.692,0.303,8.562,4.289,0.003,-76.69,0.6798,0.5043,0.4854,0.5336,0.6142,0.6379,0.2316
738,0,off,0,12,6,8.162,11.221,0.655,7.141,4.289,0.003,-48.11,0.5747,0.6625,0.6316,0.4213,0.6435,0.6016,0.2482
739,0,off,0,2,12,9.284,14.743,0.026,7.454,10.421,0.000,-55.22,0.5763,0.8103,0.7850,0.4372,0.8435,0.5628,0.3866
740,0,off,0,2,0,8.284,15.906,-0.323,6.794,9.972,0.000,-46.44,0.5644,0.7921,0.7826,0.4798,0.7557,0.5225,0.3375
741,0,off,0,0,2,10.062,19.026,0.368,9.501,9.972,0.000,-64.13,0.7399,0.8277,0.8261,0.8648,0.7320,0.5043,0.3534
742,0,off,0,0,2,18.963,23.831,0.137,18.962,9.972,0.000,-193.31,0.8506,0.9391,0.9368,0.8593,0.6972,0.4711,0.9289
743,0,off,0,1,14,11.501,21.694,0.291,9.536,10.727,0.000,-74.92,0.8830,0.9723,0.9628,0.7241,0.3858,0.4340,0.9344
744,0,off,0,1,0,18.249,19.732,-0.328,8.737,11.774,0.000,-175.29,0.9328,0.8957,0.8925,0.8569,0.4625,0.4324,0.2791
745,0,off,0,3,5,14.140,18.260,0.340,7.697,15.239,0.000,-112.32,0.9320,0.6403,0.6269,0.9850,0.8174,0.4601,0.2530
746,0,valley,1,3,14,9.779,21.579,0.359,6.416,6.540,0.000,-60.17,0.8941,0.6656,0.6514,0.6625,0.5905,0.5874,0.2727
747,0,off,0,3,8,11.054,19.056,0.373,9.356,13.125,0.000,-73.45,0.9225,0.7028,0.7059,0.7644,0.7660,0.7684,0.4174
748,0,off,0,5,8,11.513,16.714,0.853,9.564,4.442,0.017,-81.16,0.6846,0.5423,0.5478,0.4972,0.1636,0.8498,0.9036
749,0,off,0,5,8,12.248,16.247,0.777,9.842,4.442,0.017,-89.90,0.7186,0.5312,0.5375,0.4158,0.1107,0.9051,0.6134
750,0,off,0,5,8,12.224,15.838,0.754,9.494,4.442,0.017,-89.60,0.6822,0.5107,0.5154,0.4617,0.1589,0.8688,0.2870
751,0,off,0,5,8,12.772,16.229,0.776,9.585,4.442,0.017,-96.45,0.7209,0.4885,0.4862,0.4237,0.1581,0.7992,0.2617
752,0,off,0,12,6,10.585,12.363,0.783,7.879,4.289,0.003,-70.82,0.5281,0.5802,0.5534,0.4901,0.5771,0.7565,0.2719
753,0,off,0,12,6,7.000,10.828,0.462,6.751,4.289,0.003,-39.29,0.4941,0.7439,0.7154,0.4846,0.7984,0.7202,0.3130
754,0,beyond,0,2,12,8.402,15.337,-0.012,6.414,10.421,0.000,-47.42,0.5083,0.8016,0.7921,0.4190,0.7383,0.6751,0.3739
755,0,off,0,2,0,8.911,15.399,-0.216,7.489,9.972,0.000,-51.83,0.5984,0.7771,0.7794,0.5534,0.7960,0.6870,0.3818
756,0,off,0,0,2,11.620,20.243,0.227,12.009,9.972,0.000,-81.02,0.6704,0.8735,0.8727,0.8553,0.6419,0.6395,0.3289
757,0,off,0,14,0,22.133,22.787,1.119,14.359,7.335,0.000,-261.53,0.8087,0.9621,0.9557,0.8213,0.5391,0.5233,0.3043
758,1,off,0,0,14,15.569,17.083,0.613,10.898,7.335,0.000,-134.71,0.8324,0.9138,0.9028,0.9265,0.4324,0.4759,0.2783
759,1,off,0,5,8,14.527,18.235,0.741,9.753,4.442,0.017,-120.40,0.8640,0.7494,0.7407,0.9794,0.5312,0.5502,0.9739
760,1,off,0,5,8,12.577,14.882,0.892,8.422,4.442,0.017,-93.98,0.6814,0.5747,0.5668,0.6964,0.2379,0.6498,0.9407
761,1,off,0,5,8,11.937,15.137,0.773,8.425,4.442,0.017,-86.13,0.5953,0.4941,0.4925,0.6443,0.1747,0.6909,0.2941
762,1,off,0,5,8,13.134,14.155,0.824,9.210,4.442,0.017,-101.14,0.7217,0.4672,0.4767,0.3937,0.1194,0.7296,0.3289
763,1,off,0,5,8,13.801,14.754,0.908,9.494,4.442,0.017,-110.12,0.7968,0.4617,0.4688,0.4221,0.1826,0.7249,0.3368
764,1,valley,1,6,12,9.385,9.950,0.093,6.277,4.289,0.003,-54.58,0.5075,0.5407,0.5170,0.5043,0.6775,0.7083,0.3067
765,1,in_cluster,0,12,6,6.430,7.610,0.535,5.818,4.289,0.003,-35.45,0.4870,0.7067,0.6688,0.4348,0.7447,0.6933,0.4632
766,1,valley,1,12,2,14.306,15.099,0.861,6.261,10.421,0.000,-117.14,0.4506,0.8490,0.8340,0.7834,0.9652,0.7368,0.6466
767,1,off,0,2,12,19.748,20.380,-0.153,9.955,10.421,0.000,-207.11,0.5984,0.9320,0.9265,0.8190,0.9423,0.9542,0.9802
768,1,off,0,2,14,17.886,18.464,0.439,8.061,11.424,0.000,-172.08,0.6419,0.9779,0.9676,0.9613,0.9589,0.9731,0.9818
769,1,off,0,14,2,18.650,19.668,0.565,8.613,11.424,0.000,-190.52,0.7692,0.9905,0.9889,0.9826,0.9534,0.9794,0.9874
770,1,off,0,14,5,18.955,22.091,-0.575,15.269,7.794,0.000,-196.25,0.8285,0.9937,0.9921,0.9889,0.9628,0.9874,0.9921
771,1,off,0,4,8,186.791,208.892,2.551,144.815,19.054,0.000,-17455.29,1.0000,0.9992,0.9992,0.9984,1.0000,1.0000,1.0000
772,1,off,0,5,4,225.906,229.379,-1.624,154.514,15.286,0.000,-25531.71,1.0000,1.0000,1.0000,0.9992,1.0000,1.0000,1.0000
773,1,off,0,5,14,43.356,47.432,2.673,33.754,7.794,0.000,-954.76,0.9992,1.0000,1.0000,0.9984,0.9992,1.0000,1.0000
774,1,off,0,5,14,41.438,42.374,2.709,30.815,7.794,0.000,-873.42,0.9992,1.0000,1.0000,0.9984,0.9992,1.0000,1.0000
775,1,off,0,14,5,36.997,39.166,-1.704,27.622,7.794,0.000,-700.98,0.9992,1.0000,1.0000,0.9984,0.9992,1.0000,1.0000
776,1,off,0,14,5,32.910,37.115,-1.647,25.205,7.794,0.000,-558.13,0.9992,1.0000,1.0000,0.9984,0.9992,1.0000,1.0000
777,1,off,0,14,5,32.177,36.712,-1.631,24.918,7.794,0.000,-534.29,0.9992,1.0000,1.0000,0.9984,0.9992,1.0000,1.0000
778,1,off,0,14,5,33.343,37.204,-1.633,25.777,7.794,0.000,-572.47,0.9992,1.0000,1.0000,0.9984,0.9992,1.0000,1.0000
779,1,off,0,14,5,35.025,37.906,-1.637,26.925,7.794,0.000,-629.99,0.9992,1.0000,1.0000,0.9984,0.9992,1.0000,1.0000
780,1,off,0,0,14,33.847,36.868,-0.091,15.790,7.335,0.000,-586.32,0.9992,1.0000,1.0000,0.9984,0.9992,1.0000,1.0000
781,1,off,0,0,2,23.490,27.912,-0.187,18.235,9.972,0.000,-289.40,0.9992,1.0000,1.0000,0.9984,0.9992,1.0000,1.0000
782,1,off,0,0,2,18.123,23.814,0.164,13.705,9.972,0.000,-177.73,0.9992,1.0000,1.0000,0.9984,0.9992,1.0000,1.0000
783,1,off,0,0,2,17.649,23.789,0.149,13.130,9.972,0.000,-169.24,0.9992,1.0000,1.0000,0.9984,0.9984,1.0000,1.0000
784,1,off,0,0,2,17.409,23.732,0.144,12.869,9.972,0.000,-165.04,0.9992,1.0000,1.0000,0.9984,0.9984,1.0000,1.0000
785,1,off,0,0,2,17.015,23.687,0.143,12.513,9.972,0.000,-158.27,0.9992,1.0000,1.0000,0.9984,0.9960,1.0000,1.0000
786,1,off,0,0,2,16.732,23.479,0.175,12.336,9.972,0.000,-153.49,0.9992,1.0000,1.0000,0.9984,0.9960,1.0000,1.0000
787,1,off,0,0,2,16.540,23.284,0.197,12.234,9.972,0.000,-150.30,0.9992,1.0000,1.0000,0.9984,0.9960,1.0000,1.0000
788,1,off,0,0,2,16.246,23.206,0.206,12.084,9.972,0.000,-145.47,0.9992,1.0000,1.0000,0.9984,0.9945,1.0000,1.0000
789,1,off,0,0,2,16.214,23.071,0.240,12.107,9.972,0.000,-144.95,0.9992,1.0000,1.0000,0.9984,0.9945,1.0000,1.0000
790,1,off,0,0,2,16.241,22.962,0.284,12.238,9.972,0.000,-145.39,0.9992,1.0000,1.0000,0.9984,0.9945,1.0000,1.0000
791,1,off,0,0,2,15.970,22.956,0.284,11.892,9.972,0.000,-141.03,0.9992,1.0000,1.0000,0.9984,0.9945,1.0000,1.0000
792,1,off,0,0,2,15.522,23.412,0.235,11.412,9.972,0.000,-133.97,0.9992,1.0000,1.0000,0.9984,0.9945,1.0000,1.0000
793,1,off,0,0,2,15.312,23.189,0.284,11.310,9.972,0.000,-130.73,0.9992,1.0000,1.0000,0.9984,0.9945,1.0000,1.0000
794,1,off,0,0,2,15.154,23.248,0.272,11.122,9.972,0.000,-128.33,0.9992,1.0000,1.0000,0.9984,0.9960,1.0000,1.0000
795,1,off,0,0,2,14.960,23.098,0.298,11.017,9.972,0.000,-125.41,0.9992,1.0000,1.0000,0.9984,0.9968,1.0000,1.0000
796,1,off,0,0,2,14.930,23.078,0.298,11.006,9.972,0.000,-124.96,0.9992,1.0000,1.0000,0.9984,0.9968,1.0000,1.0000
797,1,off,0,0,2,15.018,23.183,0.281,11.065,9.972,0.000,-126.28,0.9992,1.0000,1.0000,0.9984,0.9968,1.0000,1.0000
798,1,off,0,0,2,15.008,23.150,0.275,11.113,9.972,0.000,-126.12,0.9992,1.0000,1.0000,0.9984,0.9945,1.0000,1.0000
799,1,off,0,0,2,14.955,23.026,0.289,11.090,9.972,0.000,-125.34,0.9992,1.0000,1.0000,0.9984,0.9945,1.0000,1.0000
800,1,off,0,0,2,14.952,23.059,0.294,11.132,9.972,0.000,-125.29,0.9992,1.0000,1.0000,0.9984,0.9945,1.0000,1.0000
801,1,off,0,0,2,15.051,23.308,0.256,11.196,9.972,0.000,-126.78,0.9992,1.0000,1.0000,0.9984,0.9960,1.0000,1.0000
802,1,off,0,0,2,15.017,23.202,0.267,11.177,9.972,0.000,-126.27,0.9992,1.0000,1.0000,0.9984,0.9945,1.0000,1.0000
803,1,off,0,0,2,15.103,23.214,0.268,11.215,9.972,0.000,-127.55,0.9992,1.0000,1.0000,0.9984,0.9945,1.0000,1.0000
804,1,off,0,0,2,15.131,23.287,0.251,11.271,9.972,0.000,-127.98,0.9992,1.0000,1.0000,0.9984,0.9945,1.0000,1.0000
805,1,off,0,0,2,15.167,23.270,0.250,11.311,9.972,0.000,-128.53,0.9992,1.0000,1.0000,0.9984,0.9945,1.0000,1.0000
806,1,off,0,0,2,15.329,23.479,0.224,11.474,9.972,0.000,-130.99,0.9992,1.0000,1.0000,0.9984,0.9945,1.0000,1.0000
807,1,off,0,0,2,15.437,23.747,0.200,11.620,9.972,0.000,-132.66,0.9992,1.0000,1.0000,0.9984,0.9945,1.0000,1.0000
808,1,off,0,0,2,15.200,23.238,0.252,11.415,9.972,0.000,-129.02,0.9992,1.0000,1.0000,0.9984,0.9945,1.0000,1.0000
809,1,off,0,0,2,15.172,23.183,0.259,11.366,9.972,0.000,-128.60,0.9992,1.0000,1.0000,0.9984,0.9945,1.0000,1.0000
810,1,off,0,0,2,15.341,23.454,0.224,11.518,9.972,0.000,-131.18,0.9992,1.0000,1.0000,0.9984,0.9960,1.0000,1.0000
811,1,off,0,0,2,15.415,23.585,0.212,11.599,9.972,0.000,-132.32,0.9992,1.0000,1.0000,0.9984,0.9968,1.0000,1.0000
812,1,off,0,0,2,15.380,23.549,0.215,11.569,9.972,0.000,-131.78,0.9992,1.0000,1.0000,0.9984,0.9984,1.0000,1.0000
813,1,off,0,0,2,15.410,23.437,0.219,11.581,9.972,0.000,-132.24,0.9992,1.0000,1.0000,0.9984,0.9960,1.0000,1.0000
814,1,off,0,0,2,15.366,23.094,0.261,11.563,9.972,0.000,-131.57,0.9992,1.0000,1.0000,0.9984,0.9945,1.0000,1.0000
815,1,off,0,0,2,15.351,23.082,0.264,11.539,9.972,0.000,-131.33,0.9992,1.0000,1.0000,0.9984,0.9945,1.0000,1.0000
816,1,off,0,0,2,15.414,23.219,0.243,11.573,9.972,0.000,-132.31,0.9992,1.0000,1.0000,0.9984,0.9960,1.0000,1.0000
817,1,off,0,0,2,15.442,22.935,0.277,11.664,9.972,0.000,-132.73,0.9992,1.0000,1.0000,0.9984,0.9992,1.0000,1.0000
818,1,off,0,0,2,15.394,23.015,0.272,11.583,9.972,0.000,-132.00,0.9992,1.0000,1.0000,0.9984,0.9984,1.0000,1.0000
819,1,off,0,0,2,15.383,23.174,0.248,11.524,9.972,0.000,-131.82,0.9992,1.0000,1.0000,0.9984,0.9976,1.0000,1.0000
820,1,off,0,0,2,15.471,23.052,0.260,11.674,9.972,0.000,-133.18,0.9992,1.0000,1.0000,0.9984,0.9960,1.0000,1.0000
821,1,off,0,0,2,15.509,23.236,0.238,11.681,9.972,0.000,-133.77,0.9992,1.0000,1.0000,0.9984,0.9968,1.0000,1.0000
822,1,off,0,0,2,15.487,23.072,0.259,11.659,9.972,0.000,-133.43,0.9992,1.0000,1.0000,0.9984,0.9984,1.0000,1.0000
823,1,off,0,0,2,15.558,23.002,0.278,11.795,9.972,0.000,-134.53,0.9992,1.0000,1.0000,0.9984,0.9984,1.0000,1.0000
824,1,off,0,0,2,15.480,23.115,0.262,11.660,9.972,0.000,-133.32,0.9992,1.0000,1.0000,0.9984,0.9960,1.0000,1.0000
825,1,off,0,0,2,15.574,23.193,0.244,11.725,9.972,0.000,-134.78,0.9992,1.0000,1.0000,0.9984,0.9960,1.0000,1.0000
826,1,off,0,0,2,15.656,23.157,0.246,11.811,9.972,0.000,-136.06,0.9992,1.0000,1.0000,0.9984,0.9984,1.0000,1.0000
827,1,off,0,0,2,15.523,23.217,0.251,11.678,9.972,0.000,-133.99,0.9992,1.0000,1.0000,0.9984,0.9984,1.0000,1.0000
828,1,off,0,0,2,15.588,23.347,0.229,11.727,9.972,0.000,-135.00,0.9992,1.0000,1.0000,0.9984,0.9984,1.0000,1.0000
829,1,off,0,0,2,15.637,23.278,0.237,11.772,9.972,0.000,-135.77,0.9992,1.0000,1.0000,0.9984,0.9968,1.0000,1.0000
830,1,off,0,0,2,15.589,23.217,0.243,11.713,9.972,0.000,-135.01,0.9992,1.0000,1.0000,0.9984,0.9976,1.0000,1.0000
831,1,off,0,0,2,15.695,23.360,0.228,11.812,9.972,0.000,-136.67,0.9992,1.0000,1.0000,0.9984,0.9960,1.0000,1.0000
832,1,off,0,0,2,15.690,23.527,0.214,11.808,9.972,0.000,-136.60,0.9992,1.0000,1.0000,0.9984,0.9960,1.0000,1.0000
833,1,off,0,0,2,15.691,23.584,0.212,11.799,9.972,0.000,-136.62,0.9992,1.0000,1.0000,0.9984,0.9968,1.0000,1.0000
834,1,off,0,0,2,15.674,23.508,0.220,11.799,9.972,0.000,-136.35,0.9992,1.0000,1.0000,0.9984,0.9968,1.0000,1.0000
835,1,off,0,0,2,15.751,23.542,0.214,11.855,9.972,0.000,-137.56,0.9992,1.0000,1.0000,0.9984,0.9968,1.0000,1.0000
836,1,off,0,0,2,15.653,23.653,0.210,11.774,9.972,0.000,-136.02,0.9992,1.0000,1.0000,0.9984,0.9968,1.0000,1.0000
837,1,off,0,0,2,15.558,23.312,0.260,11.764,9.972,0.000,-134.54,0.9992,1.0000,1.0000,0.9984,0.9984,1.0000,1.0000
838,1,off,0,0,2,15.528,23.310,0.264,11.756,9.972,0.000,-134.07,0.9992,1.0000,1.0000,0.9984,0.9968,1.0000,1.0000
839,1,off,0,0,2,15.538,23.428,0.248,11.687,9.972,0.000,-134.22,0.9992,1.0000,1.0000,0.9984,0.9984,1.0000,1.0000
840,1,off,0,0,2,15.469,23.426,0.261,11.629,9.972,0.000,-133.15,0.9992,1.0000,1.0000,0.9984,0.9984,1.0000,1.0000
841,1,off,0,0,2,15.438,23.670,0.228,11.555,9.972,0.000,-132.68,0.9992,1.0000,1.0000,0.9984,0.9976,1.0000,1.0000
842,1,off,0,0,2,15.486,23.815,0.220,11.586,9.972,0.000,-133.42,0.9992,1.0000,1.0000,0.9984,0.9984,1.0000,1.0000
843,1,off,0,0,2,15.389,23.852,0.230,11.473,9.972,0.000,-131.91,0.9992,1.0000,1.0000,0.9984,0.9976,1.0000,1.0000
844,1,off,0,0,2,15.425,23.814,0.228,11.496,9.972,0.000,-132.47,0.9992,1.0000,1.0000,0.9984,0.9984,1.0000,1.0000
845,1,off,0,0,2,15.494,23.819,0.219,11.560,9.972,0.000,-133.55,0.9992,1.0000,1.0000,0.9984,0.9960,1.0000,1.0000
846,1,off,0,0,2,15.517,23.787,0.227,11.592,9.972,0.000,-133.90,0.9992,1.0000,1.0000,0.9984,0.9960,1.0000,1.0000
847,1,off,0,0,2,15.544,23.740,0.223,11.675,9.972,0.000,-134.32,0.9992,1.0000,1.0000,0.9984,0.9968,1.0000,1.0000
848,1,off,0,0,2,15.556,23.757,0.219,11.655,9.972,0.000,-134.51,0.9992,1.0000,1.0000,0.9984,0.9960,1.0000,1.0000
849,1,off,0,0,2,15.660,23.882,0.206,11.706,9.972,0.000,-136.13,0.9992,1.0000,1.0000,0.9984,0.9968,1.0000,1.0000
850,1,off,0,0,2,15.776,24.191,0.181,11.856,9.972,0.000,-137.95,0.9992,1.0000,1.0000,0.9984,0.9976,1.0000,1.0000
851,1,off,0,0,2,15.704,24.041,0.195,11.767,9.972,0.000,-136.81,0.9992,1.0000,1.0000,0.9984,0.9976,1.0000,1.0000
852,1,off,0,0,2,15.628,23.731,0.222,11.678,9.972,0.000,-135.62,0.9992,1.0000,1.0000,0.9984,0.9968,1.0000,1.0000
853,1,off,0,0,2,15.643,23.789,0.214,11.694,9.972,0.000,-135.86,0.9992,1.0000,1.0000,0.9984,0.9968,1.0000,1.0000
854,1,off,0,0,2,15.714,24.097,0.193,11.773,9.972,0.000,-136.98,0.9992,1.0000,1.0000,0.9984,0.9968,1.0000,1.0000
855,1,off,0,0,2,15.731,24.310,0.182,11.826,9.972,0.000,-137.25,0.9992,1.0000,1.0000,0.9984,0.9992,1.0000,1.0000
856,1,off,0,0,2,15.759,24.301,0.179,11.858,9.972,0.000,-137.69,0.9992,1.0000,1.0000,0.9984,0.9992,1.0000,1.0000
857,1,off,0,0,2,15.740,24.305,0.182,11.827,9.972,0.000,-137.38,0.9992,1.0000,1.0000,0.9984,0.9984,1.0000,1.0000
858,1,off,0,0,2,15.622,24.024,0.207,11.679,9.972,0.000,-135.53,0.9992,1.0000,1.0000,0.9984,0.9968,1.0000,1.0000
859,1,off,0,0,2,15.524,23.951,0.218,11.612,9.972,0.000,-134.01,0.9992,1.0000,1.0000,0.9984,0.9968,1.0000,1.0000
860,1,off,0,0,2,15.535,23.700,0.242,11.605,9.972,0.000,-134.18,0.9992,1.0000,1.0000,0.9984,0.9960,1.0000,1.0000
861,1,off,0,0,2,15.470,23.662,0.257,11.558,9.972,0.000,-133.17,0.9992,1.0000,1.0000,0.9984,0.9960,1.0000,1.0000
862,1,off,0,0,2,15.450,23.797,0.238,11.509,9.972,0.000,-132.86,0.9992,1.0000,1.0000,0.9984,0.9960,1.0000,1.0000
863,1,off,0,0,2,15.414,23.623,0.270,11.537,9.972,0.000,-132.31,0.9992,1.0000,1.0000,0.9984,0.9960,1.0000,1.0000
864,1,off,0,0,2,15.440,23.760,0.254,11.515,9.972,0.000,-132.71,0.9992,1.0000,1.0000,0.9984,0.9945,1.0000,1.0000
865,1,off,0,0,2,15.416,23.899,0.235,11.453,9.972,0.000,-132.33,0.9992,1.0000,1.0000,0.9984,0.9945,1.0000,1.0000
866,1,off,0,0,2,15.440,23.717,0.257,11.513,9.972,0.000,-132.71,0.9992,1.0000,1.0000,0.9984,0.9945,1.0000,1.0000
867,1,off,0,0,2,15.370,23.802,0.249,11.398,9.972,0.000,-131.62,0.9992,1.0000,1.0000,0.9984,0.9945,1.0000,1.0000
868,1,off,0,0,2,15.368,23.705,0.278,11.483,9.972,0.000,-131.59,0.9992,1.0000,1.0000,0.9984,0.9945,1.0000,1.0000
869,1,off,0,0,2,15.369,23.851,0.255,11.464,9.972,0.000,-131.61,0.9992,1.0000,1.0000,0.9984,0.9960,1.0000,1.0000
870,1,off,0,0,2,15.337,23.853,0.262,11.398,9.972,0.000,-131.12,0.9992,1.0000,1.0000,0.9984,0.9960,1.0000,1.0000
871,1,off,0,0,2,15.289,23.873,0.262,11.374,9.972,0.000,-130.39,0.9992,1.0000,1.0000,0.9984,0.9945,1.0000,1.0000
872,1,off,0,0,2,15.331,23.995,0.245,11.390,9.972,0.000,-131.03,0.9992,1.0000,1.0000,0.9984,0.9945,1.0000,1.0000
873,1,off,0,0,2,15.347,23.965,0.243,11.373,9.972,0.000,-131.28,0.9992,1.0000,1.0000,0.9984,0.9945,1.0000,1.0000
874,1,off,0,0,2,15.282,23.831,0.270,11.330,9.972,0.000,-130.28,0.9992,1.0000,1.0000,0.9984,0.9945,1.0000,1.0000
875,1,off,0,0,2,15.301,23.800,0.275,11.346,9.972,0.000,-130.57,0.9992,1.0000,1.0000,0.9984,0.9945,1.0000,1.0000
876,1,off,0,0,2,15.366,23.897,0.264,11.362,9.972,0.000,-131.56,0.9992,1.0000,1.0000,0.9984,0.9945,1.0000,1.0000
877,1,off,0,0,2,15.370,24.233,0.229,11.389,9.972,0.000,-131.63,0.9992,1.0000,1.0000,0.9984,0.9945,1.0000,1.0000
878,1,off,0,5,4,325.275,385.387,-3.100,216.270,15.286,0.000,-52916.66,1.0000,1.0000,1.0000,0.9992,0.9992,1.0000,1.0000
879,0,off,0,5,14,310.717,394.701,4.410,305.654,7.794,0.000,-48287.44,0.9992,0.9992,0.9992,0.9992,0.9992,0.4996,0.9992
880,0,off,0,14,5,34.091,35.892,-1.034,28.804,7.794,0.000,-597.71,0.9937,0.9968,0.9968,0.9976,0.8719,0.9565,0.9976
881,0,off,0,1,2,28.598,30.482,0.164,15.478,29.471,0.000,-417.71,0.9921,0.9984,0.9984,0.9929,0.6727,0.8640,0.9968
882,0,off,0,0,5,24.807,28.939,0.418,12.018,6.840,0.000,-321.20,0.9976,0.9960,0.9960,0.9945,0.5486,0.7344,0.9960
883,0,off,0,8,5,20.756,23.518,-0.255,10.941,4.442,0.017,-225.09,0.9968,0.9921,0.9921,0.9960,0.5138,0.8458,0.9945
884,0,off,0,3,5,19.557,28.280,0.025,9.333,15.239,0.000,-203.59,0.5787,0.9945,0.9945,0.9755,0.6735,0.9810,0.9937
885,0,off,0,3,14,21.519,25.547,0.523,7.787,6.540,0.000,-243.90,0.7368,0.9953,0.9953,0.9858,0.7138,0.9976,0.9953
886,0,off,0,5,14,18.286,24.420,0.715,16.101,7.794,0.000,-182.08,0.5834,0.9929,0.9937,0.9874,0.3265,0.9984,0.9929
887,0,off,0,5,8,19.224,24.032,0.880,10.947,4.442,0.017,-199.67,0.7597,0.9889,0.9913,0.9905,0.4206,0.9992,0.9921
888,0,off,0,5,8,21.255,24.307,0.956,11.638,4.442,0.017,-240.77,0.8640,0.9589,0.9818,0.9897,0.4925,0.9953,0.9913
889,0,off,0,5,0,26.362,26.953,0.353,11.821,6.840,0.000,-362.35,0.9036,0.9897,0.9889,0.9953,0.4617,0.9715,0.9905
890,0,off,0,3,14,26.951,29.006,1.201,13.372,6.540,0.000,-375.53,0.5684,0.9937,0.9929,0.9921,0.9692,0.9083,0.9881
891,0,off,0,3,5,18.887,28.244,0.054,11.048,15.239,0.000,-190.72,0.7810,0.9913,0.9897,0.9889,0.9621,0.7209,0.9889
892,0,off,0,0,5,27.129,27.671,0.387,14.300,6.840,0.000,-381.50,0.9960,0.9336,0.9202,0.9621,0.9328,0.7012,0.9897
893,0,off,0,0,5,14.740,18.553,0.377,7.469,6.840,0.000,-122.14,0.6261,0.8941,0.8814,0.7170,0.6530,0.8253,0.9874
894,0,off,0,5,0,15.562,19.261,0.103,7.080,6.840,0.000,-135.98,0.8451,0.8585,0.8387,0.7059,0.3289,0.8917,0.9866
895,0,off,0,5,8,17.042,20.547,0.581,9.768,4.442,0.017,-160.11,0.8364,0.8126,0.7945,0.7249,0.4395,0.9281,0.9858
896,0,off,0,3,5,18.884,20.767,0.661,9.613,15.239,0.000,-190.65,0.6482,0.8862,0.8783,0.9866,0.6490,0.8925,0.9834
897,0,off,0,14,3,22.724,26.566,-0.220,14.012,6.540,0.000,-274.79,0.5043,0.9905,0.9905,0.8696,0.6514,0.8277,0.9842
898,0,off,0,3,14,17.401,23.762,0.684,9.346,6.540,0.000,-163.76,0.8964,0.9668,0.9613,0.9913,0.7708,0.7431,0.9850
899,0,off,0,5,8,15.072,20.376,0.740,9.756,4.442,0.017,-128.47,0.6561,0.7320,0.7138,0.6957,0.1818,0.8285,0.9826
900,0,off,0,5,8,15.159,20.451,0.573,9.881,4.442,0.017,-129.78,0.5486,0.7138,0.7091,0.6458,0.2040,0.9360,0.9818
901,0,off,0,5,8,16.557,21.564,0.641,10.534,4.442,0.017,-151.95,0.6688,0.6743,0.6648,0.7004,0.3004,0.9328,0.9810
902,0,off,0,5,3,17.959,21.816,0.020,8.628,15.239,0.000,-176.16,0.7834,0.6933,0.6814,0.9842,0.4182,0.8743,0.9787
903,0,off,0,3,14,16.158,23.330,0.889,7.996,6.540,0.000,-142.90,0.5265,0.9091,0.8957,0.9700,0.9557,0.8411,0.9747
904,0,off,0,3,14,17.294,23.662,0.786,8.462,6.540,0.000,-161.89,0.5953,0.9146,0.9020,0.9771,0.9676,0.7249,0.9779
905,0,off,0,0,2,13.312,18.260,0.701,11.721,9.972,0.000,-102.11,0.7542,0.7312,0.7202,0.6530,0.7921,0.6625,0.9755
906,0,off,0,0,2,12.136,17.668,0.414,11.221,9.972,0.000,-87.15,0.6996,0.8822,0.8711,0.9360,0.6893,0.6688,0.9715
907,0,off,0,14,0,18.430,19.498,0.580,11.913,7.335,0.000,-186.43,0.8656,0.9470,0.9415,0.8980,0.4324,0.5992,0.9660
908,0,off,0,5,0,16.718,18.000,0.200,8.092,6.840,0.000,-154.63,0.8569,0.7597,0.7518,0.8838,0.5075,0.5660,0.9534
909,0,valley,1,3,5,11.711,21.064,0.034,6.391,15.239,0.000,-80.93,0.5652,0.6150,0.6087,0.6245,0.8229,0.6569,0.9130
910,0,valley,1,3,14,11.975,18.017,0.581,5.707,6.540,0.000,-84.06,0.4957,0.6909,0.6735,0.5692,0.6964,0.7842,0.9296
911,0,off,0,3,5,15.368,17.227,0.651,8.461,15.239,0.000,-130.45,0.6166,0.5613,0.5542,0.5889,0.5565,0.8735,0.9407
912,0,off,0,5,8,12.305,18.469,0.637,10.140,4.442,0.017,-90.59,0.6134,0.4972,0.5099,0.4466,0.2063,0.9209,0.8854
913,0,off,0,5,8,13.521,18.864,0.741,10.073,4.442,0.017,-106.29,0.6980,0.4593,0.4711,0.6150,0.3273,0.8838,0.4466
914,0,off,0,5,14,15.283,20.395,0.588,13.542,7.794,0.000,-131.67,0.7858,0.5660,0.5636,0.9652,0.3700,0.7968,0.1502
915,0,off,0,14,5,20.158,22.934,-0.094,17.145,7.794,0.000,-219.78,0.8885,0.8451,0.8458,0.9328,0.4119,0.6585,0.1826
916,0,off,0,14,3,20.564,23.010,-0.114,11.956,6.540,0.000,-228.05,0.6719,0.9328,0.9273,0.8885,0.9447,0.5818,0.6095
917,0,off,0,3,14,12.682,22.266,0.628,8.063,6.540,0.000,-92.78,0.7676,0.8166,0.8040,0.9320,0.9684,0.5241,0.2364
918,0,off,0,0,5,16.709,17.519,0.524,9.400,6.840,0.000,-153.11,0.6474,0.5273,0.5186,0.6522,0.7818,0.5589,0.2427
919,0,off,0,0,5,12.564,12.843,0.547,7.713,6.840,0.000,-92.42,0.4980,0.4719,0.4719,0.5012,0.6174,0.6538,0.2443
920,0,off,0,5,8,12.899,19.209,0.544,11.058,4.442,0.017,-98.08,0.8395,0.4403,0.4451,0.5154,0.3976,0.7059,0.2585
921,0,off,0,5,8,13.481,18.444,0.718,10.850,4.442,0.017,-105.76,0.8957,0.4174,0.4261,0.4514,0.3605,0.7067,0.2798
922,0,off,0,3,14,18.713,20.287,0.796,9.932,6.540,0.000,-187.45,0.7905,0.7984,0.8119,0.8561,0.7154,0.6593,0.3051
923,0,off,0,14,3,18.152,22.632,0.020,11.706,6.540,0.000,-181.36,0.6198,0.8743,0.8791,0.7557,0.6316,0.5510,0.3312
924,0,off,0,5,3,15.468,17.493,0.170,8.668,15.239,0.000,-134.51,0.6411,0.4964,0.4901,0.7945,0.4348,0.5123,0.3407
925,0,off,0,5,3,12.698,17.299,0.049,6.971,15.239,0.000,-95.50,0.8174,0.4055,0.4142,0.3755,0.1423,0.5668,0.3344
926,0,off,0,5,8,12.928,17.089,0.799,10.645,4.442,0.017,-98.45,0.8150,0.4063,0.4134,0.3787,0.1652,0.5771,0.3360
927,0,off,0,5,14,16.866,19.462,0.662,13.860,7.794,0.000,-157.11,0.8664,0.6324,0.6419,0.7984,0.2901,0.5296,0.3494
928,0,off,0,14,5,19.964,21.112,-0.096,15.829,7.794,0.000,-215.87,0.6941,0.8791,0.8893,0.7874,0.6711,0.4830,0.3700
929,1,off,0,12,5,14.413,15.455,0.389,7.989,11.032,0.000,-118.67,0.6387,0.8229,0.8126,0.8237,0.6625,0.4735,0.4047
930,1,off,0,2,12,9.868,13.942,0.181,7.692,10.421,0.000,-60.81,0.4174,0.7186,0.6664,0.6403,0.9352,0.4941,0.4719
931,0,off,0,2,0,9.497,16.801,-0.368,7.773,9.972,0.000,-57.22,0.5937,0.6798,0.6538,0.4806,0.8395,0.4957,0.5636
932,1,off,0,0,2,10.191,15.821,0.398,8.846,9.972,0.000,-65.44,0.6711,0.7225,0.7344,0.8427,0.8458,0.4909,0.5549
933,1,off,0,0,2,15.250,20.395,0.682,12.606,9.972,0.000,-129.79,0.6055,0.8672,0.8838,0.8111,0.5763,0.5360,0.5020
934,1,off,0,0,12,24.332,24.960,0.234,21.925,21.211,0.000,-309.53,0.6696,0.9209,0.9352,0.7043,0.3059,0.6561,0.4664
935,1,off,0,0,12,25.061,26.207,0.273,22.300,21.211,0.000,-327.54,0.7731,0.9178,0.9336,0.7043,0.3273,0.6909,0.4435
936,1,off,0,12,0,15.388,20.140,0.378,10.796,21.211,0.000,-133.19,0.5368,0.8545,0.8664,0.9937,0.8743,0.6253,0.4332
937,1,off,0,14,3,18.270,19.757,0.238,7.231,6.540,0.000,-183.51,0.6269,0.9249,0.9328,0.9921,0.9423,0.6530,0.8664
938,0,off,0,3,14,15.050,18.545,0.692,8.328,6.540,0.000,-125.61,0.6751,0.8261,0.8206,0.9747,0.8000,0.6000,0.9439
939,0,off,0,5,8,11.973,14.399,0.961,9.216,4.442,0.017,-86.56,0.7573,0.4126,0.4166,0.4142,0.1850,0.5881,0.9415
940,0,off,0,5,8,12.134,13.817,0.936,9.370,4.442,0.017,-88.50,0.8308,0.4150,0.4198,0.3802,0.1897,0.6253,0.9383
941,0,off,0,5,14,15.645,19.698,0.521,13.557,7.794,0.000,-137.27,0.9075,0.6545,0.6545,0.7905,0.2909,0.6111,0.9360
942,0,off,0,5,14,15.810,19.632,0.594,13.603,7.794,0.000,-139.86,0.8103,0.8119,0.8134,0.7700,0.6846,0.5636,0.9059
943,0,off,0,3,5,11.743,20.781,0.131,9.279,15.239,0.000,-81.31,0.7462,0.8174,0.7992,0.8814,0.9723,0.5779,0.4198
944,0,off,0,3,5,15.038,20.801,0.047,7.846,15.239,0.000,-125.42,0.7470,0.6806,0.6474,0.5652,0.9660,0.5447,0.4316
945,0,off,0,5,3,12.805,21.703,0.101,7.298,15.239,0.000,-96.87,0.6632,0.4158,0.4245,0.5502,0.6664,0.5794,0.4229
946,0,off,0,5,3,13.944,15.312,0.245,7.392,15.239,0.000,-112.10,0.7028,0.4395,0.4356,0.3945,0.4933,0.6862,0.4063
947,0,in_cluster,0,12,6,6.398,9.512,0.693,4.826,4.289,0.003,-35.27,0.4759,0.5415,0.5059,0.4111,0.7099,0.6901,0.4300
948,0,off,0,12,2,9.204,11.664,0.442,6.885,10.421,0.000,-57.15,0.4474,0.6482,0.6237,0.4561,0.8348,0.6964,0.5186
949,0,off,0,2,0,8.977,15.914,-0.215,7.506,9.972,0.000,-52.42,0.6387,0.6751,0.6696,0.4988,0.8016,0.6885,0.5083
950,0,off,0,0,2,9.868,18.422,0.420,9.280,9.972,0.000,-62.20,0.6743,0.8332,0.8348,0.8830,0.7992,0.6237,0.4142
951,0,off,0,14,0,21.494,21.647,1.120,13.684,7.335,0.000,-247.01,0.7455,0.9375,0.9360,0.8435,0.6632,0.5178,0.8506
952,0,off,0,1,14,15.650,18.056,0.312,8.550,10.727,0.000,-131.25,0.8340,0.8996,0.8941,0.7929,0.4150,0.4838,0.4190
953,0,off,0,5,8,14.239,17.062,0.948,10.075,4.442,0.017,-116.25,0.9399,0.6158,0.6063,0.9115,0.4870,0.5075,0.3146
954,0,valley,1,3,14,8.680,20.384,0.399,5.921,6.540,0.000,-50.03,0.6016,0.5652,0.5368,0.4640,0.5241,0.6632,0.3194
955,0,valley,1,3,14,9.978,17.211,0.391,5.503,6.540,0.000,-62.14,0.5352,0.5960,0.5850,0.5115,0.5621,0.7810,0.3281
956,0,off,0,5,8,11.110,16.487,0.896,9.163,4.442,0.017,-76.61,0.5241,0.4324,0.4498,0.5178,0.2830,0.8427,0.3241
957,0,off,0,5,8,11.373,17.148,0.673,9.647,4.442,0.017,-79.56,0.6158,0.4372,0.4506,0.4016,0.1352,0.8980,0.3091
958,0,off,0,5,8,11.461,15.641,0.800,9.039,4.442,0.017,-80.56,0.6640,0.4237,0.4324,0.4269,0.1644,0.8791,0.3004
959,0,off,0,5,8,13.269,16.449,0.894,9.622,4.442,0.017,-102.92,0.8000,0.4134,0.4206,0.5083,0.2308,0.8119,0.2933
960,0,valley,1,3,5,12.195,17.769,0.149,6.696,15.239,0.000,-86.71,0.6530,0.5771,0.5518,0.8166,0.9462,0.7676,0.2957
961,0,off,0,3,5,10.317,19.254,0.166,7.814,15.239,0.000,-65.57,0.6806,0.7067,0.6798,0.7826,0.9573,0.6743,0.3170
962,0,off,0,2,0,9.632,13.367,0.394,9.775,9.972,0.000,-58.51,0.7881,0.6490,0.6340,0.9012,0.9360,0.6055,0.3202
963,0,off,0,14,2,21.207,21.264,0.416,9.476,11.424,0.000,-238.17,0.6348,0.8561,0.8490,0.8964,0.9059,0.5905,0.3020
964,0,off,0,14,5,18.392,26.275,-0.625,17.197,7.794,0.000,-185.74,0.6000,0.9652,0.9534,0.7415,0.7850,0.5099,0.7731
965,0,off,0,2,12,17.333,20.071,0.802,10.030,10.421,0.000,-162.35,0.4545,0.9012,0.8719,0.8198,0.9012,0.5154,0.8577
966,0,off,0,2,12,9.661,15.169,0.267,7.583,10.421,0.000,-58.79,0.5217,0.6664,0.6348,0.8277,0.7787,0.5083,0.5557
967,0,off,0,0,5,14.289,18.757,0.389,8.462,6.840,0.000,-115.60,0.7107,0.5383,0.5217,0.6063,0.7953,0.4949,0.3652
968,0,off,0,0,5,13.356,13.602,0.469,7.179,6.840,0.000,-102.70,0.5534,0.4688,0.4680,0.5478,0.7107,0.5368,0.3225
969,0,off,0,5,8,10.980,16.268,0.701,8.438,4.442,0.017,-75.17,0.7241,0.4364,0.4379,0.4277,0.3360,0.6364,0.2972
970,0,off,0,5,8,11.770,17.435,0.519,9.300,4.442,0.017,-84.16,0.6253,0.4213,0.4292,0.3818,0.2316,0.7494,0.2846
971,0,off,0,3,5,10.852,19.362,0.069,6.735,15.239,0.000,-71.23,0.5162,0.5130,0.5036,0.4206,0.5850,0.8024,0.2751
972,0,valley,1,3,14,10.521,19.311,0.513,6.063,6.540,0.000,-67.70,0.4522,0.5589,0.5296,0.3747,0.4379,0.7328,0.2767
973,0,off,0,3,5,14.471,16.528,0.669,8.286,15.239,0.000,-117.06,0.5028,0.4300,0.4277,0.4964,0.5913,0.6988,0.2743
974,0,off,0,5,14,15.143,19.325,0.580,13.095,7.794,0.000,-129.54,0.7763,0.5233,0.5146,0.8324,0.2656,0.7225,0.2451
975,0,off,0,14,5,20.995,23.498,-0.050,17.715,7.794,0.000,-237.01,0.8783,0.8316,0.8308,0.8854,0.2245,0.6435,0.2292
976,0,off,0,14,5,21.067,27.132,-0.290,19.274,7.794,0.000,-238.52,0.8166,0.9154,0.9138,0.7146,0.1771,0.5186,0.8292
977,0,off,0,14,1,19.519,24.785,0.552,10.325,10.727,0.000,-207.09,0.7423,0.9138,0.9115,0.7107,0.1842,0.4625,0.5897
978,0,off,0,5,14,17.233,19.877,1.088,14.318,7.794,0.000,-163.37,0.5708,0.8427,0.8277,0.8087,0.6300,0.4933,0.2522
979,0,valley,1,12,6,6.829,11.502,0.538,6.689,4.289,0.003,-38.11,0.4427,0.7360,0.6791,0.8292,0.8047,0.5960,0.3763
980,0,beyond,0,2,12,7.890,15.770,-0.128,6.433,10.421,0.000,-43.25,0.4435,0.7162,0.6846,0.4008,0.7043,0.6348,0.3447
981,0,off,0,0,2,13.671,14.094,0.692,12.454,9.972,0.000,-106.95,0.6419,0.6735,0.6672,0.6435,0.8964,0.6150,0.3557
982,0,off,0,5,0,12.641,16.764,0.676,8.375,6.840,0.000,-94.78,0.6024,0.5708,0.5652,0.6885,0.6870,0.6767,0.3257
983,0,off,0,5,8,8.608,14.498,0.901,7.460,4.442,0.017,-51.93,0.6269,0.5217,0.5225,0.6680,0.4664,0.8356,0.6403
984,0,off,0,5,14,8.947,14.733,0.138,8.515,7.794,0.000,-54.91,0.5518,0.5186,0.5257,0.4735,0.2727,0.9336,0.9194
985,0,off,0,5,14,9.574,15.605,0.162,9.173,7.794,0.000,-60.72,0.4838,0.4901,0.4949,0.4387,0.2095,0.9573,0.8838
986,0,valley,1,3,14,12.648,14.703,0.686,5.972,6.540,0.000,-92.34,0.3470,0.6530,0.6530,0.4395,0.4735,0.9708,0.3368
987,0,valley,1,3,14,12.819,15.194,0.656,5.821,6.540,0.000,-94.52,0.3534,0.6498,0.6451,0.4419,0.4877,0.9510,0.3154
988,0,off,0,5,8,10.189,15.504,0.694,8.170,4.442,0.017,-66.79,0.4680,0.4522,0.4545,0.4379,0.2079,0.9241,0.3036
989,0,off,0,5,8,12.170,15.583,0.777,8.398,4.442,0.017,-88.95,0.5700,0.4332,0.4340,0.5826,0.2300,0.9067,0.2711
990,0,off,0,5,8,15.232,20.143,0.747,10.889,4.442,0.017,-130.89,0.7581,0.5344,0.5178,0.9470,0.2704,0.7897,0.2538
991,0,off,0,14,5,20.597,22.365,-0.031,17.053,7.794,0.000,-228.72,0.8079,0.8324,0.8300,0.9107,0.2846,0.6514,0.2553
992,0,off,0,14,5,21.769,22.041,-0.285,16.998,7.794,0.000,-253.53,0.5399,0.9028,0.8964,0.8340,0.6261,0.5644,0.8909
993,0,off,0,12,6,13.459,15.350,0.649,8.638,4.289,0.003,-105.37,0.4332,0.8253,0.7976,0.7913,0.6119,0.5336,0.9249
994,0,beyond,0,2,12,7.652,15.063,-0.046,6.545,10.421,0.000,-41.40,0.3850,0.7581,0.7186,0.4506,0.8055,0.5281,0.9178
995,0,off,0,2,0,7.817,15.283,-0.313,6.881,9.972,0.000,-42.67,0.5676,0.7217,0.6996,0.5755,0.8601,0.4972,0.8783
996,0,off,0,0,2,10.353,17.553,0.283,9.416,9.972,0.000,-67.10,0.5605,0.8095,0.8103,0.8174,0.6798,0.4917,0.3771
997,0,off,0,0,2,11.107,15.975,0.299,10.048,9.972,0.000,-75.19,0.5383,0.8008,0.7929,0.7668,0.5866,0.5059,0.3186
998,0,off,0,5,8,12.227,15.947,0.693,8.114,4.442,0.017,-89.63,0.6933,0.5154,0.4933,0.8237,0.3905,0.5383,0.3059
999,0,off,0,5,8,11.475,16.001,0.703,7.923,4.442,0.017,-80.72,0.5542,0.4245,0.4308,0.4182,0.2466,0.6474,0.2964
1000,0,off,0,3,14,11.988,19.298,0.575,6.728,6.540,0.000,-84.21,0.4032,0.5913,0.5589,0.4324,0.5296,0.7913,0.2988
1001,0,valley,1,3,14,10.878,17.915,0.567,6.102,6.540,0.000,-71.52,0.3921,0.6032,0.5692,0.3810,0.4704,0.8040,0.3123
1002,0,off,0,5,3,13.278,16.776,0.104,6.824,15.239,0.000,-103.04,0.5296,0.4269,0.4300,0.3913,0.3028,0.7984,0.3028
1003,0,off,0,5,8,13.086,15.659,0.747,8.906,4.442,0.017,-100.51,0.6300,0.4190,0.4237,0.4569,0.1549,0.8190,0.2696
1004,0,off,0,5,14,17.902,20.432,0.758,14.841,7.794,0.000,-175.13,0.7660,0.6617,0.6553,0.8411,0.1960,0.7668,0.2601
1005,0,off,0,14,5,20.545,25.878,-0.211,18.631,7.794,0.000,-227.65,0.8237,0.8949,0.9012,0.8040,0.2348,0.6427,0.3779
1006,0,off,0,14,5,21.200,24.726,-0.348,17.864,7.794,0.000,-241.33,0.6466,0.9257,0.9241,0.8364,0.5723,0.5399,0.7178
1007,1,off,0,12,5,18.311,19.858,0.249,9.149,11.032,0.000,-182.44,0.4206,0.8530,0.8379,0.9636,0.8245,0.5178,0.3368
1008,1,beyond,0,2,12,7.325,14.500,-0.091,5.524,10.421,0.000,-38.95,0.3937,0.7518,0.7209,0.6727,0.8443,0.5937,0.7478
1009,1,off,0,0,2,12.390,14.421,0.810,8.991,9.972,0.000,-90.27,0.4617,0.6530,0.6466,0.7043,0.9170,0.5921,0.8174
1010,0,valley,1,0,5,10.705,11.653,0.424,6.011,6.840,0.000,-70.81,0.3905,0.5004,0.4917,0.6688,0.6854,0.5897,0.3518
1011,0,off,0,5,8,10.442,14.009,0.734,7.836,4.442,0.017,-69.41,0.6783,0.4466,0.4490,0.4316,0.3209,0.6822,0.3636
1012,0,off,0,5,8,11.010,13.251,0.499,8.337,4.442,0.017,-75.50,0.5526,0.4435,0.4458,0.4482,0.4822,0.7874,0.3692
1013,0,valley,1,6,12,9.128,9.499,0.142,4.918,4.289,0.003,-52.20,0.3439,0.4996,0.4743,0.4245,0.5779,0.8466,0.3905
1014,0,in_cluster,0,12,2,5.233,10.376,0.161,3.711,10.421,0.000,-28.49,0.3787,0.6522,0.6206,0.6261,0.8680,0.8553,0.5004
1015,0,off,0,2,12,9.250,15.915,0.007,6.951,10.421,0.000,-54.90,0.3652,0.6893,0.6711,0.5257,0.7621,0.8561,0.4909
1016,0,off,0,0,2,10.797,14.785,0.667,7.794,9.972,0.000,-71.80,0.4095,0.6079,0.6111,0.5818,0.9146,0.8213,0.4435
1017,0,off,0,0,2,9.607,17.235,0.360,9.053,9.972,0.000,-59.66,0.4411,0.7494,0.7549,0.8253,0.5834,0.7447,0.3708
1018,0,off,0,14,0,16.732,19.266,0.595,11.218,7.335,0.000,-156.59,0.7439,0.8972,0.8972,0.8047,0.3889,0.6308,0.3320
1019,0,off,0,1,14,16.431,17.020,0.361,7.816,10.727,0.000,-143.76,0.5613,0.9020,0.8980,0.7897,0.3217,0.5597,0.3138
1020,0,off,0,5,3,15.305,17.011,0.387,7.851,15.239,0.000,-132.01,0.5976,0.6411,0.6277,0.8791,0.5613,0.5439,0.3115
1021,0,valley,1,3,14,9.990,20.027,0.445,5.796,6.540,0.000,-62.26,0.4561,0.5787,0.5328,0.4451,0.5375,0.6332,0.3296
1022,0,valley,1,3,14,10.279,18.422,0.480,6.020,6.540,0.000,-65.19,0.4743,0.6047,0.5684,0.6988,0.6759,0.7557,0.3415
1023,0,off,0,5,8,10.403,15.126,0.680,7.648,4.442,0.017,-69.00,0.4379,0.4387,0.4364,0.4055,0.1731,0.8332,0.3589
1024,0,off,0,5,8,12.394,15.126,0.653,8.394,4.442,0.017,-91.70,0.4830,0.4340,0.4332,0.4174,0.1320,0.8625,0.3913
1025,0,off,0,5,8,12.736,13.887,0.750,7.910,4.442,0.017,-95.99,0.4996,0.4277,0.4269,0.4332,0.2024,0.8174,0.4032
1026,0,off,0,5,8,14.346,16.119,0.726,9.031,4.442,0.017,-117.79,0.5850,0.4506,0.4419,0.8356,0.3020,0.7383,0.3731
1027,0,off,0,12,6,10.840,14.727,0.852,7.336,4.289,0.003,-73.55,0.4292,0.6514,0.6221,0.7747,0.6585,0.6941,0.3549
1028,0,valley,1,12,6,7.347,11.906,0.429,6.469,4.289,0.003,-41.79,0.3692,0.7850,0.7470,0.8142,0.7715,0.6617,0.3842
1029,0,off,0,2,12,8.344,15.578,0.026,7.106,10.421,0.000,-46.94,0.3700,0.7423,0.7075,0.4601,0.7826,0.5850,0.3945
1030,0,valley,1,0,2,9.255,9.983,0.657,6.068,9.972,0.000,-56.33,0.5510,0.7146,0.7123,0.8877,0.8798,0.5352,0.6806
1031,0,off,0,0,2,14.623,21.585,0.133,14.664,9.972,0.000,-120.42,0.5146,0.8688,0.8648,0.8466,0.6443,0.5170,0.9494
1032,0,off,0,1,14,12.693,20.926,0.260,8.644,10.727,0.000,-89.34,0.7613,0.9549,0.9526,0.7360,0.4190,0.4846,0.9613
1033,0,off,0,1,14,15.130,19.390,0.371,8.094,10.727,0.000,-123.24,0.6213,0.9415,0.9375,0.7352,0.3652,0.4632,0.9217
1034,0,off,0,5,14,16.313,18.817,0.787,13.523,7.794,0.000,-147.94,0.9051,0.7652,0.7573,0.9170,0.3557,0.4909,0.3162
1035,0,valley,1,3,14,9.623,20.832,0.436,5.942,6.540,0.000,-58.65,0.4854,0.6300,0.5953,0.9091,0.5462,0.6119,0.3470
1036,0,valley,1,3,14,10.527,18.539,0.443,5.711,6.540,0.000,-67.76,0.5328,0.6292,0.6095,0.6427,0.5542,0.7470,0.3660
1037,0,off,0,5,8,11.009,13.985,0.943,7.216,4.442,0.017,-75.48,0.5194,0.4609,0.4632,0.6119,0.2514,0.8545,0.4095
1038,0,off,0,5,8,10.527,14.749,0.570,7.880,4.442,0.017,-70.29,0.4340,0.4704,0.4696,0.4134,0.1099,0.9296,0.4119
1039,0,off,0,5,8,11.304,15.019,0.645,7.945,4.442,0.017,-78.78,0.4625,0.4601,0.4553,0.4553,0.1660,0.9059,0.4348
1040,0,off,0,5,8,11.476,15.356,0.733,8.046,4.442,0.017,-80.73,0.5257,0.4427,0.4387,0.4933,0.2221,0.8451,0.3858
1041,0,off,0,12,6,12.244,12.323,0.806,7.799,4.289,0.003,-86.44,0.4174,0.4877,0.4648,0.6206,0.6498,0.7850,0.3581
1042,0,valley,1,12,6,6.817,11.104,0.585,5.929,4.289,0.003,-38.03,0.3929,0.6451,0.6055,0.5099,0.7534,0.7320,0.3889
1043,0,beyond,0,2,12,8.010,14.618,-0.043,6.344,10.421,0.000,-44.20,0.3478,0.7636,0.7304,0.4063,0.7605,0.6838,0.4055
1044,0,beyond,0,2,0,7.831,15.588,-0.318,6.464,9.972,0.000,-42.79,0.4261,0.7352,0.7217,0.5960,0.7874,0.6522,0.4119
1045,0,off,0,0,2,9.764,19.494,0.285,9.626,9.972,0.000,-61.18,0.4451,0.8213,0.8198,0.8767,0.6680,0.6261,0.4213
1046,0,off,0,0,14,19.364,21.786,-0.091,11.913,7.335,0.000,-201.00,0.4822,0.9352,0.9344,0.8490,0.5747,0.5486,0.9431
1047,0,off,0,1,14,15.478,20.450,0.366,8.255,10.727,0.000,-128.57,0.6190,0.9526,0.9510,0.7431,0.4403,0.4751,0.9502
1048,0,off,0,1,14,18.413,19.394,0.350,7.524,10.727,0.000,-178.31,0.6957,0.8964,0.8949,0.8372,0.3897,0.4640,0.4482
1049,0,off,0,3,14,15.049,19.967,0.506,7.839,6.540,0.000,-125.60,0.6103,0.7834,0.7668,0.9739,0.8032,0.5209,0.4008
1050,0,valley,1,3,14,9.929,19.740,0.311,6.042,6.540,0.000,-61.65,0.6775,0.6285,0.6071,0.6585,0.5731,0.6696,0.3953
1051,0,off,0,8,3,14.425,14.552,0.121,9.385,13.125,0.000,-113.71,0.7178,0.5241,0.5115,0.6877,0.5470,0.8221,0.5202
1052,0,off,0,5,14,9.721,15.382,0.238,9.046,7.794,0.000,-62.14,0.4324,0.4988,0.4941,0.4221,0.1336,0.8988,0.5692
1053,0,off,0,5,8,10.205,15.390,0.587,8.137,4.442,0.017,-66.96,0.4609,0.4862,0.4822,0.4166,0.1209,0.9233,0.4221
1054,0,off,0,5,8,10.686,15.331,0.660,7.884,4.442,0.017,-71.98,0.4711,0.4625,0.4625,0.4308,0.1526,0.9036,0.4285
1055,0,valley,1,6,5,11.621,12.221,0.445,6.403,8.573,0.000,-78.07,0.4253,0.4545,0.4522,0.5842,0.6079,0.8474,0.4458
1056,0,off,0,12,6,8.583,12.160,0.790,7.016,4.289,0.003,-51.63,0.4008,0.6024,0.5581,0.5344,0.6364,0.8063,0.4016
1057,0,off,0,2,12,8.632,13.417,0.240,7.367,10.421,0.000,-49.38,0.3636,0.7731,0.7383,0.6372,0.9178,0.7534,0.5565
1058,0,beyond,0,2,0,7.790,16.210,-0.359,6.046,9.972,0.000,-42.46,0.4016,0.7502,0.7439,0.4696,0.7036,0.7415,0.4656
1059,0,off,0,0,2,9.659,14.561,0.422,7.292,9.972,0.000,-60.16,0.4672,0.7842,0.7889,0.9146,0.8648,0.7004,0.4498
1060,0,off,0,0,2,16.278,21.627,0.216,16.207,9.972,0.000,-146.00,0.4877,0.9075,0.9028,0.8751,0.6292,0.6166,0.6585
1061,0,off,0,1,14,15.307,19.641,0.312,8.658,10.727,0.000,-125.93,0.7036,0.9510,0.9470,0.7344,0.3621,0.5265,0.9083
1062,0,off,0,1,14,15.358,17.523,0.357,7.601,10.727,0.000,-126.71,0.6292,0.9162,0.9075,0.8103,0.3747,0.4901,0.4269
1063,0,off,0,5,3,14.720,16.530,0.382,7.487,15.239,0.000,-123.22,0.6553,0.6640,0.6522,0.9668,0.6111,0.5146,0.4522
1064,0,valley,1,3,14,9.664,19.198,0.370,5.760,6.540,0.000,-59.05,0.6538,0.6253,0.5968,0.6324,0.6451,0.6292,0.4751
1065,0,valley,1,3,14,11.229,19.163,0.381,6.456,6.540,0.000,-75.40,0.5415,0.6609,0.6466,0.7296,0.7368,0.7976,0.4964
1066,0,off,0,5,8,10.415,16.056,0.674,8.274,4.442,0.017,-69.12,0.4498,0.4870,0.4838,0.4909,0.1968,0.8909,0.5383
1067,0,off,0,5,8,10.882,15.762,0.592,8.486,4.442,0.017,-74.10,0.4696,0.4751,0.4751,0.4443,0.1368,0.9170,0.4885
1068,0,off,0,5,8,11.406,15.128,0.710,8.272,4.442,0.017,-79.93,0.5273,0.4561,0.4569,0.4150,0.1470,0.8870,0.4111
1069,0,off,0,5,8,12.071,16.360,0.767,8.706,4.442,0.017,-87.74,0.6071,0.4474,0.4443,0.5549,0.2474,0.8403,0.4261
1070,0,off,0,12,6,10.054,12.401,0.799,7.062,4.289,0.003,-65.34,0.4443,0.5399,0.5083,0.5352,0.6277,0.8134,0.4253
1071,0,off,0,12,6,8.153,10.878,0.422,7.326,4.289,0.003,-48.03,0.4079,0.7051,0.6640,0.4743,0.7375,0.7771,0.3921
1072,0,valley,1,2,12,7.925,14.386,0.011,6.294,10.421,0.000,-43.53,0.3897,0.7684,0.7494,0.4577,0.7470,0.6917,0.4561
1073,0,off,0,2,0,8.631,14.888,-0.279,6.806,9.972,0.000,-49.37,0.4917,0.7368,0.7344,0.6142,0.8166,0.6791,0.4672
1074,0,off,0,0,2,12.910,20.532,0.256,12.537,9.972,0.000,-96.84,0.5905,0.8617,0.8601,0.9352,0.6656,0.6182,0.9051
1075,0,off,0,14,0,23.069,23.455,1.163,14.010,7.335,0.000,-282.68,0.6040,0.9534,0.9518,0.8419,0.5605,0.5162,0.9621
1076,0,off,0,1,14,13.079,20.626,0.364,8.965,10.727,0.000,-94.31,0.6443,0.9478,0.9439,0.7320,0.3771,0.4696,0.9549
1077,0,off,0,1,14,19.965,20.107,0.331,8.039,10.727,0.000,-208.09,0.8269,0.8640,0.8593,0.8727,0.3613,0.4672,0.3897
1078,0,off,0,3,14,13.281,21.165,0.597,7.505,6.540,0.000,-100.54,0.7043,0.7794,0.7605,0.9257,0.6672,0.5534,0.4419
1079,0,valley,1,3,14,10.662,19.988,0.342,6.313,6.540,0.000,-69.19,0.7684,0.6229,0.6079,0.6854,0.5636,0.6711,0.5455
1080,0,off,0,5,8,10.872,15.584,1.035,8.278,4.442,0.017,-73.99,0.6174,0.4680,0.4767,0.6759,0.2166,0.7929,0.6308
1081,0,off,0,5,14,9.942,15.838,0.218,9.371,7.794,0.000,-64.31,0.4704,0.4941,0.4957,0.4040,0.1020,0.9107,0.6506
1082,0,off,0,5,8,10.476,15.861,0.640,8.601,4.442,0.017,-69.76,0.4933,0.4798,0.4814,0.4364,0.1447,0.9249,0.5352
1083,0,off,0,5,8,11.427,16.463,0.678,9.096,4.442,0.017,-80.18,0.5597,0.4553,0.4577,0.4498,0.1494,0.8877,0.4206
1084,0,off,0,5,6,12.291,13.517,0.709,6.950,8.573,0.000,-90.42,0.4530,0.4735,0.4688,0.5984,0.6553,0.8672,0.3850
1085,0,off,0,12,6,8.795,13.195,0.718,7.692,4.289,0.003,-53.47,0.4285,0.6245,0.5960,0.5281,0.6743,0.8443,0.4032
1086,0,off,0,2,12,9.797,14.623,0.098,8.695,10.421,0.000,-60.11,0.3802,0.7818,0.7557,0.5241,0.8316,0.7881,0.4569
1087,0,beyond,0,2,0,7.979,15.606,-0.324,6.346,9.972,0.000,-43.95,0.4395,0.7447,0.7391,0.4719,0.6957,0.7312,0.5178
1088,0,off,0,0,2,9.313,19.231,0.373,8.990,9.972,0.000,-56.88,0.5130,0.7992,0.8079,0.8522,0.6988,0.7043,0.4775
1089,0,off,0,0,14,17.743,21.348,-0.054,11.474,7.335,0.000,-170.92,0.5755,0.9178,0.9154,0.8704,0.6387,0.6411,0.5328
1090,0,off,0,1,14,14.802,18.849,0.340,9.118,10.727,0.000,-118.33,0.7296,0.9439,0.9399,0.7289,0.3526,0.5462,0.7557
1091,0,off,0,1,14,16.785,18.461,0.332,8.091,10.727,0.000,-149.65,0.7225,0.8340,0.8253,0.8150,0.3708,0.5194,0.3747
1092,0,valley,1,5,3,12.947,13.180,0.365,5.787,15.239,0.000,-98.23,0.6498,0.5067,0.4925,0.9581,0.6000,0.5834,0.3874
1093,0,valley,1,3,14,9.989,18.498,0.404,5.820,6.540,0.000,-62.24,0.5360,0.6063,0.5802,0.4680,0.5146,0.7217,0.4245
1094,0,valley,1,3,14,11.205,17.696,0.482,6.266,6.540,0.000,-75.14,0.5842,0.6379,0.6285,0.7043,0.7170,0.8237,0.4490
1095,0,off,0,5,8,11.388,17.001,0.688,9.222,4.442,0.017,-79.73,0.5115,0.4585,0.4672,0.4783,0.2553,0.8680,0.4395
1096,0,off,0,5,8,12.210,16.830,0.675,9.424,4.442,0.017,-89.43,0.5739,0.4530,0.4585,0.4957,0.2126,0.8949,0.4838
1097,0,off,0,5,8,12.921,15.993,0.764,9.186,4.442,0.017,-98.36,0.6364,0.4379,0.4411,0.5542,0.2854,0.8506,0.4862
1098,0,off,0,5,8,14.028,16.071,0.801,9.319,4.442,0.017,-113.28,0.6964,0.4261,0.4316,0.5320,0.2877,0.7700,0.4846
1099,0,off,0,12,6,10.399,12.990,0.807,7.984,4.289,0.003,-68.87,0.5557,0.5502,0.5241,0.7968,0.7281,0.7581,0.4443
1100,0,off,0,12,6,8.667,12.274,0.064,7.571,4.289,0.003,-52.36,0.4316,0.7336,0.6885,0.7660,0.8158,0.7407,0.4427
1101,0,beyond,0,2,12,8.019,15.326,-0.077,6.573,10.421,0.000,-44.27,0.4221,0.7700,0.7478,0.4727,0.7881,0.6609,0.5091
1102,0,off,0,0,2,8.281,13.110,0.272,7.102,9.972,0.000,-47.80,0.5375,0.7747,0.7723,0.8719,0.8696,0.6063,0.8126
1103,0,off,0,0,2,14.320,21.330,0.168,14.543,9.972,0.000,-116.04,0.6206,0.8885,0.8933,0.8601,0.6221,0.5502,0.9628
1104,0,off,0,1,14,14.722,22.172,0.281,9.379,10.727,0.000,-117.15,0.8443,0.9684,0.9605,0.7510,0.4648,0.4735,0.9708
1105,0,off,0,1,14,14.808,20.712,0.383,9.055,10.727,0.000,-118.42,0.6791,0.9486,0.9462,0.7462,0.4372,0.4466,0.9605
1106,0,off,0,5,14,18.425,19.353,0.868,14.745,7.794,0.000,-184.63,0.9289,0.8474,0.8411,0.9431,0.4285,0.4617,0.4411
1107,0,off,0,3,14,12.341,20.855,0.529,7.174,6.540,0.000,-88.50,0.6767,0.7296,0.7083,0.9597,0.6379,0.5739,0.4664
1108,0,valley,1,3,14,10.734,19.264,0.345,6.285,6.540,0.000,-69.96,0.7731,0.6119,0.6000,0.6980,0.5399,0.7138,0.4957
1109,0,off,0,5,8,10.821,15.571,0.976,8.530,4.442,0.017,-73.43,0.5423,0.4632,0.4783,0.6490,0.2292,0.8395,0.4933
1110,0,off,0,5,14,10.360,16.013,0.206,9.623,7.794,0.000,-68.55,0.4688,0.4822,0.4909,0.4522,0.0996,0.9194,0.4806
1111,0,off,0,5,14,10.228,16.330,0.208,9.720,7.794,0.000,-67.19,0.5051,0.4656,0.4791,0.4688,0.1486,0.9146,0.4514
1112,0,off,0,5,8,11.285,16.562,0.721,9.155,4.442,0.017,-78.56,0.5921,0.4498,0.4561,0.5209,0.2032,0.8798,0.4617
1113,0,valley,1,3,5,14.201,15.590,0.215,6.341,15.239,0.000,-113.19,0.6277,0.5794,0.5700,0.6909,0.9526,0.8530,0.4759
1114,0,off,0,3,5,12.486,18.217,0.175,7.624,15.239,0.000,-90.31,0.5668,0.7170,0.7004,0.5945,0.9549,0.8229,0.5020
1115,0,off,0,2,0,10.758,13.954,0.391,10.187,9.972,0.000,-69.99,0.6221,0.6308,0.6229,0.6553,0.9455,0.7747,0.4996
1116,0,off,0,2,5,13.146,15.983,0.600,8.124,14.921,0.000,-98.53,0.5107,0.6553,0.6601,0.8862,0.8688,0.7542,0.4696
1117,0,off,0,14,5,15.073,17.265,-0.075,13.161,7.794,0.000,-130.20,0.4348,0.8988,0.8877,0.8008,0.9225,0.7281,0.4901
1118,0,off,0,2,12,14.786,16.253,0.689,7.833,10.421,0.000,-121.44,0.3984,0.8917,0.8743,0.9083,0.9036,0.6957,0.5668
1119,0,off,0,2,0,9.255,15.917,-0.323,8.182,9.972,0.000,-54.95,0.5186,0.6838,0.6625,0.6126,0.7581,0.6648,0.6292
1120,0,off,0,0,2,10.875,18.610,0.495,9.831,9.972,0.000,-72.64,0.4862,0.7953,0.8000,0.8158,0.7067,0.6032,0.5905
1121,0,off,0,0,14,13.000,17.742,0.083,8.531,7.335,0.000,-98.01,0.4735,0.8538,0.8466,0.7628,0.5447,0.5605,0.5644
1122,0,off,0,5,0,12.887,16.296,0.134,6.823,6.840,0.000,-97.92,0.7067,0.6316,0.6174,0.8016,0.3684,0.5676,0.5344
1123,0,off,0,5,8,11.678,16.943,0.667,9.021,4.442,0.017,-83.07,0.6324,0.4356,0.4403,0.4087,0.2917,0.6506,0.6119
1124,0,valley,1,3,5,10.480,17.481,0.179,6.135,15.239,0.000,-67.28,0.5692,0.5265,0.5249,0.4356,0.6237,0.7589,0.6032
1125,0,valley,1,3,14,10.411,17.819,0.566,5.930,6.540,0.000,-66.55,0.4814,0.5945,0.5715,0.3842,0.4506,0.7731,0.6696
1126,0,off,0,3,5,14.408,16.669,0.644,8.253,15.239,0.000,-116.15,0.4791,0.4711,0.4640,0.5138,0.5360,0.7779,0.7794
1127,0,off,0,5,8,12.861,17.181,0.768,9.600,4.442,0.017,-97.59,0.7265,0.4419,0.4474,0.8032,0.2087,0.7818,0.6909
1128,0,off,0,5,14,18.726,19.076,0.813,14.670,7.794,0.000,-190.21,0.7976,0.7668,0.7700,0.8640,0.2735,0.7233,0.5921
1129,0,off,0,14,5,20.195,26.778,-0.229,18.867,7.794,0.000,-220.53,0.8261,0.9281,0.9328,0.7494,0.2530,0.6158,0.5715
1130,0,off,0,14,5,18.577,23.632,-0.111,16.974,7.794,0.000,-189.16,0.7304,0.9249,0.9225,0.8079,0.4775,0.5036,0.6719
1131,0,off,0,5,12,16.400,18.498,0.523,8.796,11.032,0.000,-149.37,0.5225,0.8356,0.8229,0.8269,0.6245,0.5257,0.4292
1132,0,off,0,2,12,11.623,13.872,0.450,9.740,10.421,0.000,-79.67,0.4111,0.7233,0.6743,0.5423,0.8727,0.6482,0.4972
1133,0,beyond,0,2,12,7.182,15.814,-0.107,5.494,10.421,0.000,-37.91,0.4277,0.7470,0.7249,0.4126,0.7644,0.6680,0.5818
1134,0,off,0,0,2,10.809,12.540,0.298,9.057,9.972,0.000,-71.92,0.4308,0.6791,0.6783,0.6174,0.9241,0.6198,0.5945
1135,0,off,0,5,0,12.758,14.686,0.630,8.067,6.840,0.000,-96.26,0.5059,0.5573,0.5502,0.6719,0.6838,0.6601,0.5407
1136,0,off,0,5,8,9.614,16.428,0.673,8.262,4.442,0.017,-61.10,0.6877,0.5020,0.5051,0.5613,0.3794,0.7739,0.4988
1137,0,off,0,5,14,9.459,15.331,0.170,9.064,7.794,0.000,-59.62,0.5818,0.4743,0.4830,0.3905,0.2119,0.8609,0.4711
1138,0,off,0,5,8,10.742,14.478,0.709,8.678,4.442,0.017,-72.58,0.5249,0.4443,0.4538,0.3897,0.1130,0.8893,0.4545
1139,0,off,0,3,14,12.536,18.275,0.600,6.914,6.540,0.000,-90.94,0.4269,0.6103,0.6016,0.4458,0.5083,0.9099,0.4506
1140,0,off,0,3,14,12.188,17.618,0.559,6.721,6.540,0.000,-86.63,0.4372,0.6008,0.5874,0.4095,0.5004,0.8569,0.4640
1141,0,off,0,5,8,11.187,15.496,0.754,8.734,4.442,0.017,-77.47,0.5549,0.4198,0.4285,0.4071,0.1921,0.8079,0.4403
1142,0,off,0,5,14,14.675,18.645,0.559,12.673,7.794,0.000,-122.57,0.7945,0.5644,0.5526,0.8514,0.2229,0.8000,0.4071
1143,0,off,0,14,5,18.851,22.495,-0.028,16.514,7.794,0.000,-194.29,0.8356,0.8522,0.8561,0.8585,0.2885,0.6783,0.3992
1144,0,off,0,14,5,19.809,26.899,-0.263,18.712,7.794,0.000,-212.80,0.8016,0.9296,0.9336,0.7265,0.2949,0.5202,0.8917
1145,0,off,0,5,14,18.268,20.319,1.079,14.688,7.794,0.000,-181.75,0.6332,0.8545,0.8474,0.8545,0.7360,0.4885,0.8277
1146,0,valley,1,12,6,7.363,12.828,0.559,6.218,4.289,0.003,-41.90,0.4798,0.7399,0.6988,0.8126,0.7462,0.5431,0.4767
1147,0,beyond,0,2,12,7.665,14.662,-0.015,6.380,10.421,0.000,-41.50,0.4134,0.7715,0.7368,0.4229,0.7929,0.5976,0.5652
1148,0,off,0,0,2,9.161,9.300,0.624,6.836,9.972,0.000,-54.72,0.4601,0.7328,0.7233,0.5067,0.8451,0.5573,0.6277
1149,0,off,0,0,5,11.051,14.674,0.269,7.124,6.840,0.000,-74.57,0.5391,0.5692,0.5565,0.5621,0.6696,0.5581,0.5976
1150,0,off,0,5,8,10.448,16.812,0.862,8.383,4.442,0.017,-69.46,0.7130,0.4783,0.4759,0.5004,0.3723,0.6664,0.5494
1151,0,off,0,5,14,10.822,17.612,0.232,10.449,7.794,0.000,-73.45,0.6285,0.4538,0.4617,0.3992,0.2340,0.7889,0.5399
1152,0,off,0,5,8,11.237,15.707,0.630,9.240,4.442,0.017,-78.02,0.6569,0.4316,0.4435,0.3953,0.1866,0.8316,0.5470
1153,0,valley,1,3,5,10.814,18.119,0.140,6.328,15.239,0.000,-70.83,0.6435,0.5202,0.5209,0.5289,0.7186,0.8016,0.5415
1154,0,off,0,3,14,11.461,19.670,0.551,7.001,6.540,0.000,-78.03,0.5170,0.6174,0.6024,0.7589,0.5265,0.7613,0.5486
1155,0,off,0,3,5,15.470,18.348,0.626,9.716,15.239,0.000,-132.02,0.5470,0.5138,0.5020,0.8245,0.5581,0.7423,0.5257
1156,0,off,0,14,5,18.751,19.552,0.159,14.945,7.794,0.000,-192.41,0.8474,0.7526,0.7628,0.8182,0.2482,0.7273,0.4798
1157,0,off,0,14,5,20.030,26.824,-0.254,18.766,7.794,0.000,-217.20,0.8372,0.9265,0.9296,0.7273,0.2134,0.5937,0.5700
1158,1,off,0,5,14,19.197,21.546,0.983,15.331,7.794,0.000,-199.15,0.6775,0.8506,0.8419,0.9225,0.7115,0.4727,0.8545
1159,1,off,0,5,3,16.196,17.989,-0.060,8.028,15.239,0.000,-146.04,0.6269,0.6980,0.6719,0.9352,0.8142,0.4466,0.9747
1160,1,off,0,2,0,17.498,21.081,0.464,12.299,9.972,0.000,-165.21,0.7296,0.6617,0.6356,0.7059,0.9296,0.4964,0.5913
1161,0,off,0,2,5,15.431,16.281,0.373,8.617,14.921,0.000,-131.18,0.4466,0.6237,0.5818,0.6514,0.9162,0.6372,0.6704
1162,0,valley,1,2,12,12.199,14.986,0.688,6.359,10.421,0.000,-86.53,0.4063,0.6435,0.6245,0.5123,0.8458,0.6980,0.7905
1163,0,off,0,2,0,10.206,11.521,0.495,7.903,9.972,0.000,-64.21,0.3874,0.6577,0.6664,0.5075,0.7771,0.7265,0.7881
1164,0,off,0,0,5,11.063,14.815,0.529,7.738,6.840,0.000,-74.71,0.5209,0.5225,0.5304,0.4261,0.5945,0.7178,0.6964
1165,0,off,0,5,14,15.714,17.836,0.662,12.750,7.794,0.000,-138.35,0.8419,0.6949,0.7067,0.7858,0.2759,0.7289,0.6490
1166,0,off,0,14,1,17.852,18.447,0.646,10.271,10.727,0.000,-175.91,0.8601,0.9043,0.9083,0.7834,0.1715,0.6996,0.6087
1167,0,off,0,5,1,17.226,17.488,0.404,9.805,4.750,0.000,-161.51,0.7636,0.7289,0.7328,0.7889,0.2506,0.6324,0.6008
1168,0,off,0,3,14,9.803,21.387,0.415,6.837,6.540,0.000,-60.41,0.6308,0.5921,0.5644,0.4032,0.6087,0.6893,0.6142
1169,0,valley,1,3,14,10.205,19.977,0.330,6.438,6.540,0.000,-64.42,0.5660,0.5968,0.5905,0.5573,0.5968,0.7486,0.6261
1170,0,off,0,5,8,11.438,17.437,0.902,9.626,4.442,0.017,-80.30,0.5929,0.4292,0.4466,0.4403,0.1984,0.8032,0.5889
1171,0,off,0,5,8,11.623,16.936,0.767,10.062,4.442,0.017,-82.43,0.7565,0.4308,0.4482,0.3866,0.1004,0.8704,0.5510
1172,0,off,0,5,8,13.003,17.480,0.870,10.279,4.442,0.017,-99.43,0.8158,0.4253,0.4395,0.5059,0.2522,0.8198,0.5439
1173,0,off,0,5,3,15.286,20.633,0.043,8.935,15.239,0.000,-131.72,0.8704,0.5565,0.5621,0.8221,0.3202,0.7083,0.5526
1174,0,off,0,14,3,20.194,20.877,0.128,10.529,6.540,0.000,-220.50,0.8040,0.8806,0.8901,0.8111,0.9502,0.6356,0.5826
1175,0,off,0,3,5,14.663,21.950,0.135,10.340,15.239,0.000,-119.86,0.8348,0.8593,0.8585,0.9304,0.9802,0.5407,0.6387
1176,0,off,0,2,0,13.937,15.377,0.112,11.534,9.972,0.000,-109.24,0.8530,0.7644,0.7739,0.9186,0.9320,0.5423,0.6427
1177,0,off,0,14,5,19.799,23.759,-0.433,16.025,7.794,0.000,-212.61,0.7407,0.9241,0.9265,0.8672,0.8482,0.5921,0.6190
1178,0,off,0,14,5,17.081,19.631,-0.217,14.327,7.794,0.000,-162.48,0.5067,0.9502,0.9486,0.8656,0.8672,0.6040,0.6498
1179,0,valley,1,12,2,11.881,13.016,0.268,5.946,10.421,0.000,-85.37,0.4364,0.8625,0.8553,0.8387,0.8941,0.6727,0.7233
1180,0,off,0,2,0,13.073,17.859,-0.466,11.229,9.972,0.000,-97.58,0.7953,0.6925,0.6933,0.6182,0.8340,0.6759,0.7668
1181,0,off,0,5,0,17.049,17.055,0.532,9.797,6.840,0.000,-158.70,0.7154,0.6071,0.6308,0.6917,0.8206,0.7107,0.7036
1182,0,off,0,5,0,11.550,15.724,0.498,8.377,6.840,0.000,-81.59,0.5075,0.5676,0.5858,0.6609,0.6324,0.8419,0.6632
1183,0,off,0,5,14,11.202,17.713,0.067,10.687,7.794,0.000,-77.63,0.7787,0.5360,0.5597,0.5597,0.4079,0.9265,0.6443
1184,0,off,0,5,14,11.540,17.902,0.105,11.047,7.794,0.000,-81.48,0.6680,0.5099,0.5415,0.4632,0.2941,0.9605,0.6316
1185,0,valley,1,3,14,12.432,18.038,0.485,6.366,6.540,0.000,-89.63,0.5368,0.6593,0.6957,0.5510,0.7265,0.9668,0.6206
1186,0,valley,1,3,14,10.999,15.637,0.593,5.753,6.540,0.000,-72.85,0.5233,0.6585,0.6822,0.4585,0.6071,0.9478,0.6379
1187,0,off,0,5,3,13.905,17.133,0.138,7.539,15.239,0.000,-111.55,0.5091,0.4672,0.5012,0.5312,0.4545,0.9423,0.6158
1188,0,valley,1,5,3,12.791,17.941,0.019,6.626,15.239,0.000,-96.69,0.8514,0.4482,0.4704,0.5739,0.1874,0.9391,0.5628
1189,0,off,0,5,3,15.762,20.796,0.034,9.158,15.239,0.000,-139.10,0.9415,0.6055,0.6324,0.9644,0.2964,0.8340,0.5597
1190,0,off,0,14,5,20.665,22.445,0.010,17.027,7.794,0.000,-230.12,0.9628,0.8719,0.8854,0.9573,0.3383,0.6443,0.5787
1191,0,off,0,5,14,20.819,22.117,1.057,16.565,7.794,0.000,-231.60,0.8735,0.9059,0.9123,0.8996,0.7415,0.5067,0.8933
1192,0,off,0,3,14,14.932,22.979,0.695,9.937,6.540,0.000,-123.85,0.8617,0.8814,0.8767,0.9344,0.9771,0.4783,0.8308
1193,0,off,0,3,14,20.756,24.763,0.396,9.900,6.540,0.000,-227.77,0.9526,0.7937,0.7866,0.7328,0.9953,0.4964,0.6656
1194,0,off,0,5,0,15.013,16.254,0.322,9.087,6.840,0.000,-127.58,0.5715,0.5194,0.5281,0.6024,0.7486,0.5455,0.6672
1195,0,off,0,5,0,13.577,19.760,-0.218,8.816,6.840,0.000,-107.05,0.5794,0.5510,0.5336,0.5091,0.6704,0.6640,0.6767
1196,0,off,0,12,5,9.148,15.065,-0.034,6.943,11.032,0.000,-56.64,0.4585,0.6704,0.6395,0.5708,0.9115,0.8008,0.7542
1197,0,off,0,2,12,12.457,14.249,0.472,9.405,10.421,0.000,-89.72,0.4909,0.7075,0.7043,0.5834,0.8008,0.8308,0.8411
1198,0,off,0,0,2,9.651,12.072,0.614,7.719,9.972,0.000,-60.08,0.5826,0.6941,0.7194,0.8941,0.8814,0.8095,0.8427
1199,0,off,0,0,14,12.938,18.573,0.153,9.258,7.335,0.000,-97.20,0.5810,0.8656,0.8704,0.8617,0.7526,0.7510,0.7810
1200,0,off,0,14,1,17.586,18.207,0.705,9.962,10.727,0.000,-171.19,0.8822,0.9557,0.9589,0.7375,0.4569,0.6190,0.7154
1201,0,off,0,5,0,16.917,17.977,0.287,9.958,6.840,0.000,-157.98,0.8696,0.8032,0.8063,0.8134,0.4419,0.5700,0.7209
1202,0,off,0,5,8,13.467,15.315,1.030,10.058,4.442,0.017,-105.57,0.7328,0.4490,0.4593,0.4285,0.2640,0.6245,0.7462
1203,1,off,0,3,14,15.883,20.400,0.687,8.347,6.540,0.000,-138.49,0.7692,0.6545,0.6577,0.5834,0.8451,0.7249,0.7668
1204,1,off,0,14,5,19.229,20.553,-0.249,12.126,7.794,0.000,-201.48,0.7407,0.7067,0.7075,0.6806,0.8656,0.7700,0.7905
1205,1,off,0,5,8,11.942,17.194,0.766,10.830,4.442,0.017,-86.19,0.8032,0.5020,0.5170,0.6530,0.4640,0.8427,0.7486
1206,0,off,0,5,8,13.430,15.556,1.002,10.450,4.442,0.017,-105.06,0.9115,0.4854,0.5028,0.5747,0.2625,0.8719,0.8964
1207,0,off,0,5,14,16.025,21.239,0.511,14.430,7.794,0.000,-143.28,0.9589,0.7083,0.7399,0.8901,0.3225,0.7597,0.8901
1208,0,off,0,14,5,19.524,22.946,0.005,16.914,7.794,0.000,-207.21,0.9613,0.9194,0.9281,0.8332,0.3091,0.6126,0.8806
1209,0,off,0,14,3,22.719,25.035,0.075,13.000,6.540,0.000,-274.68,0.9123,0.9636,0.9636,0.9534,0.9755,0.5328,0.7684
1210,0,off,0,3,5,11.338,21.758,0.041,8.363,15.239,0.000,-76.63,0.8909,0.8632,0.8617,0.9510,0.9889,0.5360,0.8150
1211,0,off,0,5,3,17.754,20.450,0.166,9.194,15.239,0.000,-172.49,0.8672,0.5636,0.5676,0.6806,0.8838,0.6047,0.8158
1212,0,off,0,5,3,13.914,15.011,0.238,7.559,15.239,0.000,-111.69,0.6340,0.5036,0.5123,0.4767,0.6103,0.7091,0.7968
1213,0,off,0,5,12,14.580,16.701,0.454,6.724,11.032,0.000,-121.17,0.5447,0.5597,0.5455,0.4980,0.5842,0.7905,0.8166
1214,0,off,0,12,2,10.069,11.983,0.395,7.373,10.421,0.000,-65.49,0.4656,0.7273,0.7162,0.5186,0.8443,0.8522,0.8553
1215,0,off,0,2,0,9.473,16.290,-0.296,7.787,9.972,0.000,-56.99,0.5407,0.7810,0.7881,0.5036,0.8190,0.8656,0.8688
1216,0,off,0,0,2,11.259,19.664,0.686,9.196,9.972,0.000,-76.89,0.5992,0.7779,0.7968,0.8909,0.8142,0.8324,0.8522
1217,0,off,0,0,2,15.005,20.780,0.234,14.909,9.972,0.000,-126.08,0.6672,0.9083,0.9107,0.8530,0.5921,0.7636,0.7921
1218,0,off,0,14,1,18.138,18.585,0.686,9.603,10.727,0.000,-180.57,0.8798,0.9423,0.9407,0.8229,0.3518,0.6419,0.7289
1219,0,off,0,5,14,15.371,18.864,0.633,12.940,7.794,0.000,-133.02,0.8403,0.7455,0.7589,0.8427,0.4158,0.6229,0.7146
1220,0,valley,1,3,5,9.764,19.058,0.054,6.198,15.239,0.000,-60.02,0.7628,0.5874,0.6040,0.5494,0.7889,0.7296,0.7241
1221,0,off,0,3,14,11.084,21.241,0.400,7.081,6.540,0.000,-73.78,0.6356,0.6538,0.6688,0.4664,0.5897,0.8206,0.7510
1222,0,off,0,3,5,14.582,18.149,0.632,8.948,15.239,0.000,-118.68,0.4870,0.5328,0.5391,0.6308,0.6482,0.8806,0.7470
1223,0,off,0,5,3,13.108,18.385,0.033,7.074,15.239,0.000,-100.79,0.7771,0.4830,0.5091,0.4822,0.1881,0.9138,0.7067
1224,0,off,0,5,3,13.963,18.001,0.031,7.152,15.239,0.000,-112.37,0.8759,0.4696,0.4980,0.5304,0.2443,0.8830,0.6862
1225,0,off,0,5,3,16.594,21.825,0.051,9.559,15.239,0.000,-152.57,0.9462,0.6601,0.6941,0.9336,0.3462,0.7921,0.6925
1226,0,off,0,5,14,18.369,20.773,0.764,15.201,7.794,0.000,-183.59,0.8972,0.8727,0.8885,0.8609,0.6577,0.6403,0.7202
1227,0,off,0,3,14,18.297,23.331,0.799,10.890,6.540,0.000,-179.74,0.8719,0.9202,0.9186,0.9676,0.9842,0.5787,0.7636
1228,0,off,0,3,14,18.680,24.974,0.446,9.928,6.540,0.000,-186.82,0.9067,0.8190,0.8158,0.6696,0.9929,0.5747,0.8008
1229,0,off,0,0,5,16.357,16.412,0.582,9.080,6.840,0.000,-147.19,0.6972,0.5542,0.5605,0.6087,0.8522,0.5684,0.7953
1230,0,off,0,5,0,14.526,19.483,-0.191,9.032,6.840,0.000,-120.39,0.7644,0.5700,0.5486,0.5328,0.7312,0.6008,0.7802
1231,0,off,0,12,5,10.455,15.878,0.007,7.517,11.032,0.000,-69.45,0.5431,0.6632,0.6403,0.5723,0.9202,0.6775,0.8245
1232,0,off,0,2,12,12.242,12.575,0.476,9.014,10.421,0.000,-87.05,0.5573,0.7375,0.7225,0.5439,0.8126,0.7478,0.8664
1233,0,off,0,2,0,9.461,14.143,-0.117,8.282,9.972,0.000,-56.88,0.7202,0.7344,0.7597,0.6269,0.8704,0.7304,0.8672
1234,0,off,0,0,2,12.694,18.818,0.511,12.066,9.972,0.000,-94.07,0.6949,0.8775,0.8870,0.8743,0.8119,0.6530,0.8300
1235,0,off,0,1,14,16.581,19.586,0.275,10.483,10.727,0.000,-146.24,0.9146,0.9715,0.9684,0.7455,0.4996,0.5470,0.9202
1236,0,off,0,1,14,13.607,19.241,0.295,10.045,10.727,0.000,-101.36,0.9209,0.9368,0.9383,0.8395,0.4696,0.4870,0.7834
1237,1,off,0,5,3,17.044,20.102,0.141,8.502,15.239,0.000,-160.13,0.9447,0.8142,0.8198,0.9921,0.5138,0.6047,0.7968
1238,1,off,0,3,5,12.512,20.992,0.050,7.596,15.239,0.000,-90.63,0.8213,0.7826,0.7874,0.8111,0.9320,0.7518,0.8174
1239,1,valley,1,3,14,12.493,18.800,0.339,6.160,6.540,0.000,-90.40,0.7099,0.7802,0.7960,0.6822,0.9518,0.9874,0.8292
1240,1,off,0,5,14,13.349,18.444,0.428,11.137,7.794,0.000,-103.98,0.4664,0.6411,0.7004,0.6704,0.7249,0.9842,0.8213
1241,1,off,0,5,0,12.036,18.399,0.323,8.196,6.840,0.000,-87.31,0.4474,0.6040,0.6585,0.5842,0.5130,0.9621,0.9265
1242,0,off,0,5,8,12.418,18.117,0.731,11.530,4.442,0.017,-91.99,0.7652,0.5628,0.6182,0.5644,0.3368,0.9826,0.8885
1243,0,off,0,5,8,12.955,18.356,0.764,11.505,4.442,0.017,-98.80,0.8213,0.5352,0.5794,0.5897,0.3494,0.9771,0.7771
1244,0,valley,1,3,5,11.136,18.415,0.121,6.627,15.239,0.000,-74.36,0.5304,0.6506,0.6917,0.6798,0.9091,0.9526,0.7842
1245,0,off,0,3,14,10.319,20.899,0.458,6.856,6.540,0.000,-65.59,0.7162,0.6957,0.7099,0.5455,0.7146,0.8854,0.8063
1246,0,off,0,3,5,14.804,19.201,0.624,10.275,15.239,0.000,-121.94,0.7992,0.5431,0.5447,0.9162,0.7613,0.8364,0.8040
1247,0,off,0,5,14,19.888,21.375,1.041,15.524,7.794,0.000,-212.66,0.9170,0.8142,0.8340,0.9178,0.6474,0.8111,0.7447
1248,0,off,0,14,5,21.667,24.331,-0.483,17.533,7.794,0.000,-251.32,0.7549,0.9755,0.9747,0.9628,0.8134,0.6925,0.7194
1249,0,off,0,2,5,15.509,17.409,0.482,10.704,14.921,0.000,-132.39,0.6111,0.9344,0.9289,0.9881,0.9636,0.5391,0.9162
1250,0,off,0,2,0,10.492,17.378,-0.405,8.167,9.972,0.000,-67.17,0.7747,0.8300,0.8245,0.5905,0.8514,0.4925,0.9138
1251,0,off,0,0,2,9.522,13.123,0.393,7.567,9.972,0.000,-58.84,0.8198,0.8237,0.8316,0.9249,0.9194,0.4988,0.8593
1252,0,off,0,0,2,14.317,18.390,0.276,13.709,9.972,0.000,-116.00,0.6648,0.9225,0.9233,0.7810,0.6791,0.5273,0.7589
1253,0,off,0,5,0,15.958,18.742,0.333,9.679,6.840,0.000,-142.22,0.9257,0.8387,0.8364,0.9281,0.5012,0.5708,0.7304
1254,0,off,0,5,8,14.117,19.542,0.939,11.313,4.442,0.017,-114.53,0.9083,0.5012,0.5067,0.9312,0.4711,0.6719,0.7407
1255,0,off,0,5,8,12.759,16.158,0.964,10.405,4.442,0.017,-96.28,0.7289,0.4617,0.4893,0.4996,0.2198,0.8182,0.7534
1256,0,off,0,3,14,10.980,19.196,0.581,6.763,6.540,0.000,-72.64,0.5779,0.6759,0.6854,0.4292,0.4862,0.9130,0.7874
1257,0,valley,1,3,14,10.509,18.532,0.457,6.225,6.540,0.000,-67.57,0.5723,0.6846,0.7028,0.4609,0.5336,0.9225,0.8055
1258,0,valley,1,5,3,12.469,17.940,0.056,6.574,15.239,0.000,-92.62,0.6759,0.4838,0.5162,0.5107,0.2372,0.9273,0.7818
1259,0,off,0,5,3,13.699,17.777,0.028,6.966,15.239,0.000,-108.72,0.8933,0.4664,0.5004,0.6213,0.3043,0.9154,0.7368
1260,0,off,0,5,14,16.966,20.842,0.643,14.485,7.794,0.000,-158.80,0.9407,0.7281,0.7652,0.9455,0.4000,0.8158,0.7320
1261,0,off,0,14,5,19.879,24.242,-0.099,17.532,7.794,0.000,-214.18,0.9549,0.9233,0.9352,0.8893,0.3486,0.6656,0.7613
1262,0,off,0,14,3,21.707,23.950,0.013,12.655,6.540,0.000,-252.20,0.8411,0.9447,0.9455,0.9462,0.9731,0.5557,0.8079
1263,0,off,0,3,5,11.185,21.678,0.099,9.066,15.239,0.000,-74.91,0.8245,0.8498,0.8419,0.9557,0.9866,0.5344,0.8387
1264,0,off,0,5,0,19.967,20.370,0.359,11.069,6.840,0.000,-214.21,0.8585,0.6016,0.6142,0.6949,0.9494,0.5826,0.8498
1265,0,off,0,5,2,14.234,16.646,0.356,9.649,14.921,0.000,-116.19,0.5004,0.5723,0.5723,0.5636,0.8625,0.6854,0.8403
1266,0,off,0,12,5,11.943,13.712,0.160,6.873,11.032,0.000,-86.11,0.4126,0.6332,0.6198,0.5763,0.8569,0.7794,0.8609
1267,0,off,0,12,2,9.230,13.884,0.369,7.440,10.421,0.000,-57.39,0.4300,0.7478,0.7360,0.6340,0.9233,0.8585,0.8830
1268,0,off,0,2,0,10.971,16.829,-0.428,9.054,9.972,0.000,-72.30,0.6522,0.7510,0.7747,0.6403,0.8332,0.8775,0.8862
1269,0,off,0,0,14,10.701,18.312,0.311,8.064,7.335,0.000,-70.77,0.5455,0.7660,0.7960,0.8680,0.8087,0.8071,0.8727
1270,0,off,0,0,14,15.966,17.705,0.075,10.740,7.335,0.000,-140.97,0.6403,0.9107,0.9162,0.8403,0.5929,0.7241,0.8419
1271,0,off,0,14,1,16.276,17.970,0.711,9.676,10.727,0.000,-149.05,0.9091,0.9273,0.9312,0.8119,0.3644,0.6498,0.8261
1272,0,off,0,5,14,14.737,19.792,0.527,13.084,7.794,0.000,-123.47,0.8988,0.6972,0.7130,0.8482,0.4498,0.6213,0.8316
1273,0,off,0,3,5,9.792,20.970,0.004,7.068,15.239,0.000,-60.30,0.8063,0.6458,0.6593,0.4814,0.6601,0.7439,0.8490
1274,0,valley,1,3,14,10.491,18.939,0.391,6.538,6.540,0.000,-67.38,0.5320,0.6767,0.6877,0.4593,0.5628,0.8379,0.8569
1275,0,off,0,5,3,14.218,16.546,0.159,7.637,15.239,0.000,-115.96,0.4593,0.4949,0.5170,0.5581,0.4909,0.8933,0.8379
1276,0,off,0,5,3,12.728,18.114,0.035,7.134,15.239,0.000,-95.89,0.8435,0.4806,0.5107,0.5020,0.2451,0.9202,0.8024
1277,0,off,0,5,3,13.112,17.451,0.038,7.078,15.239,0.000,-100.85,0.8893,0.4648,0.4964,0.5217,0.2664,0.8767,0.7700
1278,0,off,0,5,14,16.565,19.366,0.607,13.765,7.794,0.000,-152.09,0.9447,0.7209,0.7613,0.8925,0.3399,0.8055,0.7581
1279,0,off,0,5,14,18.460,19.638,0.875,14.772,7.794,0.000,-185.28,0.8727,0.8846,0.9036,0.7992,0.7478,0.6806,0.7779
1280,0,off,0,3,14,15.797,20.328,0.782,9.643,6.540,0.000,-137.13,0.8316,0.9099,0.9059,0.9225,0.9581,0.6024,0.8103
1281,0,off,0,3,14,21.222,22.299,0.547,9.674,6.540,0.000,-237.54,0.8593,0.8182,0.8126,0.7123,0.9960,0.5810,0.8206
1282,0,off,0,0,5,15.185,15.324,0.619,8.984,6.840,0.000,-128.77,0.6063,0.5668,0.5763,0.5447,0.7937,0.5945,0.8134
1283,0,off,0,5,3,14.787,19.015,0.230,8.343,15.239,0.000,-124.21,0.7091,0.6901,0.6870,0.7787,0.6980,0.6553,0.8111
1284,0,valley,1,12,5,9.462,14.839,0.067,6.690,11.032,0.000,-59.57,0.4751,0.8024,0.7897,0.7881,0.9067,0.7162,0.8372
1285,0,off,0,12,2,9.751,12.136,0.373,7.327,10.421,0.000,-62.34,0.5099,0.7763,0.7684,0.8498,0.8182,0.7723,0.8711
1286,0,off,0,0,2,10.090,11.769,0.668,7.936,9.972,0.000,-64.42,0.6577,0.7573,0.7874,0.9217,0.9186,0.7708,0.8625
1287,0,off,0,0,14,14.101,20.268,0.109,10.269,7.335,0.000,-112.93,0.6925,0.9004,0.9099,0.9028,0.8253,0.7130,0.8190
1288,0,off,0,1,14,15.166,18.258,0.238,10.439,10.727,0.000,-123.78,0.9154,0.9802,0.9810,0.7478,0.4964,0.6142,0.7652
1289,0,off,0,1,14,16.532,17.706,0.312,9.685,10.727,0.000,-145.44,0.9265,0.8901,0.8996,0.8458,0.4577,0.5565,0.7352
1290,0,off,0,5,3,13.347,18.770,0.128,6.828,15.239,0.000,-103.95,0.9455,0.6166,0.6411,0.9375,0.4466,0.6490,0.7375
1291,0,valley,1,3,14,9.589,19.083,0.459,6.398,6.540,0.000,-58.33,0.6182,0.6917,0.7020,0.4925,0.5715,0.8664,0.7755
1292,0,valley,1,3,14,11.231,18.503,0.384,6.556,6.540,0.000,-75.43,0.5020,0.7194,0.7502,0.6111,0.5889,0.9383,0.7984
1293,0,off,0,5,14,11.621,17.716,0.177,10.934,7.794,0.000,-82.41,0.6316,0.5320,0.5897,0.5360,0.2798,0.9502,0.7494
1294,0,off,0,5,3,12.319,17.957,0.035,6.699,15.239,0.000,-90.77,0.8688,0.5281,0.5747,0.4877,0.1755,0.9636,0.6933
1295,0,off,0,5,3,13.746,18.276,0.035,7.403,15.239,0.000,-109.37,0.9194,0.5091,0.5360,0.5787,0.2996,0.9368,0.6791
1296,0,off,0,5,3,14.516,19.540,0.048,8.388,15.239,0.000,-120.24,0.9494,0.5976,0.6356,0.9004,0.3542,0.8593,0.6822
1297,0,off,0,14,3,19.443,19.592,0.213,9.855,6.540,0.000,-204.04,0.8751,0.8925,0.9067,0.9075,0.9794,0.8047,0.7020
1298,1,off,0,3,14,11.280,20.453,0.640,7.620,6.540,0.000,-75.98,0.8008,0.9091,0.9075,0.9668,0.9755,0.7083,0.7478
1299,1,off,0,0,2,12.845,13.509,0.860,9.651,9.972,0.000,-96.01,0.7502,0.7534,0.7676,0.9779,0.9344,0.6150,0.8877
1300,1,off,0,14,5,17.618,19.444,-0.121,13.869,7.794,0.000,-171.80,0.7352,0.9178,0.9217,0.9794,0.9257,0.6087,0.7233
1301,0,off,0,14,5,17.248,27.070,-0.582,17.267,7.794,0.000,-165.35,0.6079,0.9881,0.9881,0.7605,0.8538,0.6735,0.7660
1302,0,off,0,14,5,17.007,21.821,-0.410,15.594,7.794,0.000,-161.22,0.4775,0.9874,0.9858,0.9787,0.9407,0.6561,0.8198
1303,0,valley,1,2,12,12.070,15.608,0.507,6.173,10.421,0.000,-84.97,0.5881,0.8877,0.8909,0.9067,0.8877,0.6814,0.8530
1304,0,off,0,5,14,19.635,21.260,1.105,13.592,7.794,0.000,-207.65,0.9486,0.7012,0.7423,0.7304,0.9304,0.7123,0.8364
1305,0,off,0,5,14,14.055,21.115,0.380,12.340,7.794,0.000,-113.66,0.7755,0.6269,0.6751,0.7581,0.7692,0.8348,0.8047
1306,0,off,0,5,14,12.605,18.644,0.252,11.453,7.794,0.000,-94.33,0.6379,0.6134,0.6838,0.7020,0.3929,0.9589,0.7747
1307,0,off,0,5,14,12.114,16.838,0.254,10.730,7.794,0.000,-88.26,0.6427,0.6395,0.7209,0.6055,0.2893,0.9842,0.8870
1308,0,off,0,5,14,12.927,16.465,0.463,11.142,7.794,0.000,-98.44,0.6087,0.6356,0.7170,0.6000,0.4798,0.9897,0.7344
1309,0,off,0,14,3,15.600,16.135,0.273,6.897,6.540,0.000,-138.27,0.5802,0.8198,0.8395,0.6356,0.8198,0.9889,0.7478
1310,0,off,0,14,3,16.119,20.370,0.346,6.804,6.540,0.000,-146.52,0.5628,0.8206,0.8379,0.7012,0.9209,0.9834,0.7391
1311,0,off,0,5,14,12.845,19.556,0.149,12.043,7.794,0.000,-97.38,0.8285,0.5992,0.6585,0.6791,0.4126,0.9818,0.6783
1312,0,off,0,5,3,13.519,18.345,0.027,7.046,15.239,0.000,-106.27,0.9130,0.5336,0.5787,0.6846,0.2435,0.9731,0.6514
1313,0,off,0,5,14,16.835,19.957,0.634,14.273,7.794,0.000,-156.60,0.9581,0.7755,0.8047,0.9731,0.3249,0.9162,0.6451
1314,0,off,0,14,5,19.816,24.612,-0.109,17.778,7.794,0.000,-212.94,0.9652,0.9383,0.9478,0.9589,0.3660,0.7375,0.6640
1315,0,off,0,14,3,22.554,22.888,0.048,12.265,6.540,0.000,-270.90,0.8498,0.9518,0.9542,0.9518,0.9613,0.6466,0.9099
1316,0,off,0,3,5,11.462,22.388,0.116,9.855,15.239,0.000,-78.05,0.8024,0.8553,0.8506,0.9565,0.9739,0.5802,0.7549
1317,0,off,0,0,5,16.736,17.874,0.588,9.494,6.840,0.000,-153.56,0.7897,0.6261,0.6443,0.6395,0.8925,0.5715,0.7573
1318,0,off,0,5,12,15.114,18.101,0.294,6.908,11.032,0.000,-129.11,0.7059,0.6111,0.6213,0.5858,0.7779,0.6949,0.7265
1319,0,off,0,12,5,12.268,15.090,0.074,7.270,11.032,0.000,-90.05,0.5731,0.6830,0.6632,0.5881,0.9123,0.7787,0.7826
1320,0,off,0,12,2,10.281,11.033,0.509,7.122,10.421,0.000,-67.65,0.5858,0.7866,0.7763,0.6419,0.9423,0.8387,0.8395
1321,0,off,0,2,0,10.344,17.554,-0.270,8.822,9.972,0.000,-65.62,0.8458,0.7968,0.8095,0.6443,0.8846,0.8435,0.8585
1322,0,off,0,0,2,12.115,19.201,0.566,10.888,9.972,0.000,-86.90,0.8032,0.8704,0.8846,0.9233,0.8854,0.7715,0.8182
1323,0,off,0,0,14,20.713,21.326,-0.029,13.264,7.335,0.000,-228.03,0.8142,0.9700,0.9700,0.8933,0.6617,0.6798,0.8759
1324,0,off,0,1,14,13.424,18.088,0.310,10.261,10.727,0.000,-98.89,0.9012,0.9794,0.9779,0.7423,0.4071,0.6103,0.6988
1325,0,off,0,5,14,16.743,18.660,0.712,13.693,7.794,0.000,-155.05,0.9502,0.8403,0.8435,0.8988,0.4751,0.6221,0.7028
1326,0,off,0,3,5,9.842,21.748,-0.023,6.838,15.239,0.000,-60.79,0.6838,0.7202,0.7320,0.9486,0.7549,0.7644,0.7257
1327,0,off,0,3,14,10.928,20.448,0.351,6.723,6.540,0.000,-72.07,0.6229,0.7186,0.7486,0.6538,0.6688,0.8751,0.7692
1328,0,off,0,5,3,14.261,17.267,0.129,7.133,15.239,0.000,-116.57,0.5889,0.5518,0.6032,0.6498,0.4783,0.9470,0.7518
1329,0,off,0,5,3,12.452,18.885,0.034,7.055,15.239,0.000,-92.41,0.7850,0.5447,0.6008,0.4917,0.1628,0.9723,0.6893
1330,0,off,0,5,3,12.977,18.407,0.026,6.940,15.239,0.000,-99.09,0.8522,0.5289,0.5731,0.4830,0.1455,0.9684,0.6743
1331,0,off,0,5,3,13.677,18.286,0.024,7.064,15.239,0.000,-108.42,0.9107,0.5146,0.5423,0.5731,0.2957,0.9447,0.6798
1332,0,off,0,5,6,13.764,17.330,0.442,8.346,8.573,0.000,-109.60,0.8134,0.6561,0.6972,0.8577,0.7431,0.8696,0.6917
1333,0,off,0,3,5,13.213,20.873,0.121,9.106,15.239,0.000,-99.65,0.8490,0.8767,0.8806,0.8285,0.9668,0.7960,0.7281
1334,0,off,0,14,3,23.252,23.463,0.230,11.986,6.540,0.000,-286.53,0.8775,0.8759,0.8751,0.9802,0.9937,0.7360,0.7439
1335,0,off,0,0,14,17.055,20.101,0.302,11.275,7.335,0.000,-158.95,0.6656,0.9123,0.9209,0.9209,0.8324,0.6909,0.7059
1336,0,off,0,14,5,18.847,26.595,-0.489,17.484,7.794,0.000,-194.21,0.8095,0.9858,0.9874,0.7597,0.7352,0.6933,0.7043
1337,0,off,0,14,5,18.077,20.170,-0.271,15.039,7.794,0.000,-179.99,0.4949,0.9810,0.9708,0.9265,0.9107,0.7146,0.7858
1338,0,off,0,2,12,14.251,16.369,0.564,8.078,10.421,0.000,-113.67,0.5771,0.8830,0.8822,0.8632,0.8300,0.7455,0.8356
1339,0,off,0,0,2,14.436,14.530,0.778,13.174,9.972,0.000,-117.00,0.9202,0.7802,0.7953,0.6775,0.9099,0.7170,0.8443
1340,0,off,0,5,0,16.937,17.867,0.482,10.215,6.840,0.000,-158.31,0.8632,0.6814,0.7146,0.7075,0.8498,0.7518,0.8174
1341,0,off,0,5,8,11.779,17.392,0.971,10.364,4.442,0.017,-84.26,0.8324,0.6277,0.6609,0.6941,0.5249,0.8759,0.7889
1342,0,off,0,5,14,12.445,19.793,0.127,12.053,7.794,0.000,-92.32,0.8482,0.6182,0.6680,0.6316,0.3874,0.9557,0.7526
1343,0,off,0,5,14,11.908,18.753,0.146,11.548,7.794,0.000,-85.78,0.7115,0.5889,0.6490,0.5462,0.2822,0.9802,0.7605
1344,0,off,0,3,14,12.527,19.051,0.585,6.983,6.540,0.000,-90.82,0.5202,0.7723,0.8024,0.5383,0.5186,0.9874,0.7929
1345,0,off,0,3,14,12.358,18.336,0.503,6.918,6.540,0.000,-88.72,0.5344,0.7534,0.7905,0.5170,0.5154,0.9763,0.7960
1346,0,valley,1,5,3,12.222,18.368,0.056,6.541,15.239,0.000,-89.58,0.7273,0.5375,0.5866,0.5273,0.2261,0.9628,0.7296
1347,0,off,0,5,3,13.825,18.448,0.039,7.576,15.239,0.000,-110.45,0.9043,0.5684,0.6134,0.9613,0.2688,0.9621,0.6648
1348,0,off,0,14,5,19.730,19.815,0.191,15.508,7.794,0.000,-210.53,0.9668,0.8482,0.8640,0.9723,0.3115,0.8901,0.6530
1349,0,off,0,14,5,20.203,26.263,-0.217,18.601,7.794,0.000,-220.68,0.9708,0.9644,0.9723,0.7692,0.3257,0.7115,0.7897
1350,0,off,0,14,5,21.979,25.860,-0.647,16.120,7.794,0.000,-258.14,0.8806,0.9731,0.9763,0.9708,0.9779,0.5613,0.8988
1351,0,off,0,3,5,14.419,22.477,0.073,10.301,15.239,0.000,-116.32,0.8277,0.9130,0.9091,0.9684,0.9905,0.5415,0.7431
1352,0,off,0,2,0,21.704,22.050,0.242,20.041,9.972,0.000,-247.65,0.9858,0.7391,0.7455,0.7399,0.9834,0.6206,0.7787
1353,0,off,0,2,5,13.962,14.568,0.627,9.596,14.921,0.000,-109.59,0.6055,0.6443,0.6704,0.6506,0.8933,0.7628,0.7708
1354,0,off,0,5,12,13.154,18.017,0.524,6.920,11.032,0.000,-101.40,0.4514,0.6862,0.6893,0.5992,0.7739,0.8727,0.8087
1355,0,valley,1,12,2,8.222,11.940,0.411,6.307,10.421,0.000,-48.60,0.4664,0.8063,0.8087,0.6047,0.9273,0.9439,0.8538
1356,0,off,0,2,12,11.232,12.706,0.480,7.381,10.421,0.000,-75.20,0.4901,0.8111,0.8237,0.5700,0.7731,0.9597,0.8656
1357,0,off,0,0,5,12.461,19.950,0.348,9.572,6.840,0.000,-91.15,0.5494,0.7407,0.7802,0.6103,0.8277,0.9462,0.8514
1358,0,off,0,0,5,10.880,16.510,0.398,8.563,6.840,0.000,-72.70,0.7051,0.6680,0.6964,0.5470,0.7123,0.9123,0.7984
1359,0,off,0,0,5,17.323,17.495,0.626,10.716,6.840,0.000,-163.53,0.9304,0.8411,0.8498,0.9059,0.4585,0.8577,0.7336
1360,0,off,0,14,1,18.174,21.502,0.629,10.531,10.727,0.000,-181.76,0.9391,0.9542,0.9644,0.8688,0.4213,0.7866,0.7012
1361,0,off,0,14,5,19.791,30.220,-0.803,16.568,7.794,0.000,-212.45,0.7818,0.9747,0.9794,0.8775,0.7905,0.7036,0.6972
1362,0,off,0,3,14,15.818,19.393,0.705,8.946,6.540,0.000,-137.45,0.7518,0.8680,0.8696,0.8735,0.7091,0.6972,0.7399
1363,0,off,0,3,8,13.605,17.931,0.874,9.160,13.125,0.000,-104.90,0.9534,0.5739,0.5826,0.7138,0.7233,0.8087,0.7423
1364,0,off,0,5,3,13.461,18.657,0.038,6.907,15.239,0.000,-105.48,0.8047,0.5304,0.5708,0.5953,0.2206,0.9186,0.6980
1365,0,off,0,5,3,13.288,18.565,0.039,7.533,15.239,0.000,-103.17,0.8332,0.5439,0.5913,0.4893,0.1328,0.9542,0.6854
1366,0,off,0,5,8,13.674,18.918,0.784,11.570,4.442,0.017,-108.37,0.8292,0.5296,0.5668,0.6071,0.2767,0.9494,0.6901
1367,0,off,0,5,3,14.031,18.852,0.033,7.615,15.239,0.000,-113.32,0.8838,0.5170,0.5399,0.6348,0.3162,0.9115,0.6996
1368,0,off,0,3,5,12.138,19.004,0.156,7.798,15.239,0.000,-86.03,0.7431,0.8000,0.8055,0.6632,0.9565,0.9020,0.7225
1369,0,off,0,3,14,15.516,22.735,0.974,10.627,6.540,0.000,-132.72,0.7344,0.8506,0.8522,0.6783,0.9810,0.8632,0.7565
1370,0,off,0,0,2,13.958,18.189,0.851,11.704,9.972,0.000,-110.93,0.6545,0.8348,0.8530,0.9099,0.8640,0.7858,0.7383
1371,0,off,0,14,5,19.041,24.126,-0.340,16.421,7.794,0.000,-197.89,0.7486,0.9628,0.9668,0.9391,0.8411,0.7462,0.7091
1372,0,off,0,14,5,18.648,22.702,-0.411,15.884,7.794,0.000,-190.47,0.5565,0.9866,0.9866,0.9478,0.9138,0.7075,0.7486
1373,0,off,0,12,2,15.030,15.304,0.243,7.565,10.421,0.000,-127.54,0.4806,0.9320,0.9249,0.8917,0.9004,0.7028,0.8229
1374,0,off,0,2,0,10.817,16.715,-0.375,9.218,9.972,0.000,-70.63,0.8466,0.7945,0.8016,0.6411,0.8632,0.6672,0.8458
1375,0,off,0,0,5,15.583,19.365,0.416,9.731,6.840,0.000,-134.92,0.8379,0.6996,0.7289,0.6727,0.8609,0.6577,0.8213
1376,0,off,0,5,0,13.260,13.730,0.562,8.360,6.840,0.000,-102.79,0.7099,0.6364,0.6569,0.6601,0.6719,0.7763,0.7739
1377,0,off,0,5,8,13.388,19.905,0.659,11.528,4.442,0.017,-104.50,0.9028,0.5866,0.6158,0.5526,0.3636,0.9028,0.7249
1378,0,off,0,5,8,13.430,19.639,0.659,11.466,4.442,0.017,-105.07,0.8877,0.5486,0.5889,0.4885,0.2791,0.9407,0.7075
1379,0,off,0,3,5,12.364,21.319,0.034,8.210,15.239,0.000,-88.80,0.6854,0.7178,0.7510,0.5668,0.6767,0.9486,0.6957
1380,0,valley,1,3,14,10.476,19.496,0.536,6.459,6.540,0.000,-67.23,0.6490,0.7130,0.7336,0.4474,0.5178,0.9344,0.7083
1381,0,off,0,5,3,14.826,17.011,0.114,7.603,15.239,0.000,-124.79,0.7194,0.5162,0.5352,0.5043,0.4166,0.9012,0.6759
1382,0,off,0,5,14,17.957,20.948,0.694,14.989,7.794,0.000,-176.11,0.9470,0.7787,0.8032,0.9154,0.3233,0.8885,0.6300
1383,0,off,0,14,5,20.101,24.725,-0.137,17.914,7.794,0.000,-218.62,0.9692,0.9407,0.9494,0.9542,0.3320,0.7802,0.6040
1384,0,off,0,14,5,20.521,27.245,-0.261,19.124,7.794,0.000,-227.15,0.9636,0.9613,0.9692,0.7407,0.2379,0.6087,0.8996
1385,0,off,0,14,5,20.340,21.059,-0.073,16.095,7.794,0.000,-223.47,0.8743,0.9431,0.9502,0.9036,0.7178,0.5518,0.6846
1386,0,off,0,3,14,16.960,21.047,0.729,9.795,6.540,0.000,-156.17,0.8648,0.9312,0.9320,0.9636,0.9826,0.6316,0.6830
1387,0,off,0,3,14,19.410,21.762,0.498,9.212,6.540,0.000,-200.73,0.9099,0.8458,0.8443,0.7715,0.9968,0.7692,0.7186
1388,0,off,0,5,14,14.305,19.246,0.432,11.719,7.794,0.000,-117.20,0.5138,0.6474,0.6925,0.7209,0.8024,0.8783,0.7099
1389,0,off,0,5,12,12.066,17.813,0.304,7.070,11.032,0.000,-87.67,0.6095,0.7020,0.7447,0.6838,0.7968,0.9700,0.7138
1390,0,valley,1,12,5,7.421,13.434,0.069,6.255,11.032,0.000,-42.33,0.4356,0.8087,0.8221,0.6474,0.8751,0.9921,0.7913
1391,0,off,0,2,12,12.575,12.897,0.582,8.956,10.421,0.000,-91.19,0.4198,0.8435,0.8632,0.6277,0.7976,0.9945,0.8482
1392,0,off,0,0,2,11.072,11.299,0.795,8.205,9.972,0.000,-74.53,0.3818,0.8395,0.8680,0.6830,0.8775,0.9905,0.8466
1393,0,off,0,0,5,11.725,16.595,0.351,8.789,6.840,0.000,-82.25,0.4640,0.7613,0.8071,0.6300,0.7945,0.9850,0.7866
1394,0,off,0,5,0,11.391,16.150,0.245,7.585,6.840,0.000,-79.77,0.7874,0.6466,0.6806,0.5779,0.4593,0.9755,0.6949
1395,0,off,0,5,8,13.611,19.808,0.653,11.349,4.442,0.017,-107.52,0.9273,0.5850,0.6166,0.6285,0.4221,0.9660,0.6609
1396,0,off,0,5,3,15.602,20.787,0.057,8.772,15.239,0.000,-136.60,0.9281,0.7107,0.7534,0.9202,0.3589,0.9352,0.6372
1397,0,off,0,14,3,21.197,30.526,-0.173,15.926,6.540,0.000,-241.26,0.7708,0.9787,0.9826,0.9020,0.6332,0.8846,0.6198
1398,0,off,0,14,3,21.193,25.607,-0.033,13.687,6.540,0.000,-241.17,0.6917,0.9494,0.9549,0.8308,0.6506,0.7605,0.6348
1399,0,off,0,5,3,15.206,17.893,0.111,7.738,15.239,0.000,-130.50,0.8767,0.6095,0.6332,0.9407,0.3984,0.7051,0.6253
1400,0,off,0,5,3,14.323,17.609,0.035,6.993,15.239,0.000,-117.47,0.8577,0.5083,0.5265,0.4198,0.1186,0.8103,0.5834
1401,0,off,0,5,8,15.208,17.641,0.812,11.078,4.442,0.017,-130.53,0.8791,0.5115,0.5289,0.4870,0.1992,0.8269,0.5763
1402,0,off,0,5,14,19.478,21.238,0.810,15.662,7.794,0.000,-204.57,0.9249,0.8158,0.8269,0.8474,0.2806,0.7953,0.5984
1403,0,off,0,14,5,21.017,25.951,-0.618,16.015,7.794,0.000,-237.46,0.8387,0.9692,0.9739,0.8783,0.9644,0.7391,0.6395
1404,0,off,0,3,14,16.332,22.766,0.681,9.902,6.540,0.000,-145.72,0.8071,0.9217,0.9194,0.9660,0.9858,0.7194,0.6735
1405,0,off,0,2,0,16.587,20.517,0.195,16.554,9.972,0.000,-149.69,0.9557,0.7557,0.7644,0.7028,0.9605,0.7573,0.6814
1406,0,off,0,2,5,15.084,15.996,0.681,9.508,14.921,0.000,-125.89,0.5913,0.6427,0.6656,0.6229,0.8466,0.8166,0.6569
1407,0,off,0,5,12,14.316,19.506,0.410,6.869,11.032,0.000,-117.35,0.6126,0.6719,0.6719,0.5976,0.7115,0.8814,0.6553
1408,0,off,0,12,5,7.617,17.454,-0.061,7.653,11.032,0.000,-43.81,0.4237,0.7881,0.7818,0.7676,0.9715,0.9257,0.7162
1409,0,off,0,2,12,11.302,12.903,0.456,7.909,10.421,0.000,-75.99,0.5478,0.8071,0.8166,0.5810,0.8261,0.9320,0.8032
1410,0,off,0,0,2,9.423,12.929,0.600,7.455,9.972,0.000,-57.90,0.7605,0.8308,0.8451,0.9692,0.9296,0.9075,0.7621
1411,0,off,0,0,2,14.308,20.264,0.446,14.400,9.972,0.000,-115.86,0.7320,0.9399,0.9423,0.9383,0.7763,0.8490,0.6593
1412,0,off,0,1,14,17.656,18.869,0.292,9.975,10.727,0.000,-164.65,0.9020,0.9826,0.9842,0.7518,0.3937,0.7652,0.6079
1413,0,off,0,5,1,17.480,18.597,0.426,10.492,4.750,0.000,-167.66,0.8996,0.8514,0.8482,0.8538,0.4063,0.7186,0.5968
1414,0,off,0,8,5,11.952,13.222,-0.090,8.660,4.442,0.017,-81.11,0.7312,0.5257,0.5344,0.5715,0.3921,0.8261,0.6063
1415,0,off,0,3,14,11.521,22.095,0.445,6.819,6.540,0.000,-78.72,0.6237,0.7415,0.7581,0.5771,0.6269,0.9312,0.6340
1416,0,off,0,3,14,12.231,19.746,0.594,6.885,6.540,0.000,-87.16,0.4988,0.7605,0.7810,0.6767,0.7447,0.9534,0.6324
1417,0,off,0,5,8,12.623,18.506,0.723,10.368,4.442,0.017,-94.56,0.6830,0.5557,0.5929,0.5296,0.1889,0.9692,0.5858
1418,0,off,0,5,8,14.169,17.599,0.772,10.594,4.442,0.017,-115.26,0.7960,0.5407,0.5628,0.6166,0.2103,0.9676,0.5502
1419,0,off,0,5,14,16.373,21.376,0.561,14.719,7.794,0.000,-148.92,0.9478,0.6854,0.7178,0.9194,0.2593,0.9455,0.5391
1420,0,off,0,14,5,19.905,23.163,-0.025,17.613,7.794,0.000,-214.71,0.9573,0.9051,0.9146,0.9423,0.3470,0.8862,0.5423
1421,0,off,0,14,3,20.895,23.326,-0.154,12.150,6.540,0.000,-234.90,0.7257,0.9660,0.9621,0.9399,0.9542,0.8292,0.6269
1422,0,off,0,3,5,11.750,22.433,0.113,9.760,15.239,0.000,-81.39,0.7336,0.8711,0.8625,0.9439,0.9708,0.7526,0.5960
1423,0,off,0,0,5,15.639,17.773,0.541,8.370,6.840,0.000,-135.80,0.7391,0.6387,0.6506,0.6379,0.8806,0.7099,0.6016
1424,0,off,0,5,0,14.481,15.573,0.395,7.921,6.840,0.000,-119.73,0.5897,0.6213,0.6292,0.6134,0.8419,0.7937,0.5810
1425,0,off,0,12,5,13.487,14.477,0.160,6.769,11.032,0.000,-105.75,0.4617,0.6775,0.6617,0.6190,0.8593,0.8601,0.6126
1426,0,valley,1,12,2,8.465,11.989,0.417,5.742,10.421,0.000,-50.62,0.4182,0.7874,0.7731,0.6008,0.8885,0.9004,0.6838
1427,0,off,0,2,0,8.015,15.243,-0.299,6.773,9.972,0.000,-44.24,0.6008,0.7960,0.8008,0.5866,0.7628,0.8941,0.7130
1428,0,off,0,0,2,10.739,18.371,0.558,9.197,9.972,0.000,-71.17,0.6585,0.8601,0.8656,0.9368,0.8379,0.8617,0.6474
1429,0,off,0,0,14,19.162,22.766,-0.057,12.303,7.335,0.000,-197.10,0.7502,0.9581,0.9597,0.9051,0.5881,0.7621,0.8798
1430,0,off,0,1,14,13.686,20.695,0.330,9.578,10.727,0.000,-102.43,0.8253,0.9779,0.9731,0.7439,0.3842,0.6285,0.8269
1431,0,off,0,5,1,18.547,20.028,0.346,10.077,4.750,0.000,-186.88,0.8814,0.8530,0.8545,0.9130,0.4332,0.6458,0.5296
1432,0,valley,1,3,5,9.841,19.974,0.051,6.292,15.239,0.000,-60.78,0.6735,0.6877,0.6949,0.9605,0.8308,0.7660,0.5462
1433,0,valley,1,3,14,10.473,20.889,0.372,6.432,6.540,0.000,-67.20,0.6395,0.7225,0.7257,0.5802,0.5874,0.8996,0.5771
1434,0,off,0,3,8,14.410,16.578,0.864,9.899,13.125,0.000,-116.18,0.6664,0.6206,0.6364,0.6648,0.6403,0.9613,0.5731
1435,0,off,0,5,8,12.315,17.773,0.718,9.921,4.442,0.017,-90.72,0.6601,0.5605,0.5842,0.4949,0.1557,0.9747,0.5289
1436,0,off,0,5,8,13.431,16.946,0.764,10.077,4.442,0.017,-105.08,0.7557,0.5455,0.5573,0.5249,0.1684,0.9739,0.5075
1437,0,off,0,5,8,13.682,16.628,0.855,9.561,4.442,0.017,-108.49,0.8126,0.5209,0.5320,0.5518,0.2008,0.9581,0.5043
1438,0,beyond,0,5,3,14.551,18.085,-0.017,6.612,15.239,0.000,-120.75,0.7802,0.5897,0.5945,0.8300,0.6308,0.9217,0.5146
1439,0,off,0,12,6,10.261,14.126,0.751,8.802,4.289,0.003,-67.44,0.7375,0.7431,0.7375,0.8348,0.7004,0.8957,0.5312
1440,0,off,0,2,12,10.073,13.441,0.415,8.525,10.421,0.000,-62.85,0.5621,0.8245,0.8111,0.6292,0.8957,0.8482,0.6071
1441,0,beyond,0,2,12,8.189,17.038,-0.130,6.255,10.421,0.000,-45.66,0.6047,0.8372,0.8324,0.5605,0.7810,0.7826,0.7004
1442,0,off,0,0,2,10.066,15.973,0.053,9.607,9.972,0.000,-64.17,0.6901,0.8798,0.8862,0.8972,0.8617,0.7399,0.9170
1443,0,off,0,0,2,17.374,23.038,0.114,17.756,9.972,0.000,-164.44,0.7937,0.9573,0.9581,0.8798,0.6545,0.6545,0.9644
1444,0,off,0,1,0,14.274,22.410,-0.168,9.194,11.774,0.000,-110.65,0.8870,0.9834,0.9834,0.7526,0.4308,0.5549,0.9676
1445,0,off,0,1,14,17.970,21.384,0.330,8.856,10.727,0.000,-170.24,0.8980,0.9708,0.9676,0.9043,0.4040,0.5526,0.9075
1446,0,off,0,5,14,17.818,22.210,0.755,15.719,7.794,0.000,-173.63,0.9810,0.8150,0.8174,0.9794,0.4047,0.6387,0.5660
1447,0,off,0,3,5,9.617,22.633,0.008,7.219,15.239,0.000,-58.60,0.7984,0.7123,0.7115,0.7130,0.6095,0.8372,0.5913
1448,0,valley,1,3,14,11.149,20.694,0.348,6.681,6.540,0.000,-74.51,0.7589,0.7589,0.7771,0.6933,0.5494,0.9399,0.6285
1449,0,off,0,5,8,12.160,17.199,0.947,9.777,4.442,0.017,-88.82,0.5866,0.6000,0.6379,0.6577,0.2617,0.9652,0.6625
1450,0,off,0,5,8,12.131,17.937,0.638,10.295,4.442,0.017,-88.46,0.6506,0.6087,0.6458,0.5565,0.1605,0.9858,0.5739
1451,0,off,0,5,8,12.545,18.188,0.795,10.200,4.442,0.017,-93.57,0.7929,0.5881,0.6190,0.5794,0.1976,0.9866,0.5676
1452,0,beyond,0,5,3,13.096,18.318,-0.022,6.341,15.239,0.000,-100.64,0.7383,0.5581,0.5771,0.6617,0.5534,0.9787,0.5802
1453,0,off,0,3,5,12.344,17.553,0.225,7.200,15.239,0.000,-88.54,0.7494,0.7708,0.7858,0.7154,0.9850,0.9644,0.5937
1454,1,off,0,8,5,239.052,247.580,-4.137,207.683,4.442,0.017,-28582.55,0.9992,0.9992,0.9992,0.9984,1.0000,1.0000,1.0000
1455,1,off,0,8,5,207.839,210.778,-4.642,176.325,4.442,0.017,-21608.18,0.9992,1.0000,1.0000,0.9984,0.9992,1.0000,1.0000
1456,1,off,0,8,5,220.535,225.931,-7.026,186.901,4.442,0.017,-24327.53,0.9976,0.9992,0.9992,0.9984,0.9992,1.0000,1.0000
1457,1,off,0,5,14,148.501,185.163,4.745,138.410,7.794,0.000,-11041.19,0.9976,0.9486,0.9273,0.9984,0.9945,0.4000,0.8316
1458,1,off,0,5,14,160.892,223.098,7.062,154.393,7.794,0.000,-12958.00,0.8166,0.9723,0.9549,0.9668,0.9312,0.5067,0.9581
1459,1,off,0,5,4,157.168,208.704,-0.892,76.706,15.286,0.000,-12365.73,0.7597,0.9470,0.9557,0.9976,0.9352,0.6166,0.9984
1460,1,off,0,14,2,39.956,47.354,-0.076,37.217,11.424,0.000,-814.86,0.6980,0.9937,0.9945,0.9937,0.8427,0.6387,1.0000
1461,1,off,0,5,14,268.891,304.152,0.378,253.479,7.794,0.000,-36166.16,0.9992,1.0000,1.0000,0.9984,0.8996,1.0000,1.0000
1462,1,off,0,5,14,322.676,376.286,2.976,307.830,7.794,0.000,-52074.80,0.9992,1.0000,1.0000,0.9984,0.8909,1.0000,1.0000
1463,0,off,0,5,14,278.456,324.500,5.740,263.423,7.794,0.000,-38783.85,0.9984,0.9976,0.9976,0.9984,0.9976,0.8964,0.9984
1464,0,off,0,3,14,18.560,25.070,0.294,11.338,6.540,0.000,-184.60,0.9850,0.8909,0.8988,0.9968,0.8743,0.6174,0.8735
1465,0,off,0,3,8,13.368,15.504,0.885,9.136,13.125,0.000,-101.71,0.9731,0.7091,0.7265,0.7684,0.7794,0.9375,0.8348
1466,0,off,0,5,8,12.199,17.296,0.881,9.313,4.442,0.017,-89.30,0.6696,0.6870,0.7241,0.6964,0.2174,0.9794,0.7937
1467,0,off,0,5,8,12.216,17.549,0.779,9.780,4.442,0.017,-89.51,0.6870,0.7059,0.7542,0.6640,0.2419,0.9913,0.7312
1468,0,off,0,5,8,13.061,16.541,0.676,9.564,4.442,0.017,-100.19,0.6245,0.6885,0.7273,0.7162,0.4806,0.9929,0.7115
1469,0,off,0,12,5,10.789,13.516,0.185,6.725,11.032,0.000,-73.00,0.4419,0.8134,0.8213,0.6656,0.7217,0.9960,0.7455
1470,0,off,0,12,2,9.810,16.005,0.144,8.547,10.421,0.000,-62.91,0.3613,0.8933,0.9043,0.7921,0.9818,0.9968,0.8253
1471,0,off,0,2,12,9.940,17.279,-0.079,8.541,10.421,0.000,-61.53,0.4482,0.8980,0.9130,0.6561,0.7391,0.9937,0.8617
1472,0,off,0,0,2,10.049,14.150,0.486,8.028,9.972,0.000,-64.00,0.4569,0.8577,0.8775,0.6870,0.9075,0.9881,0.8451
1473,0,off,0,0,5,9.253,14.920,0.280,6.905,6.840,0.000,-56.32,0.5581,0.7628,0.7937,0.6569,0.6395,0.9779,0.7676
1474,0,off,0,0,5,16.458,17.885,0.602,9.979,6.840,0.000,-148.95,0.9186,0.8664,0.8735,0.9526,0.4791,0.9549,0.6941
1475,0,off,0,14,1,19.573,21.298,0.647,9.664,10.727,0.000,-208.15,0.9004,0.9739,0.9771,0.8949,0.3992,0.9178,0.6751
1476,0,off,0,1,14,18.300,20.548,0.475,10.916,10.727,0.000,-176.23,0.8609,0.9771,0.9787,0.8664,0.2609,0.8538,0.6775
1477,1,off,0,3,14,20.400,21.672,0.868,11.119,6.540,0.000,-220.43,0.7273,0.9304,0.9352,0.8885,0.6095,0.8498,0.7028
1478,1,off,0,3,14,11.928,23.587,0.472,7.752,6.540,0.000,-83.49,0.7953,0.7842,0.7976,0.6885,0.7439,0.8893,0.7091
1479,1,off,0,5,3,14.315,20.304,0.094,7.604,15.239,0.000,-117.35,0.7296,0.6538,0.6957,0.6727,0.2593,0.9621,0.9399
1480,1,off,0,5,0,14.560,20.217,0.191,8.711,6.840,0.000,-120.88,0.7810,0.7834,0.7984,0.6870,0.2901,0.9937,0.9818
1481,1,off,0,5,8,13.921,17.045,0.797,10.712,4.442,0.017,-111.79,0.8032,0.8522,0.8601,0.7043,0.3154,0.9984,0.9874
1482,1,off,0,5,8,13.173,13.952,1.044,9.604,4.442,0.017,-101.65,0.8427,0.8806,0.8862,0.7249,0.3154,0.9984,0.9913
1483,1,off,0,3,5,17.826,24.042,0.014,10.999,15.239,0.000,-171.24,0.8806,0.9154,0.9146,0.8237,0.9708,0.9874,0.9644
1484,0,off,0,3,5,13.373,21.468,0.187,9.634,15.239,0.000,-101.77,0.7123,0.8569,0.8609,0.6743,0.9597,0.9431,0.7415
1485,0,off,0,0,2,14.996,18.231,0.937,11.848,9.972,0.000,-125.95,0.6119,0.8379,0.8514,0.9715,0.8040,0.9043,0.7723
1486,0,off,0,14,2,20.536,24.705,0.396,11.081,11.424,0.000,-227.46,0.5462,0.9763,0.9715,0.9779,0.8862,0.9304,0.7763
1487,0,off,0,14,5,18.950,21.817,-0.380,16.202,7.794,0.000,-196.15,0.4893,0.9850,0.9850,0.9494,0.9130,0.9091,0.8142
1488,0,valley,1,12,2,11.206,13.411,0.347,5.366,10.421,0.000,-77.58,0.4783,0.9170,0.9051,0.9289,0.8972,0.8711,0.8435
1489,0,off,0,2,0,9.911,15.217,-0.202,9.135,9.972,0.000,-61.24,0.7866,0.8047,0.8150,0.6664,0.8577,0.8245,0.8340
1490,0,off,0,0,5,14.629,19.029,0.446,8.458,6.840,0.000,-120.51,0.7170,0.7099,0.7281,0.6735,0.8245,0.8150,0.7976
1491,0,valley,1,5,0,12.289,15.540,0.255,6.397,6.840,0.000,-90.39,0.7715,0.6372,0.6427,0.5557,0.4087,0.8822,0.7273
1492,0,off,0,5,8,12.848,17.876,0.579,9.104,4.442,0.017,-97.42,0.7842,0.5984,0.6119,0.5162,0.2458,0.9289,0.6885
1493,0,off,0,5,8,13.373,16.415,0.607,8.937,4.442,0.017,-104.30,0.6885,0.5549,0.5557,0.4941,0.2538,0.9415,0.6688
1494,0,off,0,3,14,19.325,20.934,0.931,10.491,6.540,0.000,-199.08,0.5123,0.8838,0.9004,0.8806,0.5960,0.9518,0.6561
1495,0,off,0,14,3,19.894,22.008,0.018,11.333,6.540,0.000,-214.49,0.4727,0.9186,0.9257,0.7723,0.5344,0.8972,0.6617
1496,0,off,0,5,8,13.831,18.106,0.783,8.941,4.442,0.017,-110.54,0.7004,0.6040,0.5937,0.8506,0.2601,0.8300,0.6332
1497,0,off,0,5,3,15.261,19.077,0.027,8.132,15.239,0.000,-131.34,0.6609,0.6198,0.6261,0.8071,0.1391,0.8648,0.5794
