idx,label,part,valley_distinct,h,j,dh,dj,t,perp,Dhj,vr,mixlogp,LatAD_pct,USAD_pct,TranAD_pct,AE_pct,IF_pct,linres_pct,maxz_pct
0,0,in_cluster,0,4,7,6.053,10.712,0.271,2.915,11.534,0.000,-23.48,0.0016,0.0221,0.0111,0.0229,0.0079,0.1589,0.9241
1,0,in_cluster,0,5,7,4.194,12.188,-0.068,4.592,7.611,0.000,-22.14,0.0111,0.0988,0.0775,0.1447,0.2751,0.1636,0.9368
2,0,in_cluster,0,5,11,3.947,12.057,0.720,1.847,4.649,0.002,-21.13,0.0553,0.2040,0.1652,0.1557,0.4411,0.0530,0.9328
3,0,in_cluster,0,0,12,6.672,7.887,0.816,3.806,5.110,0.000,-33.88,0.0506,0.2680,0.2142,0.1028,0.5763,0.0806,0.9146
4,1,valley,1,0,12,7.559,7.705,0.803,4.516,5.110,0.000,-37.04,0.0569,0.2364,0.1771,0.1715,0.5304,0.1818,0.8964
5,1,valley,1,2,9,7.079,8.588,0.651,3.770,4.664,0.003,-38.88,0.1763,0.1470,0.1233,0.1913,0.4822,0.2609,0.9217
6,1,valley,1,2,9,7.909,9.335,0.538,4.501,4.664,0.003,-45.10,0.3051,0.0830,0.0656,0.1905,0.3099,0.2727,0.9336
7,1,valley,1,7,2,11.238,12.249,0.272,6.162,6.735,0.000,-79.07,0.2593,0.0617,0.0458,0.1763,0.1146,0.2704,0.9289
8,1,valley,1,7,2,11.262,11.997,0.225,6.421,6.735,0.000,-79.33,0.1953,0.0704,0.0625,0.1644,0.1336,0.2593,0.9289
9,1,off,0,7,6,14.282,15.463,0.883,11.001,13.339,0.000,-117.91,0.3787,0.3360,0.3241,0.6688,0.7439,0.2482,0.9083
10,1,off,0,7,6,15.562,19.963,0.828,13.446,13.339,0.000,-137.00,0.3842,0.3842,0.3826,0.4609,0.6822,0.2625,0.9178
11,1,off,0,7,9,11.796,13.644,0.460,7.345,14.583,0.000,-85.49,0.3312,0.1976,0.2688,0.5304,0.1597,0.2458,0.9289
12,0,valley,1,4,7,7.377,11.733,0.203,2.895,11.534,0.000,-32.37,0.0071,0.0237,0.0182,0.0735,0.0269,0.1289,0.9320
13,0,in_cluster,0,4,7,6.527,11.578,0.201,2.405,11.534,0.000,-26.46,0.0047,0.0285,0.0206,0.0941,0.0348,0.1352,0.9391
14,0,valley,1,7,5,12.432,14.413,0.632,6.142,7.611,0.000,-93.19,0.3304,0.0506,0.0324,0.2016,0.3312,0.1249,0.9423
15,1,valley,1,5,7,7.566,12.266,0.036,5.411,7.611,0.000,-41.97,0.1850,0.1312,0.1233,0.2008,0.4166,0.2395,0.9415
16,1,off,0,0,7,11.474,13.380,0.233,7.368,13.429,0.000,-77.45,0.2854,0.2506,0.2119,0.2174,0.6040,0.2553,0.9415
17,1,valley,1,0,12,9.887,10.425,0.921,6.218,5.110,0.000,-60.25,0.0901,0.3004,0.2648,0.2079,0.6237,0.2553,0.9360
18,0,valley,1,9,2,9.834,9.835,0.331,5.192,4.664,0.003,-60.65,0.1881,0.2348,0.1968,0.2348,0.6949,0.1692,0.9209
19,0,in_cluster,0,2,9,5.525,8.833,0.785,3.410,4.664,0.003,-29.09,0.0253,0.1178,0.1138,0.2079,0.3945,0.0538,0.9225
20,1,in_cluster,0,13,9,5.875,12.018,-0.007,5.913,9.234,0.000,-21.86,0.0032,0.0727,0.0640,0.0846,0.0806,0.0229,0.9336
21,1,in_cluster,0,13,7,5.600,11.756,0.183,2.571,11.948,0.000,-20.28,0.0119,0.0435,0.0364,0.0609,0.0482,0.0656,0.9360
22,1,valley,1,4,13,7.116,7.208,0.387,6.184,8.319,0.000,-29.83,0.0206,0.0379,0.0285,0.0419,0.0277,0.1107,0.9336
23,1,off,0,8,15,10.769,12.191,0.145,8.489,5.030,0.001,-67.90,0.2490,0.2625,0.3020,0.4609,0.7391,0.5059,0.9415
24,1,off,0,8,6,12.887,16.077,0.236,9.044,12.800,0.000,-92.94,0.2466,0.3352,0.3407,0.3644,0.9202,0.5739,0.9447
25,1,off,0,9,7,13.232,14.110,0.352,9.299,14.583,0.000,-100.08,0.4372,0.2625,0.2648,0.3929,0.9368,0.2609,0.9415
26,1,off,0,9,2,10.385,13.620,0.409,8.053,4.664,0.003,-66.46,0.2617,0.1502,0.1534,0.3194,0.4656,0.1676,0.9399
27,1,off,0,9,2,11.125,13.066,0.362,8.153,4.664,0.003,-74.42,0.2711,0.0877,0.0901,0.2806,0.3834,0.2609,0.9431
28,0,valley,1,4,13,7.269,7.340,0.344,5.352,8.319,0.000,-30.87,0.0957,0.0759,0.0783,0.1360,0.0640,0.2672,0.9470
29,0,valley,1,4,13,7.229,8.916,0.257,5.637,8.319,0.000,-31.30,0.0814,0.0854,0.0814,0.1549,0.0941,0.2696,0.9455
30,0,valley,1,7,9,11.238,13.379,0.595,4.826,14.583,0.000,-79.06,0.3146,0.1368,0.1375,0.2063,0.3913,0.2625,0.9486
31,0,beyond,0,5,7,8.198,13.592,-0.079,6.422,7.611,0.000,-46.95,0.1597,0.2174,0.1858,0.2530,0.7455,0.2506,0.9478
32,0,off,0,0,7,12.597,13.086,0.374,9.503,13.429,0.000,-90.97,0.2403,0.2711,0.2221,0.2213,0.6877,0.1818,0.9447
33,0,in_cluster,0,2,9,6.334,9.278,0.799,3.708,4.664,0.003,-33.89,0.0988,0.2593,0.1960,0.2711,0.7542,0.1186,0.9462
34,0,in_cluster,0,2,9,5.713,8.597,0.820,3.083,4.664,0.003,-30.15,0.0625,0.1708,0.1431,0.1921,0.4134,0.1115,0.9518
35,0,in_cluster,0,13,9,6.164,11.479,0.103,6.381,9.234,0.000,-23.60,0.0704,0.1217,0.1091,0.1391,0.1779,0.1628,0.9565
36,0,valley,1,7,9,12.708,13.298,0.620,6.457,14.583,0.000,-96.65,0.2822,0.1107,0.0925,0.2933,0.3581,0.2190,0.9581
37,1,off,0,8,15,11.417,12.586,-0.178,8.902,5.030,0.001,-75.08,0.3051,0.3431,0.3138,0.3257,0.6395,1.0000,0.9589
38,1,off,0,6,7,22.020,22.671,-0.698,12.659,13.339,0.000,-256.97,0.6024,0.4474,0.4016,0.7628,0.9937,1.0000,0.9779
39,1,off,0,6,8,21.024,21.974,0.852,15.387,12.800,0.000,-235.54,0.4530,0.5130,0.4071,0.7462,0.9937,1.0000,0.9779
40,1,off,0,8,9,15.792,19.504,0.155,8.917,19.628,0.000,-134.60,0.8751,0.4040,0.3802,0.6893,0.9810,1.0000,0.9810
41,1,off,0,9,2,14.926,18.582,0.059,12.144,4.664,0.003,-123.92,0.4775,0.3320,0.3075,0.6569,0.9692,0.3470,0.9818
42,0,off,0,9,2,8.435,13.628,-0.126,7.553,4.664,0.003,-48.11,0.2269,0.2806,0.2854,0.3502,0.7510,0.2854,0.9802
43,0,valley,1,9,10,9.074,11.338,0.639,5.364,12.231,0.000,-53.70,0.1929,0.2221,0.2648,0.2925,0.4340,0.2830,0.9771
44,0,valley,1,9,13,9.752,9.960,0.999,4.254,9.234,0.000,-54.20,0.0174,0.1826,0.2237,0.2632,0.3012,0.2798,0.9723
45,0,in_cluster,0,4,13,6.884,7.156,0.477,3.892,8.319,0.000,-28.63,0.2292,0.1518,0.1715,0.2198,0.1028,0.2743,0.9668
46,0,in_cluster,0,8,6,6.187,15.625,0.133,3.368,12.800,0.000,-29.04,0.0680,0.2909,0.2893,0.2617,0.5739,0.2759,0.9652
47,0,in_cluster,0,8,15,6.514,14.867,-0.199,6.655,5.030,0.001,-31.12,0.0696,0.2964,0.2933,0.2727,0.5810,0.2775,0.9692
48,0,valley,1,4,9,7.565,11.939,0.172,4.251,16.674,0.000,-33.78,0.2688,0.1589,0.1723,0.2522,0.2253,0.2735,0.9636
49,0,in_cluster,0,4,10,6.210,12.387,-0.176,5.309,6.238,0.000,-24.44,0.1162,0.1486,0.1526,0.1858,0.1012,0.2751,0.9542
50,1,off,0,11,5,149.978,182.581,-0.836,152.598,4.649,0.002,-11257.64,0.9921,0.4474,0.4213,0.9984,0.6522,0.6933,1.0000
51,1,off,0,7,6,315.051,444.428,2.446,303.327,13.339,0.000,-49644.38,0.9968,1.0000,1.0000,0.9984,0.8522,1.0000,1.0000
52,1,off,0,7,1,267.175,356.340,4.972,235.535,4.391,0.026,-35707.18,0.9960,1.0000,1.0000,0.9992,1.0000,1.0000,1.0000
53,1,off,0,7,6,361.380,525.265,3.628,358.137,13.339,0.000,-65313.75,0.9992,0.9992,0.9992,0.9984,1.0000,1.0000,1.0000
54,0,off,0,7,6,54.277,70.540,-0.177,48.991,13.339,0.000,-1488.91,0.7723,0.2237,0.2103,0.9818,0.9336,0.3020,0.5067
55,0,off,0,9,2,8.945,13.105,0.128,7.137,4.664,0.003,-52.54,0.1826,0.1715,0.1549,0.3178,0.6822,0.2300,0.4103
56,0,valley,1,13,9,7.162,9.480,0.050,3.805,9.234,0.000,-30.25,0.0040,0.1352,0.1360,0.1866,0.2561,0.2458,0.5028
57,0,in_cluster,0,13,9,6.766,10.891,-0.033,3.800,9.234,0.000,-27.49,0.0063,0.1170,0.1170,0.1186,0.1676,0.2419,0.5360
58,0,in_cluster,0,8,15,5.132,11.710,-0.310,4.902,5.030,0.001,-23.07,0.0791,0.1407,0.1415,0.3391,0.7296,0.2482,0.4783
59,0,in_cluster,0,8,15,3.576,9.911,-0.295,2.852,5.030,0.001,-16.30,0.0846,0.2474,0.2538,0.1644,0.5099,0.1945,0.4791
60,0,valley,1,3,8,7.425,13.277,0.328,5.076,11.253,0.000,-38.20,0.2696,0.1960,0.1976,0.3518,0.7257,0.1123,0.4538
61,0,in_cluster,0,4,11,4.156,12.187,0.024,3.477,11.728,0.000,-13.80,0.0000,0.1043,0.0980,0.0648,0.0719,0.1431,0.4609
62,0,in_cluster,0,4,11,4.865,13.496,-0.029,3.962,11.728,0.000,-17.00,0.0079,0.1051,0.0941,0.0933,0.1059,0.1518,0.4727
63,0,in_cluster,0,4,10,4.352,13.108,-0.180,3.956,6.238,0.000,-14.63,0.0119,0.1083,0.0901,0.0854,0.1067,0.1273,0.4451
64,0,in_cluster,0,11,5,5.410,7.071,-0.216,3.449,4.649,0.002,-25.57,0.0901,0.1660,0.1470,0.2229,0.4941,0.1312,0.4917
65,0,in_cluster,0,11,5,6.049,7.198,-0.206,3.434,4.649,0.002,-29.24,0.1020,0.2838,0.2419,0.2403,0.6522,0.1423,0.5217
66,0,in_cluster,0,12,0,5.292,10.340,-0.303,3.873,5.110,0.000,-21.40,0.0972,0.3146,0.2719,0.2158,0.8213,0.1328,0.4830
67,0,in_cluster,0,12,9,5.131,8.437,0.136,4.211,10.641,0.000,-20.56,0.1842,0.2972,0.2561,0.2261,0.7051,0.1407,0.4814
68,0,in_cluster,0,9,2,6.251,6.904,-0.063,3.179,4.664,0.003,-32.07,0.1383,0.2213,0.1787,0.2087,0.5123,0.0949,0.4719
69,0,beyond,0,9,2,6.944,7.897,-0.069,3.904,4.664,0.003,-36.64,0.1858,0.1573,0.1462,0.2277,0.4949,0.0206,0.4877
70,0,in_cluster,0,13,9,5.475,10.647,0.022,4.833,9.234,0.000,-19.59,0.0395,0.1281,0.1249,0.1565,0.2285,0.0482,0.5249
71,0,in_cluster,0,13,9,4.680,11.453,-0.041,4.577,9.234,0.000,-15.55,0.0411,0.1146,0.1123,0.1075,0.1312,0.0609,0.5375
72,0,in_cluster,0,8,15,4.688,9.980,-0.344,3.744,5.030,0.001,-20.90,0.1755,0.2561,0.2577,0.1960,0.5281,0.1162,0.5842
73,0,in_cluster,0,8,15,4.821,9.955,-0.284,3.644,5.030,0.001,-21.53,0.1352,0.2545,0.2585,0.1605,0.5518,0.1012,0.5534
74,0,in_cluster,0,4,3,5.545,8.095,0.239,4.911,8.544,0.000,-20.53,0.1787,0.1059,0.1020,0.1810,0.1534,0.0395,0.5723
75,0,in_cluster,0,4,7,4.927,12.722,0.137,3.213,11.534,0.000,-17.30,0.0364,0.0964,0.0862,0.0617,0.0482,0.0941,0.5929
76,0,in_cluster,0,4,7,4.848,12.633,0.160,3.824,11.534,0.000,-16.91,0.0877,0.1020,0.0885,0.0704,0.0632,0.0838,0.5107
77,0,in_cluster,0,4,7,4.591,12.925,0.137,3.745,11.534,0.000,-15.70,0.0893,0.1115,0.0964,0.0885,0.0854,0.1209,0.6000
78,0,valley,1,8,7,7.271,15.175,0.164,3.996,17.185,0.000,-36.34,0.1739,0.1510,0.1423,0.3447,0.8237,0.1660,0.8000
79,0,valley,1,8,7,7.769,16.615,0.073,4.936,17.185,0.000,-40.09,0.1462,0.3012,0.2783,0.2798,0.9518,0.2142,0.7628
80,0,off,0,9,7,11.476,16.225,0.184,9.073,14.583,0.000,-78.38,0.4158,0.3099,0.2798,0.3968,0.9897,0.2498,0.6577
81,0,in_cluster,0,9,7,6.750,14.565,0.168,5.012,14.583,0.000,-35.32,0.1834,0.1953,0.1684,0.2719,0.8387,0.2514,0.6047
82,0,off,0,9,11,7.875,10.118,0.714,7.054,8.242,0.000,-43.55,0.2427,0.2126,0.1921,0.2585,0.6925,0.2277,0.6229
83,0,valley,1,11,5,8.253,16.184,0.080,6.077,4.649,0.002,-45.00,0.2751,0.2846,0.2593,0.3423,0.9415,0.0704,0.6213
84,0,off,0,11,9,12.204,14.118,0.207,9.070,8.242,0.000,-85.41,0.1960,0.2822,0.2490,0.2474,0.8071,0.2055,0.5755
85,0,valley,1,9,2,7.059,8.276,0.068,4.159,4.664,0.003,-37.45,0.1344,0.2443,0.1897,0.2664,0.8490,0.2221,0.5336
86,0,in_cluster,0,9,2,6.268,8.017,-0.020,3.727,4.664,0.003,-32.18,0.1265,0.1850,0.1518,0.2292,0.6040,0.1826,0.5368
87,0,in_cluster,0,13,9,4.850,10.152,0.027,4.450,9.234,0.000,-16.36,0.0798,0.1462,0.1336,0.1534,0.2150,0.0198,0.5447
88,0,in_cluster,0,13,9,5.056,10.771,0.016,4.691,9.234,0.000,-17.38,0.1012,0.1241,0.1154,0.1621,0.2364,0.0079,0.5478
89,0,in_cluster,0,4,13,6.454,7.873,0.356,5.179,8.319,0.000,-25.99,0.2324,0.1099,0.0988,0.1478,0.1257,0.1613,0.5233
90,0,in_cluster,0,8,15,5.439,10.057,-0.276,3.903,5.030,0.001,-24.70,0.2213,0.2466,0.2451,0.1668,0.4767,0.0759,0.4980
91,0,in_cluster,0,8,15,4.673,9.044,-0.170,3.206,5.030,0.001,-20.83,0.1043,0.2395,0.2403,0.1020,0.4522,0.0340,0.5170
92,0,in_cluster,0,4,3,5.323,10.535,0.043,4.063,8.544,0.000,-19.33,0.2490,0.0909,0.0735,0.1202,0.0775,0.0466,0.5320
93,0,in_cluster,0,4,7,4.657,12.512,0.172,3.951,11.534,0.000,-16.01,0.0775,0.0901,0.0680,0.0862,0.0680,0.0862,0.5684
94,0,in_cluster,0,4,7,4.928,12.031,0.208,3.970,11.534,0.000,-17.31,0.1328,0.0925,0.0711,0.1004,0.0577,0.0071,0.5747
95,0,in_cluster,0,4,7,5.371,11.665,0.232,4.031,11.534,0.000,-19.58,0.2071,0.1067,0.0830,0.1154,0.1036,0.0087,0.6111
96,0,valley,1,8,7,7.745,14.730,0.159,5.278,17.185,0.000,-39.90,0.2332,0.2719,0.2609,0.2704,0.9265,0.0522,0.6482
97,0,in_cluster,0,8,7,6.434,15.370,0.147,5.126,17.185,0.000,-30.60,0.0980,0.3059,0.2814,0.2759,0.9486,0.2403,0.6538
98,0,valley,1,9,7,11.128,13.373,0.264,5.735,14.583,0.000,-74.45,0.2063,0.1937,0.1621,0.2870,0.8285,0.2640,0.7123
99,0,valley,1,9,7,7.858,12.687,0.265,4.843,14.583,0.000,-43.41,0.1708,0.1976,0.1700,0.2680,0.7407,0.2561,0.8095
100,0,valley,1,11,7,10.831,14.825,0.109,5.088,14.245,0.000,-69.60,0.1731,0.2435,0.2087,0.2688,0.8079,0.1304,0.8071
101,0,valley,1,11,7,11.222,13.785,0.224,5.113,14.245,0.000,-73.91,0.1209,0.2783,0.2482,0.2395,0.8545,0.1652,0.6680
102,0,in_cluster,0,12,9,5.816,9.344,0.165,5.236,10.641,0.000,-24.31,0.1399,0.2632,0.2111,0.2332,0.7012,0.2269,0.6103
103,0,valley,1,9,2,8.182,8.952,0.110,4.760,4.664,0.003,-46.01,0.1802,0.1881,0.1534,0.2419,0.6814,0.2071,0.6221
104,0,valley,1,2,9,8.387,8.744,0.925,4.507,4.664,0.003,-48.84,0.1945,0.1470,0.1320,0.2427,0.5202,0.0119,0.6364
105,0,in_cluster,0,13,9,6.721,12.113,0.048,6.410,9.234,0.000,-27.19,0.1004,0.1186,0.1075,0.1802,0.2498,0.0032,0.6435
106,0,in_cluster,0,13,7,5.909,11.891,0.237,4.336,11.948,0.000,-22.06,0.1494,0.1036,0.0870,0.1123,0.1202,0.0285,0.6356
107,0,in_cluster,0,8,15,4.911,9.453,-0.244,3.960,5.030,0.001,-21.96,0.1581,0.2292,0.2300,0.1708,0.4458,0.0364,0.6150
108,0,in_cluster,0,8,15,5.552,9.434,-0.205,4.268,5.030,0.001,-25.32,0.1336,0.2253,0.2364,0.1462,0.4538,0.0111,0.5605
109,0,in_cluster,0,4,3,5.482,8.967,0.201,4.876,8.544,0.000,-20.19,0.2411,0.0806,0.0656,0.1794,0.1510,0.1028,0.4949
110,0,in_cluster,0,4,7,4.348,11.846,0.195,3.350,11.534,0.000,-14.62,0.1115,0.0719,0.0498,0.0672,0.0466,0.0213,0.4024
111,0,in_cluster,0,4,7,3.489,11.742,0.195,3.293,11.534,0.000,-11.25,0.1075,0.0704,0.0458,0.0751,0.0601,0.0063,0.2514
112,0,in_cluster,0,4,7,4.638,11.250,0.234,3.284,11.534,0.000,-15.92,0.1415,0.0791,0.0569,0.0925,0.0696,0.0166,0.1462
113,0,in_cluster,0,8,7,6.206,14.756,0.162,3.965,17.185,0.000,-29.16,0.1518,0.1249,0.1202,0.3455,0.7597,0.0632,0.1375
114,0,in_cluster,0,8,7,5.579,15.607,0.120,4.765,17.185,0.000,-25.47,0.0743,0.2814,0.2680,0.2593,0.9344,0.2008,0.1360
115,0,off,0,9,7,11.767,16.115,0.179,8.975,14.583,0.000,-81.77,0.3866,0.2933,0.2688,0.3984,0.9921,0.2553,0.1194
116,0,in_cluster,0,9,7,6.545,13.694,0.234,5.240,14.583,0.000,-33.96,0.1913,0.1597,0.1478,0.2538,0.7700,0.2577,0.1004
117,0,valley,1,9,11,7.429,8.158,0.746,5.802,8.242,0.000,-40.11,0.2372,0.1810,0.1628,0.2458,0.6411,0.2451,0.1296
118,0,in_cluster,0,11,5,6.010,16.353,0.126,5.974,4.649,0.002,-29.00,0.2680,0.2617,0.2269,0.3486,0.9249,0.1178,0.6419
119,0,in_cluster,0,11,9,6.815,9.572,0.256,5.315,8.242,0.000,-34.16,0.1921,0.2585,0.2206,0.2055,0.6830,0.2435,0.1589
120,0,in_cluster,0,9,2,4.253,7.397,-0.004,3.221,4.664,0.003,-21.58,0.0830,0.2063,0.1708,0.2387,0.7723,0.2530,0.1621
121,0,in_cluster,0,9,2,4.925,7.926,-0.055,3.522,4.664,0.003,-24.66,0.0735,0.1565,0.1439,0.1779,0.5320,0.2316,0.1455
122,0,in_cluster,0,13,9,6.091,8.728,0.103,4.137,9.234,0.000,-23.15,0.0964,0.1202,0.1209,0.1455,0.1953,0.1549,0.1399
123,0,in_cluster,0,13,9,4.949,9.821,0.007,3.456,9.234,0.000,-16.85,0.0767,0.1028,0.1028,0.0877,0.1241,0.1296,0.1755
124,0,in_cluster,0,4,13,5.058,6.299,0.364,4.059,8.319,0.000,-17.95,0.1850,0.0727,0.0727,0.0261,0.0364,0.2087,0.1787
125,0,in_cluster,0,8,15,4.123,8.982,-0.174,3.488,5.030,0.001,-18.41,0.1534,0.2206,0.2348,0.1043,0.4032,0.0791,0.1565
126,0,in_cluster,0,8,15,4.201,8.707,-0.112,3.278,5.030,0.001,-18.73,0.0822,0.2150,0.2285,0.0822,0.4356,0.0957,0.1217
127,0,in_cluster,0,4,3,5.170,10.231,0.063,3.141,8.544,0.000,-18.53,0.2016,0.0585,0.0553,0.1146,0.1075,0.0933,0.1067
128,0,in_cluster,0,4,10,3.768,10.968,0.099,4.224,6.238,0.000,-12.26,0.0458,0.0553,0.0514,0.0237,0.0316,0.1439,0.1249
129,0,in_cluster,0,4,10,3.742,11.264,0.063,4.287,6.238,0.000,-12.16,0.0569,0.0648,0.0609,0.0245,0.0411,0.0411,0.1012
130,0,in_cluster,0,4,10,3.845,10.980,0.107,4.233,6.238,0.000,-12.56,0.0656,0.0775,0.0688,0.0458,0.0609,0.0174,0.1470
131,0,in_cluster,0,8,7,5.108,15.441,0.123,4.252,17.185,0.000,-22.95,0.1818,0.2530,0.2553,0.2451,0.9051,0.1344,0.1486
132,0,in_cluster,0,8,7,4.430,16.363,0.108,4.217,17.185,0.000,-19.72,0.0229,0.2949,0.2735,0.2506,0.9352,0.2372,0.0988
133,0,in_cluster,0,9,2,5.963,12.887,0.102,6.363,4.664,0.003,-30.31,0.1723,0.1794,0.1565,0.2577,0.7194,0.2601,0.0798
134,0,in_cluster,0,9,7,5.574,13.676,0.211,4.668,14.583,0.000,-28.07,0.1241,0.1842,0.1613,0.2443,0.6917,0.2545,0.0814
135,0,in_cluster,0,11,9,6.032,13.263,0.103,5.661,8.242,0.000,-29.14,0.1391,0.2198,0.1937,0.2356,0.7083,0.2387,0.1866
136,0,in_cluster,0,11,9,5.034,13.045,0.236,4.887,8.242,0.000,-23.61,0.0949,0.2656,0.2356,0.2071,0.7494,0.2490,0.1557
137,0,in_cluster,0,12,9,5.881,8.451,0.066,4.389,10.641,0.000,-24.69,0.1099,0.2490,0.2016,0.1937,0.5858,0.2609,0.1763
138,0,in_cluster,0,9,2,5.098,7.999,-0.024,3.446,4.664,0.003,-25.53,0.0632,0.1787,0.1502,0.1771,0.5526,0.2593,0.1518
139,0,in_cluster,0,9,2,4.164,7.012,-0.101,2.804,4.664,0.003,-21.20,0.1470,0.1289,0.1312,0.1526,0.3960,0.2356,0.1383
140,0,in_cluster,0,13,9,5.064,10.170,-0.020,4.864,9.234,0.000,-17.42,0.0372,0.1130,0.1130,0.1051,0.1565,0.2237,0.1099
141,0,in_cluster,0,13,9,4.753,10.676,-0.052,3.678,9.234,0.000,-15.90,0.0909,0.0980,0.1036,0.0632,0.1383,0.1905,0.0822
142,0,in_cluster,0,8,15,4.253,9.472,-0.260,3.937,5.030,0.001,-18.95,0.1170,0.2387,0.2466,0.1684,0.5028,0.1889,0.2277
143,0,in_cluster,0,8,15,3.492,8.614,-0.166,2.556,5.030,0.001,-16.00,0.0601,0.2324,0.2411,0.0538,0.3787,0.0617,0.1241
144,0,in_cluster,0,4,3,4.528,9.361,0.071,3.184,8.544,0.000,-15.42,0.2158,0.0696,0.0759,0.0759,0.0980,0.0719,0.0719
145,0,in_cluster,0,4,10,4.889,10.497,0.321,4.632,6.238,0.000,-17.11,0.0711,0.0625,0.0632,0.0332,0.0387,0.1494,0.0727
146,0,in_cluster,0,4,10,5.180,10.519,0.279,5.534,6.238,0.000,-18.58,0.2300,0.0617,0.0601,0.0727,0.0617,0.1644,0.0704
147,0,in_cluster,0,4,10,4.096,9.953,0.259,4.374,6.238,0.000,-13.55,0.0348,0.0593,0.0577,0.0119,0.0261,0.2158,0.1320
148,0,valley,1,4,11,7.591,9.421,0.311,6.783,11.728,0.000,-33.97,0.2625,0.0798,0.0743,0.0664,0.1810,0.1684,0.1233
149,0,in_cluster,0,11,5,4.232,5.666,-0.026,2.391,4.649,0.002,-19.90,0.0617,0.1929,0.1644,0.1715,0.4142,0.1368,0.1146
150,0,in_cluster,0,12,0,6.500,10.444,-0.050,5.852,5.110,0.000,-28.52,0.2514,0.3028,0.2632,0.2838,0.8711,0.1383,0.5850
151,0,in_cluster,0,12,0,4.615,8.580,-0.062,3.446,5.110,0.000,-18.05,0.0577,0.2925,0.2569,0.1518,0.6348,0.1486,0.2198
152,0,in_cluster,0,9,2,4.595,5.791,-0.007,3.198,4.664,0.003,-23.09,0.1257,0.2498,0.2040,0.2190,0.6901,0.1747,0.2593
153,0,in_cluster,0,9,2,4.515,5.621,-0.049,2.222,4.664,0.003,-22.73,0.0838,0.1755,0.1581,0.1225,0.3826,0.0964,0.2237
154,0,in_cluster,0,13,9,5.946,9.116,0.083,4.892,9.234,0.000,-22.28,0.1273,0.1233,0.1265,0.1265,0.1621,0.1099,0.1913
155,0,in_cluster,0,13,10,5.766,10.166,0.525,5.219,6.533,0.000,-21.22,0.1407,0.1075,0.1107,0.0988,0.1194,0.1375,0.1581
156,0,in_cluster,0,4,13,6.230,7.706,0.330,4.606,8.319,0.000,-24.57,0.2285,0.0885,0.1004,0.0419,0.0395,0.2134,0.1391
157,0,in_cluster,0,8,15,4.307,8.331,-0.079,2.797,5.030,0.001,-19.18,0.0648,0.2316,0.2458,0.0917,0.3668,0.2229,0.1652
158,0,in_cluster,0,8,15,4.476,7.967,0.003,3.168,5.030,0.001,-19.92,0.1320,0.2142,0.2340,0.1083,0.4292,0.1233,0.1265
159,0,in_cluster,0,4,3,6.167,9.953,0.102,3.989,8.544,0.000,-24.18,0.1573,0.0514,0.0545,0.0964,0.0656,0.1281,0.0751
160,0,in_cluster,0,4,10,5.203,10.694,0.371,5.524,6.238,0.000,-18.70,0.0198,0.0538,0.0585,0.0253,0.0300,0.1929,0.0656
161,0,in_cluster,0,4,10,4.739,9.862,0.326,4.612,6.238,0.000,-16.39,0.0190,0.0632,0.0648,0.0206,0.0292,0.0972,0.0593
162,0,in_cluster,0,4,10,4.834,9.908,0.345,4.493,6.238,0.000,-16.84,0.0308,0.0735,0.0719,0.0427,0.0435,0.1257,0.0617
163,0,in_cluster,0,11,5,4.525,6.080,-0.029,3.193,4.649,0.002,-21.18,0.0427,0.1320,0.1296,0.2134,0.4427,0.1067,0.0585
164,0,in_cluster,0,11,5,4.435,5.894,-0.040,2.872,4.649,0.002,-20.77,0.0925,0.2553,0.2166,0.2308,0.5668,0.1621,0.1202
165,0,in_cluster,0,12,0,4.829,8.465,-0.141,3.093,5.110,0.000,-19.06,0.0585,0.3067,0.2672,0.1636,0.7289,0.1897,0.1668
166,0,in_cluster,0,12,0,4.801,7.847,-0.109,3.323,5.110,0.000,-18.92,0.1202,0.2870,0.2530,0.1842,0.5984,0.1937,0.2458
167,0,in_cluster,0,9,2,3.745,5.313,-0.002,2.474,4.664,0.003,-19.55,0.0719,0.2016,0.1771,0.1233,0.3628,0.1787,0.1771
168,0,in_cluster,0,9,2,4.506,6.125,0.003,3.273,4.664,0.003,-22.69,0.1130,0.1478,0.1455,0.1383,0.3344,0.1731,0.1312
169,0,in_cluster,0,13,9,4.560,9.544,0.002,4.083,9.234,0.000,-15.00,0.0387,0.1154,0.1241,0.1217,0.1249,0.1802,0.1130
170,0,in_cluster,0,13,9,4.612,11.273,-0.066,4.278,9.234,0.000,-15.24,0.0538,0.1004,0.1099,0.1336,0.1083,0.1470,0.1036
171,0,in_cluster,0,8,15,3.703,8.476,-0.131,3.148,5.030,0.001,-16.76,0.0862,0.2300,0.2435,0.1486,0.3953,0.2253,0.1478
172,0,in_cluster,0,8,15,3.028,7.619,-0.044,1.797,5.030,0.001,-14.49,0.0300,0.2190,0.2395,0.0324,0.3107,0.2119,0.1154
173,0,in_cluster,0,4,3,4.840,7.791,0.211,3.083,8.544,0.000,-16.88,0.1281,0.0577,0.0704,0.1067,0.0917,0.1565,0.0838
174,0,in_cluster,0,4,10,4.540,9.878,0.239,4.695,6.238,0.000,-15.47,0.0008,0.0435,0.0490,0.0348,0.0277,0.2332,0.0632
175,0,in_cluster,0,4,10,3.998,9.988,0.219,4.368,6.238,0.000,-13.15,0.0087,0.0474,0.0506,0.0150,0.0379,0.2213,0.0419
176,0,in_cluster,0,4,10,4.421,10.229,0.290,4.731,6.238,0.000,-14.93,0.0261,0.0609,0.0593,0.0316,0.0545,0.1708,0.0308
177,0,valley,1,4,5,8.013,9.717,0.258,5.934,13.405,0.000,-37.27,0.2561,0.0783,0.0767,0.1431,0.3036,0.1771,0.0277
178,0,in_cluster,0,11,5,3.811,5.648,-0.016,2.093,4.649,0.002,-18.20,0.0498,0.1897,0.1636,0.1881,0.4474,0.1605,0.0379
179,0,valley,1,12,0,7.138,9.260,0.050,5.871,5.110,0.000,-32.87,0.2498,0.3004,0.2617,0.2854,0.8585,0.1715,0.5874
180,0,in_cluster,0,12,0,4.317,7.457,-0.011,2.761,5.110,0.000,-16.72,0.1146,0.2885,0.2522,0.1138,0.5676,0.1723,0.1668
181,0,in_cluster,0,9,2,4.457,6.209,0.030,3.574,4.664,0.003,-22.47,0.1613,0.2458,0.2024,0.2182,0.6198,0.2016,0.2561
182,0,in_cluster,0,9,2,4.738,5.725,-0.013,3.361,4.664,0.003,-23.76,0.1107,0.1692,0.1573,0.1818,0.4024,0.1700,0.0854
183,0,in_cluster,0,13,9,4.366,8.776,0.048,3.795,9.234,0.000,-14.13,0.0435,0.1209,0.1273,0.1059,0.1265,0.1146,0.0767
184,0,in_cluster,0,13,10,5.175,10.182,0.410,4.635,6.533,0.000,-17.99,0.0206,0.1012,0.1083,0.0972,0.0933,0.1842,0.1091
185,0,in_cluster,0,4,13,6.193,7.897,0.345,5.333,8.319,0.000,-24.34,0.1217,0.0814,0.0909,0.0656,0.0474,0.2198,0.1605
186,0,in_cluster,0,8,15,4.096,8.108,-0.068,3.099,5.030,0.001,-18.29,0.1557,0.2261,0.2443,0.0711,0.3676,0.2174,0.1834
187,0,in_cluster,0,8,15,3.917,7.448,-0.004,2.522,5.030,0.001,-17.58,0.0285,0.2079,0.2308,0.0474,0.3439,0.1399,0.0395
188,0,in_cluster,0,4,3,5.389,9.844,0.131,2.732,8.544,0.000,-19.68,0.1233,0.0427,0.0435,0.0395,0.0332,0.0814,0.0340
189,0,in_cluster,0,4,10,4.890,9.956,0.311,4.720,6.238,0.000,-17.12,0.0103,0.0403,0.0427,0.0300,0.0206,0.2150,0.0253
190,0,in_cluster,0,4,10,5.045,9.945,0.396,5.058,6.238,0.000,-17.89,0.0182,0.0451,0.0466,0.0277,0.0324,0.2000,0.0237
191,0,in_cluster,0,4,10,5.429,9.925,0.425,5.071,6.238,0.000,-19.90,0.0221,0.0561,0.0561,0.0530,0.0514,0.1462,0.0261
192,0,in_cluster,0,11,5,4.835,5.407,0.017,2.460,4.649,0.002,-22.62,0.0245,0.1225,0.1194,0.1581,0.4174,0.1866,0.0530
193,0,in_cluster,0,11,5,4.183,5.440,0.019,1.940,4.649,0.002,-19.69,0.0751,0.2411,0.1992,0.1628,0.4632,0.2348,0.0830
194,0,in_cluster,0,12,0,5.167,7.498,0.009,2.316,5.110,0.000,-20.75,0.0419,0.2996,0.2625,0.1494,0.6055,0.2308,0.1668
195,0,in_cluster,0,12,0,4.563,7.404,-0.010,2.644,5.110,0.000,-17.81,0.1296,0.2775,0.2379,0.2008,0.6206,0.1881,0.2387
196,0,in_cluster,0,9,2,4.297,5.298,0.050,2.657,4.664,0.003,-21.77,0.1083,0.1968,0.1676,0.1344,0.3739,0.2040,0.1636
197,0,in_cluster,0,9,2,4.697,6.131,0.035,3.390,4.664,0.003,-23.57,0.1059,0.1375,0.1399,0.1597,0.3407,0.1874,0.0854
198,0,in_cluster,0,13,9,4.927,9.502,0.009,4.148,9.234,0.000,-16.74,0.0277,0.1123,0.1178,0.0806,0.0901,0.1502,0.1178
199,0,in_cluster,0,13,9,6.033,10.305,-0.005,4.291,9.234,0.000,-22.80,0.0324,0.0877,0.1012,0.0870,0.0711,0.1850,0.1779
200,0,in_cluster,0,8,15,5.935,8.024,0.078,4.434,5.030,0.001,-27.52,0.1810,0.1889,0.2071,0.1945,0.4917,0.1976,0.2032
201,0,in_cluster,0,8,15,3.966,7.532,0.007,2.743,5.030,0.001,-17.77,0.0664,0.2095,0.2372,0.0601,0.3194,0.1225,0.0372
202,0,in_cluster,0,3,9,4.460,12.374,0.011,2.781,13.895,0.000,-20.58,0.1249,0.0838,0.0972,0.1692,0.3510,0.1202,0.0435
203,0,in_cluster,0,4,10,4.053,9.533,0.317,4.215,6.238,0.000,-13.38,0.0032,0.0379,0.0379,0.0047,0.0047,0.2024,0.0348
204,0,in_cluster,0,4,10,4.976,9.831,0.450,5.020,6.238,0.000,-17.54,0.0474,0.0395,0.0395,0.0285,0.0229,0.2032,0.0292
205,0,in_cluster,0,4,10,5.159,9.845,0.426,4.900,6.238,0.000,-18.47,0.0150,0.0466,0.0411,0.0451,0.0451,0.1676,0.0285
206,0,in_cluster,0,4,5,6.246,9.471,0.204,4.813,13.405,0.000,-24.67,0.1502,0.0569,0.0482,0.0688,0.1834,0.1794,0.0316
207,0,in_cluster,0,11,5,3.879,5.041,0.028,1.866,4.649,0.002,-18.46,0.0885,0.1739,0.1510,0.1352,0.4300,0.1739,0.0387
208,0,in_cluster,0,5,11,5.974,6.900,0.852,4.788,4.649,0.002,-31.16,0.1905,0.2877,0.2514,0.3597,0.8656,0.2285,0.6458
209,0,in_cluster,0,12,0,4.205,7.218,0.032,2.139,5.110,0.000,-16.24,0.1178,0.2830,0.2427,0.0980,0.4980,0.2206,0.1668
210,0,in_cluster,0,9,2,4.978,6.113,0.129,3.963,4.664,0.003,-24.92,0.0996,0.2482,0.2032,0.2126,0.6340,0.0980,0.2672
211,0,in_cluster,0,9,2,4.418,5.190,0.091,2.429,4.664,0.003,-22.29,0.0451,0.1628,0.1494,0.1249,0.3455,0.0680,0.0854
212,0,in_cluster,0,13,9,5.855,9.146,0.070,4.942,9.234,0.000,-21.74,0.0870,0.1138,0.1217,0.0846,0.0925,0.0767,0.0980
213,0,in_cluster,0,13,10,6.359,9.523,0.508,4.809,6.533,0.000,-24.82,0.0561,0.0941,0.1043,0.0814,0.0846,0.1534,0.1510
214,0,in_cluster,0,4,13,5.375,7.149,0.371,4.035,8.319,0.000,-19.61,0.1289,0.0688,0.0822,0.0593,0.0458,0.1984,0.1905
215,0,in_cluster,0,8,15,4.049,7.671,-0.027,3.093,5.030,0.001,-18.10,0.1700,0.2055,0.2292,0.0569,0.3478,0.1810,0.2008
216,0,in_cluster,0,8,15,4.152,7.213,0.066,3.015,5.030,0.001,-18.53,0.0688,0.1945,0.2134,0.0996,0.4008,0.0387,0.0458
217,0,in_cluster,0,4,3,5.770,8.242,0.194,3.298,8.544,0.000,-21.81,0.2553,0.0356,0.0348,0.0640,0.0403,0.0403,0.0403
218,0,in_cluster,0,4,10,5.825,9.700,0.580,5.321,6.238,0.000,-22.13,0.0332,0.0372,0.0364,0.0372,0.0237,0.2111,0.0269
219,0,in_cluster,0,4,10,4.664,9.665,0.419,4.604,6.238,0.000,-16.04,0.0490,0.0411,0.0387,0.0142,0.0245,0.0885,0.0245
220,0,in_cluster,0,4,10,4.732,9.653,0.365,4.359,6.238,0.000,-16.36,0.0530,0.0522,0.0403,0.0158,0.0253,0.0324,0.0680
221,0,in_cluster,0,11,5,4.267,5.087,0.074,2.492,4.649,0.002,-20.04,0.0134,0.1194,0.1162,0.1723,0.3802,0.0458,0.0577
222,0,in_cluster,0,11,5,4.182,5.175,0.064,2.535,4.649,0.002,-19.69,0.0854,0.2364,0.1929,0.1787,0.4530,0.0514,0.1138
223,0,in_cluster,0,12,0,4.982,7.170,0.008,2.596,5.110,0.000,-19.81,0.0522,0.2917,0.2545,0.1115,0.5755,0.1542,0.1668
224,0,in_cluster,0,12,0,4.868,7.211,0.032,3.287,5.110,0.000,-19.25,0.1304,0.2688,0.2229,0.1763,0.5644,0.1597,0.2419
225,0,in_cluster,0,2,9,5.321,5.518,0.883,3.532,4.664,0.003,-27.17,0.1763,0.1866,0.1605,0.2040,0.4443,0.0877,0.1660
226,0,in_cluster,0,9,2,5.031,5.321,0.109,2.734,4.664,0.003,-25.13,0.1455,0.1265,0.1304,0.2032,0.3834,0.0300,0.0854
227,0,in_cluster,0,13,9,5.929,9.626,0.015,4.632,9.234,0.000,-22.18,0.0158,0.0949,0.1059,0.0909,0.1375,0.0751,0.1281
228,0,in_cluster,0,13,10,5.183,9.440,0.467,4.790,6.533,0.000,-18.03,0.0126,0.0672,0.0838,0.0387,0.0522,0.1415,0.1818
229,0,in_cluster,0,8,15,5.605,6.427,0.226,2.826,5.030,0.001,-25.60,0.1715,0.1802,0.1913,0.1660,0.5415,0.1320,0.2142
230,0,in_cluster,0,8,15,4.793,6.555,0.179,2.695,5.030,0.001,-21.39,0.0466,0.1921,0.2174,0.0767,0.4253,0.0253,0.0300
231,0,in_cluster,0,3,7,4.171,12.055,-0.086,2.322,6.635,0.000,-19.33,0.1439,0.0545,0.0696,0.2269,0.4680,0.0316,0.0324
232,0,in_cluster,0,4,10,4.812,8.592,0.466,4.564,6.238,0.000,-16.74,0.0055,0.0229,0.0253,0.0024,0.0071,0.1921,0.0229
233,0,in_cluster,0,4,10,4.172,8.336,0.433,3.986,6.238,0.000,-13.87,0.0024,0.0245,0.0269,0.0055,0.0063,0.2182,0.0198
234,0,in_cluster,0,4,10,4.182,8.372,0.366,3.865,6.238,0.000,-13.91,0.0095,0.0261,0.0277,0.0095,0.0150,0.1059,0.0182
235,0,valley,1,4,7,7.789,9.727,0.335,3.941,11.534,0.000,-35.50,0.2474,0.0332,0.0316,0.1739,0.2972,0.0696,0.0206
236,0,in_cluster,0,5,11,3.995,4.282,0.798,1.881,4.649,0.002,-19.85,0.0340,0.1526,0.1447,0.1178,0.3502,0.2063,0.0221
237,0,valley,1,12,5,9.534,10.149,0.507,5.458,16.792,0.000,-52.85,0.2585,0.2727,0.2316,0.3605,0.8980,0.2395,0.6466
238,0,in_cluster,0,12,0,4.069,5.622,0.184,1.911,5.110,0.000,-15.68,0.1067,0.2640,0.2182,0.0585,0.4719,0.1478,0.1668
239,0,in_cluster,0,9,2,4.357,4.451,0.287,3.007,4.664,0.003,-21.86,0.1368,0.2047,0.1755,0.1834,0.5209,0.0854,0.2759
240,0,in_cluster,0,2,9,3.567,4.431,0.704,1.482,4.664,0.003,-20.08,0.0166,0.1328,0.1344,0.0893,0.2577,0.0545,0.0854
241,0,in_cluster,0,13,10,4.598,7.403,0.482,3.553,6.533,0.000,-15.17,0.0379,0.0870,0.0917,0.1257,0.1170,0.0893,0.0996
242,0,in_cluster,0,13,10,5.381,8.544,0.548,5.003,6.533,0.000,-19.08,0.0403,0.0530,0.0672,0.0435,0.0593,0.0648,0.1549
243,0,in_cluster,0,4,13,6.003,7.576,0.319,5.232,8.319,0.000,-23.18,0.0933,0.0340,0.0419,0.0269,0.0221,0.1447,0.1897
244,0,in_cluster,0,8,15,4.697,5.187,0.351,2.715,5.030,0.001,-20.73,0.1660,0.1818,0.2079,0.0466,0.2783,0.1170,0.2055
245,1,in_cluster,0,15,8,4.667,5.014,0.553,2.686,5.030,0.001,-19.78,0.1225,0.1715,0.1929,0.0980,0.3668,0.0419,0.0719
246,1,in_cluster,0,4,10,5.816,7.936,0.677,5.173,6.238,0.000,-22.08,0.2206,0.0174,0.0245,0.0253,0.0166,0.0925,0.0822
247,1,in_cluster,0,4,10,5.454,8.020,0.625,5.125,6.238,0.000,-20.04,0.0435,0.0182,0.0245,0.0040,0.0040,0.0545,0.0783
248,1,in_cluster,0,4,10,5.502,7.033,0.712,4.454,6.238,0.000,-20.30,0.0451,0.0213,0.0245,0.0008,0.0008,0.0419,0.0522
249,0,in_cluster,0,4,10,5.965,7.237,0.705,4.988,6.238,0.000,-22.96,0.0545,0.0253,0.0261,0.0087,0.0055,0.0783,0.0443
250,0,in_cluster,0,5,11,3.196,4.919,0.582,1.610,4.649,0.002,-18.44,0.0672,0.1273,0.1257,0.1312,0.3067,0.1217,0.0972
251,0,in_cluster,0,5,11,4.171,5.815,0.547,3.423,4.649,0.002,-22.04,0.1636,0.2522,0.2126,0.1897,0.5067,0.2095,0.4870
252,0,in_cluster,0,0,12,4.093,6.565,0.558,2.486,5.110,0.000,-20.01,0.1794,0.2664,0.2245,0.0514,0.4609,0.1834,0.2466
253,0,in_cluster,0,2,9,3.799,6.022,0.529,3.261,4.664,0.003,-21.05,0.1028,0.2269,0.1874,0.1889,0.5652,0.0917,0.2822
254,0,in_cluster,0,2,9,3.533,4.901,0.639,2.436,4.664,0.003,-20.06,0.0609,0.1455,0.1391,0.1241,0.3281,0.0182,0.1850
255,0,in_cluster,0,13,9,5.138,8.399,0.172,4.300,9.234,0.000,-17.80,0.2190,0.0862,0.0933,0.0775,0.0957,0.0332,0.0854
256,0,in_cluster,0,13,10,5.057,8.869,0.458,5.180,6.533,0.000,-17.39,0.1589,0.0443,0.0617,0.0609,0.0585,0.0427,0.0806
257,0,in_cluster,0,13,10,6.197,7.062,0.507,3.920,6.533,0.000,-23.80,0.2316,0.0277,0.0372,0.0482,0.0356,0.1036,0.1186
258,0,in_cluster,0,8,15,4.958,5.112,0.416,3.528,5.030,0.001,-21.41,0.2087,0.1652,0.1945,0.1162,0.2870,0.2103,0.1423
259,0,in_cluster,0,15,8,3.940,5.507,0.444,2.778,5.030,0.001,-16.72,0.2237,0.1549,0.1810,0.0553,0.2648,0.0474,0.0079
260,0,in_cluster,0,3,4,5.409,6.226,0.625,3.275,8.544,0.000,-24.15,0.1968,0.0040,0.0134,0.0783,0.0340,0.0095,0.0047
261,0,in_cluster,0,4,10,4.991,7.988,0.445,4.539,6.238,0.000,-17.62,0.1565,0.0024,0.0095,0.0000,0.0000,0.1953,0.0016
262,0,in_cluster,0,4,10,4.959,8.225,0.334,4.570,6.238,0.000,-17.46,0.1984,0.0055,0.0126,0.0040,0.0016,0.1455,0.0008
263,0,in_cluster,0,4,7,5.134,7.880,0.438,2.336,11.534,0.000,-18.34,0.2079,0.0134,0.0166,0.0063,0.0087,0.0822,0.0000
264,0,in_cluster,0,5,11,4.076,8.476,0.385,3.342,4.649,0.002,-21.65,0.2103,0.1091,0.1051,0.1281,0.3186,0.1779,0.0111
265,0,in_cluster,0,5,11,3.419,9.324,0.361,2.694,4.649,0.002,-19.19,0.2387,0.2158,0.1794,0.1368,0.4435,0.1154,0.3668
266,0,in_cluster,0,0,12,4.540,6.274,0.470,2.816,5.110,0.000,-21.93,0.2261,0.2609,0.2158,0.1439,0.5597,0.0490,0.1668
267,0,in_cluster,0,2,9,3.986,9.282,0.215,3.532,4.664,0.003,-21.77,0.2008,0.2332,0.1850,0.2672,0.6806,0.0711,0.2980
268,0,in_cluster,0,2,9,2.503,7.807,0.313,2.101,4.664,0.003,-16.96,0.2482,0.1391,0.1328,0.0798,0.3296,0.0245,0.0854
269,0,valley,1,13,1,6.899,7.920,0.501,4.141,9.118,0.000,-28.40,0.2727,0.0680,0.0791,0.1012,0.1613,0.0269,0.0854
270,0,in_cluster,0,13,7,5.764,7.648,0.450,3.332,11.948,0.000,-21.21,0.2150,0.0387,0.0538,0.0561,0.0569,0.0237,0.0466
271,0,in_cluster,0,13,10,6.086,7.607,0.375,3.911,6.533,0.000,-23.12,0.2379,0.0269,0.0340,0.0166,0.0308,0.0664,0.0775
272,0,in_cluster,0,15,8,4.672,5.217,0.570,2.841,5.030,0.001,-19.84,0.2435,0.1676,0.2000,0.0340,0.2569,0.0292,0.1020
273,0,in_cluster,0,15,8,4.599,5.568,0.523,2.907,5.030,0.001,-19.53,0.2024,0.1605,0.1842,0.0443,0.3083,0.0047,0.0071
274,0,in_cluster,0,4,3,5.314,7.881,0.280,3.295,8.544,0.000,-19.28,0.2095,0.0095,0.0158,0.0498,0.0372,0.0451,0.0356
275,0,in_cluster,0,4,7,5.491,9.168,0.367,2.581,11.534,0.000,-20.24,0.1676,0.0087,0.0103,0.0490,0.0190,0.0016,0.0609
276,0,in_cluster,0,4,7,5.576,8.352,0.408,2.407,11.534,0.000,-20.71,0.1375,0.0142,0.0142,0.0506,0.0213,0.0055,0.0364
277,0,in_cluster,0,4,7,5.278,7.989,0.426,2.593,11.534,0.000,-19.09,0.1692,0.0174,0.0174,0.0292,0.0174,0.0727,0.0696
278,0,in_cluster,0,5,11,2.862,9.189,0.431,1.967,4.649,0.002,-17.44,0.1186,0.0957,0.0854,0.1502,0.3431,0.0625,0.1273
279,0,in_cluster,0,5,11,3.236,9.323,0.445,2.299,4.649,0.002,-18.58,0.2047,0.1992,0.1668,0.1296,0.4364,0.0348,0.2372
280,0,in_cluster,0,0,12,4.565,6.023,0.463,2.852,5.110,0.000,-22.02,0.2356,0.2625,0.2190,0.1510,0.5304,0.0190,0.1668
281,0,in_cluster,0,0,12,4.172,5.882,0.485,2.585,5.110,0.000,-20.32,0.2308,0.2340,0.1818,0.2095,0.5549,0.0008,0.2609
282,0,in_cluster,0,2,9,3.658,8.270,0.391,2.744,4.664,0.003,-20.52,0.2443,0.1447,0.1289,0.1209,0.3565,0.0000,0.1162
283,0,in_cluster,0,2,9,4.543,7.860,0.482,3.408,4.664,0.003,-24.15,0.2601,0.0830,0.0798,0.1407,0.3130,0.0024,0.1644
284,0,in_cluster,0,13,7,5.537,8.693,0.367,3.383,11.948,0.000,-19.93,0.1889,0.0458,0.0530,0.0791,0.1115,0.0040,0.1842
285,0,in_cluster,0,13,7,5.758,8.461,0.389,3.046,11.948,0.000,-21.18,0.1937,0.0316,0.0356,0.0577,0.0625,0.0221,0.1889
286,0,in_cluster,0,8,15,5.864,5.903,0.355,3.598,5.030,0.001,-25.98,0.2395,0.1771,0.1953,0.1470,0.4055,0.0126,0.2134
287,0,in_cluster,0,8,15,4.990,5.098,0.325,2.726,5.030,0.001,-21.44,0.1542,0.1684,0.1905,0.0364,0.3051,0.0134,0.1534
288,0,valley,1,3,4,6.967,8.584,0.479,3.785,8.544,0.000,-34.91,0.2126,0.0166,0.0198,0.1850,0.1399,0.0103,0.0783
289,0,in_cluster,0,4,7,5.770,9.366,0.356,3.017,11.534,0.000,-21.81,0.1154,0.0103,0.0071,0.0111,0.0119,0.0561,0.1043
290,0,in_cluster,0,4,7,5.312,9.349,0.354,3.014,11.534,0.000,-19.27,0.0806,0.0119,0.0079,0.0079,0.0134,0.0870,0.0964
291,0,in_cluster,0,4,10,5.530,8.943,0.237,4.833,6.238,0.000,-20.45,0.0941,0.0158,0.0087,0.0174,0.0427,0.1130,0.1170
292,0,in_cluster,0,5,11,3.653,9.569,0.505,2.621,4.649,0.002,-20.02,0.1091,0.0640,0.0451,0.1613,0.3850,0.0909,0.2158
293,0,in_cluster,0,5,11,3.177,10.107,0.515,1.947,4.649,0.002,-18.39,0.1668,0.1834,0.1557,0.1107,0.3692,0.1107,0.1992
294,0,in_cluster,0,0,12,4.543,5.808,0.549,2.299,5.110,0.000,-21.86,0.1478,0.2672,0.2213,0.1194,0.5439,0.1763,0.2229
295,0,in_cluster,0,0,12,4.240,5.373,0.505,2.115,5.110,0.000,-20.36,0.1510,0.2419,0.1881,0.1755,0.5036,0.1051,0.2245
296,0,in_cluster,0,2,9,3.518,6.096,0.497,1.752,4.664,0.003,-20.01,0.1628,0.1542,0.1383,0.0719,0.3059,0.1043,0.1881
297,0,in_cluster,0,2,9,3.480,6.344,0.537,1.960,4.664,0.003,-19.88,0.1779,0.0972,0.0893,0.0743,0.2632,0.0775,0.0854
298,0,in_cluster,0,13,10,4.934,9.658,0.084,4.427,6.533,0.000,-16.77,0.1194,0.0482,0.0443,0.1170,0.1178,0.0435,0.0625
299,0,in_cluster,0,13,10,4.484,9.630,0.109,4.476,6.533,0.000,-14.66,0.1123,0.0308,0.0300,0.0522,0.0648,0.0672,0.0538
300,0,in_cluster,0,8,15,5.158,5.527,0.314,2.915,5.030,0.001,-22.90,0.1644,0.1383,0.1589,0.1913,0.4640,0.0379,0.0545
301,1,in_cluster,0,8,15,5.327,5.460,0.265,3.122,5.030,0.001,-23.28,0.1684,0.1652,0.1834,0.0585,0.3249,0.0229,0.0680
302,1,in_cluster,0,3,7,4.838,11.458,-0.109,1.209,6.635,0.000,-22.34,0.1621,0.0364,0.0379,0.1842,0.3447,0.0158,0.0648
303,0,in_cluster,0,4,7,5.753,9.723,0.322,2.301,11.534,0.000,-21.71,0.0237,0.0047,0.0047,0.0071,0.0040,0.0142,0.1051
304,0,in_cluster,0,4,10,5.045,9.429,0.161,4.711,6.238,0.000,-17.89,0.0514,0.0111,0.0055,0.0198,0.0103,0.0229,0.2024
305,0,in_cluster,0,4,10,5.104,9.004,0.150,4.486,6.238,0.000,-18.19,0.0316,0.0150,0.0063,0.0190,0.0142,0.0372,0.2174
306,1,valley,1,4,7,7.426,8.696,0.406,3.639,11.534,0.000,-32.74,0.2601,0.0213,0.0126,0.0704,0.1209,0.0601,0.2522
307,1,in_cluster,0,5,11,3.169,8.444,0.573,1.598,4.649,0.002,-18.37,0.0877,0.1368,0.1233,0.1628,0.3581,0.0427,0.3004
308,1,in_cluster,0,5,11,4.909,11.046,0.447,4.746,4.649,0.002,-25.40,0.1549,0.2585,0.2071,0.3597,0.8925,0.0806,0.6466
309,0,in_cluster,0,12,0,4.686,4.852,0.380,2.121,5.110,0.000,-18.37,0.1225,0.2514,0.2008,0.1289,0.4972,0.1265,0.1668
310,1,in_cluster,0,2,9,4.873,6.394,0.537,3.962,4.664,0.003,-25.70,0.1455,0.1921,0.1597,0.2324,0.5779,0.1431,0.2522
311,1,in_cluster,0,2,9,5.513,5.822,0.649,2.936,4.664,0.003,-28.53,0.1249,0.1257,0.1233,0.1652,0.3146,0.1186,0.2419
312,1,valley,1,9,13,10.197,10.406,0.908,5.136,9.234,0.000,-58.74,0.1874,0.0704,0.0798,0.1850,0.1423,0.0482,0.2253
313,0,in_cluster,0,13,10,6.089,9.696,0.159,5.027,6.533,0.000,-23.14,0.0917,0.0324,0.0285,0.0696,0.0727,0.0640,0.2640
314,0,in_cluster,0,4,13,4.948,7.337,0.241,4.582,8.319,0.000,-17.40,0.1051,0.0182,0.0190,0.0182,0.0182,0.1020,0.2435
315,0,in_cluster,0,8,15,4.402,5.537,0.268,2.745,5.030,0.001,-19.58,0.1486,0.1621,0.1802,0.0403,0.2743,0.0506,0.2206
316,0,in_cluster,0,8,15,4.461,5.330,0.300,2.765,5.030,0.001,-19.82,0.0482,0.1534,0.1747,0.0957,0.3447,0.0601,0.1597
317,0,in_cluster,0,4,3,4.883,9.304,0.255,2.952,8.544,0.000,-17.09,0.2206,0.0016,0.0024,0.0221,0.0126,0.0735,0.0711
318,0,in_cluster,0,4,10,4.073,8.117,0.180,3.735,6.238,0.000,-13.46,0.0443,0.0032,0.0008,0.0016,0.0008,0.0498,0.0759
319,0,in_cluster,0,4,10,4.926,8.351,0.169,4.368,6.238,0.000,-17.30,0.0356,0.0063,0.0032,0.0126,0.0111,0.0585,0.0743
320,0,valley,1,7,9,10.638,13.993,0.502,5.580,14.583,0.000,-72.50,0.3051,0.0348,0.0245,0.1328,0.2925,0.0688,0.0640
321,0,in_cluster,0,5,11,4.929,9.178,0.513,3.650,4.649,0.002,-25.50,0.2245,0.1415,0.1368,0.1573,0.3763,0.2474,0.0688
322,0,off,0,0,12,10.567,10.826,0.390,8.990,5.110,0.000,-65.79,0.2798,0.2427,0.2047,0.2047,0.6008,0.2427,0.2838
323,0,in_cluster,0,0,12,5.940,6.408,0.564,4.015,5.110,0.000,-27.70,0.1605,0.2648,0.2277,0.1130,0.5051,0.2379,0.2680
324,0,in_cluster,0,2,9,6.430,7.628,0.416,4.212,4.664,0.003,-34.50,0.1953,0.1763,0.1542,0.1676,0.5407,0.1083,0.1328
325,0,in_cluster,0,2,9,4.835,6.803,0.513,2.521,4.664,0.003,-25.52,0.2253,0.0711,0.0664,0.0838,0.2672,0.0150,0.0854
326,0,in_cluster,0,13,10,5.186,8.324,0.308,4.443,6.533,0.000,-18.05,0.1526,0.0364,0.0332,0.0411,0.0553,0.0158,0.0735
327,0,in_cluster,0,13,10,5.427,8.187,0.359,4.133,6.533,0.000,-19.33,0.1431,0.0206,0.0213,0.0308,0.0443,0.0553,0.0664
328,0,in_cluster,0,4,10,6.219,7.478,0.395,3.514,6.238,0.000,-24.50,0.2111,0.0126,0.0150,0.0103,0.0198,0.1091,0.0601
329,0,in_cluster,0,15,8,5.093,5.817,0.564,3.210,5.030,0.001,-21.92,0.2198,0.1494,0.1692,0.1375,0.3810,0.0996,0.0569
330,0,in_cluster,0,15,8,5.111,5.366,0.618,3.201,5.030,0.001,-21.92,0.2040,0.1502,0.1731,0.0545,0.3304,0.0743,0.0672
331,0,in_cluster,0,3,4,6.336,6.584,0.590,3.000,8.544,0.000,-26.81,0.1897,0.0079,0.0119,0.1273,0.1051,0.0569,0.0648
332,0,in_cluster,0,4,10,5.131,8.734,0.211,4.625,6.238,0.000,-18.33,0.1036,0.0000,0.0000,0.0134,0.0095,0.0356,0.0506
333,0,in_cluster,0,4,10,4.718,7.973,0.263,3.987,6.238,0.000,-16.29,0.0727,0.0008,0.0016,0.0008,0.0024,0.0308,0.0490
334,0,in_cluster,0,4,10,5.221,8.102,0.269,4.326,6.238,0.000,-18.79,0.0759,0.0071,0.0040,0.0032,0.0032,0.0577,0.0498
335,0,in_cluster,0,5,11,3.864,7.718,0.543,2.498,4.649,0.002,-20.81,0.0593,0.0822,0.0640,0.1091,0.2719,0.0830,0.0561
336,0,in_cluster,0,5,11,3.771,7.552,0.547,2.566,4.649,0.002,-20.46,0.1447,0.1905,0.1597,0.0949,0.3597,0.1336,0.1542
337,0,in_cluster,0,0,12,5.072,5.126,0.581,2.826,5.110,0.000,-20.52,0.1621,0.2601,0.2119,0.1320,0.5091,0.1075,0.1668
338,0,in_cluster,0,0,12,4.566,4.873,0.541,2.532,5.110,0.000,-19.21,0.1747,0.2245,0.1779,0.2221,0.5708,0.1004,0.2806
339,0,in_cluster,0,2,9,3.106,6.874,0.466,1.942,4.664,0.003,-18.65,0.1549,0.1304,0.1225,0.0830,0.3075,0.0798,0.1123
340,0,in_cluster,0,2,9,4.468,6.937,0.551,2.542,4.664,0.003,-23.81,0.2174,0.0664,0.0625,0.1542,0.2980,0.0261,0.0854
341,0,valley,1,13,7,8.100,9.830,0.300,3.405,11.948,0.000,-37.40,0.1684,0.0656,0.0806,0.1036,0.1233,0.3312,0.8545
342,1,in_cluster,0,13,10,6.199,9.836,0.193,4.891,6.533,0.000,-23.81,0.0941,0.0458,0.0640,0.0727,0.0632,0.3565,0.0711
343,1,off,0,7,9,10.537,11.472,0.504,7.060,14.583,0.000,-71.44,0.3755,0.1257,0.1534,0.2988,0.3202,0.4071,0.4277
344,1,valley,1,8,6,12.468,13.030,0.388,6.684,12.800,0.000,-87.64,0.2893,0.3360,0.3241,0.3209,0.6458,1.0000,0.9874
345,1,off,0,6,8,16.371,18.120,0.625,11.231,12.800,0.000,-148.54,0.3478,0.3787,0.3613,0.3391,0.9399,0.9921,0.9826
346,0,off,0,6,9,14.027,15.333,0.456,7.752,20.531,0.000,-112.92,0.5589,0.3091,0.2862,0.3621,0.9534,0.2292,0.9012
347,0,valley,1,2,9,8.613,9.732,0.498,5.101,4.664,0.003,-50.92,0.2182,0.1399,0.1352,0.2877,0.6158,0.2324,0.7170
348,0,in_cluster,0,13,9,6.451,7.462,0.313,4.447,9.234,0.000,-25.41,0.2277,0.0846,0.0877,0.1589,0.1794,0.2166,0.2648
349,0,in_cluster,0,13,10,5.507,8.666,0.291,4.421,6.533,0.000,-19.77,0.0269,0.0490,0.0522,0.0680,0.0877,0.1913,0.0522
350,0,in_cluster,0,13,10,4.946,9.229,0.301,4.265,6.533,0.000,-16.83,0.0640,0.0300,0.0292,0.1415,0.0783,0.1968,0.0427
351,0,in_cluster,0,8,15,5.673,7.391,0.252,3.730,5.030,0.001,-26.00,0.2055,0.1557,0.1739,0.1953,0.4514,0.1960,0.0411
352,0,in_cluster,0,8,15,4.617,7.041,0.242,3.104,5.030,0.001,-20.56,0.0783,0.1644,0.1826,0.0625,0.3170,0.1992,0.0474
353,0,valley,1,4,3,7.909,8.990,0.467,4.155,8.544,0.000,-36.44,0.1866,0.0292,0.0308,0.1304,0.1407,0.2340,0.0451
354,0,in_cluster,0,4,7,6.419,9.574,0.334,3.113,11.534,0.000,-25.76,0.0213,0.0190,0.0221,0.0379,0.0285,0.2126,0.0514
355,0,in_cluster,0,4,7,5.872,9.173,0.355,2.519,11.534,0.000,-22.40,0.0142,0.0198,0.0229,0.0213,0.0166,0.1573,0.1407
356,0,in_cluster,0,4,7,4.838,9.144,0.353,2.656,11.534,0.000,-16.87,0.0292,0.0213,0.0237,0.0356,0.0158,0.1241,0.1953
357,0,valley,1,8,7,7.410,12.680,0.285,4.581,17.185,0.000,-37.36,0.3099,0.0419,0.0474,0.3589,0.8269,0.2079,0.1945
358,0,in_cluster,0,8,7,6.332,13.766,0.192,4.763,17.185,0.000,-29.95,0.2229,0.2308,0.2387,0.2625,0.8901,0.1138,0.2545
359,0,off,0,9,7,12.842,13.982,0.337,8.923,14.583,0.000,-94.99,0.4577,0.2696,0.2601,0.3763,0.9787,0.2538,0.3233
360,0,valley,1,2,9,8.023,8.301,0.498,5.383,4.664,0.003,-45.69,0.2466,0.1162,0.1146,0.1968,0.5423,0.2648,0.3099
361,0,valley,1,7,9,9.883,9.977,0.578,3.865,14.583,0.000,-55.68,0.2364,0.0767,0.0846,0.1423,0.2190,0.2632,0.3613
362,0,off,0,7,10,10.248,10.993,0.640,8.821,8.157,0.000,-67.73,0.3992,0.0893,0.0949,0.2150,0.4245,0.2569,0.4340
363,0,beyond,0,5,7,11.283,11.488,-0.085,5.401,7.611,0.000,-76.99,0.2419,0.1336,0.1407,0.2119,0.5589,0.2047,0.3984
364,0,valley,1,7,11,10.829,12.780,0.619,5.261,14.245,0.000,-74.55,0.2522,0.2356,0.2095,0.2174,0.6625,0.1755,0.3478
365,0,in_cluster,0,12,0,6.730,7.159,0.330,4.404,5.110,0.000,-30.04,0.1138,0.2379,0.1984,0.2253,0.6047,0.1858,0.3439
366,0,valley,1,2,9,7.764,8.866,0.548,4.451,4.664,0.003,-43.97,0.2451,0.1700,0.1486,0.2142,0.5660,0.1668,0.3455
367,0,in_cluster,0,2,9,4.847,9.113,0.561,3.250,4.664,0.003,-25.57,0.1976,0.1296,0.1281,0.1731,0.4016,0.0419,0.3826
368,0,in_cluster,0,13,7,6.607,9.592,0.354,4.348,11.948,0.000,-26.43,0.1423,0.0996,0.1067,0.1099,0.1225,0.0443,0.3573
369,0,in_cluster,0,13,7,6.048,8.981,0.413,4.141,11.948,0.000,-22.89,0.1652,0.0751,0.0957,0.0901,0.0814,0.0277,0.3526
370,0,valley,1,8,15,7.230,10.290,0.033,6.766,5.030,0.001,-36.04,0.2032,0.0933,0.1186,0.3352,0.6032,0.0901,0.4237
371,0,in_cluster,0,8,15,6.180,7.659,0.129,3.585,5.030,0.001,-29.00,0.1992,0.1984,0.2332,0.1826,0.4601,0.0656,0.4166
372,0,beyond,0,3,7,11.058,13.200,-0.208,5.157,6.635,0.000,-71.78,0.3233,0.1723,0.1889,0.3874,0.6356,0.0593,0.3826
373,0,off,0,7,1,8.652,11.311,1.426,7.898,4.391,0.026,-53.35,0.2830,0.0498,0.0751,0.2791,0.0530,0.0988,0.3794
374,0,valley,1,7,4,7.723,9.479,0.483,4.094,11.534,0.000,-45.73,0.2648,0.0601,0.0996,0.2024,0.0498,0.0925,0.3542
375,0,valley,1,7,4,7.316,8.485,0.429,4.567,11.534,0.000,-40.96,0.2980,0.0743,0.1115,0.1992,0.0751,0.1194,0.3802
376,0,valley,1,4,7,7.712,7.805,0.562,4.473,11.534,0.000,-34.90,0.2870,0.0917,0.1233,0.1399,0.0704,0.1391,0.4704
377,0,in_cluster,0,5,7,4.381,10.082,-0.059,4.888,7.611,0.000,-22.94,0.2458,0.1858,0.1834,0.2103,0.4553,0.0846,0.5241
378,0,in_cluster,0,5,7,5.518,10.520,-0.070,5.135,7.611,0.000,-28.57,0.2704,0.2980,0.2711,0.2696,0.6561,0.1557,0.4585
379,0,in_cluster,0,0,12,6.460,6.746,0.688,3.107,5.110,0.000,-30.06,0.2664,0.3107,0.2806,0.1700,0.6213,0.1510,0.4000
380,0,in_cluster,0,2,9,5.853,10.303,0.458,3.933,4.664,0.003,-30.96,0.2530,0.2901,0.2696,0.2601,0.7652,0.1360,0.4079
381,0,in_cluster,0,2,7,4.575,9.838,-0.011,5.130,6.735,0.000,-24.29,0.3004,0.2111,0.2324,0.2166,0.4759,0.2364,0.3960
382,0,valley,1,13,7,7.809,8.120,0.558,5.420,11.948,0.000,-35.09,0.3960,0.1581,0.1866,0.1905,0.2277,0.2411,0.3968
383,0,valley,1,13,7,8.235,9.135,0.563,5.419,11.948,0.000,-38.51,0.2988,0.1423,0.1763,0.1874,0.1826,0.1526,0.4158
384,0,valley,1,13,7,8.211,9.390,0.568,5.637,11.948,0.000,-38.32,0.3178,0.1257,0.1660,0.1929,0.1431,0.1581,0.5589
385,1,off,0,8,15,17.815,20.364,0.003,16.563,5.030,0.001,-168.59,0.3921,0.2988,0.3028,0.3352,0.4996,0.3960,0.7075
386,1,off,0,8,6,32.545,35.960,0.294,27.175,12.800,0.000,-539.50,0.4601,0.3668,0.3747,0.4000,0.5660,1.0000,0.4877
387,1,off,0,7,6,38.114,45.298,-0.382,30.209,13.339,0.000,-742.25,0.3328,0.3296,0.3652,0.3621,0.1407,1.0000,0.4237
388,1,off,0,7,4,26.370,35.077,0.416,21.259,11.534,0.000,-363.60,0.4466,0.1905,0.2830,0.3763,0.1130,0.3763,0.4435
389,1,valley,1,7,4,8.612,9.217,0.386,5.285,11.534,0.000,-47.63,0.3478,0.1138,0.1549,0.1874,0.1415,0.2213,0.4917
390,1,valley,1,7,4,9.033,9.786,0.398,5.701,11.534,0.000,-53.02,0.3336,0.1194,0.1597,0.2024,0.1565,0.2553,0.4514
391,1,off,0,8,7,9.815,11.833,0.344,8.283,17.185,0.000,-58.07,0.4870,0.2419,0.2688,0.3036,0.9407,0.2474,0.4134
392,1,off,0,8,7,8.913,12.157,0.316,7.794,17.185,0.000,-49.62,0.3194,0.3067,0.2964,0.2925,0.9407,0.2387,0.3913
393,0,off,0,7,9,12.113,12.363,0.415,6.912,14.583,0.000,-88.42,0.3794,0.2538,0.2640,0.2988,0.9217,0.2656,0.3391
394,0,valley,1,7,9,8.812,10.329,0.420,5.736,14.583,0.000,-54.74,0.2917,0.2008,0.2253,0.2783,0.7858,0.2617,0.2949
395,0,valley,1,7,11,10.707,15.099,0.546,6.354,14.245,0.000,-73.24,0.2711,0.2372,0.2506,0.2806,0.7518,0.2245,0.3265
396,0,valley,1,7,11,10.813,13.993,0.442,6.576,14.245,0.000,-74.38,0.2545,0.2941,0.2775,0.2609,0.8403,0.2261,0.2854
397,0,off,0,0,12,8.599,10.009,0.359,7.028,5.110,0.000,-48.61,0.2806,0.2854,0.2751,0.2498,0.6862,0.2522,0.2379
398,0,valley,1,2,9,7.387,12.538,0.642,6.492,4.664,0.003,-41.11,0.3257,0.3257,0.3107,0.7257,0.6775,0.2466,0.2261
399,0,off,0,2,7,17.223,17.268,-0.680,12.671,6.735,0.000,-162.10,0.3336,0.3897,0.3818,0.7233,0.5953,0.2443,0.2775
400,0,off,0,7,2,9.517,14.737,0.536,8.127,6.735,0.000,-61.21,0.6032,0.3573,0.3518,0.6672,0.3573,0.2585,0.0213
401,0,off,0,7,1,10.495,13.615,1.666,8.916,4.391,0.026,-70.99,0.5636,0.1779,0.2474,0.7391,0.3779,0.2688,0.0174
402,0,off,0,15,8,10.034,10.694,0.733,7.552,5.030,0.001,-59.30,0.3597,0.2277,0.2791,0.3431,0.7834,0.2791,0.0150
403,0,valley,1,15,8,8.329,8.964,0.681,5.679,5.030,0.001,-43.64,0.2925,0.2743,0.2996,0.3004,0.6150,0.2909,0.2941
404,0,beyond,0,3,7,8.047,11.528,-0.185,3.242,6.635,0.000,-43.01,0.2538,0.1913,0.2759,0.3115,0.6024,0.3012,0.9375
405,0,off,0,7,10,9.898,12.332,0.558,7.568,8.157,0.000,-64.90,0.1874,0.1747,0.2743,0.2379,0.0893,0.3217,0.9589
406,0,off,0,7,10,10.046,12.675,0.506,8.068,8.157,0.000,-66.38,0.2000,0.1731,0.2727,0.2316,0.0798,0.3249,0.9510
407,0,off,0,7,10,9.968,13.015,0.486,8.152,8.157,0.000,-65.60,0.2166,0.1668,0.2704,0.2245,0.0735,0.3178,0.9312
408,0,off,0,7,10,9.382,12.504,0.444,7.676,8.157,0.000,-59.93,0.2221,0.1636,0.2656,0.2237,0.0830,0.3154,0.8680
409,0,in_cluster,0,5,7,6.398,10.692,-0.045,5.550,7.611,0.000,-33.81,0.1771,0.2577,0.2909,0.2648,0.5289,0.3265,0.5036
410,0,beyond,0,5,7,7.116,11.346,-0.060,5.390,7.611,0.000,-38.67,0.2142,0.3249,0.3075,0.2656,0.6593,0.3391,0.4625
411,0,valley,1,0,9,7.503,14.304,0.149,4.005,10.869,0.000,-39.78,0.2340,0.3328,0.3099,0.2324,0.6941,0.3368,0.3217
412,0,in_cluster,0,2,0,6.064,10.223,0.276,5.581,9.062,0.000,-32.21,0.1360,0.3170,0.3036,0.2822,0.8103,0.3281,0.2688
413,0,in_cluster,0,2,7,4.948,10.148,0.105,5.092,6.735,0.000,-26.07,0.1312,0.2569,0.2885,0.2364,0.4854,0.3115,0.0854
414,0,valley,1,7,2,9.236,11.220,0.341,6.114,6.735,0.000,-58.57,0.2672,0.1874,0.2664,0.2372,0.2585,0.3083,0.0854
415,0,off,0,7,1,8.968,13.110,1.148,8.997,4.391,0.026,-56.13,0.2348,0.1613,0.2498,0.1976,0.0964,0.3075,0.0158
416,0,off,0,7,1,8.316,11.725,1.155,8.353,4.391,0.026,-50.50,0.2862,0.1439,0.2261,0.1747,0.0538,0.3043,0.0063
417,0,valley,1,15,8,7.803,9.792,0.678,4.625,5.030,0.001,-39.40,0.2846,0.2767,0.2980,0.2300,0.4095,0.3004,0.0055
418,0,valley,1,15,8,7.476,10.215,0.610,4.346,5.030,0.001,-36.90,0.2609,0.2751,0.2972,0.1984,0.4103,0.2933,0.0095
419,0,valley,1,7,3,8.682,8.795,0.601,4.541,6.635,0.000,-49.30,0.3012,0.1360,0.2198,0.2000,0.0767,0.2901,0.0087
420,0,valley,1,7,4,8.208,11.468,0.480,4.339,11.534,0.000,-49.60,0.2791,0.1312,0.2150,0.1652,0.0419,0.2917,0.0040
421,0,valley,1,7,4,8.817,12.552,0.454,5.233,11.534,0.000,-54.79,0.2719,0.1344,0.2055,0.2111,0.0791,0.2822,0.0032
422,0,valley,1,7,4,8.689,11.791,0.429,5.060,11.534,0.000,-53.67,0.3028,0.1431,0.2063,0.2206,0.0949,0.2767,0.0024
423,0,valley,1,7,5,9.042,13.308,0.588,6.448,7.611,0.000,-56.80,0.3431,0.2791,0.3020,0.7099,0.5478,0.2704,0.0482
424,0,valley,1,7,5,9.486,12.070,0.814,6.562,7.611,0.000,-60.91,0.3462,0.3462,0.3257,0.7336,0.6063,0.2719,0.0126
425,0,off,0,2,9,15.347,16.049,0.202,11.344,4.664,0.003,-131.59,0.3281,0.3447,0.3083,0.3644,0.8150,0.2711,0.3510
426,0,valley,1,2,0,9.824,10.079,0.890,5.546,9.062,0.000,-61.54,0.3557,0.3217,0.2988,0.3549,0.7328,0.2664,0.1929
427,0,off,0,2,9,19.941,20.785,0.805,16.263,4.664,0.003,-212.64,0.3312,0.3407,0.3194,0.7573,0.5794,0.2680,0.2269
428,0,off,0,7,2,22.823,25.792,2.767,14.370,6.735,0.000,-276.36,0.3391,0.3755,0.3684,0.7225,0.4988,0.2727,0.0854
429,0,valley,1,7,2,8.533,14.190,0.234,6.881,6.735,0.000,-52.33,0.6451,0.3281,0.3249,0.6862,0.3241,0.2783,0.0166
430,0,off,0,7,1,10.238,13.283,1.475,8.787,4.391,0.026,-68.33,0.5960,0.2032,0.2767,0.3020,0.3138,0.2877,0.0134
431,0,valley,1,7,8,11.274,14.258,0.626,6.083,17.185,0.000,-79.47,0.3715,0.2071,0.2830,0.3723,0.7565,0.3059,0.0119
432,0,valley,1,15,8,8.460,13.340,0.541,5.797,5.030,0.001,-44.74,0.3170,0.3154,0.3154,0.2767,0.5020,0.3296,0.0190
433,0,beyond,0,3,7,10.467,13.440,-0.114,4.671,6.635,0.000,-65.41,0.4142,0.3138,0.3202,0.3731,0.6909,0.3462,0.1976
434,0,valley,1,7,3,8.900,13.690,0.443,5.171,6.635,0.000,-55.52,0.2783,0.2182,0.2957,0.2561,0.0885,0.3518,0.3787
435,0,off,0,7,1,8.161,13.280,1.014,8.710,4.391,0.026,-49.22,0.2775,0.2134,0.2925,0.2285,0.0490,0.3510,0.1439
436,0,off,0,7,1,8.350,13.640,1.021,8.881,4.391,0.026,-50.78,0.2877,0.2103,0.2901,0.2340,0.0506,0.3407,0.0103
437,0,off,0,7,1,8.282,13.714,1.058,8.684,4.391,0.026,-50.22,0.3067,0.2087,0.2877,0.2435,0.0561,0.3328,0.0142
438,0,in_cluster,0,5,7,6.198,9.985,0.030,5.611,7.611,0.000,-32.56,0.2593,0.2893,0.3028,0.2830,0.4482,0.3304,0.0332
439,0,in_cluster,0,5,7,5.934,10.842,-0.060,5.650,7.611,0.000,-30.95,0.2656,0.3455,0.3225,0.2735,0.5352,0.3273,0.2348
440,0,in_cluster,0,0,9,6.857,15.953,0.142,3.862,10.869,0.000,-35.14,0.2632,0.3589,0.3352,0.2553,0.5992,0.3099,0.1668
441,0,in_cluster,0,2,0,5.649,10.603,0.340,5.715,9.062,0.000,-29.78,0.2506,0.3526,0.3289,0.2885,0.7241,0.3107,0.2885
442,1,off,0,7,1,300.419,352.679,8.733,264.981,4.391,0.026,-45141.63,0.9976,0.9992,0.9992,0.9984,0.9573,1.0000,1.0000
443,1,off,0,7,6,304.938,418.198,2.189,290.418,13.339,0.000,-46509.45,0.9976,1.0000,1.0000,0.9984,0.9494,1.0000,1.0000
444,1,off,0,7,6,345.351,487.270,2.462,336.770,13.339,0.000,-59649.58,0.9960,0.9992,0.9992,0.9984,0.9368,1.0000,1.0000
445,0,off,0,7,6,26.183,36.107,0.035,24.958,13.339,0.000,-358.68,0.6458,0.3866,0.3874,0.9937,0.3818,0.2846,0.0553
446,0,off,0,6,7,13.203,16.971,-0.139,9.614,13.339,0.000,-101.69,0.3723,0.4024,0.3976,0.7083,0.7336,0.2862,0.1075
447,0,valley,1,15,8,8.775,12.418,0.456,6.087,5.030,0.001,-47.46,0.3676,0.3344,0.3273,0.6893,0.5976,0.2941,0.1028
448,0,valley,1,7,3,9.040,9.606,0.807,4.095,6.635,0.000,-56.08,0.2964,0.2285,0.2917,0.3162,0.3123,0.3051,0.1344
449,0,off,0,7,1,8.144,12.843,1.048,8.574,4.391,0.026,-49.08,0.2909,0.2229,0.2941,0.2466,0.0759,0.3257,0.1225
450,0,valley,1,7,5,7.880,10.847,0.220,5.580,7.611,0.000,-46.97,0.3779,0.2403,0.2964,0.2569,0.2838,0.3399,0.0791
451,0,in_cluster,0,5,7,5.377,9.659,-0.015,5.017,7.611,0.000,-27.80,0.2577,0.3115,0.3123,0.2846,0.5510,0.3581,0.0846
452,0,valley,1,5,7,8.209,11.161,0.201,5.765,7.611,0.000,-47.04,0.2617,0.3613,0.3423,0.3336,0.8822,0.3636,0.5881
453,0,beyond,0,0,2,7.599,11.716,-0.151,6.035,9.062,0.000,-40.51,0.2640,0.3597,0.3431,0.2980,0.7075,0.3644,0.2087
454,0,beyond,0,2,7,8.404,14.236,-0.036,6.416,6.735,0.000,-49.15,0.2134,0.3399,0.3281,0.2972,0.8111,0.3613,0.2664
455,0,in_cluster,0,2,7,5.119,9.747,0.125,5.274,6.735,0.000,-26.93,0.2119,0.3051,0.3091,0.2751,0.4688,0.3573,0.2300
456,0,valley,1,7,2,8.768,12.842,0.078,6.669,6.735,0.000,-54.35,0.2957,0.2704,0.3012,0.2640,0.2332,0.3557,0.2000
457,0,beyond,0,7,2,8.639,13.288,-0.021,6.664,6.735,0.000,-53.23,0.2814,0.2451,0.2949,0.2545,0.1937,0.3526,0.2569
458,0,off,0,7,1,8.096,11.319,1.032,8.217,4.391,0.026,-48.69,0.2949,0.2166,0.2870,0.2411,0.0822,0.3478,0.3075
459,0,off,0,15,7,9.710,13.315,0.109,7.569,15.943,0.000,-56.10,0.3075,0.3209,0.3178,0.2743,0.4814,0.3383,0.2901
460,0,valley,1,15,8,9.591,13.439,0.522,6.801,5.030,0.001,-54.95,0.2854,0.3194,0.3170,0.2514,0.4490,0.3186,0.2909
461,0,valley,1,7,3,8.089,11.116,0.474,4.710,6.635,0.000,-48.63,0.3209,0.2024,0.2838,0.2490,0.0870,0.3146,0.3083
462,0,valley,1,7,3,8.059,12.767,0.338,5.612,6.635,0.000,-48.39,0.3083,0.2000,0.2822,0.2482,0.0672,0.3123,0.2506
463,0,off,0,7,1,8.961,11.896,1.157,8.302,4.391,0.026,-56.06,0.4229,0.2119,0.2846,0.3557,0.1668,0.2996,0.1802
464,0,off,0,7,1,9.641,12.804,0.958,9.210,4.391,0.026,-62.39,0.5289,0.3036,0.3138,0.7652,0.2411,0.2885,0.1368
465,0,off,0,7,5,9.970,12.033,0.668,7.231,7.611,0.000,-65.62,0.3486,0.3731,0.3700,0.6822,0.5818,0.2893,0.1083
466,0,off,0,7,6,12.010,17.894,0.104,11.719,13.339,0.000,-88.04,0.3834,0.3818,0.3676,0.7960,0.7747,0.2870,0.3352
467,0,off,0,2,9,13.892,16.015,0.206,11.277,4.664,0.003,-110.32,0.3755,0.3644,0.3375,0.3684,0.7344,0.2814,0.2893
468,0,off,0,2,9,12.658,19.916,0.304,8.790,4.664,0.003,-93.94,0.3115,0.3383,0.3130,0.3652,0.7399,0.2806,0.2925
469,0,off,0,7,9,25.014,26.280,0.559,22.638,14.583,0.000,-328.76,0.3036,0.3652,0.3510,0.7194,0.4893,0.2838,0.2783
470,0,off,0,7,2,10.061,13.535,0.844,7.649,6.735,0.000,-66.53,0.5502,0.3621,0.3613,0.7866,0.4451,0.2964,0.3273
471,0,off,0,7,1,9.114,12.207,1.240,7.592,4.391,0.026,-57.45,0.5336,0.2988,0.3115,0.2964,0.2356,0.3028,0.3715
472,0,off,0,7,1,8.919,11.945,1.153,7.611,4.391,0.026,-55.70,0.4119,0.2862,0.3067,0.2901,0.1739,0.3162,0.3676
473,0,off,0,15,7,9.294,13.460,0.063,7.027,15.943,0.000,-52.14,0.3368,0.3549,0.3486,0.2893,0.4198,0.3447,0.3810
474,0,valley,1,15,7,7.839,13.482,0.039,6.068,15.943,0.000,-39.68,0.3328,0.3557,0.3502,0.2862,0.4269,0.3439,0.3881
475,1,valley,1,7,11,9.546,15.418,0.322,5.397,14.245,0.000,-61.48,0.4190,0.3083,0.3225,0.3510,0.5423,0.9526,0.3850
476,1,valley,1,7,5,9.339,11.081,0.600,6.529,7.611,0.000,-59.53,0.3067,0.3644,0.3628,0.3589,0.6292,1.0000,0.9676
477,1,off,0,7,6,11.734,14.664,0.653,10.038,13.339,0.000,-84.76,0.3526,0.4142,0.4008,0.6996,0.9779,1.0000,0.9660
478,1,off,0,7,6,18.656,22.258,0.826,15.546,13.339,0.000,-189.94,0.5692,0.4545,0.4071,0.5225,0.9589,1.0000,0.9723
479,0,off,0,7,2,13.476,16.564,1.084,9.021,6.735,0.000,-106.72,0.4885,0.3976,0.3889,0.3921,0.9589,0.3787,0.9763
480,0,beyond,0,2,7,8.823,9.737,-0.052,5.252,6.735,0.000,-52.75,0.2972,0.3708,0.3668,0.3344,0.6126,0.3889,0.9731
481,0,valley,1,7,2,8.505,14.525,0.212,6.710,6.735,0.000,-52.09,0.4767,0.3534,0.3470,0.3265,0.3391,0.3826,0.9684
482,0,off,0,7,2,9.567,14.357,0.119,6.962,6.735,0.000,-61.68,0.4387,0.3336,0.3360,0.3146,0.2711,0.3708,0.9573
483,0,off,0,7,1,9.535,14.773,0.886,8.939,4.391,0.026,-61.38,0.4403,0.3542,0.3534,0.6972,0.1692,0.3542,0.9115
484,0,off,0,6,7,14.927,20.480,-0.173,12.346,13.339,0.000,-125.95,0.3518,0.5391,0.4664,0.6451,0.4885,0.3455,0.8972
485,0,off,0,6,7,13.308,17.096,-0.160,9.695,13.339,0.000,-103.09,0.3968,0.4348,0.4111,0.7051,0.5059,0.3170,0.9257
486,0,valley,1,7,3,8.849,16.241,0.767,4.855,6.635,0.000,-55.08,0.3605,0.3083,0.3186,0.3360,0.1462,0.3233,0.8893
487,0,valley,1,7,3,7.581,14.061,0.497,4.702,6.635,0.000,-44.65,0.3826,0.3075,0.3217,0.2957,0.1123,0.3549,0.4324
488,0,valley,1,7,3,7.596,12.772,0.357,5.417,6.635,0.000,-44.77,0.3455,0.3043,0.3209,0.2949,0.1138,0.3676,0.4854
489,0,valley,1,7,3,7.424,12.406,0.382,4.953,6.635,0.000,-43.48,0.3581,0.2957,0.3162,0.2941,0.0972,0.3723,0.4356
490,0,off,0,7,6,11.934,14.152,0.913,8.182,13.339,0.000,-87.13,0.3510,0.3636,0.3628,0.3470,0.9312,0.3739,0.4553
491,0,off,0,7,6,11.597,12.789,0.906,7.727,13.339,0.000,-83.17,0.3217,0.3794,0.3731,0.3407,0.9383,0.3747,0.5012
492,0,valley,1,2,7,9.053,10.617,0.362,6.195,6.735,0.000,-54.81,0.2759,0.3478,0.3462,0.3383,0.8372,0.3794,0.4941
493,0,valley,1,2,7,6.927,8.795,0.402,5.544,6.735,0.000,-37.82,0.2735,0.3241,0.3320,0.3051,0.6134,0.3763,0.5154
494,0,off,0,7,1,7.738,12.117,1.029,7.735,4.391,0.026,-45.86,0.3502,0.3020,0.3146,0.2909,0.1905,0.3715,0.5708
495,0,off,0,7,1,8.250,12.112,0.970,8.119,4.391,0.026,-49.95,0.3360,0.2798,0.3059,0.2917,0.2182,0.3652,0.5273
496,0,off,0,7,6,11.245,13.857,0.714,8.516,13.339,0.000,-79.14,0.2767,0.2735,0.3043,0.3668,0.6569,0.3534,0.4332
497,0,beyond,0,15,6,8.173,12.175,-0.049,5.866,6.601,0.000,-42.35,0.3130,0.3423,0.3391,0.2775,0.3866,0.3344,0.4680
498,0,valley,1,3,7,10.960,12.282,0.046,5.503,6.635,0.000,-70.69,0.3810,0.3312,0.3312,0.3715,0.5826,0.3202,0.5162
499,0,off,0,7,1,7.873,12.492,0.955,7.838,4.391,0.026,-46.91,0.3091,0.2506,0.3004,0.2814,0.1043,0.3194,0.5779
500,0,off,0,7,1,8.848,11.732,1.011,7.909,4.391,0.026,-55.06,0.4648,0.2759,0.3051,0.7502,0.2000,0.3091,0.6166
501,0,off,0,7,1,13.780,17.294,0.568,13.544,4.391,0.026,-110.87,0.4964,0.3834,0.3826,0.7763,0.2071,0.2972,0.5059
502,0,off,0,7,6,13.884,17.161,0.258,11.791,13.339,0.000,-112.30,0.3407,0.4411,0.4126,0.7447,0.5257,0.2957,0.4277
503,0,off,0,7,5,10.962,15.940,0.767,6.977,7.611,0.000,-76.00,0.3375,0.3960,0.3842,0.8055,0.6466,0.2980,0.4364
504,0,off,0,2,9,12.296,16.102,0.013,9.963,4.664,0.003,-89.42,0.3289,0.3723,0.3621,0.3881,0.7249,0.2949,0.4530
505,0,valley,1,2,9,10.575,14.507,0.137,6.473,4.664,0.003,-69.74,0.3945,0.3502,0.3296,0.4348,0.8292,0.2925,0.4743
506,0,off,0,7,9,21.453,24.567,0.471,20.159,14.583,0.000,-246.04,0.3644,0.3289,0.3233,0.3960,0.6166,0.2988,0.5542
507,0,off,0,7,2,16.542,23.457,1.677,11.243,6.735,0.000,-152.74,0.3889,0.3304,0.3383,0.4625,0.5170,0.3360,0.6055
508,0,off,0,7,1,7.898,12.247,1.054,7.239,4.391,0.026,-47.10,0.4087,0.3225,0.3368,0.3036,0.1802,0.3660,0.5613
509,0,off,0,7,1,7.620,11.527,0.958,7.013,4.391,0.026,-44.95,0.3526,0.3178,0.3328,0.2996,0.1344,0.3771,0.5123
510,0,valley,1,15,7,10.219,12.724,0.099,6.414,15.943,0.000,-61.17,0.3162,0.3668,0.3708,0.3028,0.4237,0.3874,0.5225
511,0,valley,1,15,7,10.515,13.096,0.087,6.668,15.943,0.000,-64.24,0.3107,0.3692,0.3715,0.3123,0.4846,0.3842,0.5866
512,0,off,0,7,1,7.908,12.656,1.020,7.526,4.391,0.026,-47.18,0.3415,0.3186,0.3344,0.3170,0.1597,0.3802,0.5581
513,0,off,0,7,1,7.781,12.402,0.864,7.396,4.391,0.026,-46.19,0.3423,0.3162,0.3304,0.3012,0.0743,0.3810,0.5431
514,0,off,0,7,1,8.491,12.458,0.928,7.403,4.391,0.026,-51.97,0.3739,0.3123,0.3265,0.3075,0.1162,0.3621,0.5138
515,0,off,0,7,1,8.686,11.423,0.909,7.151,4.391,0.026,-53.64,0.3953,0.3130,0.3241,0.3043,0.1091,0.3470,0.4308
516,0,in_cluster,0,5,7,6.316,10.186,0.197,4.852,7.611,0.000,-33.29,0.3296,0.3368,0.3455,0.3225,0.5107,0.3423,0.3486
517,0,in_cluster,0,5,7,5.340,11.252,-0.047,4.953,7.611,0.000,-27.60,0.3202,0.3779,0.3723,0.3138,0.5557,0.3320,0.3431
518,0,beyond,0,0,7,7.488,16.737,-0.071,5.481,13.429,0.000,-39.67,0.3043,0.3945,0.3881,0.3217,0.7502,0.3241,0.4387
519,0,in_cluster,0,0,2,6.751,10.978,-0.126,5.275,9.062,0.000,-34.42,0.3320,0.3889,0.3850,0.3312,0.6933,0.3209,0.5130
520,0,off,0,2,7,10.051,14.851,-0.451,8.061,6.735,0.000,-64.34,0.3573,0.4079,0.4040,0.7178,0.4957,0.3138,0.5273
521,0,off,0,7,2,19.724,20.639,1.659,15.835,6.735,0.000,-210.43,0.3589,0.5905,0.5075,0.7091,0.4111,0.3067,0.6182
522,0,off,0,7,2,13.615,16.591,0.684,11.250,6.735,0.000,-108.61,0.5012,0.4569,0.4213,0.7115,0.2933,0.3036,0.4632
523,0,off,0,7,1,8.398,15.123,1.165,7.420,4.391,0.026,-51.18,0.7692,0.3660,0.3692,0.7613,0.3154,0.3289,0.4885
524,0,valley,1,15,7,7.060,13.433,0.011,5.541,15.943,0.000,-33.88,0.3668,0.3628,0.3652,0.3613,0.6016,0.3700,0.5953
525,0,beyond,0,15,6,9.062,12.196,-0.080,6.226,6.601,0.000,-50.02,0.3399,0.3739,0.3747,0.3304,0.4656,0.3913,0.6545
526,0,beyond,0,7,3,10.074,13.991,1.063,4.160,6.635,0.000,-66.66,0.3138,0.3518,0.3597,0.3542,0.5692,0.4032,0.8925
527,0,off,0,7,1,7.659,14.411,0.811,8.118,4.391,0.026,-45.25,0.3241,0.3391,0.3557,0.3186,0.0988,0.4206,0.9352
528,0,off,0,7,1,7.108,14.111,0.754,7.809,4.391,0.026,-41.18,0.3273,0.3415,0.3565,0.3107,0.0688,0.4229,0.8949
529,0,off,0,7,1,6.950,14.160,0.733,7.717,4.391,0.026,-40.07,0.3344,0.3375,0.3526,0.3067,0.0806,0.4126,0.8941
530,0,valley,1,5,7,7.102,7.404,0.323,4.369,7.611,0.000,-38.56,0.2996,0.3431,0.3542,0.3328,0.5383,0.4063,0.8332
531,0,in_cluster,0,5,7,5.603,8.540,0.044,4.496,7.611,0.000,-29.04,0.2933,0.3747,0.3739,0.3202,0.5217,0.4047,0.8221
532,0,beyond,0,0,7,7.432,15.399,-0.043,5.431,13.429,0.000,-39.25,0.2838,0.4000,0.3945,0.3375,0.7755,0.4040,0.8751
533,0,in_cluster,0,0,2,6.413,11.267,-0.123,5.298,9.062,0.000,-32.20,0.3059,0.3937,0.3913,0.3273,0.6538,0.3968,0.8791
534,0,in_cluster,0,2,7,5.321,10.670,-0.065,4.897,6.735,0.000,-27.98,0.2893,0.3763,0.3763,0.3233,0.5368,0.3929,0.8696
535,0,in_cluster,0,2,7,5.024,8.537,0.122,4.542,6.735,0.000,-26.45,0.2941,0.3565,0.3636,0.3154,0.4387,0.3921,0.8814
536,0,valley,1,7,2,7.596,12.405,0.131,5.952,6.735,0.000,-44.77,0.3731,0.3320,0.3447,0.3091,0.2158,0.3834,0.8743
537,0,off,0,7,1,8.301,13.249,1.039,7.232,4.391,0.026,-50.37,0.3747,0.3202,0.3336,0.3099,0.2047,0.3692,0.7107
538,0,off,0,6,7,12.654,16.507,0.168,10.755,13.339,0.000,-94.59,0.3186,0.3826,0.3858,0.7842,0.7130,0.3565,0.6237
539,0,off,0,6,7,15.037,22.266,-0.241,13.117,13.339,0.000,-127.59,0.3660,0.6221,0.5470,0.6482,0.4316,0.3431,0.6601
540,0,off,0,6,7,14.014,14.748,0.044,10.249,13.339,0.000,-112.73,0.6909,0.4087,0.4063,0.9826,0.7589,0.3415,0.8285
541,0,valley,1,7,3,7.993,8.016,0.676,5.131,6.635,0.000,-42.76,0.4024,0.3233,0.3407,0.5391,0.2403,0.3668,0.8632
542,0,valley,1,7,3,7.035,10.733,0.429,5.002,6.635,0.000,-40.66,0.4047,0.3352,0.3478,0.3573,0.1700,0.3858,0.7360
543,0,valley,1,7,1,6.996,12.285,0.912,6.840,4.391,0.026,-40.39,0.3771,0.3439,0.3573,0.3368,0.1360,0.3953,0.5051
544,0,off,0,7,1,7.196,12.499,0.853,7.081,4.391,0.026,-41.81,0.3542,0.3486,0.3605,0.3281,0.1289,0.4008,0.3328
545,0,valley,1,5,7,7.051,8.779,0.065,4.542,7.611,0.000,-38.21,0.3123,0.3787,0.3787,0.3439,0.5194,0.4182,0.1810
546,0,valley,1,5,7,8.537,9.536,0.167,5.731,7.611,0.000,-49.78,0.3020,0.4032,0.4008,0.3510,0.7842,0.4245,0.5209
547,0,in_cluster,0,0,2,6.175,14.354,-0.178,4.182,9.062,0.000,-30.70,0.2901,0.4047,0.4032,0.3257,0.5937,0.4134,0.2490
548,0,in_cluster,0,2,0,5.486,13.078,0.078,5.055,9.062,0.000,-28.88,0.2569,0.3968,0.4000,0.3478,0.7913,0.4103,0.2830
549,0,in_cluster,0,2,7,3.943,9.164,-0.035,4.056,6.735,0.000,-21.60,0.3225,0.3771,0.3802,0.3296,0.5431,0.4055,0.2079
550,0,valley,1,7,2,7.427,11.180,0.360,4.795,6.735,0.000,-43.50,0.4150,0.3581,0.3660,0.3320,0.3352,0.3976,0.1794
551,0,beyond,0,7,1,9.196,11.355,1.058,5.528,4.391,0.026,-58.20,0.3249,0.3494,0.3589,0.3249,0.2395,0.3960,0.1447
552,0,beyond,0,7,1,8.998,10.252,1.072,5.259,4.391,0.026,-56.39,0.3447,0.3360,0.3494,0.3194,0.1747,0.3881,0.1336
553,0,off,0,7,6,15.786,15.808,0.977,11.007,13.339,0.000,-139.18,0.3881,0.4071,0.4055,0.7312,0.4830,0.3779,0.1289
554,0,off,0,6,7,15.321,15.449,-0.028,10.230,13.339,0.000,-131.87,0.3628,0.4182,0.4095,0.6704,0.4901,0.3628,0.1352
555,0,valley,1,3,7,8.161,9.712,0.431,5.102,6.635,0.000,-43.94,0.3937,0.3510,0.3581,0.7186,0.1518,0.3605,0.1304
556,0,valley,1,7,3,9.632,11.105,0.339,5.403,6.635,0.000,-62.31,0.3763,0.3296,0.3439,0.3059,0.0664,0.3684,0.1107
557,0,beyond,0,1,7,10.400,10.500,-0.047,5.144,4.391,0.026,-63.50,0.3494,0.3265,0.3415,0.3130,0.1273,0.3597,0.1059
558,0,beyond,0,7,1,10.307,10.705,1.021,5.368,4.391,0.026,-66.62,0.3549,0.3273,0.3399,0.3083,0.1146,0.3502,0.1115
559,0,in_cluster,0,5,7,4.986,12.257,0.081,4.562,7.611,0.000,-25.78,0.3154,0.3605,0.3644,0.3289,0.5328,0.3494,0.1257
560,0,in_cluster,0,5,7,5.362,13.160,-0.046,4.863,7.611,0.000,-27.72,0.2885,0.3905,0.3834,0.3241,0.6458,0.3486,0.2498
561,0,in_cluster,0,0,2,5.494,17.318,-0.195,3.849,9.062,0.000,-26.72,0.2743,0.4008,0.3968,0.3209,0.6751,0.3375,0.2040
562,0,in_cluster,0,0,2,6.065,11.318,-0.105,4.986,9.062,0.000,-30.03,0.3383,0.3953,0.3953,0.3399,0.6996,0.3352,0.2656
563,0,off,0,2,7,11.444,16.190,-0.490,8.673,6.735,0.000,-79.32,0.3194,0.4451,0.4229,0.7202,0.5455,0.3225,0.3107
564,0,off,0,7,2,21.049,22.375,1.688,16.430,6.735,0.000,-237.45,0.3352,0.6727,0.6150,0.7217,0.4743,0.3130,0.3937
565,0,off,0,7,2,11.127,14.330,0.451,7.901,6.735,0.000,-77.83,0.5178,0.4119,0.4079,0.7281,0.3146,0.3336,0.1526
566,0,beyond,0,7,1,11.291,11.380,1.465,6.586,4.391,0.026,-74.16,0.6150,0.3470,0.3549,0.7802,0.3328,0.3589,0.1573
567,0,valley,1,15,7,11.855,14.178,0.010,5.910,15.943,0.000,-79.22,0.4190,0.3810,0.3810,0.6032,0.6648,0.3897,0.1628
568,0,valley,1,15,7,13.335,13.704,0.054,5.687,15.943,0.000,-97.86,0.4040,0.3929,0.3937,0.5684,0.6182,0.4111,0.2862
569,0,valley,1,7,3,8.942,10.194,0.751,4.642,6.635,0.000,-55.90,0.3913,0.3676,0.3771,0.3794,0.4277,0.4300,0.9107
570,0,valley,1,7,3,7.454,11.520,0.404,4.453,6.635,0.000,-43.70,0.3842,0.3715,0.3794,0.3494,0.1478,0.4443,0.9154
571,0,valley,1,7,1,8.180,11.042,0.969,5.221,4.391,0.026,-49.38,0.3976,0.3700,0.3779,0.3415,0.0909,0.4411,0.7217
572,0,valley,1,7,1,8.543,11.142,0.922,5.628,4.391,0.026,-52.41,0.4103,0.3684,0.3755,0.3462,0.1217,0.4308,0.2340
573,1,valley,1,5,7,7.052,11.063,0.076,4.525,7.611,0.000,-38.22,0.3518,0.4040,0.4071,0.9636,0.5099,0.4348,0.1818
574,1,in_cluster,0,5,7,6.830,12.312,-0.056,5.062,7.611,0.000,-36.67,0.3265,0.4798,0.4411,0.9613,0.5850,0.4324,0.2174
575,1,off,0,7,5,14.289,14.376,0.264,8.749,7.611,0.000,-116.45,0.3312,0.4545,0.4213,0.6830,0.9138,0.4158,0.6466
576,1,off,0,7,5,14.202,15.835,0.162,8.850,7.611,0.000,-116.76,0.3447,0.5059,0.4490,0.7043,0.9455,0.4063,0.6466
577,1,beyond,0,0,7,10.128,16.800,-0.103,3.974,13.429,0.000,-62.93,0.2854,0.5510,0.4838,0.5826,0.8996,0.4095,0.3652
578,1,valley,1,2,0,12.546,12.798,0.877,5.930,9.062,0.000,-92.22,0.3099,0.5462,0.4846,0.6553,0.9320,0.4229,0.9708
579,0,beyond,0,2,7,9.811,12.949,-0.190,4.899,6.735,0.000,-61.96,0.3621,0.4458,0.4221,0.4079,0.7573,0.4269,0.9794
580,0,beyond,0,2,7,9.714,13.060,-0.159,5.890,6.735,0.000,-61.01,0.3265,0.4814,0.4427,0.7771,0.6285,0.4095,0.9739
581,0,off,0,7,2,17.664,17.874,0.892,12.071,6.735,0.000,-171.75,0.5036,0.7542,0.7107,0.7621,0.3968,0.3905,0.9700
582,0,off,0,7,2,14.564,15.248,0.560,8.682,6.735,0.000,-121.97,0.4632,0.5826,0.5273,0.7549,0.3423,0.3755,0.9597
583,0,valley,1,15,7,8.952,15.577,0.019,5.782,15.943,0.000,-49.02,0.3858,0.4285,0.4150,0.7739,0.6640,0.3866,0.9399
584,0,valley,1,15,7,9.233,14.725,0.070,6.233,15.943,0.000,-51.58,0.4245,0.4206,0.4119,0.3850,0.5573,0.4087,0.9526
585,0,off,0,7,1,10.504,19.120,1.234,7.530,4.391,0.026,-71.09,0.4506,0.3913,0.3984,0.4411,0.4229,0.4356,0.9557
586,0,valley,1,7,1,9.046,16.185,0.932,6.059,4.391,0.026,-56.83,0.3708,0.3874,0.3960,0.3534,0.1858,0.4593,0.9067
587,0,valley,1,7,3,9.213,14.540,0.393,5.359,6.635,0.000,-58.35,0.3565,0.3850,0.3905,0.3565,0.2055,0.4561,0.5518
588,0,valley,1,7,3,10.392,10.618,0.435,5.449,6.635,0.000,-66.95,0.4000,0.3802,0.3866,0.3581,0.2387,0.4435,0.1921
589,0,off,0,7,8,13.102,19.151,0.382,10.609,17.185,0.000,-101.75,0.5874,0.3858,0.3921,0.7486,0.9368,0.4261,0.1209
590,0,off,0,7,8,13.537,18.849,0.529,11.149,17.185,0.000,-107.54,0.4719,0.4846,0.4372,0.4000,0.9431,0.4198,0.1415
591,0,off,0,7,6,15.177,20.674,0.603,15.527,13.339,0.000,-131.09,0.8854,0.5249,0.4735,0.7067,0.9881,0.4237,0.1613
592,0,valley,1,2,7,8.430,13.278,0.351,6.665,6.735,0.000,-49.36,0.4213,0.3992,0.4016,0.3628,0.7162,0.4166,0.1494
593,0,beyond,0,1,7,10.827,12.058,-0.267,6.159,4.391,0.026,-68.03,0.5968,0.3881,0.3929,0.3526,0.2775,0.4079,0.1431
594,0,valley,1,2,7,12.617,13.053,0.745,6.696,6.735,0.000,-93.42,0.7360,0.4111,0.4103,0.7636,0.3755,0.3945,0.1858
595,0,off,0,7,1,18.828,21.602,0.444,16.562,4.391,0.026,-193.16,0.8008,0.6711,0.6435,0.7534,0.1913,0.3850,0.2735
596,0,off,0,6,7,19.379,21.110,-0.111,15.045,13.339,0.000,-202.31,0.4490,0.8055,0.7834,0.7470,0.5162,0.3731,0.2877
597,0,off,0,15,7,14.100,16.393,-0.013,6.953,15.943,0.000,-108.36,0.7249,0.4925,0.4514,0.8443,0.5787,0.3818,0.2632
598,0,off,0,3,1,11.175,13.515,0.171,9.002,10.937,0.000,-73.08,0.9360,0.3842,0.3897,0.6751,0.3731,0.4000,0.2119
599,0,off,0,3,7,11.858,13.027,0.419,7.252,6.635,0.000,-80.94,0.7352,0.3921,0.3992,0.4545,0.2490,0.4253,0.2253
600,0,off,0,7,1,11.467,12.643,1.146,6.969,4.391,0.026,-81.67,0.6862,0.3984,0.4024,0.3700,0.1723,0.4387,0.2625
601,0,off,0,7,1,11.753,12.983,1.088,7.455,4.391,0.026,-84.98,0.6711,0.4016,0.4047,0.3636,0.1439,0.4458,0.2996
602,0,valley,1,5,7,7.918,13.486,0.046,6.216,7.611,0.000,-44.70,0.4206,0.4221,0.4182,0.3771,0.5225,0.4522,0.3628
603,0,beyond,0,5,7,8.117,13.897,-0.117,6.380,7.611,0.000,-46.29,0.4055,0.5534,0.4996,0.3739,0.6190,0.4609,0.3597
604,0,beyond,0,0,2,8.885,19.527,-0.304,6.420,9.062,0.000,-51.10,0.3684,0.6419,0.5834,0.3692,0.7202,0.4569,0.3304
605,0,beyond,0,0,2,8.560,12.316,-0.186,6.586,9.062,0.000,-48.27,0.4166,0.5953,0.5549,0.3889,0.7439,0.4538,0.3462
606,0,in_cluster,0,2,7,5.778,13.810,0.027,6.154,6.735,0.000,-30.52,0.4846,0.4775,0.4656,0.3708,0.6229,0.4490,0.3565
607,0,valley,1,2,7,7.179,13.009,0.330,6.311,6.735,0.000,-39.60,0.5945,0.4166,0.4174,0.3660,0.5312,0.4395,0.3249
608,0,off,0,1,2,14.122,14.415,-0.184,6.969,11.742,0.000,-109.13,0.8545,0.4095,0.4087,0.3676,0.3099,0.4292,0.3929
609,0,off,0,2,1,13.922,14.489,1.151,6.943,11.742,0.000,-110.72,0.8221,0.4640,0.4530,0.7708,0.3178,0.4142,0.4735
610,0,off,0,7,6,23.034,23.900,1.096,18.025,13.339,0.000,-281.19,0.7138,0.8870,0.8917,0.7779,0.6372,0.4016,0.4593
611,0,off,0,7,6,20.776,23.755,1.106,16.775,13.339,0.000,-231.74,0.7012,0.8854,0.8798,0.7755,0.6427,0.3937,0.4134
612,0,off,0,3,7,14.232,15.789,0.070,7.161,6.635,0.000,-111.91,0.9755,0.4514,0.4348,0.9502,0.4261,0.3984,0.3644
613,0,off,0,3,7,13.901,14.820,0.276,7.673,6.635,0.000,-107.26,0.7510,0.4040,0.4071,0.4791,0.2142,0.4277,0.3502
614,0,off,0,7,1,13.736,15.204,1.253,8.453,4.391,0.026,-110.26,0.8229,0.4103,0.4158,0.3779,0.1304,0.4474,0.3755
615,0,off,0,7,1,13.307,15.173,1.179,8.554,4.391,0.026,-104.46,0.7913,0.4142,0.4190,0.3834,0.1945,0.4585,0.3423
616,0,off,0,7,6,13.213,22.728,0.479,14.185,13.339,0.000,-103.21,0.7020,0.4229,0.4253,0.6814,0.8095,0.4577,0.3383
617,0,off,0,7,8,14.172,19.497,0.575,10.025,17.185,0.000,-116.34,0.6617,0.6696,0.6372,0.4648,0.9510,0.4854,0.3605
618,0,off,0,7,3,16.178,19.751,0.901,8.665,6.635,0.000,-146.79,0.9375,0.7462,0.7312,0.7565,0.9945,0.5138,0.3621
619,0,off,0,7,0,15.172,16.047,0.282,10.414,13.429,0.000,-131.02,0.5439,0.5526,0.5383,0.5399,0.8909,0.5004,0.3723
620,0,off,0,7,9,12.751,15.297,0.085,7.384,14.583,0.000,-97.22,0.4458,0.5763,0.5312,0.5233,0.8356,0.4759,0.3399
621,0,off,0,7,0,14.202,14.401,0.455,10.163,13.429,0.000,-115.11,0.4071,0.6980,0.6482,0.4751,0.8996,0.4806,0.3336
622,0,off,0,0,7,12.446,16.258,0.447,9.167,13.429,0.000,-89.08,0.4553,0.7043,0.6775,0.4775,0.8506,0.5249,0.3684
623,0,off,0,2,7,10.863,15.774,0.519,9.032,6.735,0.000,-72.84,0.6514,0.5779,0.5494,0.5407,0.8530,0.4893,0.4087
624,0,off,0,2,7,11.062,16.165,0.733,8.852,6.735,0.000,-75.01,0.8055,0.4727,0.4609,0.5028,0.7636,0.4482,0.4593
625,0,off,0,3,7,16.823,17.041,0.940,11.741,6.635,0.000,-152.15,0.9747,0.7486,0.7431,0.8024,0.3534,0.4316,0.6024
626,0,off,0,7,2,23.214,26.556,0.874,17.210,6.735,0.000,-285.37,0.9771,0.9289,0.9304,0.7036,0.2111,0.4024,0.7328
627,0,off,0,7,15,21.235,22.422,1.111,11.584,15.943,0.000,-241.38,0.9431,0.8696,0.8577,0.8261,0.8767,0.3992,0.6664
628,0,off,0,15,3,10.933,18.507,0.384,7.948,13.802,0.000,-68.72,0.9542,0.6648,0.6253,0.9241,0.7897,0.4119,0.5621
629,0,off,0,3,7,17.896,18.811,-0.261,8.618,6.635,0.000,-170.78,0.9826,0.5051,0.4877,0.6925,0.7209,0.4419,0.5573
630,0,off,0,3,7,14.021,14.876,0.478,7.836,6.635,0.000,-108.93,0.9162,0.4917,0.4988,0.4538,0.2545,0.5091,0.4648
631,0,off,0,7,5,14.104,15.352,0.009,8.292,7.611,0.000,-115.38,0.9233,0.5075,0.5138,0.3929,0.1573,0.5692,0.4688
632,0,off,0,7,5,14.854,16.288,0.028,8.692,7.611,0.000,-126.24,0.9439,0.5123,0.5194,0.4024,0.2213,0.5478,0.5115
633,0,off,0,7,1,16.492,16.926,1.328,10.755,4.391,0.026,-151.53,0.9818,0.5178,0.5202,0.4862,0.3549,0.5107,0.5265
634,0,off,0,7,8,16.537,19.007,0.568,11.004,17.185,0.000,-152.65,0.9059,0.7905,0.7715,0.6198,0.9763,0.5375,0.5992
635,0,off,0,7,8,16.254,18.333,0.575,10.391,17.185,0.000,-148.02,0.9217,0.8364,0.8292,0.6466,0.9913,0.5621,0.6522
636,0,off,0,2,7,15.882,17.372,0.663,10.974,6.735,0.000,-139.95,0.7534,0.6672,0.6767,0.6387,0.8830,0.5304,0.6174
637,0,off,0,9,7,15.548,16.035,0.832,9.497,14.583,0.000,-133.41,0.6814,0.6569,0.6498,0.5937,0.9083,0.5115,0.7644
638,0,off,0,5,11,13.601,17.572,0.778,8.601,4.649,0.002,-105.84,0.6988,0.7265,0.6830,0.5850,0.9257,0.4862,0.8775
639,0,off,0,0,5,16.006,16.791,0.579,12.361,15.172,0.000,-139.73,0.6625,0.7913,0.7621,0.5265,0.9154,0.4704,0.9043
640,0,off,0,0,2,11.171,13.365,-0.185,9.319,9.062,0.000,-74.03,0.8625,0.7826,0.7708,0.6016,0.8870,0.4775,0.9186
641,0,off,0,2,0,9.815,19.023,0.510,9.341,9.062,0.000,-61.99,0.9138,0.8672,0.8688,0.9549,0.9020,0.4451,0.9273
642,0,off,0,2,7,18.641,22.346,-0.397,15.100,6.735,0.000,-187.57,0.9605,0.9676,0.9652,0.8759,0.7802,0.4190,0.9336
643,0,off,0,2,7,15.446,18.221,0.609,10.338,6.735,0.000,-133.12,0.9723,0.8783,0.8664,0.8379,0.5233,0.4071,0.9304
644,0,off,0,1,7,17.992,18.877,-0.690,11.502,4.391,0.026,-171.27,0.9842,0.5929,0.5613,0.9296,0.4838,0.4174,0.9233
645,0,off,0,15,7,10.568,18.673,0.113,10.681,15.943,0.000,-64.80,0.9383,0.7249,0.7036,0.5660,0.7020,0.4530,0.9020
646,0,off,0,15,7,11.845,18.044,0.155,10.942,15.943,0.000,-79.11,0.8680,0.7549,0.7565,0.5968,0.6885,0.5020,0.8877
647,0,off,0,3,7,15.235,17.035,0.187,9.182,6.635,0.000,-126.69,0.8206,0.5810,0.5976,0.6332,0.4561,0.5763,0.8648
648,0,off,0,7,3,15.631,16.265,0.353,8.892,6.635,0.000,-138.07,0.9621,0.5834,0.6126,0.4672,0.2427,0.6451,0.8474
649,0,off,0,5,7,16.378,16.734,0.980,9.350,7.611,0.000,-147.47,0.9802,0.5715,0.5881,0.4759,0.2696,0.6079,0.8561
650,0,off,0,5,7,17.060,17.153,0.988,9.487,7.611,0.000,-158.86,0.9913,0.5478,0.5439,0.4704,0.2988,0.5320,0.8640
651,0,off,0,7,8,17.019,21.444,0.383,10.275,17.185,0.000,-160.74,0.9834,0.5621,0.5407,0.6996,0.8917,0.4727,0.8822
652,0,off,0,8,7,18.024,18.277,0.431,12.169,17.185,0.000,-172.34,0.9715,0.8079,0.7913,0.6237,0.9874,0.4656,0.8980
653,0,off,0,7,3,19.860,21.503,0.955,9.385,6.635,0.000,-213.12,0.9929,0.8443,0.8285,0.7731,0.9984,0.4664,0.9004
654,0,off,0,2,9,12.979,17.454,0.603,8.637,4.664,0.003,-98.05,0.9352,0.6688,0.6577,0.6040,0.8783,0.4506,0.8957
655,0,off,0,7,5,18.618,18.738,-0.031,10.677,7.611,0.000,-188.37,0.9312,0.8893,0.8838,0.9273,0.8893,0.4403,0.9028
656,0,off,0,5,7,15.189,19.662,0.480,12.176,7.611,0.000,-128.71,0.8182,0.9842,0.9755,0.8206,0.9391,0.4213,0.9123
657,0,off,0,0,5,13.635,17.053,0.518,9.132,15.172,0.000,-104.59,0.7621,0.9067,0.8830,0.8846,0.9289,0.4150,0.9265
658,0,off,0,2,9,11.457,19.520,0.367,8.289,4.664,0.003,-79.46,0.9905,0.7889,0.7787,0.7383,0.9470,0.4158,0.9281
659,0,off,0,2,9,13.805,19.937,0.659,9.745,4.664,0.003,-109.12,0.9889,0.6988,0.6909,0.9763,0.9281,0.4221,0.9091
660,1,off,0,2,1,16.746,20.864,1.032,11.383,11.742,0.000,-154.04,0.9802,0.8759,0.8854,0.8727,0.6435,0.4593,0.8941
661,1,off,0,2,5,22.951,23.870,0.295,20.492,23.313,0.000,-277.21,0.9881,0.9794,0.9858,0.7391,0.4561,0.5581,0.8909
662,1,off,0,5,2,21.000,21.906,0.562,18.972,23.313,0.000,-233.85,0.9953,0.9723,0.9818,0.7336,0.3565,0.5937,0.8759
663,1,off,0,15,7,24.319,31.395,0.304,17.871,15.943,0.000,-304.66,0.9581,0.9905,0.9913,0.7344,0.6814,0.6245,0.8609
664,1,off,0,7,15,29.237,41.673,0.662,16.913,15.943,0.000,-443.32,0.9644,0.9905,0.9905,0.8933,0.9636,0.5755,0.8791
665,1,off,0,5,7,20.453,23.347,0.542,11.634,7.611,0.000,-222.50,0.9731,0.8522,0.8569,0.9091,0.8585,0.5130,0.8593
666,0,off,0,2,7,16.078,19.568,0.433,9.539,6.735,0.000,-143.08,0.9565,0.7676,0.7692,0.8957,0.8427,0.4941,0.8016
667,0,off,0,2,7,20.304,21.160,0.124,12.158,6.735,0.000,-219.96,0.9763,0.9115,0.9170,0.8625,0.7304,0.4545,0.8704
668,0,off,0,7,2,22.491,24.366,0.624,14.747,6.735,0.000,-268.85,0.9953,0.9360,0.9391,0.8000,0.3715,0.4332,0.8846
669,0,off,0,15,7,19.961,20.818,0.008,10.466,15.943,0.000,-208.17,0.9787,0.8648,0.8569,0.8822,0.9375,0.4285,0.8237
670,0,off,0,15,8,14.082,19.129,0.751,8.511,5.030,0.001,-108.11,0.9518,0.7739,0.7526,0.5921,0.8791,0.4372,0.7051
671,0,off,0,3,7,14.946,19.530,-0.062,8.973,6.635,0.000,-122.33,0.9794,0.6126,0.6103,0.6711,0.7866,0.4791,0.6245
672,0,off,0,3,7,13.527,16.826,0.610,8.823,6.635,0.000,-102.12,0.9779,0.5858,0.5984,0.4838,0.3375,0.5542,0.4925
673,0,off,0,5,7,9.229,18.145,0.050,8.859,7.611,0.000,-55.94,0.8119,0.7004,0.7012,0.5486,0.7676,0.5866,0.5194
674,0,off,0,5,0,10.162,17.173,0.145,10.689,15.172,0.000,-64.98,0.7083,0.8466,0.8356,0.5913,0.9439,0.5929,0.5549
675,0,off,0,0,2,12.127,16.390,-0.289,9.341,9.062,0.000,-85.16,0.7968,0.8751,0.8672,0.5628,0.8561,0.5984,0.6877
676,0,off,0,2,0,8.848,14.118,0.254,8.939,9.062,0.000,-52.97,0.7217,0.8292,0.8372,0.6221,0.9170,0.6071,0.7502
677,0,off,0,2,7,8.681,17.803,0.209,9.057,6.735,0.000,-51.51,0.8862,0.7304,0.7462,0.5589,0.7225,0.5842,0.7850
678,0,off,0,2,1,13.982,17.192,0.991,8.811,11.742,0.000,-111.57,0.9866,0.6348,0.6300,0.5676,0.5130,0.5312,0.8119
679,0,off,0,2,5,14.634,18.582,0.289,13.115,23.313,0.000,-120.91,0.9897,0.8419,0.8427,0.8870,0.4727,0.4822,0.8601
680,0,off,0,2,7,22.237,23.536,0.319,15.445,6.735,0.000,-261.08,0.9881,0.9605,0.9660,0.8190,0.3415,0.4514,0.8767
681,0,off,0,7,6,23.515,28.771,1.030,20.738,13.339,0.000,-292.40,0.9344,0.9597,0.9565,0.8095,0.6609,0.4427,0.8719
682,0,off,0,15,3,11.934,20.008,0.374,8.965,13.802,0.000,-80.17,0.9660,0.8221,0.8142,0.9415,0.7423,0.4379,0.8324
683,0,off,0,3,7,16.318,18.640,0.102,9.205,6.635,0.000,-143.77,0.9874,0.5494,0.5431,0.6901,0.3336,0.4680,0.6727
684,0,off,0,3,7,15.994,16.676,0.559,9.032,6.635,0.000,-138.53,0.9510,0.5747,0.5810,0.5225,0.2237,0.5858,0.5304
685,0,off,0,5,7,16.761,16.815,1.029,8.838,7.611,0.000,-153.78,0.9684,0.5818,0.5921,0.4490,0.1502,0.6300,0.4474
686,0,off,0,7,1,16.883,17.545,1.253,10.474,4.391,0.026,-158.43,0.9700,0.5755,0.5779,0.5146,0.2680,0.6340,0.4182
687,0,off,0,7,8,17.043,23.441,0.587,12.139,17.185,0.000,-161.15,0.9296,0.7383,0.7415,0.6593,0.9700,0.6277,0.4379
688,0,off,0,7,8,16.765,21.855,0.568,11.559,17.185,0.000,-156.46,0.8901,0.8269,0.8190,0.6079,0.9747,0.6095,0.4822
689,0,off,0,2,0,15.260,15.414,0.364,14.032,9.062,0.000,-129.65,0.9423,0.7565,0.7660,0.6545,0.9399,0.6134,0.4577
690,0,off,0,0,2,17.507,18.145,0.718,13.659,9.062,0.000,-164.89,0.8711,0.6822,0.6901,0.6253,0.8949,0.5953,0.4047
691,0,off,0,7,5,17.952,18.816,0.470,9.883,7.611,0.000,-177.06,0.7526,0.7036,0.6759,0.6364,0.8553,0.5289,0.3976
692,0,off,0,5,0,15.216,15.816,0.389,11.908,15.172,0.000,-129.12,0.7075,0.7976,0.7676,0.6095,0.9628,0.5217,0.5099
693,0,off,0,0,7,13.865,19.022,0.424,10.539,13.429,0.000,-107.76,0.7826,0.7897,0.7842,0.5194,0.8988,0.5755,0.6711
694,0,off,0,2,0,9.397,19.489,0.539,9.178,9.062,0.000,-57.98,0.8538,0.8285,0.8332,0.9447,0.8759,0.5731,0.7715
695,0,off,0,2,0,14.691,19.917,0.373,14.916,9.062,0.000,-121.74,0.9368,0.9462,0.9447,0.9138,0.7668,0.4877,0.7945
696,0,off,0,2,7,22.053,23.614,0.060,16.804,6.735,0.000,-257.01,0.9676,0.9818,0.9802,0.7368,0.4672,0.4364,0.7597
697,0,off,0,7,2,17.526,17.914,0.279,10.364,6.735,0.000,-169.50,0.9739,0.8609,0.8538,0.8711,0.5043,0.4348,0.6411
698,0,off,0,7,15,17.106,19.180,0.625,9.270,15.943,0.000,-162.23,0.9644,0.5731,0.5462,0.9834,0.9028,0.4648,0.4372
699,0,off,0,15,7,9.508,17.505,0.075,8.993,15.943,0.000,-54.16,0.8553,0.7154,0.7051,0.5051,0.6253,0.5889,0.3209
700,0,off,0,15,3,15.922,16.406,0.614,8.763,13.802,0.000,-135.71,0.9597,0.7241,0.7296,0.7542,0.8221,0.7352,0.2704
701,0,off,0,7,3,12.985,16.412,0.396,7.500,6.635,0.000,-100.23,0.8427,0.5470,0.5739,0.4435,0.1542,0.8142,0.6870
702,0,off,0,7,5,12.950,16.264,-0.109,7.802,7.611,0.000,-99.77,0.8561,0.5368,0.5510,0.4300,0.1415,0.8514,0.2356
703,0,off,0,7,5,13.881,16.311,-0.072,7.939,7.611,0.000,-112.26,0.8949,0.5059,0.5130,0.4530,0.1708,0.8126,0.2071
704,0,off,0,7,5,14.998,17.168,-0.059,8.043,7.611,0.000,-128.39,0.9241,0.4759,0.4798,0.4656,0.2016,0.7154,0.2103
705,0,off,0,7,8,16.398,22.591,0.528,11.691,17.185,0.000,-150.37,0.7700,0.7257,0.6980,0.6158,0.9478,0.6830,0.2221
706,0,off,0,7,8,16.234,22.106,0.534,11.437,17.185,0.000,-147.70,0.7921,0.7929,0.7755,0.5929,0.9652,0.6269,0.2395
707,0,off,0,2,7,12.783,17.743,0.489,9.051,6.735,0.000,-95.53,0.7233,0.5937,0.5755,0.5202,0.7684,0.5723,0.2411
708,0,off,0,7,0,17.607,18.984,0.338,9.341,13.429,0.000,-170.92,0.7668,0.7518,0.7407,0.9123,0.8474,0.5494,0.2308
709,0,off,0,5,7,15.944,18.088,0.608,11.731,7.611,0.000,-140.46,0.6142,0.9304,0.9178,0.7794,0.8735,0.5012,0.2474
710,0,off,0,5,0,15.445,17.360,0.419,9.635,15.172,0.000,-132.62,0.5312,0.9036,0.8759,0.8451,0.9043,0.4814,0.2917
711,0,off,0,0,2,8.782,12.595,-0.086,7.731,9.062,0.000,-50.19,0.6727,0.7115,0.6862,0.5431,0.8664,0.4688,0.3178
712,0,off,0,2,7,9.475,18.321,0.302,8.230,6.735,0.000,-58.71,0.7794,0.6142,0.5992,0.4340,0.7273,0.4498,0.2814
713,0,off,0,2,7,7.348,15.836,0.343,7.170,6.735,0.000,-40.82,0.8111,0.5462,0.5233,0.3976,0.5115,0.4553,0.2403
714,0,off,0,2,1,14.255,14.979,1.154,7.555,11.742,0.000,-115.43,0.9336,0.4957,0.4775,0.3826,0.2324,0.4743,0.2150
715,0,off,0,2,5,14.427,15.849,0.358,12.509,23.313,0.000,-117.90,0.9178,0.5842,0.5660,0.7818,0.2269,0.4980,0.2016
716,0,off,0,6,7,24.619,24.746,-0.088,19.331,13.339,0.000,-317.57,0.8925,0.9209,0.9217,0.8063,0.6783,0.5028,0.1968
717,0,off,0,7,6,24.247,25.472,1.166,18.941,13.339,0.000,-309.89,0.7281,0.9565,0.9573,0.7850,0.5684,0.4767,0.2047
718,0,off,0,7,3,17.731,21.233,1.070,8.555,6.635,0.000,-173.12,0.9945,0.6964,0.6727,0.9810,0.7028,0.4798,0.2111
719,0,off,0,7,3,14.704,15.902,0.598,7.145,6.635,0.000,-124.02,0.8190,0.4577,0.4601,0.5368,0.1763,0.5652,0.1960
720,0,off,0,7,1,13.894,15.773,1.020,9.028,4.391,0.026,-112.44,0.7889,0.4791,0.4806,0.3858,0.0862,0.6846,0.1874
721,0,off,0,7,5,13.778,16.544,-0.108,7.228,7.611,0.000,-110.84,0.7779,0.4909,0.4885,0.4047,0.1154,0.7336,0.1937
722,0,off,0,7,1,13.490,16.815,0.918,9.286,4.391,0.026,-106.90,0.7415,0.4893,0.4846,0.4253,0.1296,0.7502,0.1984
723,0,valley,1,5,7,8.549,15.078,0.029,6.647,7.611,0.000,-49.89,0.4972,0.6190,0.6047,0.4427,0.5700,0.7834,0.2166
724,0,off,0,5,7,10.646,15.340,0.144,8.181,7.611,0.000,-70.02,0.4538,0.7858,0.7636,0.5415,0.8063,0.7755,0.4150
725,0,off,0,0,2,9.288,16.830,-0.268,6.928,9.062,0.000,-54.76,0.5154,0.8040,0.7984,0.4119,0.7059,0.7368,0.3012
726,0,off,0,2,0,7.173,11.636,0.240,7.016,9.062,0.000,-39.56,0.4925,0.7692,0.7779,0.5874,0.8364,0.7257,0.3067
727,0,off,0,2,7,7.018,15.249,0.147,7.016,6.735,0.000,-38.46,0.6372,0.6340,0.6387,0.4854,0.5802,0.6704,0.2577
728,0,off,0,2,7,14.869,17.423,0.280,10.540,6.735,0.000,-124.37,0.8917,0.8229,0.8182,0.8316,0.3881,0.5968,0.2285
729,0,off,0,2,7,22.265,23.019,0.130,16.480,6.735,0.000,-261.70,0.8846,0.9455,0.9431,0.7937,0.2862,0.5130,0.2095
730,0,off,0,7,2,17.769,18.278,0.437,10.841,6.735,0.000,-173.78,0.7447,0.8490,0.8403,0.7953,0.2814,0.4719,0.2063
731,0,off,0,15,7,12.260,17.965,0.035,8.566,15.943,0.000,-84.11,0.6593,0.7621,0.7352,0.7976,0.5502,0.5051,0.2182
732,0,off,0,15,7,9.984,16.760,0.065,7.849,15.943,0.000,-58.80,0.7146,0.6783,0.6561,0.5130,0.5273,0.5913,0.2332
733,0,valley,1,7,3,13.341,16.407,0.590,6.655,6.635,0.000,-104.91,0.7478,0.4980,0.4972,0.5375,0.1787,0.7020,0.2324
734,0,beyond,0,7,5,12.777,16.348,-0.165,6.726,7.611,0.000,-97.54,0.6893,0.5028,0.5043,0.3937,0.0838,0.7945,0.2190
735,0,off,0,7,1,13.821,16.264,0.990,8.698,4.391,0.026,-111.42,0.7739,0.4933,0.4870,0.4103,0.1281,0.7549,0.2126
736,0,off,0,7,1,14.463,16.101,0.988,8.877,4.391,0.026,-120.51,0.8300,0.4767,0.4727,0.4711,0.1929,0.6877,0.2213
737,0,off,0,5,7,10.061,16.437,0.287,7.084,7.611,0.000,-63.96,0.6798,0.5043,0.4854,0.5336,0.6142,0.6379,0.2316
738,0,off,0,5,7,8.597,17.176,0.020,7.115,7.611,0.000,-50.30,0.5747,0.6625,0.6316,0.4213,0.6435,0.6016,0.2482
739,0,off,0,0,7,9.378,22.239,-0.142,7.791,13.429,0.000,-55.61,0.5763,0.8103,0.7850,0.4372,0.8435,0.5628,0.3866
740,0,beyond,0,0,2,8.284,12.625,-0.224,6.642,9.062,0.000,-45.95,0.5644,0.7921,0.7826,0.4798,0.7557,0.5225,0.3375
741,0,off,0,2,0,9.764,19.213,0.283,9.410,9.062,0.000,-61.50,0.7399,0.8277,0.8261,0.8648,0.7320,0.5043,0.3534
742,0,off,0,2,7,19.062,22.945,-0.523,15.051,6.735,0.000,-195.51,0.8506,0.9391,0.9368,0.8593,0.6972,0.4711,0.9289
743,0,off,0,2,7,22.788,23.806,0.013,17.182,6.735,0.000,-273.48,0.8830,0.9723,0.9628,0.7241,0.3858,0.4340,0.9344
744,0,off,0,2,7,18.380,18.891,0.515,12.053,6.735,0.000,-182.73,0.9328,0.8957,0.8925,0.8569,0.4625,0.4324,0.2791
745,0,off,0,7,6,15.944,22.929,0.563,16.352,13.339,0.000,-143.02,0.9320,0.6403,0.6269,0.9850,0.8174,0.4601,0.2530
746,0,off,0,15,7,10.142,16.567,0.101,8.245,15.943,0.000,-60.38,0.8941,0.6656,0.6514,0.6625,0.5905,0.5874,0.2727
747,0,off,0,15,7,15.606,15.612,0.320,9.225,15.943,0.000,-130.73,0.9225,0.7028,0.7059,0.7644,0.7660,0.7684,0.4174
748,0,valley,1,7,3,11.973,17.585,0.418,6.813,6.635,0.000,-87.59,0.6846,0.5423,0.5478,0.4972,0.1636,0.8498,0.9036
749,0,off,0,7,5,12.687,16.570,-0.114,7.127,7.611,0.000,-96.40,0.7186,0.5312,0.5375,0.4158,0.1107,0.9051,0.6134
750,0,off,0,7,1,12.711,15.964,0.902,8.943,4.391,0.026,-96.71,0.6822,0.5107,0.5154,0.4617,0.1589,0.8688,0.2870
751,0,off,0,7,1,13.188,16.523,0.914,8.948,4.391,0.026,-102.88,0.7209,0.4885,0.4862,0.4237,0.1581,0.7992,0.2617
752,0,valley,1,5,7,9.441,15.083,0.117,6.835,7.611,0.000,-57.91,0.5281,0.5802,0.5534,0.4901,0.5771,0.7565,0.2719
753,0,off,0,5,7,8.704,16.494,-0.032,7.149,7.611,0.000,-51.22,0.4941,0.7439,0.7154,0.4846,0.7984,0.7202,0.3130
754,0,beyond,0,0,2,8.644,18.077,-0.267,6.409,9.062,0.000,-48.99,0.5083,0.8016,0.7921,0.4190,0.7383,0.6751,0.3739
755,0,off,0,0,2,9.158,12.700,-0.147,7.350,9.062,0.000,-53.57,0.5984,0.7771,0.7794,0.5534,0.7960,0.6870,0.3818
756,0,off,0,2,7,11.640,18.980,-0.312,10.116,6.735,0.000,-81.57,0.6704,0.8735,0.8727,0.8553,0.6419,0.6395,0.3289
757,0,off,0,2,7,22.843,24.235,-0.594,18.074,6.735,0.000,-274.73,0.8087,0.9621,0.9557,0.8213,0.5391,0.5233,0.3043
758,1,off,0,2,7,15.118,17.465,0.459,11.849,6.735,0.000,-128.11,0.8324,0.9138,0.9028,0.9265,0.4324,0.4759,0.2783
759,1,off,0,7,2,14.403,16.602,-0.071,8.207,6.735,0.000,-119.64,0.8640,0.7494,0.7407,0.9794,0.5312,0.5502,0.9739
760,1,off,0,7,1,13.392,17.917,1.188,7.915,4.391,0.026,-105.60,0.6814,0.5747,0.5668,0.6964,0.2379,0.6498,0.9407
761,1,beyond,0,7,5,12.559,15.457,-0.122,6.776,7.611,0.000,-94.78,0.5953,0.4941,0.4925,0.6443,0.1747,0.6909,0.2941
762,1,off,0,7,1,13.767,13.835,0.962,8.729,4.391,0.026,-105.12,0.7217,0.4672,0.4767,0.3937,0.1194,0.7296,0.3289
763,1,off,0,7,1,14.479,14.601,1.023,8.990,4.391,0.026,-116.00,0.7968,0.4617,0.4688,0.4221,0.1826,0.7249,0.3368
764,1,valley,1,5,7,7.402,15.286,0.146,6.821,7.611,0.000,-40.74,0.5075,0.5407,0.5170,0.5043,0.6775,0.7083,0.3067
765,1,in_cluster,0,5,7,6.791,16.051,-0.070,6.845,7.611,0.000,-36.40,0.4870,0.7067,0.6688,0.4348,0.7447,0.6933,0.4632
766,1,off,0,0,7,15.139,16.738,0.144,8.148,13.429,0.000,-126.23,0.4506,0.8490,0.8340,0.7834,0.9652,0.7368,0.6466
767,1,off,0,7,0,16.554,19.671,0.875,8.377,13.429,0.000,-152.94,0.5984,0.9320,0.9265,0.8190,0.9423,0.9542,0.9802
768,1,off,0,7,0,14.749,17.808,0.720,8.222,13.429,0.000,-124.68,0.6419,0.9779,0.9676,0.9613,0.9589,0.9731,0.9818
769,1,off,0,7,0,15.046,19.657,0.751,8.587,13.429,0.000,-129.12,0.7692,0.9905,0.9889,0.9826,0.9534,0.9794,0.9874
770,1,off,0,7,2,15.144,22.353,0.198,13.236,6.735,0.000,-130.59,0.8285,0.9937,0.9921,0.9889,0.9628,0.9874,0.9921
771,1,off,0,11,7,184.872,203.323,2.320,123.554,14.245,0.000,-17099.78,1.0000,0.9992,0.9992,0.9984,1.0000,1.0000,1.0000
772,1,off,0,11,7,219.332,219.805,2.371,131.783,14.245,0.000,-24064.26,1.0000,1.0000,1.0000,0.9992,1.0000,1.0000,1.0000
773,1,off,0,7,6,30.703,62.521,0.221,35.161,13.339,0.000,-487.27,0.9992,1.0000,1.0000,0.9984,0.9992,1.0000,1.0000
774,1,off,0,7,6,28.507,56.597,0.182,32.714,13.339,0.000,-422.26,0.9992,1.0000,1.0000,0.9984,0.9992,1.0000,1.0000
775,1,off,0,7,6,26.369,49.802,0.139,30.264,13.339,0.000,-363.57,0.9992,1.0000,1.0000,0.9984,0.9992,1.0000,1.0000
776,1,off,0,7,6,25.047,43.280,0.099,28.509,13.339,0.000,-329.60,0.9992,1.0000,1.0000,0.9984,0.9992,1.0000,1.0000
777,1,off,0,7,6,25.443,40.071,0.067,28.641,13.339,0.000,-339.59,0.9992,1.0000,1.0000,0.9984,0.9992,1.0000,1.0000
778,1,off,0,7,6,26.627,39.424,0.042,29.731,13.339,0.000,-370.41,0.9992,1.0000,1.0000,0.9984,0.9992,1.0000,1.0000
779,1,off,0,7,2,27.875,39.142,1.027,14.034,6.735,0.000,-404.43,0.9992,1.0000,1.0000,0.9984,0.9992,1.0000,1.0000
780,1,off,0,7,2,29.103,32.493,0.888,12.303,6.735,0.000,-439.42,0.9992,1.0000,1.0000,0.9984,0.9992,1.0000,1.0000
781,1,off,0,2,0,22.974,28.883,0.279,20.416,9.062,0.000,-277.74,0.9992,1.0000,1.0000,0.9984,0.9992,1.0000,1.0000
782,1,off,0,2,0,17.920,23.794,0.455,14.914,9.062,0.000,-174.40,0.9992,1.0000,1.0000,0.9984,0.9992,1.0000,1.0000
783,1,off,0,2,0,17.440,23.761,0.454,14.357,9.062,0.000,-165.90,0.9992,1.0000,1.0000,0.9984,0.9984,1.0000,1.0000
784,1,off,0,2,0,17.202,23.697,0.455,14.085,9.062,0.000,-161.78,0.9992,1.0000,1.0000,0.9984,0.9984,1.0000,1.0000
785,1,off,0,2,0,16.811,23.638,0.458,13.695,9.062,0.000,-155.13,0.9992,1.0000,1.0000,0.9984,0.9960,1.0000,1.0000
786,1,off,0,2,0,16.551,23.406,0.470,13.431,9.062,0.000,-150.80,0.9992,1.0000,1.0000,0.9984,0.9960,1.0000,1.0000
787,1,off,0,2,0,16.375,23.200,0.478,13.267,9.062,0.000,-147.90,0.9992,1.0000,1.0000,0.9984,0.9960,1.0000,1.0000
788,1,off,0,2,0,16.090,23.115,0.479,13.061,9.062,0.000,-143.28,0.9992,1.0000,1.0000,0.9984,0.9945,1.0000,1.0000
789,1,off,0,2,0,16.068,22.976,0.494,13.023,9.062,0.000,-142.92,0.9992,1.0000,1.0000,0.9984,0.9945,1.0000,1.0000
790,1,off,0,2,0,16.098,22.869,0.509,13.060,9.062,0.000,-143.41,0.9992,1.0000,1.0000,0.9984,0.9945,1.0000,1.0000
791,1,off,0,2,0,15.834,22.866,0.514,12.703,9.062,0.000,-139.18,0.9992,1.0000,1.0000,0.9984,0.9945,1.0000,1.0000
792,1,off,0,2,0,15.393,23.314,0.504,12.277,9.062,0.000,-132.30,0.9992,1.0000,1.0000,0.9984,0.9945,1.0000,1.0000
793,1,off,0,2,0,15.188,23.109,0.520,12.072,9.062,0.000,-129.17,0.9992,1.0000,1.0000,0.9984,0.9945,1.0000,1.0000
794,1,off,0,2,0,15.039,23.166,0.519,11.884,9.062,0.000,-126.91,0.9992,1.0000,1.0000,0.9984,0.9960,1.0000,1.0000
795,1,off,0,2,0,14.845,23.032,0.529,11.721,9.062,0.000,-124.02,0.9992,1.0000,1.0000,0.9984,0.9968,1.0000,1.0000
796,1,off,0,2,0,14.816,23.012,0.529,11.708,9.062,0.000,-123.59,0.9992,1.0000,1.0000,0.9984,0.9968,1.0000,1.0000
797,1,off,0,2,0,14.905,23.107,0.523,11.800,9.062,0.000,-124.91,0.9992,1.0000,1.0000,0.9984,0.9968,1.0000,1.0000
798,1,off,0,2,0,14.891,23.066,0.523,11.872,9.062,0.000,-124.70,0.9992,1.0000,1.0000,0.9984,0.9945,1.0000,1.0000
799,1,off,0,2,0,14.838,22.948,0.528,11.829,9.062,0.000,-123.91,0.9992,1.0000,1.0000,0.9984,0.9945,1.0000,1.0000
800,1,off,0,2,0,14.833,22.986,0.527,11.854,9.062,0.000,-123.83,0.9992,1.0000,1.0000,0.9984,0.9945,1.0000,1.0000
801,1,off,0,2,0,14.932,23.216,0.517,11.984,9.062,0.000,-125.30,0.9992,1.0000,1.0000,0.9984,0.9960,1.0000,1.0000
802,1,off,0,2,0,14.898,23.114,0.520,11.951,9.062,0.000,-124.81,0.9992,1.0000,1.0000,0.9984,0.9945,1.0000,1.0000
803,1,off,0,2,0,14.981,23.126,0.520,11.997,9.062,0.000,-126.05,0.9992,1.0000,1.0000,0.9984,0.9945,1.0000,1.0000
804,1,off,0,2,0,15.007,23.192,0.517,12.087,9.062,0.000,-126.44,0.9992,1.0000,1.0000,0.9984,0.9945,1.0000,1.0000
805,1,off,0,2,0,15.041,23.174,0.517,12.138,9.062,0.000,-126.94,0.9992,1.0000,1.0000,0.9984,0.9945,1.0000,1.0000
806,1,off,0,2,0,15.193,23.379,0.508,12.350,9.062,0.000,-129.24,0.9992,1.0000,1.0000,0.9984,0.9945,1.0000,1.0000
807,1,off,0,2,0,15.292,23.646,0.500,12.517,9.062,0.000,-130.74,0.9992,1.0000,1.0000,0.9984,0.9945,1.0000,1.0000
808,1,off,0,2,0,15.067,23.142,0.516,12.254,9.062,0.000,-127.33,0.9992,1.0000,1.0000,0.9984,0.9945,1.0000,1.0000
809,1,off,0,2,0,15.040,23.088,0.519,12.196,9.062,0.000,-126.93,0.9992,1.0000,1.0000,0.9984,0.9945,1.0000,1.0000
810,1,off,0,2,0,15.201,23.354,0.508,12.409,9.062,0.000,-129.37,0.9992,1.0000,1.0000,0.9984,0.9960,1.0000,1.0000
811,1,off,0,2,0,15.270,23.485,0.503,12.504,9.062,0.000,-130.41,0.9992,1.0000,1.0000,0.9984,0.9968,1.0000,1.0000
812,1,off,0,2,0,15.235,23.449,0.505,12.471,9.062,0.000,-129.89,0.9992,1.0000,1.0000,0.9984,0.9984,1.0000,1.0000
813,1,off,0,2,0,15.265,23.339,0.508,12.500,9.062,0.000,-130.33,0.9992,1.0000,1.0000,0.9984,0.9960,1.0000,1.0000
814,1,off,0,2,0,15.224,22.997,0.521,12.434,9.062,0.000,-129.71,0.9992,1.0000,1.0000,0.9984,0.9945,1.0000,1.0000
815,1,off,0,2,0,15.208,22.985,0.522,12.407,9.062,0.000,-129.47,0.9992,1.0000,1.0000,0.9984,0.9945,1.0000,1.0000
816,1,off,0,2,0,15.268,23.121,0.516,12.482,9.062,0.000,-130.39,0.9992,1.0000,1.0000,0.9984,0.9960,1.0000,1.0000
817,1,off,0,2,0,15.291,22.839,0.529,12.537,9.062,0.000,-130.73,0.9992,1.0000,1.0000,0.9984,0.9992,1.0000,1.0000
818,1,off,0,2,0,15.247,22.919,0.526,12.456,9.062,0.000,-130.06,0.9992,1.0000,1.0000,0.9984,0.9984,1.0000,1.0000
819,1,off,0,2,0,15.238,23.076,0.518,12.429,9.062,0.000,-129.92,0.9992,1.0000,1.0000,0.9984,0.9976,1.0000,1.0000
820,1,off,0,2,0,15.319,22.955,0.522,12.579,9.062,0.000,-131.16,0.9992,1.0000,1.0000,0.9984,0.9960,1.0000,1.0000
821,1,off,0,2,0,15.355,23.140,0.515,12.617,9.062,0.000,-131.72,0.9992,1.0000,1.0000,0.9984,0.9968,1.0000,1.0000
822,1,off,0,2,0,15.335,22.976,0.522,12.569,9.062,0.000,-131.40,0.9992,1.0000,1.0000,0.9984,0.9984,1.0000,1.0000
823,1,off,0,2,0,15.400,22.906,0.527,12.678,9.062,0.000,-132.40,0.9992,1.0000,1.0000,0.9984,0.9984,1.0000,1.0000
824,1,off,0,2,0,15.325,23.018,0.522,12.561,9.062,0.000,-131.25,0.9992,1.0000,1.0000,0.9984,0.9960,1.0000,1.0000
825,1,off,0,2,0,15.415,23.098,0.517,12.673,9.062,0.000,-132.64,0.9992,1.0000,1.0000,0.9984,0.9960,1.0000,1.0000
826,1,off,0,2,0,15.493,23.064,0.519,12.772,9.062,0.000,-133.85,0.9992,1.0000,1.0000,0.9984,0.9984,1.0000,1.0000
827,1,off,0,2,0,15.365,23.120,0.519,12.602,9.062,0.000,-131.86,0.9992,1.0000,1.0000,0.9984,0.9984,1.0000,1.0000
828,1,off,0,2,0,15.425,23.252,0.512,12.691,9.062,0.000,-132.79,0.9992,1.0000,1.0000,0.9984,0.9984,1.0000,1.0000
829,1,off,0,2,0,15.473,23.183,0.514,12.734,9.062,0.000,-133.54,0.9992,1.0000,1.0000,0.9984,0.9968,1.0000,1.0000
830,1,off,0,2,0,15.425,23.122,0.518,12.671,9.062,0.000,-132.80,0.9992,1.0000,1.0000,0.9984,0.9976,1.0000,1.0000
831,1,off,0,2,0,15.525,23.267,0.512,12.796,9.062,0.000,-134.34,0.9992,1.0000,1.0000,0.9984,0.9960,1.0000,1.0000
832,1,off,0,2,0,15.518,23.434,0.506,12.799,9.062,0.000,-134.23,0.9992,1.0000,1.0000,0.9984,0.9960,1.0000,1.0000
833,1,off,0,2,0,15.518,23.490,0.504,12.786,9.062,0.000,-134.24,0.9992,1.0000,1.0000,0.9984,0.9968,1.0000,1.0000
834,1,off,0,2,0,15.502,23.413,0.507,12.780,9.062,0.000,-133.99,0.9992,1.0000,1.0000,0.9984,0.9968,1.0000,1.0000
835,1,off,0,2,0,15.575,23.450,0.505,12.858,9.062,0.000,-135.11,0.9992,1.0000,1.0000,0.9984,0.9968,1.0000,1.0000
836,1,off,0,2,0,15.479,23.556,0.502,12.756,9.062,0.000,-133.63,0.9992,1.0000,1.0000,0.9984,0.9968,1.0000,1.0000
837,1,off,0,2,0,15.390,23.214,0.517,12.670,9.062,0.000,-132.25,0.9992,1.0000,1.0000,0.9984,0.9984,1.0000,1.0000
838,1,off,0,2,0,15.359,23.212,0.518,12.650,9.062,0.000,-131.78,0.9992,1.0000,1.0000,0.9984,0.9968,1.0000,1.0000
839,1,off,0,2,0,15.369,23.329,0.513,12.608,9.062,0.000,-131.94,0.9992,1.0000,1.0000,0.9984,0.9984,1.0000,1.0000
840,1,off,0,2,0,15.303,23.328,0.516,12.508,9.062,0.000,-130.91,0.9992,1.0000,1.0000,0.9984,0.9984,1.0000,1.0000
841,1,off,0,2,0,15.271,23.569,0.507,12.473,9.062,0.000,-130.43,0.9992,1.0000,1.0000,0.9984,0.9976,1.0000,1.0000
842,1,off,0,2,0,15.316,23.713,0.503,12.505,9.062,0.000,-131.11,0.9992,1.0000,1.0000,0.9984,0.9984,1.0000,1.0000
843,1,off,0,2,0,15.224,23.750,0.504,12.352,9.062,0.000,-129.72,0.9992,1.0000,1.0000,0.9984,0.9976,1.0000,1.0000
844,1,off,0,2,0,15.258,23.711,0.505,12.393,9.062,0.000,-130.24,0.9992,1.0000,1.0000,0.9984,0.9984,1.0000,1.0000
845,1,off,0,2,0,15.323,23.716,0.503,12.485,9.062,0.000,-131.22,0.9992,1.0000,1.0000,0.9984,0.9960,1.0000,1.0000
846,1,off,0,2,0,15.345,23.684,0.504,12.511,9.062,0.000,-131.56,0.9992,1.0000,1.0000,0.9984,0.9960,1.0000,1.0000
847,1,off,0,2,0,15.367,23.638,0.504,12.613,9.062,0.000,-131.91,0.9992,1.0000,1.0000,0.9984,0.9968,1.0000,1.0000
848,1,off,0,2,0,15.378,23.656,0.504,12.602,9.062,0.000,-132.08,0.9992,1.0000,1.0000,0.9984,0.9960,1.0000,1.0000
849,1,off,0,2,0,15.477,23.782,0.500,12.679,9.062,0.000,-133.60,0.9992,1.0000,1.0000,0.9984,0.9968,1.0000,1.0000
850,1,off,0,2,0,15.579,24.092,0.492,12.847,9.062,0.000,-135.18,0.9992,1.0000,1.0000,0.9984,0.9976,1.0000,1.0000
851,1,off,0,2,0,15.514,23.940,0.496,12.748,9.062,0.000,-134.17,0.9992,1.0000,1.0000,0.9984,0.9976,1.0000,1.0000
852,1,off,0,2,0,15.446,23.630,0.506,12.643,9.062,0.000,-133.11,0.9992,1.0000,1.0000,0.9984,0.9968,1.0000,1.0000
853,1,off,0,2,0,15.460,23.689,0.504,12.671,9.062,0.000,-133.33,0.9992,1.0000,1.0000,0.9984,0.9968,1.0000,1.0000
854,1,off,0,2,0,15.521,23.996,0.494,12.754,9.062,0.000,-134.28,0.9992,1.0000,1.0000,0.9984,0.9968,1.0000,1.0000
855,1,off,0,2,0,15.533,24.207,0.488,12.797,9.062,0.000,-134.46,0.9992,1.0000,1.0000,0.9984,0.9992,1.0000,1.0000
856,1,off,0,2,0,15.558,24.199,0.488,12.840,9.062,0.000,-134.85,0.9992,1.0000,1.0000,0.9984,0.9992,1.0000,1.0000
857,1,off,0,2,0,15.540,24.202,0.489,12.804,9.062,0.000,-134.57,0.9992,1.0000,1.0000,0.9984,0.9984,1.0000,1.0000
858,1,off,0,2,0,15.433,23.920,0.497,12.633,9.062,0.000,-132.92,0.9992,1.0000,1.0000,0.9984,0.9968,1.0000,1.0000
859,1,off,0,2,0,15.340,23.847,0.500,12.540,9.062,0.000,-131.49,0.9992,1.0000,1.0000,0.9984,0.9968,1.0000,1.0000
860,1,off,0,2,0,15.354,23.598,0.509,12.518,9.062,0.000,-131.71,0.9992,1.0000,1.0000,0.9984,0.9960,1.0000,1.0000
861,1,off,0,2,0,15.291,23.562,0.513,12.434,9.062,0.000,-130.74,0.9992,1.0000,1.0000,0.9984,0.9960,1.0000,1.0000
862,1,off,0,2,0,15.271,23.695,0.507,12.410,9.062,0.000,-130.43,0.9992,1.0000,1.0000,0.9984,0.9960,1.0000,1.0000
863,1,off,0,2,0,15.237,23.528,0.515,12.378,9.062,0.000,-129.91,0.9992,1.0000,1.0000,0.9984,0.9960,1.0000,1.0000
864,1,off,0,2,0,15.264,23.661,0.509,12.381,9.062,0.000,-130.32,0.9992,1.0000,1.0000,0.9984,0.9945,1.0000,1.0000
865,1,off,0,2,0,15.239,23.796,0.505,12.345,9.062,0.000,-129.94,0.9992,1.0000,1.0000,0.9984,0.9945,1.0000,1.0000
866,1,off,0,2,0,15.260,23.617,0.512,12.386,9.062,0.000,-130.27,0.9992,1.0000,1.0000,0.9984,0.9945,1.0000,1.0000
867,1,off,0,2,0,15.196,23.702,0.509,12.269,9.062,0.000,-129.28,0.9992,1.0000,1.0000,0.9984,0.9945,1.0000,1.0000
868,1,off,0,2,0,15.191,23.615,0.516,12.295,9.062,0.000,-129.21,0.9992,1.0000,1.0000,0.9984,0.9945,1.0000,1.0000
869,1,off,0,2,0,15.192,23.754,0.508,12.310,9.062,0.000,-129.23,0.9992,1.0000,1.0000,0.9984,0.9960,1.0000,1.0000
870,1,off,0,2,0,15.164,23.760,0.509,12.224,9.062,0.000,-128.80,0.9992,1.0000,1.0000,0.9984,0.9960,1.0000,1.0000
871,1,off,0,2,0,15.116,23.781,0.509,12.192,9.062,0.000,-128.08,0.9992,1.0000,1.0000,0.9984,0.9945,1.0000,1.0000
872,1,off,0,2,0,15.155,23.898,0.504,12.234,9.062,0.000,-128.67,0.9992,1.0000,1.0000,0.9984,0.9945,1.0000,1.0000
873,1,off,0,2,0,15.173,23.866,0.504,12.230,9.062,0.000,-128.93,0.9992,1.0000,1.0000,0.9984,0.9945,1.0000,1.0000
874,1,off,0,2,0,15.110,23.743,0.513,12.137,9.062,0.000,-127.98,0.9992,1.0000,1.0000,0.9984,0.9945,1.0000,1.0000
875,1,off,0,2,0,15.127,23.713,0.514,12.146,9.062,0.000,-128.25,0.9992,1.0000,1.0000,0.9984,0.9945,1.0000,1.0000
876,1,off,0,2,0,15.192,23.806,0.510,12.183,9.062,0.000,-129.22,0.9992,1.0000,1.0000,0.9984,0.9945,1.0000,1.0000
877,1,off,0,2,0,15.192,24.133,0.499,12.242,9.062,0.000,-129.23,0.9992,1.0000,1.0000,0.9984,0.9945,1.0000,1.0000
878,1,off,0,7,11,314.383,370.586,-2.686,181.129,14.245,0.000,-49434.11,1.0000,1.0000,1.0000,0.9992,0.9992,1.0000,1.0000
879,0,off,0,7,11,300.184,372.358,-2.281,169.275,14.245,0.000,-45071.20,0.9992,0.9992,0.9992,0.9992,0.9992,0.4996,0.9992
880,0,off,0,7,2,30.212,37.853,1.815,19.442,6.735,0.000,-472.30,0.9937,0.9968,0.9968,0.9976,0.8719,0.9565,0.9976
881,0,off,0,2,0,29.778,30.645,0.157,24.499,9.062,0.000,-457.18,0.9921,0.9984,0.9984,0.9929,0.6727,0.8640,0.9968
882,0,off,0,2,7,24.750,25.752,0.461,11.541,6.735,0.000,-320.11,0.9976,0.9960,0.9960,0.9945,0.5486,0.7344,0.9960
883,0,off,0,7,1,23.640,26.297,1.569,11.741,4.391,0.026,-295.33,0.9968,0.9921,0.9921,0.9960,0.5138,0.8458,0.9945
884,0,off,0,7,15,21.116,27.414,0.930,7.964,15.943,0.000,-238.85,0.5787,0.9945,0.9945,0.9755,0.6735,0.9810,0.9937
885,0,off,0,7,6,19.584,25.066,0.945,18.679,13.339,0.000,-207.68,0.7368,0.9953,0.9953,0.9858,0.7138,0.9976,0.9953
886,0,off,0,7,2,16.883,29.526,-0.040,10.692,6.735,0.000,-158.43,0.5834,0.9929,0.9937,0.9874,0.3265,0.9984,0.9929
887,0,off,0,7,2,18.406,27.711,-0.103,10.414,6.735,0.000,-185.30,0.7597,0.9889,0.9913,0.9905,0.4206,0.9992,0.9921
888,0,off,0,7,2,20.512,27.570,-0.109,10.745,6.735,0.000,-226.29,0.8640,0.9589,0.9818,0.9897,0.4925,0.9953,0.9913
889,0,off,0,7,2,23.175,23.744,0.321,11.647,6.735,0.000,-284.45,0.9036,0.9897,0.9889,0.9953,0.4617,0.9715,0.9905
890,0,off,0,7,6,25.604,29.711,1.035,23.511,13.339,0.000,-343.71,0.5684,0.9937,0.9929,0.9921,0.9692,0.9083,0.9881
891,0,off,0,7,3,20.362,22.282,0.586,10.411,6.635,0.000,-223.23,0.7810,0.9913,0.9897,0.9889,0.9621,0.7209,0.9889
892,0,off,0,7,2,22.311,26.134,0.507,13.181,6.735,0.000,-264.80,0.9960,0.9336,0.9202,0.9621,0.9328,0.7012,0.9897
893,0,off,0,2,7,13.907,16.909,0.351,7.375,6.735,0.000,-110.53,0.6261,0.8941,0.8814,0.7170,0.6530,0.8253,0.9874
894,0,off,0,7,2,15.535,17.762,0.149,7.427,6.735,0.000,-136.59,0.8451,0.8585,0.8387,0.7059,0.3289,0.8917,0.9866
895,0,off,0,7,2,16.962,18.070,0.066,7.735,6.735,0.000,-159.78,0.8364,0.8126,0.7945,0.7249,0.4395,0.9281,0.9858
896,0,off,0,3,7,16.324,18.100,0.855,9.590,6.635,0.000,-143.87,0.6482,0.8862,0.8783,0.9866,0.6490,0.8925,0.9834
897,0,off,0,6,7,24.212,24.226,-0.182,19.058,13.339,0.000,-307.48,0.5043,0.9905,0.9905,0.8696,0.6514,0.8277,0.9842
898,0,off,0,15,7,19.298,19.538,0.056,11.184,15.943,0.000,-195.17,0.8964,0.9668,0.9613,0.9913,0.7708,0.7431,0.9850
899,0,off,0,7,2,14.528,20.670,0.059,7.656,6.735,0.000,-121.45,0.6561,0.7320,0.7138,0.6957,0.1818,0.8285,0.9826
900,0,valley,1,7,2,14.438,17.632,0.080,6.689,6.735,0.000,-120.14,0.5486,0.7138,0.7091,0.6458,0.2040,0.9360,0.9818
901,0,off,0,7,2,15.882,18.542,0.065,7.159,6.735,0.000,-142.03,0.6688,0.6743,0.6648,0.7004,0.3004,0.9328,0.9810
902,0,off,0,7,2,16.744,19.826,0.121,7.560,6.735,0.000,-156.10,0.7834,0.6933,0.6814,0.9842,0.4182,0.8743,0.9787
903,0,off,0,7,6,17.827,23.616,0.850,17.198,13.339,0.000,-174.82,0.5265,0.9091,0.8957,0.9700,0.9557,0.8411,0.9747
904,0,off,0,7,6,17.450,24.368,0.848,17.252,13.339,0.000,-168.17,0.5953,0.9146,0.9020,0.9771,0.9676,0.7249,0.9779
905,0,off,0,2,7,11.389,17.362,0.331,7.799,6.735,0.000,-78.69,0.7542,0.7312,0.7202,0.6530,0.7921,0.6625,0.9755
906,0,off,0,2,0,12.137,17.623,0.403,11.230,9.062,0.000,-87.48,0.6996,0.8822,0.8711,0.9360,0.6893,0.6688,0.9715
907,0,off,0,2,7,19.456,21.023,0.154,14.655,6.735,0.000,-203.09,0.8656,0.9470,0.9415,0.8980,0.4324,0.5992,0.9660
908,0,off,0,7,2,15.033,15.580,0.236,8.021,6.735,0.000,-128.92,0.8569,0.7597,0.7518,0.8838,0.5075,0.5660,0.9534
909,0,off,0,15,7,11.004,15.951,0.096,6.957,15.943,0.000,-69.50,0.5652,0.6150,0.6087,0.6245,0.8229,0.6569,0.9130
910,0,off,0,15,7,11.779,15.152,0.113,7.562,15.943,0.000,-78.33,0.4957,0.6909,0.6735,0.5692,0.6964,0.7842,0.9296
911,0,off,0,7,6,13.690,21.620,0.190,14.249,13.339,0.000,-109.63,0.6166,0.5613,0.5542,0.5889,0.5565,0.8735,0.9407
912,0,beyond,0,7,5,12.241,16.939,-0.238,6.845,7.611,0.000,-90.84,0.6134,0.4972,0.5099,0.4466,0.2063,0.9209,0.8854
913,0,off,0,7,3,13.538,16.884,0.431,7.540,6.635,0.000,-107.55,0.6980,0.4593,0.4711,0.6150,0.3273,0.8838,0.4466
914,0,off,0,7,3,14.363,16.612,0.365,8.654,6.635,0.000,-119.06,0.7858,0.5660,0.5636,0.9652,0.3700,0.7968,0.1502
915,0,off,0,7,6,19.780,25.753,0.034,18.375,13.339,0.000,-211.55,0.8885,0.8451,0.8458,0.9328,0.4119,0.6585,0.1826
916,0,off,0,7,6,19.508,21.830,0.949,16.422,13.339,0.000,-206.20,0.6719,0.9328,0.9273,0.8885,0.9447,0.5818,0.6095
917,0,off,0,7,8,15.952,21.097,0.552,11.561,17.185,0.000,-143.16,0.7676,0.8166,0.8040,0.9320,0.9684,0.5241,0.2364
918,0,off,0,2,7,13.463,15.779,0.490,9.072,6.735,0.000,-104.46,0.6474,0.5273,0.5186,0.6522,0.7818,0.5589,0.2427
919,0,off,0,2,7,10.147,12.864,0.497,7.680,6.735,0.000,-65.31,0.4980,0.4719,0.4719,0.5012,0.6174,0.6538,0.2443
920,0,off,0,7,2,13.620,15.409,-0.065,8.760,6.735,0.000,-108.67,0.8395,0.4403,0.4451,0.5154,0.3976,0.7059,0.2585
921,0,off,0,7,5,14.295,14.833,-0.130,8.347,7.611,0.000,-118.08,0.8957,0.4174,0.4261,0.4514,0.3605,0.7067,0.2798
922,0,off,0,7,6,18.323,21.341,0.977,14.874,13.339,0.000,-183.78,0.7905,0.7984,0.8119,0.8561,0.7154,0.6593,0.3051
923,0,off,0,7,6,19.418,19.936,1.054,14.514,13.339,0.000,-204.44,0.6198,0.8743,0.8791,0.7557,0.6316,0.5510,0.3312
924,0,off,0,7,3,13.915,14.504,0.595,8.686,6.635,0.000,-112.69,0.6411,0.4964,0.4901,0.7945,0.4348,0.5123,0.3407
925,0,off,0,7,5,13.059,15.207,-0.107,7.506,7.611,0.000,-101.19,0.8174,0.4055,0.4142,0.3755,0.1423,0.5668,0.3344
926,0,off,0,7,5,13.357,15.889,-0.080,7.660,7.611,0.000,-105.12,0.8150,0.4063,0.4134,0.3787,0.1652,0.5771,0.3360
927,0,off,0,7,5,15.472,22.254,-0.433,9.261,7.611,0.000,-135.61,0.8664,0.6324,0.6419,0.7984,0.2901,0.5296,0.3494
928,0,off,0,7,6,18.826,23.112,0.179,16.881,13.339,0.000,-193.13,0.6941,0.8791,0.8893,0.7874,0.6711,0.4830,0.3700
929,1,off,0,5,7,12.519,14.112,0.386,8.444,7.611,0.000,-91.71,0.6387,0.8229,0.8126,0.8237,0.6625,0.4735,0.4047
930,1,off,0,0,7,9.845,18.082,-0.011,8.010,13.429,0.000,-60.10,0.4174,0.7186,0.6664,0.6403,0.9352,0.4941,0.4719
931,0,off,0,0,2,9.455,13.055,-0.233,7.551,9.062,0.000,-56.33,0.5937,0.6798,0.6538,0.4806,0.8395,0.4957,0.5636
932,1,off,0,2,0,9.215,15.745,0.207,8.627,9.062,0.000,-56.29,0.6711,0.7225,0.7344,0.8427,0.8458,0.4909,0.5549
933,1,off,0,2,0,13.391,20.534,0.383,12.406,9.062,0.000,-103.49,0.6055,0.8672,0.8838,0.8111,0.5763,0.5360,0.5020
934,1,off,0,2,5,20.436,21.239,0.241,15.241,23.313,0.000,-222.63,0.6696,0.9209,0.9352,0.7043,0.3059,0.6561,0.4664
935,1,off,0,5,2,20.696,20.936,0.730,15.844,23.313,0.000,-227.51,0.7731,0.9178,0.9336,0.7043,0.3273,0.6909,0.4435
936,1,off,0,2,7,19.764,21.234,1.054,12.327,6.735,0.000,-209.14,0.5368,0.8545,0.8664,0.9937,0.8743,0.6253,0.4332
937,1,off,0,7,6,16.575,18.777,0.960,13.583,13.339,0.000,-153.29,0.6269,0.9249,0.9328,0.9921,0.9423,0.6530,0.8664
938,0,off,0,7,15,16.239,19.367,0.897,9.923,15.943,0.000,-147.78,0.6751,0.8261,0.8206,0.9747,0.8000,0.6000,0.9439
939,0,off,0,7,1,12.834,15.100,1.130,8.955,4.391,0.026,-98.27,0.7573,0.4126,0.4166,0.4142,0.1850,0.5881,0.9415
940,0,off,0,7,1,12.972,13.406,1.060,9.073,4.391,0.026,-98.90,0.8308,0.4150,0.4198,0.3802,0.1897,0.6253,0.9383
941,0,off,0,7,1,14.797,17.228,0.624,12.479,4.391,0.026,-125.39,0.9075,0.6545,0.6545,0.7905,0.2909,0.6111,0.9360
942,0,off,0,7,1,14.998,22.136,0.302,12.055,4.391,0.026,-128.40,0.8103,0.8119,0.8134,0.7700,0.6846,0.5636,0.9059
943,0,off,0,7,8,15.903,20.611,0.561,11.865,17.185,0.000,-142.37,0.7462,0.8174,0.7992,0.8814,0.9723,0.5779,0.4198
944,0,off,0,7,8,15.362,19.767,0.625,11.029,17.185,0.000,-133.91,0.7470,0.6806,0.6474,0.5652,0.9660,0.5447,0.4316
945,0,off,0,7,3,13.595,16.791,0.538,7.972,6.635,0.000,-108.33,0.6632,0.4158,0.4245,0.5502,0.6664,0.5794,0.4229
946,0,off,0,5,7,12.358,13.889,0.777,7.316,7.611,0.000,-89.70,0.7028,0.4395,0.4356,0.3945,0.4933,0.6862,0.4063
947,0,in_cluster,0,5,7,6.684,14.475,0.058,6.912,7.611,0.000,-35.69,0.4759,0.5415,0.5059,0.4111,0.7099,0.6901,0.4300
948,0,off,0,0,7,14.525,15.635,0.415,9.367,13.429,0.000,-117.12,0.4474,0.6482,0.6237,0.4561,0.8348,0.6964,0.5186
949,0,off,0,0,2,9.397,13.076,-0.171,7.470,9.062,0.000,-55.79,0.6387,0.6751,0.6696,0.4988,0.8016,0.6885,0.5083
950,0,off,0,2,7,9.482,18.338,-0.183,8.671,6.735,0.000,-58.78,0.6743,0.8332,0.8348,0.8830,0.7992,0.6237,0.4142
951,0,off,0,2,7,21.733,23.233,-0.600,16.898,6.735,0.000,-249.99,0.7455,0.9375,0.9360,0.8435,0.6632,0.5178,0.8506
952,0,off,0,2,7,18.734,18.910,0.267,13.417,6.735,0.000,-189.31,0.8340,0.8996,0.8941,0.7929,0.4150,0.4838,0.4190
953,0,off,0,7,1,13.855,18.664,1.113,9.490,4.391,0.026,-111.90,0.9399,0.6158,0.6063,0.9115,0.4870,0.5075,0.3146
954,0,off,0,15,7,9.421,15.511,0.108,7.581,15.943,0.000,-53.33,0.6016,0.5652,0.5368,0.4640,0.5241,0.6632,0.3194
955,0,off,0,15,7,10.842,14.525,0.118,7.500,15.943,0.000,-67.73,0.5352,0.5960,0.5850,0.5115,0.5621,0.7810,0.3281
956,0,valley,1,7,3,11.471,17.129,0.630,6.360,6.635,0.000,-81.72,0.5241,0.4324,0.4498,0.5178,0.2830,0.8427,0.3241
957,0,beyond,0,7,5,11.552,16.939,-0.143,6.881,7.611,0.000,-82.65,0.6158,0.4372,0.4506,0.4016,0.1352,0.8980,0.3091
958,0,off,0,7,1,11.914,16.667,0.953,8.524,4.391,0.026,-86.89,0.6640,0.4237,0.4324,0.4269,0.1644,0.8791,0.3004
959,0,off,0,7,1,13.783,17.628,1.030,9.041,4.391,0.026,-110.90,0.8000,0.4134,0.4206,0.5083,0.2308,0.8119,0.2933
960,0,off,0,7,6,14.788,21.802,0.777,14.013,13.339,0.000,-125.26,0.6530,0.5771,0.5518,0.8166,0.9462,0.7676,0.2957
961,0,off,0,7,6,14.670,20.765,0.799,13.902,13.339,0.000,-123.52,0.6806,0.7067,0.6798,0.7826,0.9573,0.6743,0.3170
962,0,off,0,0,2,11.985,12.399,0.719,11.251,9.062,0.000,-83.46,0.7881,0.6490,0.6340,0.9012,0.9360,0.6055,0.3202
963,0,off,0,7,0,19.612,22.597,0.522,11.791,13.429,0.000,-208.24,0.6348,0.8561,0.8490,0.8964,0.9059,0.5905,0.3020
964,0,off,0,6,7,20.434,21.944,0.669,18.427,13.339,0.000,-223.31,0.6000,0.9652,0.9534,0.7415,0.7850,0.5099,0.7731
965,0,off,0,5,7,17.085,17.655,0.829,11.231,7.611,0.000,-159.29,0.4545,0.9012,0.8719,0.8198,0.9012,0.5154,0.8577
966,0,off,0,0,7,13.835,17.356,0.396,7.814,13.429,0.000,-107.34,0.5217,0.6664,0.6348,0.8277,0.7787,0.5083,0.5557
967,0,off,0,2,7,12.042,15.976,0.382,8.061,6.735,0.000,-86.33,0.7107,0.5383,0.5217,0.6063,0.7953,0.4949,0.3652
968,0,off,0,2,7,11.422,13.077,0.466,7.069,6.735,0.000,-79.05,0.5534,0.4688,0.4680,0.5478,0.7107,0.5368,0.3225
969,0,off,0,7,2,11.984,15.425,-0.021,7.458,6.735,0.000,-87.72,0.7241,0.4364,0.4379,0.4277,0.3360,0.6364,0.2972
970,0,off,0,7,2,12.366,14.926,-0.007,7.458,6.735,0.000,-92.38,0.6253,0.4213,0.4292,0.3818,0.2316,0.7494,0.2846
971,0,off,0,15,7,12.273,14.616,0.120,7.390,15.943,0.000,-84.27,0.5162,0.5130,0.5036,0.4206,0.5850,0.8024,0.2751
972,0,off,0,15,7,12.406,14.661,0.134,7.394,15.943,0.000,-85.90,0.4522,0.5589,0.5296,0.3747,0.4379,0.7328,0.2767
973,0,off,0,7,3,13.459,14.132,0.780,7.080,6.635,0.000,-106.47,0.5028,0.4300,0.4277,0.4964,0.5913,0.6988,0.2743
974,0,off,0,7,3,14.130,15.947,0.170,10.040,6.635,0.000,-115.75,0.7763,0.5233,0.5146,0.8324,0.2656,0.7225,0.2451
975,0,off,0,7,6,20.672,26.362,0.044,18.761,13.339,0.000,-229.59,0.8783,0.8316,0.8308,0.8854,0.2245,0.6435,0.2292
976,0,off,0,7,6,23.702,25.808,0.112,20.345,13.339,0.000,-296.81,0.8166,0.9154,0.9138,0.7146,0.1771,0.5186,0.8292
977,0,off,0,7,6,23.268,24.591,0.147,19.564,13.339,0.000,-286.61,0.7423,0.9138,0.9115,0.7107,0.1842,0.4625,0.5897
978,0,off,0,5,7,14.477,15.415,0.539,9.173,7.611,0.000,-118.14,0.5708,0.8427,0.8277,0.8087,0.6300,0.4933,0.2522
979,0,valley,1,5,7,9.316,15.670,0.102,6.718,7.611,0.000,-56.74,0.4427,0.7360,0.6791,0.8292,0.8047,0.5960,0.3763
980,0,beyond,0,0,2,7.823,14.764,-0.237,6.123,9.062,0.000,-42.23,0.4435,0.7162,0.6846,0.4008,0.7043,0.6348,0.3447
981,0,off,0,2,0,12.309,14.239,0.433,12.527,9.062,0.000,-89.58,0.6419,0.6735,0.6672,0.6435,0.8964,0.6150,0.3557
982,0,off,0,7,2,11.676,15.390,0.626,7.931,6.735,0.000,-84.08,0.6024,0.5708,0.5652,0.6885,0.6870,0.6767,0.3257
983,0,off,0,7,1,9.166,15.653,1.207,7.366,4.391,0.026,-57.93,0.6269,0.5217,0.5225,0.6680,0.4664,0.8356,0.6403
984,0,beyond,0,7,2,9.412,14.780,-0.031,6.406,6.735,0.000,-60.21,0.5518,0.5186,0.5257,0.4735,0.2727,0.9336,0.9194
985,0,beyond,0,7,5,9.877,14.161,-0.188,5.951,7.611,0.000,-64.70,0.4838,0.4901,0.4949,0.4387,0.2095,0.9573,0.8838
986,0,off,0,7,15,13.305,14.713,0.837,7.631,15.943,0.000,-104.43,0.3470,0.6530,0.6530,0.4395,0.4735,0.9708,0.3368
987,0,off,0,7,15,13.402,15.407,0.842,7.451,15.943,0.000,-105.73,0.3534,0.6498,0.6451,0.4419,0.4877,0.9510,0.3154
988,0,valley,1,7,3,10.254,15.942,0.378,6.288,6.635,0.000,-68.49,0.4680,0.4522,0.4545,0.4379,0.2079,0.9241,0.3036
989,0,off,0,7,3,12.465,15.591,0.337,6.996,6.635,0.000,-93.60,0.5700,0.4332,0.4340,0.5826,0.2300,0.9067,0.2711
990,0,off,0,7,1,14.572,18.903,0.781,9.541,4.391,0.026,-122.09,0.7581,0.5344,0.5178,0.9470,0.2704,0.7897,0.2538
991,0,off,0,7,1,19.629,25.455,0.284,16.428,4.391,0.026,-208.57,0.8079,0.8324,0.8300,0.9107,0.2846,0.6514,0.2553
992,0,off,0,7,5,19.460,20.378,0.192,13.284,7.611,0.000,-205.27,0.5399,0.9028,0.8964,0.8340,0.6261,0.5644,0.8909
993,0,off,0,5,7,9.829,16.592,0.222,7.909,7.611,0.000,-61.66,0.4332,0.8253,0.7976,0.7913,0.6119,0.5336,0.9249
994,0,beyond,0,0,2,7.629,17.523,-0.289,5.639,9.062,0.000,-40.73,0.3850,0.7581,0.7186,0.4506,0.8055,0.5281,0.9178
995,0,beyond,0,0,2,7.763,11.925,-0.169,6.690,9.062,0.000,-41.77,0.5676,0.7217,0.6996,0.5755,0.8601,0.4972,0.8783
996,0,off,0,2,0,10.225,17.492,0.150,9.493,9.062,0.000,-66.11,0.5605,0.8095,0.8103,0.8174,0.6798,0.4917,0.3771
997,0,off,0,2,7,11.069,15.419,-0.092,8.378,6.735,0.000,-75.09,0.5383,0.8008,0.7929,0.7668,0.5866,0.5059,0.3186
998,0,valley,1,7,2,12.580,15.783,0.058,6.863,6.735,0.000,-95.05,0.6933,0.5154,0.4933,0.8237,0.3905,0.5383,0.3059
999,0,off,0,7,1,12.294,15.483,1.042,7.378,4.391,0.026,-91.49,0.5542,0.4245,0.4308,0.4182,0.2466,0.6474,0.2964
1000,0,off,0,15,7,12.882,14.929,0.108,7.851,15.943,0.000,-91.93,0.4032,0.5913,0.5589,0.4324,0.5296,0.7913,0.2988
1001,0,off,0,15,7,12.578,14.315,0.115,7.228,15.943,0.000,-88.06,0.3921,0.6032,0.5692,0.3810,0.4704,0.8040,0.3123
1002,0,off,0,7,3,12.306,12.745,0.523,7.016,6.635,0.000,-91.05,0.5296,0.4269,0.4300,0.3913,0.3028,0.7984,0.3028
1003,0,off,0,7,3,13.271,15.398,0.240,7.650,6.635,0.000,-103.98,0.6300,0.4190,0.4237,0.4569,0.1549,0.8190,0.2696
1004,0,off,0,7,1,16.260,20.931,0.552,12.327,4.391,0.026,-148.11,0.7660,0.6617,0.6553,0.8411,0.1960,0.7668,0.2601
1005,0,off,0,7,6,22.584,25.842,0.091,19.629,13.339,0.000,-270.95,0.8237,0.8949,0.9012,0.8040,0.2348,0.6427,0.3779
1006,0,off,0,7,6,21.705,23.473,0.236,18.922,13.339,0.000,-251.47,0.6466,0.9257,0.9241,0.8364,0.5723,0.5399,0.7178
1007,1,off,0,5,7,12.200,16.410,0.522,10.092,7.611,0.000,-87.77,0.4206,0.8530,0.8379,0.9636,0.8245,0.5178,0.3368
1008,1,beyond,0,0,2,7.269,17.861,-0.163,5.618,9.062,0.000,-38.05,0.3937,0.7518,0.7209,0.6727,0.8443,0.5937,0.7478
1009,1,off,0,2,0,9.713,14.424,0.619,8.682,9.062,0.000,-61.00,0.4617,0.6530,0.6466,0.7043,0.9170,0.5921,0.8174
1010,0,valley,1,2,7,8.827,11.639,0.412,5.965,6.735,0.000,-52.79,0.3905,0.5004,0.4917,0.6688,0.6854,0.5897,0.3518
1011,0,off,0,7,1,11.543,13.256,1.080,7.291,4.391,0.026,-82.54,0.6783,0.4466,0.4490,0.4316,0.3209,0.6822,0.3636
1012,0,valley,1,7,5,11.558,15.801,0.224,6.886,7.611,0.000,-82.71,0.5526,0.4435,0.4458,0.4482,0.4822,0.7874,0.3692
1013,0,in_cluster,0,5,7,5.801,11.522,0.194,5.302,7.611,0.000,-30.17,0.3439,0.4996,0.4743,0.4245,0.5779,0.8466,0.3905
1014,0,valley,1,5,7,7.894,11.998,0.222,5.431,7.611,0.000,-44.50,0.3787,0.6522,0.6206,0.6261,0.8680,0.8553,0.5004
1015,0,off,0,0,2,9.890,13.239,-0.135,8.225,9.062,0.000,-60.54,0.3652,0.6893,0.6711,0.5257,0.7621,0.8561,0.4909
1016,0,off,0,2,0,8.880,15.074,0.537,7.462,9.062,0.000,-53.25,0.4095,0.6079,0.6111,0.5818,0.9146,0.8213,0.4435
1017,0,off,0,2,7,9.309,15.597,-0.116,7.571,6.735,0.000,-57.16,0.4411,0.7494,0.7549,0.8253,0.5834,0.7447,0.3708
1018,0,off,0,2,7,19.107,19.563,0.136,14.099,6.735,0.000,-196.37,0.7439,0.8972,0.8972,0.8047,0.3889,0.6308,0.3320
1019,0,off,0,7,2,19.923,20.118,0.800,14.411,6.735,0.000,-214.24,0.5613,0.9020,0.8980,0.7897,0.3217,0.5597,0.3138
1020,0,off,0,7,6,13.294,20.644,0.301,13.739,13.339,0.000,-104.29,0.5976,0.6411,0.6277,0.8791,0.5613,0.5439,0.3115
1021,0,valley,1,15,7,9.415,15.314,0.069,6.536,15.943,0.000,-53.28,0.4561,0.5787,0.5328,0.4451,0.5375,0.6332,0.3296
1022,0,off,0,15,7,12.949,14.307,0.253,7.492,15.943,0.000,-92.79,0.4743,0.6047,0.5684,0.6988,0.6759,0.7557,0.3415
1023,0,valley,1,7,3,10.492,15.372,0.368,6.464,6.635,0.000,-70.96,0.4379,0.4387,0.4364,0.4055,0.1731,0.8332,0.3589
1024,0,off,0,7,1,12.497,15.787,0.768,7.697,4.391,0.026,-94.01,0.4830,0.4340,0.4332,0.4174,0.1320,0.8625,0.3913
1025,0,off,0,7,1,13.176,14.088,0.854,7.190,4.391,0.026,-102.73,0.4996,0.4277,0.4269,0.4332,0.2024,0.8174,0.4032
1026,0,off,0,7,1,14.338,15.690,0.785,8.102,4.391,0.026,-118.71,0.5850,0.4506,0.4419,0.8356,0.3020,0.7383,0.3731
1027,0,valley,1,5,7,9.381,15.289,0.260,5.801,7.611,0.000,-57.35,0.4292,0.6514,0.6221,0.7747,0.6585,0.6941,0.3549
1028,0,valley,1,5,7,8.549,15.846,0.141,6.372,7.611,0.000,-49.89,0.3692,0.7850,0.7470,0.8142,0.7715,0.6617,0.3842
1029,0,beyond,0,0,2,8.331,15.236,-0.261,5.774,9.062,0.000,-46.34,0.3700,0.7423,0.7075,0.4601,0.7826,0.5850,0.3945
1030,0,valley,1,2,0,7.915,9.984,0.525,6.162,9.062,0.000,-45.15,0.5510,0.7146,0.7123,0.8877,0.8798,0.5352,0.6806
1031,0,off,0,2,7,14.717,20.735,-0.475,11.405,6.735,0.000,-122.12,0.5146,0.8688,0.8648,0.8466,0.6443,0.5170,0.9494
1032,0,off,0,7,2,24.856,25.234,1.312,18.789,6.735,0.000,-324.84,0.7613,0.9549,0.9526,0.7360,0.4190,0.4846,0.9613
1033,0,off,0,7,2,21.872,21.961,0.879,15.679,6.735,0.000,-254.34,0.6213,0.9415,0.9375,0.7352,0.3652,0.4632,0.9217
1034,0,off,0,7,2,14.488,20.352,0.245,8.678,6.735,0.000,-120.87,0.9051,0.7652,0.7573,0.9170,0.3557,0.4909,0.3162
1035,0,valley,1,15,7,9.664,15.776,0.069,6.529,15.943,0.000,-55.65,0.4854,0.6300,0.5953,0.9091,0.5462,0.6119,0.3470
1036,0,valley,1,15,7,11.087,15.025,0.093,6.651,15.943,0.000,-70.42,0.5328,0.6292,0.6095,0.6427,0.5542,0.7470,0.3660
1037,0,off,0,7,1,11.475,16.657,1.084,7.181,4.391,0.026,-81.75,0.5194,0.4609,0.4632,0.6119,0.2514,0.8545,0.4095
1038,0,off,0,7,1,10.624,14.916,0.705,7.248,4.391,0.026,-72.35,0.4340,0.4704,0.4696,0.4134,0.1099,0.9296,0.4119
1039,0,off,0,7,1,11.467,15.549,0.758,7.264,4.391,0.026,-81.66,0.4625,0.4601,0.4553,0.4553,0.1660,0.9059,0.4348
1040,0,off,0,7,1,11.714,16.378,0.837,7.371,4.391,0.026,-84.52,0.5257,0.4427,0.4387,0.4933,0.2221,0.8451,0.3858
1041,0,valley,1,5,7,9.687,13.728,0.241,5.611,7.611,0.000,-60.26,0.4174,0.4877,0.4648,0.6206,0.6498,0.7850,0.3581
1042,0,valley,1,5,7,8.008,15.644,0.022,5.728,7.611,0.000,-45.41,0.3929,0.6451,0.6055,0.5099,0.7534,0.7320,0.3889
1043,0,beyond,0,0,2,8.149,20.417,-0.327,5.473,9.062,0.000,-44.84,0.3478,0.7636,0.7304,0.4063,0.7605,0.6838,0.4055
1044,0,beyond,0,0,2,7.842,12.154,-0.200,6.212,9.062,0.000,-42.38,0.4261,0.7352,0.7217,0.5960,0.7874,0.6522,0.4119
1045,0,off,0,2,7,9.594,18.126,-0.298,7.951,6.735,0.000,-59.85,0.4451,0.8213,0.8198,0.8767,0.6680,0.6261,0.4213
1046,0,off,0,2,7,19.406,22.103,-0.507,14.977,6.735,0.000,-202.13,0.4822,0.9352,0.9344,0.8490,0.5747,0.5486,0.9431
1047,0,off,0,2,7,22.126,23.032,0.016,16.144,6.735,0.000,-258.60,0.6190,0.9526,0.9510,0.7431,0.4403,0.4751,0.9502
1048,0,off,0,7,2,18.775,20.016,0.630,12.491,6.735,0.000,-192.17,0.6957,0.8964,0.8949,0.8372,0.3897,0.4640,0.4482
1049,0,off,0,7,15,17.130,17.335,1.044,7.540,15.943,0.000,-159.18,0.6103,0.7834,0.7668,0.9739,0.8032,0.5209,0.4008
1050,0,off,0,15,7,9.753,15.606,0.062,6.909,15.943,0.000,-56.51,0.6775,0.6285,0.6071,0.6585,0.5731,0.6696,0.3953
1051,0,beyond,0,7,3,12.916,18.199,1.072,5.999,6.635,0.000,-99.33,0.7178,0.5241,0.5115,0.6877,0.5470,0.8221,0.5202
1052,0,valley,1,7,3,9.664,16.758,0.295,6.652,6.635,0.000,-62.61,0.4324,0.4988,0.4941,0.4221,0.1336,0.8988,0.5692
1053,0,off,0,7,1,10.232,15.967,0.719,7.533,4.391,0.026,-68.27,0.4609,0.4862,0.4822,0.4166,0.1209,0.9233,0.4221
1054,0,off,0,7,1,10.858,16.203,0.784,7.196,4.391,0.026,-74.87,0.4711,0.4625,0.4625,0.4308,0.1526,0.9036,0.4285
1055,0,valley,1,5,7,10.147,13.110,0.416,5.764,7.611,0.000,-64.83,0.4253,0.4545,0.4522,0.5842,0.6079,0.8474,0.4458
1056,0,valley,1,5,7,8.994,13.966,0.112,5.730,7.611,0.000,-53.79,0.4008,0.6024,0.5581,0.5344,0.6364,0.8063,0.4016
1057,0,valley,1,0,7,8.598,17.355,0.021,5.972,13.429,0.000,-48.60,0.3636,0.7731,0.7383,0.6372,0.9178,0.7534,0.5565
1058,0,beyond,0,0,2,7.744,12.663,-0.235,5.927,9.062,0.000,-41.62,0.4016,0.7502,0.7439,0.4696,0.7036,0.7415,0.4656
1059,0,off,0,2,0,9.121,14.550,0.256,7.313,9.062,0.000,-55.42,0.4672,0.7842,0.7889,0.9146,0.8648,0.7004,0.4498
1060,0,off,0,2,7,16.373,20.398,-0.447,12.627,6.735,0.000,-147.86,0.4877,0.9075,0.9028,0.8751,0.6292,0.6166,0.6585
1061,0,off,0,7,2,23.232,23.237,1.044,17.024,6.735,0.000,-283.68,0.7036,0.9510,0.9470,0.7344,0.3621,0.5265,0.9083
1062,0,off,0,2,7,19.223,19.388,0.296,13.795,6.735,0.000,-198.58,0.6292,0.9162,0.9075,0.8103,0.3747,0.4901,0.4269
1063,0,off,0,7,6,13.024,20.414,0.304,13.583,13.339,0.000,-100.73,0.6553,0.6640,0.6522,0.9668,0.6111,0.5146,0.4522
1064,0,valley,1,15,7,9.433,15.253,0.068,6.759,15.943,0.000,-53.45,0.6538,0.6253,0.5968,0.6324,0.6451,0.6292,0.4751
1065,0,off,0,15,7,12.162,14.890,0.202,8.173,15.943,0.000,-82.91,0.5415,0.6609,0.6466,0.7296,0.7368,0.7976,0.4964
1066,0,valley,1,7,3,10.466,17.383,0.390,6.778,6.635,0.000,-70.69,0.4498,0.4870,0.4838,0.4909,0.1968,0.8909,0.5383
1067,0,beyond,0,7,5,10.933,16.232,-0.144,5.918,7.611,0.000,-75.69,0.4696,0.4751,0.4751,0.4443,0.1368,0.9170,0.4885
1068,0,off,0,7,1,11.690,15.921,0.837,7.652,4.391,0.026,-84.25,0.5273,0.4561,0.4569,0.4150,0.1470,0.8870,0.4111
1069,0,off,0,7,1,12.275,17.295,0.872,8.015,4.391,0.026,-91.26,0.6071,0.4474,0.4443,0.5549,0.2474,0.8403,0.4261
1070,0,valley,1,5,7,8.824,13.790,0.150,5.962,7.611,0.000,-52.28,0.4443,0.5399,0.5083,0.5352,0.6277,0.8134,0.4253
1071,0,valley,1,5,7,8.899,15.251,0.046,6.553,7.611,0.000,-52.95,0.4079,0.7051,0.6640,0.4743,0.7375,0.7771,0.3921
1072,0,beyond,0,0,2,7.947,17.085,-0.253,5.599,9.062,0.000,-43.21,0.3897,0.7684,0.7494,0.4577,0.7470,0.6917,0.4561
1073,0,beyond,0,0,2,8.628,11.525,-0.142,6.576,9.062,0.000,-48.85,0.4917,0.7368,0.7344,0.6142,0.8166,0.6791,0.4672
1074,0,off,0,2,7,12.907,19.794,-0.392,10.201,6.735,0.000,-97.13,0.5905,0.8617,0.8601,0.9352,0.6656,0.6182,0.9051
1075,0,off,0,2,7,23.489,24.729,-0.643,17.770,6.735,0.000,-289.68,0.6040,0.9534,0.9518,0.8419,0.5605,0.5162,0.9621
1076,0,off,0,2,7,22.754,23.211,0.046,16.539,6.735,0.000,-272.70,0.6443,0.9478,0.9439,0.7320,0.3771,0.4696,0.9549
1077,0,off,0,7,2,17.805,20.224,0.464,11.475,6.735,0.000,-174.43,0.8269,0.8640,0.8593,0.8727,0.3613,0.4672,0.3897
1078,0,off,0,15,7,16.875,16.962,0.034,8.022,15.943,0.000,-151.34,0.7043,0.7794,0.7605,0.9257,0.6672,0.5534,0.4419
1079,0,off,0,15,7,11.907,15.469,0.125,7.741,15.943,0.000,-79.84,0.7684,0.6229,0.6079,0.6854,0.5636,0.6711,0.5455
1080,0,valley,1,7,3,11.233,17.589,0.764,6.259,6.635,0.000,-79.01,0.6174,0.4680,0.4767,0.6759,0.2166,0.7929,0.6308
1081,0,beyond,0,7,5,9.962,16.760,-0.191,5.828,7.611,0.000,-65.54,0.4704,0.4941,0.4957,0.4040,0.1020,0.9107,0.6506
1082,0,off,0,7,1,10.579,16.479,0.763,8.060,4.391,0.026,-71.87,0.4933,0.4798,0.4814,0.4364,0.1447,0.9249,0.5352
1083,0,off,0,7,1,11.565,17.229,0.801,8.488,4.391,0.026,-82.79,0.5597,0.4553,0.4577,0.4498,0.1494,0.8877,0.4206
1084,0,valley,1,5,7,10.945,13.289,0.238,6.293,7.611,0.000,-73.25,0.4530,0.4735,0.4688,0.5984,0.6553,0.8672,0.3850
1085,0,valley,1,5,7,9.561,14.446,0.022,6.402,7.611,0.000,-59.05,0.4285,0.6245,0.5960,0.5281,0.6743,0.8443,0.4032
1086,0,off,0,0,7,9.747,19.525,-0.081,6.947,13.429,0.000,-59.13,0.3802,0.7818,0.7557,0.5241,0.8316,0.7881,0.4569
1087,0,beyond,0,0,2,7.960,12.255,-0.216,6.182,9.062,0.000,-43.31,0.4395,0.7447,0.7391,0.4719,0.6957,0.7312,0.5178
1088,0,off,0,2,7,8.826,17.178,-0.224,7.731,6.735,0.000,-52.78,0.5130,0.7992,0.8079,0.8522,0.6988,0.7043,0.4775
1089,0,off,0,2,7,17.833,20.693,-0.477,13.722,6.735,0.000,-172.83,0.5755,0.9178,0.9154,0.8704,0.6387,0.6411,0.5328
1090,0,off,0,7,2,22.670,22.874,1.005,16.758,6.735,0.000,-272.80,0.7296,0.9439,0.9399,0.7289,0.3526,0.5462,0.7557
1091,0,off,0,7,2,16.563,18.125,0.480,10.700,6.735,0.000,-153.08,0.7225,0.8340,0.8253,0.8150,0.3708,0.5194,0.3747
1092,0,valley,1,7,3,12.576,21.896,0.472,5.480,6.635,0.000,-94.99,0.6498,0.5067,0.4925,0.9581,0.6000,0.5834,0.3874
1093,0,off,0,15,7,9.773,15.019,0.059,7.412,15.943,0.000,-56.71,0.5360,0.6063,0.5802,0.4680,0.5146,0.7217,0.4245
1094,0,off,0,15,7,14.077,14.116,0.253,8.314,15.943,0.000,-108.04,0.5842,0.6379,0.6285,0.7043,0.7170,0.8237,0.4490
1095,0,off,0,7,3,11.499,17.191,0.389,7.363,6.635,0.000,-82.03,0.5115,0.4585,0.4672,0.4783,0.2553,0.8680,0.4395
1096,0,beyond,0,7,5,12.338,17.463,-0.155,6.610,7.611,0.000,-92.03,0.5739,0.4530,0.4585,0.4957,0.2126,0.8949,0.4838
1097,0,off,0,7,1,13.277,17.048,0.899,8.611,4.391,0.026,-104.06,0.6364,0.4379,0.4411,0.5542,0.2854,0.8506,0.4862
1098,0,off,0,7,1,14.491,16.799,0.934,8.572,4.391,0.026,-120.92,0.6964,0.4261,0.4316,0.5320,0.2877,0.7700,0.4846
1099,0,valley,1,5,7,9.753,15.534,0.127,6.523,7.611,0.000,-60.91,0.5557,0.5502,0.5241,0.7968,0.7281,0.7581,0.4443
1100,0,off,0,5,7,9.458,15.624,0.210,7.883,7.611,0.000,-58.08,0.4316,0.7336,0.6885,0.7660,0.8158,0.7407,0.4427
1101,0,beyond,0,0,2,8.050,15.764,-0.273,6.004,9.062,0.000,-44.04,0.4221,0.7700,0.7478,0.4727,0.7881,0.6609,0.5091
1102,0,off,0,2,0,8.161,13.055,0.147,7.578,9.062,0.000,-47.13,0.5375,0.7747,0.7723,0.8719,0.8696,0.6063,0.8126
1103,0,off,0,2,7,14.410,20.328,-0.440,11.541,6.735,0.000,-117.65,0.6206,0.8885,0.8933,0.8601,0.6221,0.5502,0.9628
1104,0,off,0,2,7,24.824,25.091,-0.259,18.457,6.735,0.000,-321.93,0.8443,0.9684,0.9605,0.7510,0.4648,0.4735,0.9708
1105,0,off,0,2,7,22.121,22.486,0.120,15.814,6.735,0.000,-258.49,0.6791,0.9486,0.9462,0.7462,0.4372,0.4466,0.9605
1106,0,off,0,7,2,16.226,21.428,0.370,10.844,6.735,0.000,-147.57,0.9289,0.8474,0.8411,0.9431,0.4285,0.4617,0.4411
1107,0,off,0,15,7,15.150,16.509,0.050,7.898,15.943,0.000,-123.72,0.6767,0.7296,0.7083,0.9597,0.6379,0.5739,0.4664
1108,0,off,0,15,7,11.706,15.599,0.124,8.039,15.943,0.000,-77.47,0.7731,0.6119,0.6000,0.6980,0.5399,0.7138,0.4957
1109,0,valley,1,7,3,11.145,18.414,0.743,6.293,6.635,0.000,-78.03,0.5423,0.4632,0.4783,0.6490,0.2292,0.8395,0.4933
1110,0,beyond,0,7,5,10.313,16.759,-0.187,6.125,7.611,0.000,-69.10,0.4688,0.4822,0.4909,0.4522,0.0996,0.9194,0.4806
1111,0,beyond,0,7,5,10.266,16.900,-0.136,6.265,7.611,0.000,-68.62,0.5051,0.4656,0.4791,0.4688,0.1486,0.9146,0.4514
1112,0,off,0,7,1,11.493,17.425,0.841,8.613,4.391,0.026,-81.96,0.5921,0.4498,0.4561,0.5209,0.2032,0.8798,0.4617
1113,0,off,0,7,6,13.109,20.383,0.686,12.662,13.339,0.000,-101.85,0.6277,0.5794,0.5700,0.6909,0.9526,0.8530,0.4759
1114,0,off,0,7,6,13.337,20.712,0.749,12.833,13.339,0.000,-104.85,0.5668,0.7170,0.7004,0.5945,0.9549,0.8229,0.5020
1115,0,off,0,2,0,12.985,13.835,0.269,11.762,9.062,0.000,-98.13,0.6221,0.6308,0.6229,0.6553,0.9455,0.7747,0.4996
1116,0,off,0,7,0,14.050,16.153,0.360,7.954,13.429,0.000,-114.62,0.5107,0.6553,0.6601,0.8862,0.8688,0.7542,0.4696
1117,0,off,0,7,5,14.794,15.213,0.371,11.367,7.611,0.000,-125.32,0.4348,0.8988,0.8877,0.8008,0.9225,0.7281,0.4901
1118,0,off,0,0,7,15.588,15.889,0.247,8.020,13.429,0.000,-133.12,0.3984,0.8917,0.8743,0.9083,0.9036,0.6957,0.5668
1119,0,off,0,0,2,10.095,12.153,-0.035,8.963,9.062,0.000,-62.59,0.5186,0.6838,0.6625,0.6126,0.7581,0.6648,0.6292
1120,0,off,0,2,7,10.416,18.467,-0.156,8.485,6.735,0.000,-68.07,0.4862,0.7953,0.8000,0.8158,0.7067,0.6032,0.5905
1121,0,off,0,2,7,13.125,16.935,-0.209,10.357,6.735,0.000,-99.97,0.4735,0.8538,0.8466,0.7628,0.5447,0.5605,0.5644
1122,0,valley,1,7,2,12.536,13.713,0.200,6.820,6.735,0.000,-94.49,0.7067,0.6316,0.6174,0.8016,0.3684,0.5676,0.5344
1123,0,off,0,7,5,12.380,15.546,-0.181,6.952,7.611,0.000,-92.55,0.6324,0.4356,0.4403,0.4087,0.2917,0.6506,0.6119
1124,0,off,0,7,15,13.695,13.758,0.788,7.032,15.943,0.000,-103.60,0.5692,0.5265,0.5249,0.4356,0.6237,0.7589,0.6032
1125,0,off,0,15,7,12.640,14.403,0.129,7.506,15.943,0.000,-88.85,0.4814,0.5945,0.5715,0.3842,0.4506,0.7731,0.6696
1126,0,valley,1,7,3,13.264,14.102,0.839,6.862,6.635,0.000,-103.89,0.4791,0.4711,0.4640,0.5138,0.5360,0.7779,0.7794
1127,0,off,0,7,3,12.933,14.202,0.317,7.697,6.635,0.000,-99.54,0.7265,0.4419,0.4474,0.8032,0.2087,0.7818,0.6909
1128,0,off,0,7,1,16.695,23.134,0.470,14.188,4.391,0.026,-155.29,0.7976,0.7668,0.7700,0.8640,0.2735,0.7233,0.5921
1129,0,off,0,7,6,23.435,25.719,0.114,19.845,13.339,0.000,-290.52,0.8261,0.9281,0.9328,0.7494,0.2530,0.6158,0.5715
1130,0,off,0,7,6,20.892,24.134,0.094,17.964,13.339,0.000,-234.16,0.7304,0.9249,0.9225,0.8079,0.4775,0.5036,0.6719
1131,0,off,0,5,7,13.125,14.755,0.490,8.755,7.611,0.000,-99.48,0.5225,0.8356,0.8229,0.8269,0.6245,0.5257,0.4292
1132,0,off,0,0,5,12.569,17.128,0.311,9.598,15.172,0.000,-90.62,0.4111,0.7233,0.6743,0.5423,0.8727,0.6482,0.4972
1133,0,beyond,0,0,2,7.126,14.279,-0.197,5.474,9.062,0.000,-37.03,0.4277,0.7470,0.7249,0.4126,0.7644,0.6680,0.5818
1134,0,off,0,2,0,10.475,12.854,0.063,9.681,9.062,0.000,-68.69,0.4308,0.6791,0.6783,0.6174,0.9241,0.6198,0.5945
1135,0,off,0,7,2,12.330,13.277,0.601,7.751,6.735,0.000,-91.94,0.5059,0.5573,0.5502,0.6719,0.6838,0.6601,0.5407
1136,0,off,0,7,2,10.322,16.444,0.008,7.278,6.735,0.000,-69.19,0.6877,0.5020,0.5051,0.5613,0.3794,0.7739,0.4988
1137,0,beyond,0,7,2,9.942,14.374,-0.017,6.524,6.735,0.000,-65.34,0.5818,0.4743,0.4830,0.3905,0.2119,0.8609,0.4711
1138,0,off,0,7,1,10.998,14.870,0.868,8.292,4.391,0.026,-76.40,0.5249,0.4443,0.4538,0.3897,0.1130,0.8893,0.4545
1139,0,off,0,7,15,14.518,14.519,0.850,8.510,15.943,0.000,-114.35,0.4269,0.6103,0.6016,0.4458,0.5083,0.9099,0.4506
1140,0,off,0,7,15,14.247,14.975,0.858,8.338,15.943,0.000,-117.38,0.4372,0.6008,0.5874,0.4095,0.5004,0.8569,0.4640
1141,0,off,0,7,3,11.342,14.445,0.402,7.041,6.635,0.000,-80.23,0.5549,0.4198,0.4285,0.4071,0.1921,0.8079,0.4403
1142,0,off,0,7,3,13.717,18.109,0.150,9.920,6.635,0.000,-109.99,0.7945,0.5644,0.5526,0.8514,0.2229,0.8000,0.4071
1143,0,off,0,7,6,19.724,24.942,0.047,17.517,13.339,0.000,-210.44,0.8356,0.8522,0.8561,0.8585,0.2885,0.6783,0.3992
1144,0,off,0,7,6,23.520,25.233,0.118,19.767,13.339,0.000,-292.52,0.8016,0.9296,0.9336,0.7265,0.2949,0.5202,0.8917
1145,0,off,0,7,5,16.377,17.583,0.323,10.600,7.611,0.000,-150.01,0.6332,0.8545,0.8474,0.8545,0.7360,0.4885,0.8277
1146,0,valley,1,5,7,8.612,14.745,0.233,6.767,7.611,0.000,-50.43,0.4798,0.7399,0.6988,0.8126,0.7462,0.5431,0.4767
1147,0,beyond,0,0,2,7.783,18.523,-0.296,5.897,9.062,0.000,-41.92,0.4134,0.7715,0.7368,0.4229,0.7929,0.5976,0.5652
1148,0,off,0,2,0,7.742,9.283,0.487,7.035,9.062,0.000,-43.79,0.4601,0.7328,0.7233,0.5067,0.8451,0.5573,0.6277
1149,0,off,0,2,7,9.783,13.572,0.264,7.020,6.735,0.000,-61.69,0.5391,0.5692,0.5565,0.5621,0.6696,0.5581,0.5976
1150,0,off,0,7,2,11.043,14.968,0.218,6.973,6.735,0.000,-76.89,0.7130,0.4783,0.4759,0.5004,0.3723,0.6664,0.5494
1151,0,off,0,7,2,11.293,14.048,0.047,7.118,6.735,0.000,-79.68,0.6285,0.4538,0.4617,0.3992,0.2340,0.7889,0.5399
1152,0,beyond,0,7,5,11.728,14.093,-0.161,6.541,7.611,0.000,-84.69,0.6569,0.4316,0.4435,0.3953,0.1866,0.8316,0.5470
1153,0,off,0,7,15,14.290,14.526,0.800,7.467,15.943,0.000,-114.43,0.6435,0.5202,0.5209,0.5289,0.7186,0.8016,0.5415
1154,0,off,0,7,15,15.174,16.384,0.864,8.441,15.943,0.000,-131.04,0.5170,0.6174,0.6024,0.7589,0.5265,0.7613,0.5486
1155,0,off,0,3,7,13.121,14.484,0.257,8.523,6.635,0.000,-96.71,0.5470,0.5138,0.5020,0.8245,0.5581,0.7423,0.5257
1156,0,off,0,7,2,17.363,24.260,0.548,12.034,6.735,0.000,-166.66,0.8474,0.7526,0.7628,0.8182,0.2482,0.7273,0.4798
1157,0,off,0,7,6,23.399,25.411,0.117,19.831,13.339,0.000,-289.68,0.8372,0.9265,0.9296,0.7273,0.2134,0.5937,0.5700
1158,1,off,0,7,6,17.264,26.234,-0.078,16.940,13.339,0.000,-164.95,0.6775,0.8506,0.8419,0.9225,0.7115,0.4727,0.8545
1159,1,off,0,7,9,15.740,21.759,-0.092,8.853,14.583,0.000,-139.80,0.6269,0.6980,0.6719,0.9352,0.8142,0.4466,0.9747
1160,1,off,0,0,7,17.807,19.113,0.378,9.950,13.429,0.000,-170.18,0.7296,0.6617,0.6356,0.7059,0.9296,0.4964,0.5913
1161,0,off,0,7,0,13.591,15.432,0.508,8.575,13.429,0.000,-108.28,0.4466,0.6237,0.5818,0.6514,0.9162,0.6372,0.6704
1162,0,off,0,0,7,13.682,14.021,0.524,8.741,13.429,0.000,-105.23,0.4063,0.6435,0.6245,0.5123,0.8458,0.6980,0.7905
1163,0,off,0,2,0,10.525,10.664,0.255,8.952,9.062,0.000,-68.10,0.3874,0.6577,0.6664,0.5075,0.7771,0.7265,0.7881
1164,0,off,0,2,7,8.718,14.472,0.454,7.598,6.735,0.000,-51.83,0.5209,0.5225,0.5304,0.4261,0.5945,0.7178,0.6964
1165,0,off,0,7,2,14.387,15.763,0.376,8.807,6.735,0.000,-119.41,0.8419,0.6949,0.7067,0.7858,0.2759,0.7289,0.6490
1166,0,off,0,7,6,21.410,23.794,0.157,17.816,13.339,0.000,-245.12,0.8601,0.9043,0.9083,0.7834,0.1715,0.6996,0.6087
1167,0,off,0,7,3,15.561,19.181,0.097,12.782,6.635,0.000,-136.99,0.7636,0.7289,0.7328,0.7889,0.2506,0.6324,0.6008
1168,0,off,0,15,7,10.931,15.692,0.105,8.650,15.943,0.000,-68.69,0.6308,0.5921,0.5644,0.4032,0.6087,0.6893,0.6142
1169,0,off,0,15,7,11.636,15.483,0.107,8.580,15.943,0.000,-76.65,0.5660,0.5968,0.5905,0.5573,0.5968,0.7486,0.6261
1170,0,valley,1,7,3,11.756,13.847,0.581,6.654,6.635,0.000,-85.02,0.5929,0.4292,0.4466,0.4403,0.1984,0.8032,0.5889
1171,0,off,0,7,3,11.915,15.721,0.267,7.681,6.635,0.000,-86.90,0.7565,0.4308,0.4482,0.3866,0.1004,0.8704,0.5510
1172,0,off,0,7,5,13.365,18.328,-0.155,7.436,7.611,0.000,-105.23,0.8158,0.4253,0.4395,0.5059,0.2522,0.8198,0.5439
1173,0,off,0,7,1,14.667,19.958,0.788,10.968,4.391,0.026,-123.48,0.8704,0.5565,0.5621,0.8221,0.3202,0.7083,0.5526
1174,0,off,0,7,6,17.385,21.085,0.864,14.858,13.339,0.000,-167.03,0.8040,0.8806,0.8901,0.8111,0.9502,0.6356,0.5826
1175,0,off,0,7,8,16.266,21.236,0.557,12.264,17.185,0.000,-148.21,0.8348,0.8593,0.8585,0.9304,0.9802,0.5407,0.6387
1176,0,off,0,2,0,13.119,14.573,0.487,12.451,9.062,0.000,-99.89,0.8530,0.7644,0.7739,0.9186,0.9320,0.5423,0.6427
1177,0,off,0,7,6,20.328,22.705,0.190,18.095,13.339,0.000,-222.54,0.7407,0.9241,0.9265,0.8672,0.8482,0.5921,0.6190
1178,0,off,0,7,5,16.880,17.566,0.311,12.921,7.611,0.000,-158.38,0.5067,0.9502,0.9486,0.8656,0.8672,0.6040,0.6498
1179,0,off,0,0,5,14.114,15.142,0.540,7.833,15.172,0.000,-111.23,0.4364,0.8625,0.8553,0.8387,0.8941,0.6727,0.7233
1180,0,off,0,2,0,13.426,13.807,1.128,11.483,9.062,0.000,-103.91,0.7953,0.6925,0.6933,0.6182,0.8340,0.6759,0.7668
1181,0,off,0,2,7,14.534,14.822,0.462,9.393,6.735,0.000,-119.44,0.7154,0.6071,0.6308,0.6917,0.8206,0.7107,0.7036
1182,0,off,0,7,2,11.823,13.857,0.487,8.225,6.735,0.000,-85.81,0.5075,0.5676,0.5858,0.6609,0.6324,0.8419,0.6632
1183,0,off,0,7,2,11.801,17.373,-0.081,8.724,6.735,0.000,-85.55,0.7787,0.5360,0.5597,0.5597,0.4079,0.9265,0.6443
1184,0,off,0,7,5,11.993,15.065,-0.154,8.113,7.611,0.000,-87.83,0.6680,0.5099,0.5415,0.4632,0.2941,0.9605,0.6316
1185,0,off,0,7,15,14.421,15.402,0.861,8.756,15.943,0.000,-119.90,0.5368,0.6593,0.6957,0.5510,0.7265,0.9668,0.6206
1186,0,off,0,15,7,13.627,14.222,0.124,8.213,15.943,0.000,-101.80,0.5233,0.6585,0.6822,0.4585,0.6071,0.9478,0.6379
1187,0,off,0,7,3,12.756,14.897,0.665,7.901,6.635,0.000,-97.28,0.5091,0.4672,0.5012,0.5312,0.4545,0.9423,0.6158
1188,0,off,0,7,3,13.197,15.444,0.338,7.809,6.635,0.000,-103.00,0.8514,0.4482,0.4704,0.5739,0.1874,0.9391,0.5628
1189,0,off,0,7,3,15.045,20.751,0.188,9.852,6.635,0.000,-129.10,0.9415,0.6055,0.6324,0.9644,0.2964,0.8340,0.5597
1190,0,off,0,7,6,19.782,25.985,0.028,18.126,13.339,0.000,-211.58,0.9628,0.8719,0.8854,0.9573,0.3383,0.6443,0.5787
1191,0,off,0,7,5,18.818,23.198,0.107,13.131,7.611,0.000,-192.98,0.8735,0.9059,0.9123,0.8996,0.7415,0.5067,0.8933
1192,0,off,0,7,8,17.040,21.920,0.618,13.072,17.185,0.000,-161.09,0.8617,0.8814,0.8767,0.9344,0.9771,0.4783,0.8308
1193,0,off,0,7,3,17.916,21.984,0.712,10.070,6.635,0.000,-176.41,0.9526,0.7937,0.7866,0.7328,0.9953,0.4964,0.6656
1194,0,off,0,2,7,12.546,14.741,0.612,8.865,6.735,0.000,-92.53,0.5715,0.5194,0.5281,0.6024,0.7486,0.5455,0.6672
1195,0,off,0,7,2,13.771,18.154,-0.192,8.750,6.735,0.000,-110.75,0.5794,0.5510,0.5336,0.5091,0.6704,0.6640,0.6767
1196,0,off,0,5,7,10.363,15.336,-0.034,8.365,7.611,0.000,-67.05,0.4585,0.6704,0.6395,0.5708,0.9115,0.8008,0.7542
1197,0,off,0,0,7,14.536,15.532,0.425,9.727,13.429,0.000,-117.29,0.4909,0.7075,0.7043,0.5834,0.8008,0.8308,0.8411
1198,0,off,0,2,0,8.070,12.242,0.516,7.579,9.062,0.000,-46.39,0.5826,0.6941,0.7194,0.8941,0.8814,0.8095,0.8427
1199,0,off,0,2,0,12.755,18.949,0.455,12.255,9.062,0.000,-95.17,0.5810,0.8656,0.8704,0.8617,0.7526,0.7510,0.7810
1200,0,off,0,7,2,22.844,23.708,1.198,17.767,6.735,0.000,-276.84,0.8822,0.9557,0.9589,0.7375,0.4569,0.6190,0.7154
1201,0,off,0,7,2,15.351,15.715,0.378,9.404,6.735,0.000,-133.72,0.8696,0.8032,0.8063,0.8134,0.4419,0.5700,0.7209
1202,0,off,0,7,1,14.229,16.482,1.240,9.919,4.391,0.026,-117.16,0.7328,0.4490,0.4593,0.4285,0.2640,0.6245,0.7462
1203,1,off,0,7,15,15.675,19.139,0.759,10.691,15.943,0.000,-138.77,0.7692,0.6545,0.6577,0.5834,0.8451,0.7249,0.7668
1204,1,off,0,7,6,15.189,20.016,0.845,13.639,13.339,0.000,-131.27,0.7407,0.7067,0.7075,0.6806,0.8656,0.7700,0.7905
1205,1,off,0,7,1,13.271,16.448,1.247,10.193,4.391,0.026,-103.98,0.8032,0.5020,0.5170,0.6530,0.4640,0.8427,0.7486
1206,0,off,0,7,1,14.377,15.320,1.151,10.142,4.391,0.026,-119.27,0.9115,0.4854,0.5028,0.5747,0.2625,0.8719,0.8964
1207,0,off,0,7,1,15.316,18.806,0.830,12.270,4.391,0.026,-133.21,0.9589,0.7083,0.7399,0.8901,0.3225,0.7597,0.8901
1208,0,off,0,7,6,20.314,24.922,0.073,17.883,13.339,0.000,-222.24,0.9613,0.9194,0.9281,0.8332,0.3091,0.6126,0.8806
1209,0,off,0,7,6,20.357,24.656,0.989,16.775,13.339,0.000,-223.13,0.9123,0.9636,0.9636,0.9534,0.9755,0.5328,0.7684
1210,0,off,0,7,8,16.409,20.065,0.608,11.773,17.185,0.000,-150.54,0.8909,0.8632,0.8617,0.9510,0.9889,0.5360,0.8150
1211,0,off,0,7,3,16.103,16.983,0.834,9.127,6.635,0.000,-145.57,0.8672,0.5636,0.5676,0.6806,0.8838,0.6047,0.8158
1212,0,off,0,7,5,14.092,16.068,0.350,7.304,7.611,0.000,-115.21,0.6340,0.5036,0.5123,0.4767,0.6103,0.7091,0.7968
1213,0,off,0,5,7,12.788,13.939,0.645,8.054,7.611,0.000,-95.11,0.5447,0.5597,0.5455,0.4980,0.5842,0.7905,0.8166
1214,0,off,0,7,0,14.779,15.043,0.543,9.523,13.429,0.000,-124.24,0.4656,0.7273,0.7162,0.5186,0.8443,0.8522,0.8553
1215,0,off,0,0,2,9.399,12.700,-0.110,7.791,9.062,0.000,-55.81,0.5407,0.7810,0.7881,0.5036,0.8190,0.8656,0.8688
1216,0,off,0,2,7,9.365,18.278,-0.006,8.391,6.735,0.000,-57.68,0.5992,0.7779,0.7968,0.8909,0.8142,0.8324,0.8522
1217,0,off,0,2,7,15.105,18.951,-0.368,11.983,6.735,0.000,-127.90,0.6672,0.9083,0.9107,0.8530,0.5921,0.7636,0.7921
1218,0,off,0,2,7,20.423,20.701,0.133,15.070,6.735,0.000,-222.37,0.8798,0.9423,0.9407,0.8229,0.3518,0.6419,0.7289
1219,0,off,0,7,2,14.266,16.241,0.225,8.563,6.735,0.000,-117.68,0.8403,0.7455,0.7589,0.8427,0.4158,0.6229,0.7146
1220,0,off,0,15,7,12.522,14.977,0.144,8.312,15.943,0.000,-87.35,0.7628,0.5874,0.6040,0.5494,0.7889,0.7296,0.7241
1221,0,off,0,15,7,12.720,15.749,0.116,9.313,15.943,0.000,-89.85,0.6356,0.6538,0.6688,0.4664,0.5897,0.8206,0.7510
1222,0,off,0,7,3,15.140,15.822,0.941,7.853,6.635,0.000,-130.53,0.4870,0.5328,0.5391,0.6308,0.6482,0.8806,0.7470
1223,0,off,0,7,3,13.325,16.248,0.339,8.429,6.635,0.000,-104.70,0.7771,0.4830,0.5091,0.4822,0.1881,0.9138,0.7067
1224,0,off,0,7,3,14.406,17.761,0.350,8.472,6.635,0.000,-119.69,0.8759,0.4696,0.4980,0.5304,0.2443,0.8830,0.6862
1225,0,off,0,7,5,15.741,21.795,-0.334,8.547,7.611,0.000,-139.81,0.9462,0.6601,0.6941,0.9336,0.3462,0.7921,0.6925
1226,0,off,0,7,1,16.822,21.866,0.338,13.570,4.391,0.026,-157.40,0.8972,0.8727,0.8885,0.8609,0.6577,0.6403,0.7202
1227,0,off,0,7,6,17.787,25.186,0.860,16.508,13.339,0.000,-174.10,0.8719,0.9202,0.9186,0.9676,0.9842,0.5787,0.7636
1228,0,off,0,7,8,17.773,21.477,0.574,12.764,17.185,0.000,-173.86,0.9067,0.8190,0.8158,0.6696,0.9929,0.5747,0.8008
1229,0,off,0,2,7,13.019,15.923,0.535,8.933,6.735,0.000,-98.57,0.6972,0.5542,0.5605,0.6087,0.8522,0.5684,0.7953
1230,0,off,0,7,5,15.221,17.605,0.337,8.638,7.611,0.000,-131.76,0.7644,0.5700,0.5486,0.5328,0.7312,0.6008,0.7802
1231,0,off,0,5,7,11.058,16.465,-0.018,8.788,7.611,0.000,-74.48,0.5431,0.6632,0.6403,0.5723,0.9202,0.6775,0.8245
1232,0,off,0,0,7,15.704,16.393,0.457,10.056,13.429,0.000,-134.95,0.5573,0.7375,0.7225,0.5439,0.8126,0.7478,0.8664
1233,0,off,0,0,2,9.413,11.102,0.019,8.077,9.062,0.000,-55.94,0.7202,0.7344,0.7597,0.6269,0.8704,0.7304,0.8672
1234,0,off,0,2,0,12.427,18.912,0.474,12.057,9.062,0.000,-91.05,0.6949,0.8775,0.8870,0.8743,0.8119,0.6530,0.8300
1235,0,off,0,7,2,23.659,24.219,1.251,18.161,6.735,0.000,-295.79,0.9146,0.9715,0.9684,0.7455,0.4996,0.5470,0.9202
1236,0,off,0,7,2,19.990,20.550,0.768,14.447,6.735,0.000,-215.71,0.9209,0.9368,0.9383,0.8395,0.4696,0.4870,0.7834
1237,1,off,0,7,2,16.411,19.669,0.070,8.949,6.735,0.000,-150.58,0.9447,0.8142,0.8198,0.9921,0.5138,0.6047,0.7968
1238,1,off,0,7,6,16.869,26.491,0.813,16.765,13.339,0.000,-158.19,0.8213,0.7826,0.7874,0.8111,0.9320,0.7518,0.8174
1239,1,off,0,7,6,14.429,20.385,0.852,12.775,13.339,0.000,-120.01,0.7099,0.7802,0.7960,0.6822,0.9518,0.9874,0.8292
1240,1,off,0,7,3,12.550,13.256,0.605,8.406,6.635,0.000,-94.65,0.4664,0.6411,0.7004,0.6704,0.7249,0.9842,0.8213
1241,1,off,0,7,2,11.944,14.968,0.388,8.046,6.735,0.000,-87.25,0.4474,0.6040,0.6585,0.5842,0.5130,0.9621,0.9265
1242,0,off,0,7,5,12.689,16.485,-0.185,7.614,7.611,0.000,-96.42,0.7652,0.5628,0.6182,0.5644,0.3368,0.9826,0.8885
1243,0,off,0,7,5,13.261,16.555,-0.171,7.741,7.611,0.000,-103.84,0.8213,0.5352,0.5794,0.5897,0.3494,0.9771,0.7771
1244,0,off,0,7,15,14.722,17.017,0.785,9.009,15.943,0.000,-124.28,0.5304,0.6506,0.6917,0.6798,0.9091,0.9526,0.7842
1245,0,off,0,7,15,15.678,16.001,0.833,9.513,15.943,0.000,-136.82,0.7162,0.6957,0.7099,0.5455,0.7146,0.8854,0.8063
1246,0,off,0,3,7,12.706,15.888,0.284,9.185,6.635,0.000,-91.36,0.7992,0.5431,0.5447,0.9162,0.7613,0.8364,0.8040
1247,0,off,0,7,5,17.578,19.654,-0.321,11.026,7.611,0.000,-170.41,0.9170,0.8142,0.8340,0.9178,0.6474,0.8111,0.7447
1248,0,off,0,7,5,20.815,23.076,0.044,15.639,7.611,0.000,-232.55,0.7549,0.9755,0.9747,0.9628,0.8134,0.6925,0.7194
1249,0,off,0,5,0,13.235,15.445,0.131,11.308,15.172,0.000,-100.94,0.6111,0.9344,0.9289,0.9881,0.9636,0.5391,0.9162
1250,0,off,0,0,2,10.470,13.526,-0.248,7.987,9.062,0.000,-66.45,0.7747,0.8300,0.8245,0.5905,0.8514,0.4925,0.9138
1251,0,off,0,2,0,9.096,13.142,0.252,7.590,9.062,0.000,-55.20,0.8198,0.8237,0.8316,0.9249,0.9194,0.4988,0.8593
1252,0,off,0,2,0,14.401,18.409,0.158,13.918,9.062,0.000,-117.52,0.6648,0.9225,0.9233,0.7810,0.6791,0.5273,0.7589
1253,0,off,0,7,2,14.585,16.834,0.391,9.281,6.735,0.000,-122.28,0.9257,0.8387,0.8364,0.9281,0.5012,0.5708,0.7304
1254,0,off,0,7,1,15.061,20.006,1.350,11.126,4.391,0.026,-129.34,0.9083,0.5012,0.5067,0.9312,0.4711,0.6719,0.7407
1255,0,off,0,7,3,13.474,16.905,0.477,7.650,6.635,0.000,-106.69,0.7289,0.4617,0.4893,0.4996,0.2198,0.8182,0.7534
1256,0,off,0,7,15,14.848,15.162,0.813,9.091,15.943,0.000,-123.80,0.5779,0.6759,0.6854,0.4292,0.4862,0.9130,0.7874
1257,0,off,0,15,7,14.132,14.798,0.161,8.938,15.943,0.000,-108.81,0.5723,0.6846,0.7028,0.4609,0.5336,0.9225,0.8055
1258,0,off,0,7,3,12.842,15.479,0.467,7.791,6.635,0.000,-98.38,0.6759,0.4838,0.5162,0.5107,0.2372,0.9273,0.7818
1259,0,off,0,7,3,14.221,17.277,0.375,8.332,6.635,0.000,-117.04,0.8933,0.4664,0.5004,0.6213,0.3043,0.9154,0.7368
1260,0,off,0,7,5,15.693,23.423,-0.437,9.144,7.611,0.000,-139.05,0.9407,0.7281,0.7652,0.9455,0.4000,0.8158,0.7320
1261,0,off,0,7,6,21.196,25.413,0.064,18.632,13.339,0.000,-240.56,0.9549,0.9233,0.9352,0.8893,0.3486,0.6656,0.7613
1262,0,off,0,7,6,19.612,23.490,0.939,16.334,13.339,0.000,-208.24,0.8411,0.9447,0.9455,0.9462,0.9731,0.5557,0.8079
1263,0,off,0,7,8,15.796,19.498,0.582,10.957,17.185,0.000,-140.68,0.8245,0.8498,0.8419,0.9557,0.9866,0.5344,0.8387
1264,0,off,0,7,2,17.137,17.292,0.348,10.661,6.735,0.000,-162.32,0.8585,0.6016,0.6142,0.6949,0.9494,0.5826,0.8498
1265,0,off,0,7,2,13.726,17.587,0.306,8.627,6.735,0.000,-110.12,0.5004,0.5723,0.5723,0.5636,0.8625,0.6854,0.8403
1266,0,off,0,5,7,13.641,14.004,0.088,8.846,7.611,0.000,-106.39,0.4126,0.6332,0.6198,0.5763,0.8569,0.7794,0.8609
1267,0,off,0,7,5,15.002,15.530,0.551,10.961,7.611,0.000,-128.45,0.4300,0.7478,0.7360,0.6340,0.9233,0.8585,0.8830
1268,0,off,0,0,2,11.028,12.557,-0.177,9.089,9.062,0.000,-72.44,0.6522,0.7510,0.7747,0.6403,0.8332,0.8775,0.8862
1269,0,off,0,2,7,9.372,16.762,0.055,8.463,6.735,0.000,-57.75,0.5455,0.7660,0.7960,0.8680,0.8087,0.8071,0.8727
1270,0,off,0,2,7,16.100,18.181,-0.322,12.824,6.735,0.000,-143.43,0.6403,0.9107,0.9162,0.8403,0.5929,0.7241,0.8419
1271,0,off,0,7,2,18.850,19.252,0.767,14.101,6.735,0.000,-193.57,0.9091,0.9273,0.9312,0.8119,0.3644,0.6498,0.8261
1272,0,off,0,7,2,14.182,16.522,0.123,8.601,6.735,0.000,-116.49,0.8988,0.6972,0.7130,0.8482,0.4498,0.6213,0.8316
1273,0,off,0,15,7,12.100,15.908,0.113,9.473,15.943,0.000,-82.16,0.8063,0.6458,0.6593,0.4814,0.6601,0.7439,0.8490
1274,0,off,0,15,7,12.663,15.338,0.125,9.591,15.943,0.000,-89.13,0.5320,0.6767,0.6877,0.4593,0.5628,0.8379,0.8569
1275,0,off,0,7,3,13.098,14.982,0.730,7.966,6.635,0.000,-101.70,0.4593,0.4949,0.5170,0.5581,0.4909,0.8933,0.8379
1276,0,off,0,7,3,12.845,15.195,0.297,8.479,6.635,0.000,-98.42,0.8435,0.4806,0.5107,0.5020,0.2451,0.9202,0.8024
1277,0,off,0,7,3,13.503,16.717,0.319,8.436,6.635,0.000,-107.08,0.8893,0.4648,0.4964,0.5217,0.2664,0.8767,0.7700
1278,0,off,0,7,5,15.308,23.006,-0.439,9.520,7.611,0.000,-133.08,0.9447,0.7209,0.7613,0.8925,0.3399,0.8055,0.7581
1279,0,off,0,7,5,16.820,22.760,0.116,12.312,7.611,0.000,-157.38,0.8727,0.8846,0.9036,0.7992,0.7478,0.6806,0.7779
1280,0,off,0,7,6,16.275,22.534,0.874,14.612,13.339,0.000,-148.35,0.8316,0.9099,0.9059,0.9225,0.9581,0.6024,0.8103
1281,0,off,0,7,6,17.414,23.467,0.767,16.752,13.339,0.000,-167.55,0.8593,0.8182,0.8126,0.7123,0.9960,0.5810,0.8206
1282,0,off,0,2,7,11.540,14.736,0.539,8.715,6.735,0.000,-80.41,0.6063,0.5668,0.5763,0.5447,0.7937,0.5945,0.8134
1283,0,off,0,7,5,14.489,17.757,0.230,8.692,7.611,0.000,-120.89,0.7091,0.6901,0.6870,0.7787,0.6980,0.6553,0.8111
1284,0,off,0,5,7,9.832,14.596,0.093,8.184,7.611,0.000,-61.68,0.4751,0.8024,0.7897,0.7881,0.9067,0.7162,0.8372
1285,0,off,0,0,7,14.910,15.639,0.437,9.993,13.429,0.000,-122.78,0.5099,0.7763,0.7684,0.8498,0.8182,0.7723,0.8711
1286,0,off,0,2,0,8.472,11.887,0.561,7.814,9.062,0.000,-49.71,0.6577,0.7573,0.7874,0.9217,0.9186,0.7708,0.8625
1287,0,off,0,2,0,14.013,20.412,0.429,13.408,9.062,0.000,-112.01,0.6925,0.9004,0.9099,0.9028,0.8253,0.7130,0.8190
1288,0,off,0,7,2,23.328,24.426,1.242,18.554,6.735,0.000,-288.01,0.9154,0.9802,0.9810,0.7478,0.4964,0.6142,0.7652
1289,0,off,0,7,2,16.768,17.378,0.531,11.588,6.735,0.000,-156.51,0.9265,0.8901,0.8996,0.8458,0.4577,0.5565,0.7352
1290,0,off,0,7,1,13.717,19.967,1.256,10.827,4.391,0.026,-110.00,0.9455,0.6166,0.6411,0.9375,0.4466,0.6490,0.7375
1291,0,off,0,15,7,12.019,15.253,0.136,9.219,15.943,0.000,-81.18,0.6182,0.6917,0.7020,0.4925,0.5715,0.8664,0.7755
1292,0,off,0,15,7,13.421,15.181,0.146,9.609,15.943,0.000,-99.02,0.5020,0.7194,0.7502,0.6111,0.5889,0.9383,0.7984
1293,0,off,0,7,3,11.820,15.230,0.534,7.075,6.635,0.000,-85.77,0.6316,0.5320,0.5897,0.5360,0.2798,0.9502,0.7494
1294,0,off,0,7,3,12.605,15.869,0.308,7.823,6.635,0.000,-95.37,0.8688,0.5281,0.5747,0.4877,0.1755,0.9636,0.6933
1295,0,off,0,7,5,14.168,18.326,-0.127,8.476,7.611,0.000,-116.29,0.9194,0.5091,0.5360,0.5787,0.2996,0.9368,0.6791
1296,0,off,0,7,5,14.275,19.913,-0.238,8.353,7.611,0.000,-117.81,0.9494,0.5976,0.6356,0.9004,0.3542,0.8593,0.6822
1297,0,off,0,7,6,16.502,20.906,0.898,14.084,13.339,0.000,-152.08,0.8751,0.8925,0.9067,0.9075,0.9794,0.8047,0.7020
1298,1,off,0,7,8,15.525,20.995,0.613,11.421,17.185,0.000,-136.44,0.8008,0.9091,0.9075,0.9668,0.9755,0.7083,0.7478
1299,1,off,0,2,0,10.139,13.736,0.593,9.662,9.062,0.000,-65.23,0.7502,0.7534,0.7676,0.9779,0.9344,0.6150,0.8877
1300,1,off,0,7,2,16.971,20.592,0.869,11.402,6.735,0.000,-159.93,0.7352,0.9178,0.9217,0.9794,0.9257,0.6087,0.7233
1301,0,off,0,6,7,19.653,22.857,0.607,18.636,13.339,0.000,-207.65,0.6079,0.9881,0.9881,0.7605,0.8538,0.6735,0.7660
1302,0,off,0,7,6,17.680,19.874,0.264,16.123,13.339,0.000,-172.20,0.4775,0.9874,0.9858,0.9787,0.9407,0.6561,0.8198
1303,0,off,0,0,7,15.026,16.763,0.349,8.563,13.429,0.000,-124.52,0.5881,0.8877,0.8909,0.9067,0.8877,0.6814,0.8530
1304,0,off,0,7,9,15.945,19.303,0.213,10.112,14.583,0.000,-143.04,0.9486,0.7012,0.7423,0.7304,0.9304,0.7123,0.8364
1305,0,off,0,7,3,13.817,14.734,0.885,8.764,6.635,0.000,-111.37,0.7755,0.6269,0.6751,0.7581,0.7692,0.8348,0.8047
1306,0,off,0,7,3,12.574,21.605,0.698,7.424,6.635,0.000,-94.98,0.6379,0.6134,0.6838,0.7020,0.3929,0.9589,0.7747
1307,0,off,0,7,3,11.877,19.300,0.387,8.069,6.635,0.000,-86.45,0.6427,0.6395,0.7209,0.6055,0.2893,0.9842,0.8870
1308,0,off,0,7,5,12.288,14.743,-0.119,8.145,7.611,0.000,-91.42,0.6087,0.6356,0.7170,0.6000,0.4798,0.9897,0.7344
1309,0,off,0,7,6,14.588,17.441,0.826,12.146,13.339,0.000,-122.33,0.5802,0.8198,0.8395,0.6356,0.8198,0.9889,0.7478
1310,0,off,0,7,6,14.692,17.169,0.801,12.445,13.339,0.000,-123.84,0.5628,0.8206,0.8379,0.7012,0.9209,0.9834,0.7391
1311,0,off,0,7,5,13.237,16.747,-0.181,8.784,7.611,0.000,-103.53,0.8285,0.5992,0.6585,0.6791,0.4126,0.9818,0.6783
1312,0,off,0,7,3,13.990,18.180,0.430,8.255,6.635,0.000,-113.78,0.9130,0.5336,0.5787,0.6846,0.2435,0.9731,0.6514
1313,0,off,0,7,5,15.538,23.411,-0.431,9.607,7.611,0.000,-136.63,0.9581,0.7755,0.8047,0.9731,0.3249,0.9162,0.6451
1314,0,off,0,7,6,21.530,25.262,0.072,18.860,13.339,0.000,-247.68,0.9652,0.9383,0.9478,0.9589,0.3660,0.7375,0.6640
1315,0,off,0,7,6,19.265,24.096,0.890,16.816,13.339,0.000,-201.48,0.8498,0.9518,0.9542,0.9518,0.9613,0.6466,0.9099
1316,0,off,0,7,8,16.215,18.149,0.570,11.228,17.185,0.000,-147.38,0.8024,0.8553,0.8506,0.9565,0.9739,0.5802,0.7549
1317,0,off,0,2,7,13.160,16.602,0.537,9.283,6.735,0.000,-100.42,0.7897,0.6261,0.6443,0.6395,0.8925,0.5715,0.7573
1318,0,off,0,7,5,15.204,17.109,0.234,8.569,7.611,0.000,-131.50,0.7059,0.6111,0.6213,0.5858,0.7779,0.6949,0.7265
1319,0,off,0,5,7,12.178,15.652,0.070,8.320,7.611,0.000,-87.49,0.5731,0.6830,0.6632,0.5881,0.9123,0.7787,0.7826
1320,0,off,0,0,7,12.652,16.911,0.410,10.139,13.429,0.000,-91.67,0.5858,0.7866,0.7763,0.6419,0.9423,0.8387,0.8395
1321,0,off,0,0,2,10.432,14.876,-0.204,8.737,9.062,0.000,-66.05,0.8458,0.7968,0.8095,0.6443,0.8846,0.8435,0.8585
1322,0,off,0,2,7,11.540,19.159,-0.102,10.247,6.735,0.000,-80.41,0.8032,0.8704,0.8846,0.9233,0.8854,0.7715,0.8182
1323,0,off,0,2,7,20.857,22.428,-0.518,16.013,6.735,0.000,-231.34,0.8142,0.9700,0.9700,0.8933,0.6617,0.6798,0.8759
1324,0,off,0,7,2,22.108,22.678,0.932,16.972,6.735,0.000,-260.31,0.9012,0.9794,0.9779,0.7423,0.4071,0.6103,0.6988
1325,0,off,0,7,2,15.185,18.269,0.285,10.070,6.735,0.000,-131.22,0.9502,0.8403,0.8435,0.8988,0.4751,0.6221,0.7028
1326,0,off,0,15,7,10.690,16.392,0.077,8.914,15.943,0.000,-66.09,0.6838,0.7202,0.7320,0.9486,0.7549,0.7644,0.7257
1327,0,off,0,15,7,12.567,15.950,0.131,9.628,15.943,0.000,-87.92,0.6229,0.7186,0.7486,0.6538,0.6688,0.8751,0.7692
1328,0,off,0,7,3,13.668,17.498,0.830,7.722,6.635,0.000,-109.33,0.5889,0.5518,0.6032,0.6498,0.4783,0.9470,0.7518
1329,0,off,0,7,5,12.579,16.791,-0.161,7.732,7.611,0.000,-95.03,0.7850,0.5447,0.6008,0.4917,0.1628,0.9723,0.6893
1330,0,off,0,7,5,13.270,17.430,-0.130,7.906,7.611,0.000,-103.97,0.8522,0.5289,0.5731,0.4830,0.1455,0.9684,0.6743
1331,0,off,0,7,5,14.051,18.328,-0.122,8.271,7.611,0.000,-114.63,0.9107,0.5146,0.5423,0.5731,0.2957,0.9447,0.6798
1332,0,off,0,7,5,14.330,15.260,0.491,7.608,7.611,0.000,-118.60,0.8134,0.6561,0.6972,0.8577,0.7431,0.8696,0.6917
1333,0,off,0,7,8,15.726,22.565,0.579,11.826,17.185,0.000,-139.57,0.8490,0.8767,0.8806,0.8285,0.9668,0.7960,0.7281
1334,0,off,0,7,6,19.406,24.618,0.770,18.109,13.339,0.000,-204.21,0.8775,0.8759,0.8751,0.9802,0.9937,0.7360,0.7439
1335,0,off,0,2,7,16.314,20.018,-0.155,12.044,6.735,0.000,-146.90,0.6656,0.9123,0.9209,0.9209,0.8324,0.6909,0.7059
1336,0,off,0,6,7,21.126,22.833,0.680,18.843,13.339,0.000,-237.69,0.8095,0.9858,0.9874,0.7597,0.7352,0.6933,0.7043
1337,0,off,0,5,7,15.989,17.191,0.587,12.750,7.611,0.000,-141.17,0.4949,0.9810,0.9708,0.9265,0.9107,0.7146,0.7858
1338,0,off,0,7,0,16.627,17.056,0.659,8.909,13.429,0.000,-154.10,0.5771,0.8830,0.8822,0.8632,0.8300,0.7455,0.8356
1339,0,off,0,2,0,12.674,14.630,0.527,13.156,9.062,0.000,-94.15,0.9202,0.7802,0.7953,0.6775,0.9099,0.7170,0.8443
1340,0,off,0,7,2,15.357,15.512,0.469,9.837,6.735,0.000,-133.28,0.8632,0.6814,0.7146,0.7075,0.8498,0.7518,0.8174
1341,0,off,0,7,2,12.581,17.867,0.072,8.951,6.735,0.000,-95.06,0.8324,0.6277,0.6609,0.6941,0.5249,0.8759,0.7889
1342,0,off,0,7,5,13.171,16.766,-0.135,8.984,7.611,0.000,-102.65,0.8482,0.6182,0.6680,0.6316,0.3874,0.9557,0.7526
1343,0,off,0,7,5,12.443,14.487,-0.123,8.199,7.611,0.000,-93.33,0.7115,0.5889,0.6490,0.5462,0.2822,0.9802,0.7605
1344,0,off,0,7,15,15.112,15.277,0.832,9.580,15.943,0.000,-125.64,0.5202,0.7723,0.8024,0.5383,0.5186,0.9874,0.7929
1345,0,off,0,15,7,14.940,15.039,0.152,9.795,15.943,0.000,-120.56,0.5344,0.7534,0.7905,0.5170,0.5154,0.9763,0.7960
1346,0,off,0,7,3,12.382,15.268,0.400,7.684,6.635,0.000,-92.57,0.7273,0.5375,0.5866,0.5273,0.2261,0.9628,0.7296
1347,0,off,0,7,3,13.757,15.810,0.307,8.612,6.635,0.000,-110.55,0.9043,0.5684,0.6134,0.9613,0.2688,0.9621,0.6648
1348,0,off,0,7,6,17.753,25.858,-0.020,16.595,13.339,0.000,-173.50,0.9668,0.8482,0.8640,0.9723,0.3115,0.8901,0.6530
1349,0,off,0,7,6,22.875,25.359,0.097,19.737,13.339,0.000,-277.55,0.9708,0.9644,0.9723,0.7692,0.3257,0.7115,0.7897
1350,0,off,0,7,6,21.012,22.880,0.907,17.094,13.339,0.000,-236.67,0.8806,0.9731,0.9763,0.9708,0.9779,0.5613,0.8988
1351,0,off,0,7,8,16.371,20.849,0.615,12.135,17.185,0.000,-149.92,0.8277,0.9130,0.9091,0.9684,0.9905,0.5415,0.7431
1352,0,off,0,7,9,18.325,19.677,0.180,10.428,14.583,0.000,-183.83,0.9858,0.7391,0.7455,0.7399,0.9834,0.6206,0.7787
1353,0,off,0,7,0,13.938,16.953,0.263,9.564,13.429,0.000,-113.05,0.6055,0.6443,0.6704,0.6506,0.8933,0.7628,0.7708
1354,0,off,0,7,5,12.897,18.858,0.391,8.899,7.611,0.000,-99.09,0.4514,0.6862,0.6893,0.5992,0.7739,0.8727,0.8087
1355,0,off,0,0,7,13.885,14.829,0.460,10.307,13.429,0.000,-108.04,0.4664,0.8063,0.8087,0.6047,0.9273,0.9439,0.8538
1356,0,off,0,0,7,14.215,15.834,0.368,9.173,13.429,0.000,-112.66,0.4901,0.8111,0.8237,0.5700,0.7731,0.9597,0.8656
1357,0,off,0,2,7,10.133,16.990,0.252,8.898,6.735,0.000,-65.17,0.5494,0.7407,0.7802,0.6103,0.8277,0.9462,0.8514
1358,0,off,0,2,7,8.995,15.474,0.310,8.251,6.735,0.000,-54.28,0.7051,0.6680,0.6964,0.5470,0.7123,0.9123,0.7984
1359,0,off,0,2,7,15.499,16.030,0.518,10.002,6.735,0.000,-133.94,0.9304,0.8411,0.8498,0.9059,0.4585,0.8577,0.7336
1360,0,off,0,7,2,21.606,22.459,0.811,16.135,6.735,0.000,-249.33,0.9391,0.9542,0.9644,0.8688,0.4213,0.7866,0.7012
1361,0,off,0,6,7,20.678,24.069,-0.067,17.344,13.339,0.000,-228.33,0.7818,0.9747,0.9794,0.8775,0.7905,0.7036,0.6972
1362,0,off,0,7,15,17.680,20.207,1.018,10.533,15.943,0.000,-172.22,0.7518,0.8680,0.8696,0.8735,0.7091,0.6972,0.7399
1363,0,off,0,7,3,16.306,19.501,1.192,7.381,6.635,0.000,-148.86,0.9534,0.5739,0.5826,0.7138,0.7233,0.8087,0.7423
1364,0,off,0,7,3,13.770,16.839,0.453,8.204,6.635,0.000,-110.72,0.8047,0.5304,0.5708,0.5953,0.2206,0.9186,0.6980
1365,0,off,0,7,5,13.497,16.772,-0.137,7.943,7.611,0.000,-107.00,0.8332,0.5439,0.5913,0.4893,0.1328,0.9542,0.6854
1366,0,off,0,7,5,13.945,18.210,-0.120,8.205,7.611,0.000,-113.15,0.8292,0.5296,0.5668,0.6071,0.2767,0.9494,0.6901
1367,0,off,0,7,5,14.359,18.612,-0.105,8.301,7.611,0.000,-119.01,0.8838,0.5170,0.5399,0.6348,0.3162,0.9115,0.6996
1368,0,off,0,7,8,15.031,23.656,0.554,10.474,17.185,0.000,-128.88,0.7431,0.8000,0.8055,0.6632,0.9565,0.9020,0.7225
1369,0,off,0,7,3,16.526,24.164,0.266,10.047,6.635,0.000,-152.47,0.7344,0.8506,0.8522,0.6783,0.9810,0.8632,0.7565
1370,0,off,0,2,7,11.889,17.114,0.117,9.004,6.735,0.000,-84.50,0.6545,0.8348,0.8530,0.9099,0.8640,0.7858,0.7383
1371,0,off,0,7,6,20.731,21.601,0.312,17.878,13.339,0.000,-230.82,0.7486,0.9628,0.9668,0.9391,0.8411,0.7462,0.7091
1372,0,off,0,7,5,19.348,19.733,0.159,14.929,7.611,0.000,-203.09,0.5565,0.9866,0.9866,0.9478,0.9138,0.7075,0.7486
1373,0,off,0,5,0,15.932,16.633,0.483,8.628,15.172,0.000,-140.27,0.4806,0.9320,0.9249,0.8917,0.9004,0.7028,0.8229
1374,0,off,0,0,2,11.009,12.819,-0.152,9.239,9.062,0.000,-72.23,0.8466,0.7945,0.8016,0.6411,0.8632,0.6672,0.8458
1375,0,off,0,2,7,13.192,16.893,0.394,9.397,6.735,0.000,-100.84,0.8379,0.6996,0.7289,0.6727,0.8609,0.6577,0.8213
1376,0,off,0,2,7,12.199,13.671,0.449,8.310,6.735,0.000,-88.24,0.7099,0.6364,0.6569,0.6601,0.6719,0.7763,0.7739
1377,0,off,0,7,2,14.197,16.553,-0.051,9.269,6.735,0.000,-116.70,0.9028,0.5866,0.6158,0.5526,0.3636,0.9028,0.7249
1378,0,off,0,7,5,14.144,15.241,-0.141,8.602,7.611,0.000,-115.94,0.8877,0.5486,0.5889,0.4885,0.2791,0.9407,0.7075
1379,0,off,0,15,7,14.848,16.270,0.133,9.919,15.943,0.000,-119.19,0.6854,0.7178,0.7510,0.5668,0.6767,0.9486,0.6957
1380,0,off,0,15,7,13.454,15.365,0.130,8.713,15.943,0.000,-99.46,0.6490,0.7130,0.7336,0.4474,0.5178,0.9344,0.7083
1381,0,off,0,7,3,14.038,14.057,0.576,7.966,6.635,0.000,-109.43,0.7194,0.5162,0.5352,0.5043,0.4166,0.9012,0.6759
1382,0,off,0,7,3,16.467,20.395,0.117,12.574,6.635,0.000,-151.49,0.9470,0.7787,0.8032,0.9154,0.3233,0.8885,0.6300
1383,0,off,0,7,6,21.527,25.348,0.080,19.042,13.339,0.000,-247.62,0.9692,0.9407,0.9494,0.9542,0.3320,0.7802,0.6040
1384,0,off,0,7,6,23.812,25.330,0.118,20.269,13.339,0.000,-299.42,0.9636,0.9613,0.9692,0.7407,0.2379,0.6087,0.8996
1385,0,off,0,7,6,18.734,23.524,0.146,17.255,13.339,0.000,-191.39,0.8743,0.9431,0.9502,0.9036,0.7178,0.5518,0.6846
1386,0,off,0,7,6,16.520,23.386,0.934,14.774,13.339,0.000,-152.38,0.8648,0.9312,0.9320,0.9636,0.9826,0.6316,0.6830
1387,0,off,0,3,7,15.016,17.088,0.097,9.248,6.635,0.000,-123.38,0.9099,0.8458,0.8443,0.7715,0.9968,0.7692,0.7186
1388,0,off,0,7,2,13.546,16.708,0.335,9.320,6.735,0.000,-107.67,0.5138,0.6474,0.6925,0.7209,0.8024,0.8783,0.7099
1389,0,off,0,7,2,12.172,19.635,-0.285,8.684,6.735,0.000,-90.00,0.6095,0.7020,0.7447,0.6838,0.7968,0.9700,0.7138
1390,0,off,0,5,7,9.625,13.377,0.040,8.264,7.611,0.000,-59.67,0.4356,0.8087,0.8221,0.6474,0.8751,0.9921,0.7913
1391,0,off,0,7,0,12.597,15.805,0.525,9.421,13.429,0.000,-95.26,0.4198,0.8435,0.8632,0.6277,0.7976,0.9945,0.8482
1392,0,off,0,2,0,8.756,11.256,0.623,8.050,9.062,0.000,-52.16,0.3818,0.8395,0.8680,0.6830,0.8775,0.9905,0.8466
1393,0,off,0,2,7,9.444,14.548,0.259,8.221,6.735,0.000,-58.42,0.4640,0.7613,0.8071,0.6300,0.7945,0.9850,0.7866
1394,0,off,0,7,2,11.616,13.349,0.318,7.525,6.735,0.000,-83.38,0.7874,0.6466,0.6806,0.5779,0.4593,0.9755,0.6949
1395,0,off,0,7,2,14.335,16.260,-0.031,8.863,6.735,0.000,-118.66,0.9273,0.5850,0.6166,0.6285,0.4221,0.9660,0.6609
1396,0,off,0,7,2,15.040,16.848,0.174,8.621,6.735,0.000,-129.02,0.9281,0.7107,0.7534,0.9202,0.3589,0.9352,0.6372
1397,0,off,0,6,7,22.648,24.426,-0.092,18.186,13.339,0.000,-271.00,0.7708,0.9787,0.9826,0.9020,0.6332,0.8846,0.6198
1398,0,off,0,7,6,22.074,22.930,1.084,17.020,13.339,0.000,-259.55,0.6917,0.9494,0.9549,0.8308,0.6506,0.7605,0.6348
1399,0,off,0,3,7,14.161,14.907,0.425,7.983,6.635,0.000,-110.90,0.8767,0.6095,0.6332,0.9407,0.3984,0.7051,0.6253
1400,0,off,0,7,3,14.700,14.933,0.309,8.018,6.635,0.000,-121.98,0.8577,0.5083,0.5265,0.4198,0.1186,0.8103,0.5834
1401,0,off,0,7,5,15.572,16.258,-0.114,7.773,7.611,0.000,-137.17,0.8791,0.5115,0.5289,0.4870,0.1992,0.8269,0.5763
1402,0,off,0,7,5,17.680,23.414,-0.478,10.530,7.611,0.000,-172.22,0.9249,0.8158,0.8269,0.8474,0.2806,0.7953,0.5984
1403,0,off,0,7,6,21.196,21.641,0.909,16.869,13.339,0.000,-240.56,0.8387,0.9692,0.9739,0.8783,0.9644,0.7391,0.6395
1404,0,off,0,7,8,16.746,23.864,0.601,12.803,17.185,0.000,-156.12,0.8071,0.9217,0.9194,0.9660,0.9858,0.7194,0.6735
1405,0,off,0,7,2,18.697,18.893,0.394,10.205,6.735,0.000,-190.53,0.9557,0.7557,0.7644,0.7028,0.9605,0.7573,0.6814
1406,0,off,0,7,2,15.463,16.727,0.431,8.638,6.735,0.000,-135.48,0.5913,0.6427,0.6656,0.6229,0.8466,0.8166,0.6569
1407,0,off,0,7,5,14.394,17.114,0.336,8.438,7.611,0.000,-119.51,0.6126,0.6719,0.6719,0.5976,0.7115,0.8814,0.6553
1408,0,off,0,5,7,9.809,18.275,-0.087,8.485,7.611,0.000,-61.45,0.4237,0.7881,0.7818,0.7676,0.9715,0.9257,0.7162
1409,0,off,0,0,7,14.525,16.830,0.407,9.347,13.429,0.000,-117.12,0.5478,0.8071,0.8166,0.5810,0.8261,0.9320,0.8032
1410,0,off,0,2,0,8.056,13.132,0.486,7.317,9.062,0.000,-46.28,0.7605,0.8308,0.8451,0.9692,0.9296,0.9075,0.7621
1411,0,off,0,2,0,14.277,20.214,0.404,14.422,9.062,0.000,-115.74,0.7320,0.9399,0.9423,0.9383,0.7763,0.8490,0.6593
1412,0,off,0,7,2,23.057,23.363,1.046,17.452,6.735,0.000,-281.73,0.9020,0.9826,0.9842,0.7518,0.3937,0.7652,0.6079
1413,0,off,0,7,2,15.825,16.395,0.361,9.752,6.735,0.000,-141.13,0.8996,0.8514,0.8482,0.8538,0.4063,0.7186,0.5968
1414,0,off,0,7,1,14.148,16.360,1.173,8.963,4.391,0.026,-116.01,0.7312,0.5257,0.5344,0.5715,0.3921,0.8261,0.6063
1415,0,off,0,15,7,11.920,16.240,0.111,8.947,15.943,0.000,-80.00,0.6237,0.7415,0.7581,0.5771,0.6269,0.9312,0.6340
1416,0,off,0,15,7,12.263,15.896,0.143,9.339,15.943,0.000,-84.14,0.4988,0.7605,0.7810,0.6767,0.7447,0.9534,0.6324
1417,0,off,0,7,3,12.763,16.290,0.363,7.733,6.635,0.000,-97.36,0.6830,0.5557,0.5929,0.5296,0.1889,0.9692,0.5858
1418,0,off,0,7,5,14.475,17.280,-0.139,7.580,7.611,0.000,-120.67,0.7960,0.5407,0.5628,0.6166,0.2103,0.9676,0.5502
1419,0,off,0,7,1,15.600,20.324,0.857,11.097,4.391,0.026,-137.61,0.9478,0.6854,0.7178,0.9194,0.2593,0.9455,0.5391
1420,0,off,0,7,6,20.265,25.667,0.046,18.600,13.339,0.000,-221.25,0.9573,0.9051,0.9146,0.9423,0.3470,0.8862,0.5423
1421,0,off,0,7,6,19.579,22.379,0.943,16.473,13.339,0.000,-207.59,0.7257,0.9660,0.9621,0.9399,0.9542,0.8292,0.6269
1422,0,off,0,7,8,16.215,20.483,0.542,11.956,17.185,0.000,-147.37,0.7336,0.8711,0.8625,0.9439,0.9708,0.7526,0.5960
1423,0,off,0,2,7,12.155,16.210,0.497,8.130,6.735,0.000,-87.70,0.7391,0.6387,0.6506,0.6379,0.8806,0.7099,0.6016
1424,0,off,0,7,2,14.163,15.199,0.428,7.800,6.735,0.000,-116.21,0.5897,0.6213,0.6292,0.6134,0.8419,0.7937,0.5810
1425,0,off,0,5,7,13.032,14.956,0.143,7.729,7.611,0.000,-98.26,0.4617,0.6775,0.6617,0.6190,0.8593,0.8601,0.6126
1426,0,off,0,0,5,14.247,14.833,0.550,9.138,15.172,0.000,-113.12,0.4182,0.7874,0.7731,0.6008,0.8885,0.9004,0.6838
1427,0,beyond,0,0,2,7.986,11.849,-0.152,6.752,9.062,0.000,-43.52,0.6008,0.7960,0.8008,0.5866,0.7628,0.8941,0.7130
1428,0,off,0,2,0,9.945,18.764,0.494,9.082,9.062,0.000,-63.28,0.6585,0.8601,0.8656,0.9368,0.8379,0.8617,0.6474
1429,0,off,0,2,7,19.262,22.411,-0.509,14.921,6.735,0.000,-199.35,0.7502,0.9581,0.9597,0.9051,0.5881,0.7621,0.8798
1430,0,off,0,2,7,22.390,22.974,0.047,16.452,6.735,0.000,-264.48,0.8253,0.9779,0.9731,0.7439,0.3842,0.6285,0.8269
1431,0,off,0,7,2,16.672,18.194,0.314,9.584,6.735,0.000,-154.90,0.8814,0.8530,0.8545,0.9130,0.4332,0.6458,0.5296
1432,0,off,0,15,7,11.158,15.844,0.108,7.253,15.943,0.000,-71.20,0.6735,0.6877,0.6949,0.9605,0.8308,0.7660,0.5462
1433,0,off,0,15,7,10.701,15.832,0.080,8.194,15.943,0.000,-66.21,0.6395,0.7225,0.7257,0.5802,0.5874,0.8996,0.5771
1434,0,beyond,0,7,3,14.372,17.320,1.015,6.765,6.635,0.000,-119.19,0.6664,0.6206,0.6364,0.6648,0.6403,0.9613,0.5731
1435,0,off,0,7,3,12.483,16.634,0.328,7.612,6.635,0.000,-93.84,0.6601,0.5605,0.5842,0.4949,0.1557,0.9747,0.5289
1436,0,off,0,7,5,13.761,17.259,-0.136,7.182,7.611,0.000,-110.60,0.7557,0.5455,0.5573,0.5249,0.1684,0.9739,0.5075
1437,0,off,0,7,1,14.183,17.565,1.003,8.798,4.391,0.026,-116.50,0.8126,0.5209,0.5320,0.5518,0.2008,0.9581,0.5043
1438,0,off,0,7,1,15.459,17.643,0.807,8.981,4.391,0.026,-135.40,0.7802,0.5897,0.5945,0.8300,0.6308,0.9217,0.5146
1439,0,off,0,5,7,11.082,17.155,0.220,7.126,7.611,0.000,-74.75,0.7375,0.7431,0.7375,0.8348,0.7004,0.8957,0.5312
1440,0,off,0,0,5,10.102,17.823,0.252,9.224,15.172,0.000,-62.66,0.5621,0.8245,0.8111,0.6292,0.8957,0.8482,0.6071
1441,0,beyond,0,0,2,8.376,15.241,-0.231,6.575,9.062,0.000,-46.71,0.6047,0.8372,0.8324,0.5605,0.7810,0.7826,0.7004
1442,0,off,0,2,0,10.139,15.901,-0.002,9.880,9.062,0.000,-65.22,0.6901,0.8798,0.8862,0.8972,0.8617,0.7399,0.9170
1443,0,off,0,2,7,17.457,22.767,-0.489,13.990,6.735,0.000,-166.21,0.7937,0.9573,0.9581,0.8798,0.6545,0.6545,0.9644
1444,0,off,0,2,7,22.448,24.430,0.005,16.652,6.735,0.000,-265.78,0.8870,0.9834,0.9834,0.7526,0.4308,0.5549,0.9676
1445,0,off,0,2,7,22.115,22.159,0.230,15.579,6.735,0.000,-258.31,0.8980,0.9708,0.9676,0.9043,0.4040,0.5526,0.9075
1446,0,off,0,7,3,16.361,19.628,0.514,11.200,6.635,0.000,-149.77,0.9810,0.8150,0.8174,0.9794,0.4047,0.6387,0.5660
1447,0,off,0,15,7,10.867,17.386,0.119,8.522,15.943,0.000,-68.00,0.7984,0.7123,0.7115,0.7130,0.6095,0.8372,0.5913
1448,0,off,0,15,7,13.006,16.020,0.125,8.664,15.943,0.000,-93.53,0.7589,0.7589,0.7771,0.6933,0.5494,0.9399,0.6285
1449,0,off,0,7,3,12.508,18.071,0.678,7.100,6.635,0.000,-94.15,0.5866,0.6000,0.6379,0.6577,0.2617,0.9652,0.6625
1450,0,off,0,7,5,12.267,16.940,-0.130,7.214,7.611,0.000,-91.16,0.6506,0.6087,0.6458,0.5565,0.1605,0.9858,0.5739
1451,0,off,0,7,5,12.812,18.856,-0.150,7.472,7.611,0.000,-98.00,0.7929,0.5881,0.6190,0.5794,0.1976,0.9866,0.5676
1452,0,off,0,7,1,14.046,16.399,0.893,9.298,4.391,0.026,-114.56,0.7383,0.5581,0.5771,0.6617,0.5534,0.9787,0.5802
1453,0,off,0,7,6,15.409,23.589,0.671,15.579,13.339,0.000,-134.64,0.7494,0.7708,0.7858,0.7154,0.9850,0.9644,0.5937
1454,1,off,0,7,11,243.750,256.556,-1.341,150.477,14.245,0.000,-29722.90,0.9992,0.9992,0.9992,0.9984,1.0000,1.0000,1.0000
1455,1,off,0,1,7,208.076,208.485,-5.113,182.186,4.391,0.026,-21657.32,0.9992,1.0000,1.0000,0.9984,0.9992,1.0000,1.0000
1456,1,off,0,1,7,186.407,223.116,-6.208,193.333,4.391,0.026,-17383.16,0.9976,0.9992,0.9992,0.9984,0.9992,1.0000,1.0000
1457,1,off,0,7,6,133.186,223.211,0.476,135.522,13.339,0.000,-8885.15,0.9976,0.9486,0.9273,0.9984,0.9945,0.4000,0.8316
1458,1,off,0,7,6,132.812,233.748,0.292,144.965,13.339,0.000,-8835.42,0.8166,0.9723,0.9549,0.9668,0.9312,0.5067,0.9581
1459,1,off,0,7,5,135.849,139.979,2.493,58.453,7.611,0.000,-9243.45,0.7597,0.9470,0.9557,0.9976,0.9352,0.6166,0.9984
1460,1,off,0,1,7,42.989,44.677,0.548,38.563,4.391,0.026,-933.43,0.6980,0.9937,0.9945,0.9937,0.8427,0.6387,1.0000
1461,1,off,0,7,1,268.697,312.954,7.650,236.820,4.391,0.026,-36114.85,0.9992,1.0000,1.0000,0.9984,0.8996,1.0000,1.0000
1462,1,off,0,7,6,317.751,415.970,2.438,301.616,13.339,0.000,-50498.67,0.9992,1.0000,1.0000,0.9984,0.8909,1.0000,1.0000
1463,0,off,0,7,6,268.144,355.161,2.827,256.772,13.339,0.000,-35966.51,0.9984,0.9976,0.9976,0.9984,0.9976,0.8964,0.9984
1464,0,off,0,15,7,20.462,21.610,0.025,12.009,15.943,0.000,-218.31,0.9850,0.8909,0.8988,0.9968,0.8743,0.6174,0.8735
1465,0,off,0,7,3,16.776,23.130,1.398,7.281,6.635,0.000,-156.64,0.9731,0.7091,0.7265,0.7684,0.7794,0.9375,0.8348
1466,0,off,0,7,3,12.530,17.167,0.600,7.054,6.635,0.000,-94.42,0.6696,0.6870,0.7241,0.6964,0.2174,0.9794,0.7937
1467,0,off,0,7,1,12.442,19.368,0.940,9.278,4.391,0.026,-93.32,0.6870,0.7059,0.7542,0.6640,0.2419,0.9913,0.7312
1468,0,off,0,7,5,13.183,14.545,0.162,7.443,7.611,0.000,-102.82,0.6245,0.6885,0.7273,0.7162,0.4806,0.9929,0.7115
1469,0,off,0,5,7,9.987,13.707,0.039,7.179,7.611,0.000,-63.22,0.4419,0.8134,0.8213,0.6656,0.7217,0.9960,0.7455
1470,0,off,0,5,7,9.691,15.560,0.154,7.877,7.611,0.000,-60.31,0.3613,0.8933,0.9043,0.7921,0.9818,0.9968,0.8253
1471,0,off,0,0,2,9.868,13.631,-0.289,7.332,9.062,0.000,-60.32,0.4482,0.8980,0.9130,0.6561,0.7391,0.9937,0.8617
1472,0,off,0,2,0,8.984,14.128,0.279,7.921,9.062,0.000,-54.18,0.4569,0.8577,0.8775,0.6870,0.9075,0.9881,0.8451
1473,0,valley,1,2,7,7.561,14.187,0.234,6.767,6.735,0.000,-42.41,0.5581,0.7628,0.7937,0.6569,0.6395,0.9779,0.7676
1474,0,off,0,2,7,14.806,16.331,0.503,9.321,6.735,0.000,-123.44,0.9186,0.8664,0.8735,0.9526,0.4791,0.9549,0.6941
1475,0,off,0,7,2,22.235,22.269,0.841,15.984,6.735,0.000,-261.55,0.9004,0.9739,0.9771,0.8949,0.3992,0.9178,0.6751
1476,0,off,0,7,6,22.890,24.330,0.194,19.560,13.339,0.000,-277.90,0.8609,0.9771,0.9787,0.8664,0.2609,0.8538,0.6775
1477,1,off,0,7,6,19.698,22.816,1.019,16.143,13.339,0.000,-209.93,0.7273,0.9304,0.9352,0.8885,0.6095,0.8498,0.7028
1478,1,off,0,15,3,13.626,16.475,0.341,10.329,13.802,0.000,-101.79,0.7953,0.7842,0.7976,0.6885,0.7439,0.8893,0.7091
1479,1,off,0,7,2,13.761,19.482,0.136,8.272,6.735,0.000,-110.60,0.7296,0.6538,0.6957,0.6727,0.2593,0.9621,0.9399
1480,1,off,0,7,2,14.039,17.029,0.275,8.393,6.735,0.000,-114.46,0.7810,0.7834,0.7984,0.6870,0.2901,0.9937,0.9818
1481,1,off,0,7,1,13.950,15.952,1.015,10.273,4.391,0.026,-113.22,0.8032,0.8522,0.8601,0.7043,0.3154,0.9984,0.9874
1482,1,off,0,1,7,13.823,14.106,-0.184,9.244,4.391,0.026,-104.95,0.8427,0.8806,0.8862,0.7249,0.3154,0.9984,0.9913
1483,1,off,0,7,8,17.979,26.652,0.605,13.494,17.185,0.000,-177.54,0.8806,0.9154,0.9146,0.8237,0.9708,0.9874,0.9644
1484,0,off,0,7,6,15.494,24.157,0.728,15.749,13.339,0.000,-135.96,0.7123,0.8569,0.8609,0.6743,0.9597,0.9431,0.7415
1485,0,off,0,2,7,12.377,17.071,0.162,7.814,6.735,0.000,-90.42,0.6119,0.8379,0.8514,0.9715,0.8040,0.9043,0.7723
1486,0,off,0,7,6,20.964,22.631,0.271,18.838,13.339,0.000,-235.66,0.5462,0.9763,0.9715,0.9779,0.8862,0.9304,0.7763
1487,0,off,0,5,7,17.545,18.565,0.695,13.338,7.611,0.000,-167.27,0.4893,0.9850,0.9850,0.9494,0.9130,0.9091,0.8142
1488,0,off,0,0,5,14.950,15.988,0.507,7.163,15.172,0.000,-123.38,0.4783,0.9170,0.9051,0.9289,0.8972,0.8711,0.8435
1489,0,off,0,0,2,9.866,12.094,-0.041,8.911,9.062,0.000,-60.30,0.7866,0.8047,0.8150,0.6664,0.8577,0.8245,0.8340
1490,0,off,0,2,7,12.303,16.764,0.424,8.157,6.735,0.000,-89.51,0.7170,0.7099,0.7281,0.6735,0.8245,0.8150,0.7976
1491,0,valley,1,7,2,12.599,13.133,0.293,6.560,6.735,0.000,-95.28,0.7715,0.6372,0.6427,0.5557,0.4087,0.8822,0.7273
1492,0,off,0,7,2,13.501,14.343,0.040,7.143,6.735,0.000,-107.06,0.7842,0.5984,0.6119,0.5162,0.2458,0.9289,0.6885
1493,0,beyond,0,7,5,13.900,14.657,-0.182,6.617,7.611,0.000,-112.52,0.6885,0.5549,0.5557,0.4941,0.2538,0.9415,0.6688
1494,0,off,0,7,6,19.178,21.354,0.938,15.741,13.339,0.000,-199.82,0.5123,0.8838,0.9004,0.8806,0.5960,0.9518,0.6561
1495,0,off,0,7,6,19.788,20.528,1.012,15.525,13.339,0.000,-211.69,0.4727,0.9186,0.9257,0.7723,0.5344,0.8972,0.6617
1496,0,valley,1,7,3,13.293,13.411,0.453,6.885,6.635,0.000,-100.54,0.7004,0.6040,0.5937,0.8506,0.2601,0.8300,0.6332
1497,0,off,0,7,3,14.446,15.024,0.140,8.903,6.635,0.000,-120.23,0.6609,0.6198,0.6261,0.8071,0.1391,0.8648,0.5794
