C:\Users\apart\AppData\Roaming\Python\Python314\site-packages\modal\_utils\async_utils.py:45: DeprecationWarning: 'asyncio.WindowsSelectorEventLoopPolicy' is deprecated and slated for removal in Python 3.16
  asyncio.set_event_loop_policy(asyncio.WindowsSelectorEventLoopPolicy())
C:\Users\apart\AppData\Roaming\Python\Python314\site-packages\modal\_utils\async_utils.py:45: DeprecationWarning: 'asyncio.set_event_loop_policy' is deprecated and slated for removal in Python 3.16
  asyncio.set_event_loop_policy(asyncio.WindowsSelectorEventLoopPolicy())
✓ Initialized. View run at 
https://modal.com/apps/llmcourse/main/ap-psYJi6mjFTFlcSSjTPnm0e
✓ Created objects.
├── 🔨 Created mount E:\Projects\Backlog\LatAD\poc\sota_bundle\modal_sota.py
├── 🔨 Created mount 
│   E:\Projects\Backlog\LatAD\poc\sota_bundle\SWaT_triv_thr.npy
├── 🔨 Created mount E:\Projects\Backlog\LatAD\poc\sota_bundle\SWaT_train.npy
├── 🔨 Created mount E:\Projects\Backlog\LatAD\poc\sota_bundle\SWaT_labels.npy
├── 🔨 Created mount 
│   E:\Projects\Backlog\LatAD\poc\sota_bundle\SWaT_triv_test.npy
├── 🔨 Created mount E:\Projects\Backlog\LatAD\poc\sota_bundle\SWaT_test.npy
├── 🔨 Created mount 
│   E:\Projects\Backlog\LatAD\poc\sota_bundle\HAI_triv_test.npy
├── 🔨 Created mount E:\Projects\Backlog\LatAD\poc\sota_bundle\HAI_triv_thr.npy
├── 🔨 Created mount 
│   E:\Projects\Backlog\LatAD\poc\sota_bundle\wadi_triv_thr.npy
├── 🔨 Created mount E:\Projects\Backlog\LatAD\poc\sota_bundle\HAI_test.npy
├── 🔨 Created mount E:\Projects\Backlog\LatAD\poc\sota_bundle\HAI_labels.npy
├── 🔨 Created mount E:\Projects\Backlog\LatAD\poc\sota_bundle\HAI_train.npy
├── 🔨 Created mount 
│   E:\Projects\Backlog\LatAD\poc\sota_bundle\wadi_triv_test.npy
├── 🔨 Created mount E:\Projects\Backlog\LatAD\poc\sota_bundle\wadi_labels.npy
├── 🔨 Created mount E:\Projects\Backlog\LatAD\poc\sota_bundle\wadi_test.npy
├── 🔨 Created mount E:\Projects\Backlog\LatAD\poc\sota_bundle\wadi_train.npy
└── 🔨 Created function run_one.
[sota] launching 33 parallel jobs: [('WADI', 'USAD', 0), ('WADI', 'USAD', 1), ('WADI', 'USAD', 2), ('WADI', 'USAD', 3), ('WADI', 'USAD', 4), ('WADI', 'TranAD', 0), ('WADI', 'TranAD', 1), ('WADI', 'TranAD', 2), ('WADI', 'TranAD', 3), ('WADI', 'TranAD', 4), ('WADI', 'GDN', 0), ('HAI', 'USAD', 0), ('HAI', 'USAD', 1), ('HAI', 'USAD', 2), ('HAI', 'USAD', 3), ('HAI', 'USAD', 4), ('HAI', 'TranAD', 0), ('HAI', 'TranAD', 1), ('HAI', 'TranAD', 2), ('HAI', 'TranAD', 3), ('HAI', 'TranAD', 4), ('HAI', 'GDN', 0), ('SWaT', 'USAD', 0), ('SWaT', 'USAD', 1), ('SWaT', 'USAD', 2), ('SWaT', 'USAD', 3), ('SWaT', 'USAD', 4), ('SWaT', 'TranAD', 0), ('SWaT', 'TranAD', 1), ('SWaT', 'TranAD', 2), ('SWaT', 'TranAD', 3), ('SWaT', 'TranAD', 4), ('SWaT', 'GDN', 0)]

====
======
== CUDA ==
==========

CUDA Version 12.4.0

Container image Copyright (c) 2016-2023, NVIDIA CORPORATION & AFFILIATES. All rights reserved.

This container image and its contents are governed by the NVIDIA Deep Learning Container License.
By pulling and using the container, you accept the terms and conditions of this license:
https://developer.nvidia.com/ngc/nvidia-deep-learning-container-license

A copy of this license is made available in this container at /NGC-DL-CONTAINER-LICENSE for your convenience.

WARNING: The NVIDIA Driver was not detected.  GPU functionality will not be available.
   Use the NVIDIA Container Toolkit to start this container with GPU support; see
   https://docs.nvidia.com/datacenter/cloud-native/ .


==========
== CUDA ==
==========

CUDA Version 12.4.0

Container image Copyright (c) 2016-2023, NVIDIA CORPORATION & AFFILIATES. All rights reserved.

This container image and its contents are governed by the NVIDIA Deep Learning Container License.
By pulling and using the container, you accept the terms and conditions of this license:
https://developer.nvidia.com/ngc/nvidia-deep-learning-container-license

A copy of this license is made available in this container at /NGC-DL-CONTAINER-LICENSE for your convenience.

===========
== CUDA ==
==========

CUDA Version 12.4.0

Container image Copyright (c) 2016-2023, NVIDIA CORPORATION & AFFILIATES. All rights reserved.

This container image and its contents are governed by the NVIDIA Deep Learning Container License.
By pulling and using the container, you accept the terms and conditions of this license:
https://developer.nvidia.com/ngc/nvidia-deep-learning-container-license

A copy of this license is made available in this container at /NGC-DL-CONTAINER-LICENSE for your convenience.
=========
== CUDA ==
==========

CUDA Version 12.4.0

Container image Copyright (c) 2016-2023, NVIDIA CORPORATION & AFFILIATES. All rights reserved.

This container image and its contents are governed by the NVIDIA Deep Learning Container License.
By pulling and using the container, you accept the terms and conditions of this license:
https://developer.nvidia.com/ngc/nvidia-deep-learning-container-license

A copy of this license is made available in this container at /NGC-DL-CONTAINER-LICENSE for your convenience.

WARNING: The NVIDIA Driver was not detected.  GPU functionality will not be available.
   Use the NVIDIA Container Toolkit to start this container with GPU support; see
   https://docs.nvidia.com/datacenter/cloud-native/ .


WARNING: The NVIDIA Driver was not detected.  GPU functionality will not be available.
   Use the NVIDIA Container Toolkit to start this container with GPU support; see
   https://docs.nvidia.com/datacenter/cloud-native/ .


WARNING: The NVIDIA Driver was not detected.  GPU functionality will not be available.
   Use the NVIDIA Container Toolkit to start this container with GPU support; see
   https://docs.nvidia.com/datacenter/cloud-native/ .


==========
== CUDA ==
==========

CUDA Version 12.4.0

Container image Copyright (c) 2016-2023, NVIDIA CORPORATION & AFFILIATES. All rights reserved.

This container image and its contents are governed by the NVIDIA Deep Learning Container License.
By pulling and using the container, you accept the terms and conditions of this license:
https://developer.nvidia.com/ngc/nvidia-deep-learning-container-license

A copy of this license is made available in this container at /NGC-DL-CONTAINER-LICENSE for your convenience.

WARNING: The NVIDIA Driver was not detected.  GPU functionality will not be available.
   Use the NVIDIA Container Toolkit to start this container with GPU support; see
   https://docs.nvidia.com/datacenter/cloud-native/ .



==========
== CUDA ==
==========

CUDA Version 12.4.0

Container image Copyright (c) 2016-2023, NVIDIA CORPORATION & AFFILIATES. All rights reserved.

This container image and its contents are governed by the NVIDIA Deep Learning Container License.
By pulling and using the container, you accept the terms and conditions of this license:
https://developer.nvidia.com/ngc/nvidia-deep-learning-container-license

A copy of this license is made available in this container at /NGC-DL-CONTAINER-LICENSE for your convenience.

WARNING: The NVIDIA Driver was not detected.  GPU functionality will not be available.
   Use the NVIDIA Container Toolkit to start this container with GPU support; see
   https://docs.nvidia.com/datacenter/cloud-native/ .


==========
== CUDA ==
==========

CUDA Version 12.4.0

Container image Copyright (c) 2016-2023, NVIDIA CORPORATION & AFFILIATES. All rights reserved.

This container image and its contents are governed by the NVIDIA Deep Learning Container License.
By pulling and using the container, you accept the terms and conditions of this license:
https://developer.nvidia.com/ngc/nvidia-deep-learning-container-license

A copy of this license is made available in this container at /NGC-DL-CONTAINER-LICENSE for your convenience.
==========
== CUDA ==
==========

CUDA Version 12.4.0

Container image Copyright (c) 2016-2023, NVIDIA CORPORATION & AFFILIATES. All rights reserved.

This container image and its contents are governed by the NVIDIA Deep Learning Container License.
By pulling and using the container, you accept the terms and conditions of this license:
https://developer.nvidia.com/ngc/nvidia-deep-learning-container-license

A copy of this license is made available in this container at /NGC-DL-CONTAINER-LICENSE for your convenience.

WARNING: The NVIDIA Driver was not detected.  GPU functionality will not be available.
   Use the NVIDIA Container Toolkit to start this container with GPU support; see
   https://docs.nvidia.com/datacenter/cloud-native/ .


WARNING: The NVIDIA Driver was not detected.  GPU functionality will not be available.
   Use the NVIDIA Container Toolkit to start this container with GPU support; see
   https://docs.nvidia.com/datacenter/cloud-native/ .


==
========
== CUDA ==
==========

CUDA Version 12.4.0

Container image Copyright (c) 2016-2023, NVIDIA CORPORATION & AFFILIATES. All rights reserved.

This container image and its contents are governed by the NVIDIA Deep Learning Container License.
By pulling and using the container, you accept the terms and conditions of this license:
https://developer.nvidia.com/ngc/nvidia-deep-learning-container-license

A copy of this license is made available in this container at /NGC-DL-CONTAINER-LICENSE for your convenience.
==========
== CUDA ==
==========

CUDA Version 12.4.0

Container image Copyright (c) 2016-2023, NVIDIA CORPORATION & AFFILIATES. All rights reserved.

This container image and its contents are governed by the NVIDIA Deep Learning Container License.
By pulling and using the container, you accept the terms and conditions of this license:
https://developer.nvidia.com/ngc/nvidia-deep-learning-container-license

A copy of this license is made available in this container at /NGC-DL-CONTAINER-LICENSE for your convenience.

WARNING: The NVIDIA Driver was not detected.  GPU functionality will not be available.
   Use the NVIDIA Container Toolkit to start this container with GPU support; see
   https://docs.nvidia.com/datacenter/cloud-native/ .


==========
== CUDA ==
==========

CUDA Version 12.4.0

Container image Copyright (c) 2016-2023, NVIDIA CORPORATION & AFFILIATES. All rights reserved.

This container image and its contents are governed by the NVIDIA Deep Learning Container License.
By pulling and using the container, you accept the terms and conditions of this license:
https://developer.nvidia.com/ngc/nvidia-deep-learning-container-license

A copy of this license is made available in this container at /NGC-DL-CONTAINER-LICENSE for your convenience.

WARNING: The NVIDIA Driver was not detected.  GPU functionality will not be available.
   Use the NVIDIA Container Toolkit to start this container with GPU support; see
   https://docs.nvidia.com/datacenter/cloud-native/ .


WARNING: The NVIDIA Driver was not detected.  GPU functionality will not be available.
   Use the NVIDIA Container Toolkit to start this container with GPU support; see
   https://docs.nvidia.com/datacenter/cloud-native/ .

[sota] $ git clone --depth 1 https://github.com/imperial-qore/TranAD.git

[sota] $ git clone --depth 1 https://github.com/imperial-qore/TranAD.git
==========
== CUDA ==
==========

CUDA Version 12.4.0

Container image Copyright (c) 2016-2023, NVIDIA CORPORATION & AFFILIATES. All rights reserved.

This container image and its contents are governed by the NVIDIA Deep Learning Container License.
By pulling and using the container, you accept the terms and conditions of this license:
https://developer.nvidia.com/ngc/nvidia-deep-learning-container-license

A copy of this license is made available in this container at /NGC-DL-CONTAINER-LICENSE for your convenience.

WARNING: The NVIDIA Driver was not detected.  GPU functionality will not be available.
   Use the NVIDIA Container Toolkit to start this container with GPU support; see
   https://docs.nvidia.com/datacenter/cloud-native/ .


==========
== CUDA ==
==========

CUDA Version 12.4.0

Container image Copyright (c) 2016-2023, NVIDIA CORPORATION & AFFILIATES. All rights reserved.

This container image and its contents are governed by the NVIDIA Deep Learning Container License.
By pulling and using the container, you accept the terms and conditions of this license:
https://developer.nvidia.com/ngc/nvidia-deep-learning-container-license

A copy of this license is made available in this container at /NGC-DL-CONTAINER-LICENSE for your convenience.

=========
WARNING: The NVIDIA Driver was not detected.  GPU functionality will not be available.
   Use the NVIDIA Container Toolkit to start this container with GPU support; see
   https://docs.nvidia.com/datacenter/cloud-native/ .


=
== CUDA ==
==========

CUDA Version 12.4.0

Container image Copyright (c) 2016-2023, NVIDIA CORPORATION & AFFILIATES. All rights reserved.

This container image and its contents are governed by the NVIDIA Deep Learning Container License.
By pulling and using the container, you accept the terms and conditions of this license:
https://developer.nvidia.com/ngc/nvidia-deep-learning-container-license

A copy of this license is made available in this container at /NGC-DL-CONTAINER-LICENSE for your convenience.

==========
== CUDA ==
==========

CUDA Version 12.4.0

Container image Copyright (c) 2016-2023, NVIDIA CORPORATION & AFFILIATES. All rights reserved.

This container image and its contents are governed by the NVIDIA Deep Learning Container License.
By pulling and using the container, you accept the terms and conditions of this license:
https://developer.nvidia.com/ngc/nvidia-deep-learning-container-license

A copy of this license is made available in this container at /NGC-DL-CONTAINER-LICENSE for your convenience.

WARNING: The NVIDIA Driver was not detected.  GPU functionality will not be available.
   Use the NVIDIA Container Toolkit to start this container with GPU support; see
   https://docs.nvidia.com/datacenter/cloud-native/ .

==========
== CUDA ==
==========

CUDA Version 12.4.0

Container image Copyright (c) 2016-2023, NVIDIA CORPORATION & AFFILIATES. All rights reserved.

This container image and its contents are governed by the NVIDIA Deep Learning Container License.
By pulling and using the container, you accept the terms and conditions of this license:
https://developer.nvidia.com/ngc/nvidia-deep-learning-container-license

A copy of this license is made available in this container at /NGC-DL-CONTAINER-LICENSE for your convenience.

WARNING: The NVIDIA Driver was not detected.  GPU functionality will not be available.
   Use the NVIDIA Container Toolkit to start this container with GPU support; see
   https://docs.nvidia.com/datacenter/cloud-native/ .


WARNING: The NVIDIA Driver was not detected.  GPU functionality will not be available.
   Use the NVIDIA Container Toolkit to start this container with GPU support; see
   https://docs.nvidia.com/datacenter/cloud-native/ .


==========
== CUDA ==
==========

CUDA Version 12.4.0

Container image Copyright (c) 2016-2023, NVIDIA CORPORATION & AFFILIATES. All rights reserved.

This container image and its contents are governed by the NVIDIA Deep Learning Container License.
By pulling and using the container, you accept the terms and conditions of this license:
https://developer.nvidia.com/ngc/nvidia-deep-learning-container-license

A copy of this license is made available in this container at /NGC-DL-CONTAINER-LICENSE for your convenience.

WARNING: The NVIDIA Driver was not detected.  GPU functionality will not be available.
   Use the NVIDIA Container Toolkit to start this container with GPU support; see
   https://docs.nvidia.com/datacenter/cloud-native/ .

[sota] $ git clone --depth 1 https://github.com/imperial-qore/TranAD.git
[sota] $ git clone --depth 1 https://github.com/imperial-qore/TranAD.git


==========
== CUDA ==
==========

CUDA Version 12.4.0

Container image Copyright (c) 2016-2023, NVIDIA CORPORATION & AFFILIATES. All rights reserved.

This container image and its contents are governed by the NVIDIA Deep Learning Container License.
By pulling and using the container, you accept the terms and conditions of this license:
https://developer.nvidia.com/ngc/nvidia-deep-learning-container-license

A copy of this license is made available in this container at /NGC-DL-CONTAINER-LICENSE for your convenience.

WARNING: The NVIDIA Driver was not detected.  GPU functionality will not be available.
   Use the NVIDIA Container Toolkit to start this container with GPU support; see
   https://docs.nvidia.com/datacenter/cloud-native/ .

==========
== CUDA ==
==========

CUDA Version 12.4.0

Container image Copyright (c) 2016-2023, NVIDIA CORPORATION & AFFILIATES. All rights reserved.

This container image and its contents are governed by the NVIDIA Deep Learning Container License.
By pulling and using the container, you accept the terms and conditions of this license:
https://developer.nvidia.com/ngc/nvidia-deep-learning-container-license

A copy of this license is made available in this container at /NGC-DL-CONTAINER-LICENSE for your convenience.

==========
== CUDA ==
==========

WARNING: The NVIDIA Driver was not detected.  GPU functionality will not be available.
   Use the NVIDIA Container Toolkit to start this container with GPU support; see
   https://docs.nvidia.com/datacenter/cloud-native/ .


==========
== CUDA ==
==========

CUDA Version 12.4.0

Container image Copyright (c) 2016-2023, NVIDIA CORPORATION & AFFILIATES. All rights reserved.

This container image and its contents are governed by the NVIDIA Deep Learning Container License.
By pulling and using the container, you accept the terms and conditions of this license:
https://developer.nvidia.com/ngc/nvidia-deep-learning-container-license

A copy of this license is made available in this container at /NGC-DL-CONTAINER-LICENSE for your convenience.

WARNING: The NVIDIA Driver was not detected.  GPU functionality will not be available.
   Use the NVIDIA Container Toolkit to start this container with GPU support; see
   https://docs.nvidia.com/datacenter/cloud-native/ .


CUDA Version 12.4.0

Container image Copyright (c) 2016-2023, NVIDIA CORPORATION & AFFILIATES. All rights reserved.

This container image and its contents are governed by the NVIDIA Deep Learning Container License.
By pulling and using the container, you accept the terms and conditions of this license:
https://developer.nvidia.com/ngc/nvidia-deep-learning-container-license

A copy of this license is made available in this container at /NGC-DL-CONTAINER-LICENSE for your convenience.

WARNING: The NVIDIA Driver was not detected.  GPU functionality will not be available.
   Use the NVIDIA Container Toolkit to start this container with GPU support; see
   https://docs.nvidia.com/datacenter/cloud-native/ .

[sota] $ git clone --depth 1 https://github.com/imperial-qore/TranAD.git
==========
== CUDA ==
==========

[sota] $ git clone --depth 1 https://github.com/imperial-qore/TranAD.git

=
[sota] $ git clone --depth 1 https://github.com/imperial-qore/TranAD.git
[sota] $ git clone --depth 1 https://github.com/imperial-qore/TranAD.git
==========
== CUDA ==
==========

CUDA Version 12.4.0

Container image Copyright (c) 2016-2023, NVIDIA CORPORATION & AFFILIATES. All rights reserved.

This container image and its contents are governed by the NVIDIA Deep Learning Container License.
By pulling and using the container, you accept the terms and conditions of this license:
https://developer.nvidia.com/ngc/nvidia-deep-learning-container-license

A copy of this license is made available in this container at /NGC-DL-CONTAINER-LICENSE for your convenience.

CUDA Version 12.4.0

Container image Copyright (c) 2016-2023, NVIDIA CORPORATION & AFFILIATES. All rights reserved.

This container image and its contents are governed by the NVIDIA Deep Learning Container License.
By pulling and using the container, you accept the terms and conditions of this license:
https://developer.nvidia.com/ngc/nvidia-deep-learning-container-license

A copy of this license is made available in this container at /NGC-DL-CONTAINER-LICENSE for your convenience.

WARNING: The NVIDIA Driver was not detected.  GPU functionality will not be available.
   Use the NVIDIA Container Toolkit to start this container with GPU support; see
   https://docs.nvidia.com/datacenter/cloud-native/ .


WARNING: The NVIDIA Driver was not detected.  GPU functionality will not be available.
   Use the NVIDIA Container Toolkit to start this container with GPU support; see
   https://docs.nvidia.com/datacenter/cloud-native/ .

[sota] $ git clone --depth 1 https://github.com/imperial-qore/TranAD.git
=========
== CUDA ==
==========

CUDA Version 12.4.0

Container image Copyright (c) 2016-2023, NVIDIA CORPORATION & AFFILIATES. All rights reserved.

This container image and its contents are governed by the NVIDIA Deep Learning Container License.
By pulling and using the container, you accept the terms and conditions of this license:
https://developer.nvidia.com/ngc/nvidia-deep-learning-container-license

A copy of this license is made available in this container at /NGC-DL-CONTAINER-LICENSE for your convenience.

WARNING: The NVIDIA Driver was not detected.  GPU functionality will not be available.
   Use the NVIDIA Container Toolkit to start this container with GPU support; see
   https://docs.nvidia.com/datacenter/cloud-native/ .


==========
== CUDA ==
==========

CUDA Version 12.4.0

Container image Copyright (c) 2016-2023, NVIDIA CORPORATION & AFFILIATES. All rights reserved.

This container image and its contents are governed by the NVIDIA Deep Learning Container License.
By pulling and using the container, you accept the terms and conditions of this license:
https://developer.nvidia.com/ngc/nvidia-deep-learning-container-license

A copy of this license is made available in this container at /NGC-DL-CONTAINER-LICENSE for your convenience.

========
WARNING: The NVIDIA Driver was not detected.  GPU functionality will not be available.
   Use the NVIDIA Container Toolkit to start this container with GPU support; see
   https://docs.nvidia.com/datacenter/cloud-native/ .
==
== CUDA ==
==========

CUDA Version 12.4.0

Container image Copyright (c) 2016-2023, NVIDIA CORPORATION & AFFILIATES. All rights reserved.

This container image and its contents are governed by the NVIDIA Deep Learning Container License.
By pulling and using the container, you accept the terms and conditions of this license:
https://developer.nvidia.com/ngc/nvidia-deep-learning-container-license

A copy of this license is made available in this container at /NGC-DL-CONTAINER-LICENSE for your convenience.

==========
== CUDA ==
==========

CUDA Version 12.4.0

Container image Copyright (c) 2016-2023, NVIDIA CORPORATION & AFFILIATES. All rights reserved.

This container image and its contents are governed by the NVIDIA Deep Learning Container License.
By pulling and using the container, you accept the terms and conditions of this license:
https://developer.nvidia.com/ngc/nvidia-deep-learning-container-license

A copy of this license is made available in this container at /NGC-DL-CONTAINER-LICENSE for your convenience.

WARNING: The NVIDIA Driver was not detected.  GPU functionality will not be available.
   Use the NVIDIA Container Toolkit to start this container with GPU support; see
   https://docs.nvidia.com/datacenter/cloud-native/ .



WARNING: The NVIDIA Driver was not detected.  GPU functionality will not be available.
   Use the NVIDIA Container Toolkit to start this container with GPU support; see
   https://docs.nvidia.com/datacenter/cloud-native/ .


[sota] $ git clone --depth 1 https://github.com/imperial-qore/TranAD.git==========
== CUDA ==
==========

CUDA Version 12.4.0

Container image Copyright (c) 2016-2023, NVIDIA CORPORATION & AFFILIATES. All rights reserved.

This container image and its contents are governed by the NVIDIA Deep Learning Container License.
By pulling and using the container, you accept the terms and conditions of this license:
https://developer.nvidia.com/ngc/nvidia-deep-learning-container-license

A copy of this license is made available in this container at /NGC-DL-CONTAINER-LICENSE for your convenience.

WARNING: The NVIDIA Driver was not detected.  GPU functionality will not be available.
   Use the NVIDIA Container Toolkit to start this container with GPU support; see
   https://docs.nvidia.com/datacenter/cloud-native/ .



==========
== CUDA ==
==========

CUDA Version 12.4.0

Container image Copyright (c) 2016-2023, NVIDIA CORPORATION & AFFILIATES. All rights reserved.

This container image and its contents are governed by the NVIDIA Deep Learning Container License.
By pulling and using the container, you accept the terms and conditions of this license:
https://developer.nvidia.com/ngc/nvidia-deep-learning-container-license

A copy of this license is made available in this container at /NGC-DL-CONTAINER-LICENSE for your convenience.

WARNING: The NVIDIA Driver was not detected.  GPU functionality will not be available.
   Use the NVIDIA Container Toolkit to start this container with GPU support; see
   https://docs.nvidia.com/datacenter/cloud-native/ .

[sota] $ git clone --depth 1 https://github.com/imperial-qore/TranAD.git[sota] $ git clone --depth 1 https://github.com/imperial-qore/TranAD.git

[sota] $ git clone --depth 1 https://github.com/imperial-qore/TranAD.git

==========
== CUDA ==
==========

CUDA Version 12.4.0

Container image Copyright (c) 2016-2023, NVIDIA CORPORATION & AFFILIATES. All rights reserved.

This container image and its contents are governed by the NVIDIA Deep Learning Container License.
By pulling and using the container, you accept the terms and conditions of this license:
https://developer.nvidia.com/ngc/nvidia-deep-learning-container-license

A copy of this license is made available in this container at /NGC-DL-CONTAINER-LICENSE for your convenience.
[sota] $ git clone --depth 1 https://github.com/imperial-qore/TranAD.git[sota] $ git clone --depth 1 https://github.com/imperial-qore/TranAD.git[sota] $ git clone --depth 1 https://github.com/imperial-qore/TranAD.git
[sota] $ git clone --depth 1 https://github.com/imperial-qore/TranAD.git


WARNING: The NVIDIA Driver was not detected.  GPU functionality will not be available.
   Use the NVIDIA Container Toolkit to start this container with GPU support; see
   https://docs.nvidia.com/datacenter/cloud-native/ .



==========
== CUDA ==
==========

CUDA Version 12.4.0

Container image Copyright (c) 2016-2023, NVIDIA CORPORATION & AFFILIATES. All rights reserved.

This container image and its contents are governed by the NVIDIA Deep Learning Container License.
By pulling and using the container, you accept the terms and conditions of this license:
https://developer.nvidia.com/ngc/nvidia-deep-learning-container-license

A copy of this license is made available in this container at /NGC-DL-CONTAINER-LICENSE for your convenience.

WARNING: The NVIDIA Driver was not detected.  GPU functionality will not be available.
   Use the NVIDIA Container Toolkit to start this container with GPU support; see
   https://docs.nvidia.com/datacenter/cloud-native/ .


[sota] $ git clone --depth 1 https://github.com/imperial-qore/TranAD.git
==========
== CUDA ==
==========

CUDA Version 12.4.0

Container image Copyright (c) 2016-2023, NVIDIA CORPORATION & AFFILIATES. All rights reserved.

This container image and its contents are governed by the NVIDIA Deep Learning Container License.
By pulling and using the container, you accept the terms and conditions of this license:
https://developer.nvidia.com/ngc/nvidia-deep-learning-container-license

A copy of this license is made available in this container at /NGC-DL-CONTAINER-LICENSE for your convenience.

WARNING: The NVIDIA Driver was not detected.  GPU functionality will not be available.
   Use the NVIDIA Container Toolkit to start this container with GPU support; see
   https://docs.nvidia.com/datacenter/cloud-native/ .


==========
== CUDA ==
==========

CUDA Version 12.4.0

Container image Copyright (c) 2016-2023, NVIDIA CORPORATION & AFFILIATES. All rights reserved.

This container image and its contents are governed by the NVIDIA Deep Learning Container License.
By pulling and using the container, you accept the terms and conditions of this license:
https://developer.nvidia.com/ngc/nvidia-deep-learning-container-license

A copy of this license is made available in this container at /NGC-DL-CONTAINER-LICENSE for your convenience.

WARNING: The NVIDIA Driver was not detected.  GPU functionality will not be available.
   Use the NVIDIA Container Toolkit to start this container with GPU support; see
   https://docs.nvidia.com/datacenter/cloud-native/ .

[sota] $ git clone --depth 1 https://github.com/imperial-qore/TranAD.git
[sota] $ git clone --depth 1 https://github.com/imperial-qore/TranAD.git
[sota] $ git clone --depth 1 https://github.com/imperial-qore/TranAD.git
[sota] $ git clone --depth 1 https://github.com/imperial-qore/TranAD.git
[sota] $ git clone --depth 1 https://github.com/imperial-qore/TranAD.git
[sota] $ git clone --depth 1 https://github.com/imperial-qore/TranAD.git[sota] $ git clone --depth 1 https://github.com/imperial-qore/TranAD.git

[sota] $ git clone --depth 1 https://github.com/imperial-qore/TranAD.git[sota] $ git clone --depth 1 https://github.com/imperial-qore/TranAD.git

[sota] $ git clone --depth 1 https://github.com/imperial-qore/TranAD.git
[sota] $ git clone --depth 1 https://github.com/imperial-qore/TranAD.git
[sota] $ git clone --depth 1 https://github.com/imperial-qore/TranAD.git
[sota] $ git clone --depth 1 https://github.com/imperial-qore/TranAD.git
[sota] $ git clone --depth 1 https://github.com/imperial-qore/TranAD.git
[sota] $ git clone --depth 1 https://github.com/imperial-qore/TranAD.git
[sota] patched ds=WADI model=USAD fp32=True dump=ok
[sota] WADI train(78458, 123) test(17281, 123) anom=0.058
[sota] === training WADI:USAD (NEPOCHS=30, fp32=True) ===
[sota] patched ds=HAI model=TranAD fp32=True dump=ok
[sota] patched ds=WADI model=USAD fp32=True dump=ok
[sota] patched ds=WADI model=TranAD fp32=True dump=ok[sota] patched ds=SWaT model=USAD fp32=True dump=ok
[sota] WADI train(78458, 123) test(17281, 123) anom=0.058

[sota] patched ds=WADI model=USAD fp32=True dump=ok
[sota] === training WADI:USAD (NEPOCHS=30, fp32=True) ===
[sota] WADI train(78458, 123) test(17281, 123) anom=0.058
[sota] === training WADI:TranAD (NEPOCHS=5, fp32=True) ===
[sota] SWaT train(108748, 51) test(32651, 51) anom=0.167
[sota] === training SWaT:USAD (NEPOCHS=30, fp32=True) ===
[sota] WADI train(78458, 123) test(17281, 123) anom=0.058
[sota] === training WADI:USAD (NEPOCHS=30, fp32=True) ===
[sota] HAI train(550800, 59) test(444600, 59) anom=0.039
[sota] === training HAI:TranAD (NEPOCHS=5, fp32=True) ===
[sota] patched ds=SWaT model=USAD fp32=True dump=ok
[sota] SWaT train(108748, 51) test(32651, 51) anom=0.167
[sota] === training SWaT:USAD (NEPOCHS=30, fp32=True) ===
[sota] patched ds=WADI model=GDN fp32=True dump=ok
[sota] WADI train(78458, 123) test(17281, 123) anom=0.058
[sota] $ python -c "import dgl,torch; from dgl.nn import GATConv; print('DGL_OK',dgl.__version__)"
[sota] $ pip install -q dgl -f https://data.dgl.ai/wheels/torch-2.4/cu124/repo.html
[sota] patched ds=WADI model=USAD fp32=True dump=ok
[sota] WADI train(78458, 123) test(17281, 123) anom=0.058
[sota] === training WADI:USAD (NEPOCHS=30, fp32=True) ===
[sota] patched ds=HAI model=GDN fp32=True dump=ok
[sota] patched ds=WADI model=TranAD fp32=True dump=ok
[sota] WADI train(78458, 123) test(17281, 123) anom=0.058
[sota] === training WADI:TranAD (NEPOCHS=5, fp32=True) ===
[sota] HAI train(550800, 59) test(444600, 59) anom=0.039
[sota] patched ds=HAI model=USAD fp32=True dump=ok
[sota] patched ds=SWaT model=TranAD fp32=True dump=ok[sota] $ python -c "import dgl,torch; from dgl.nn import GATConv; print('DGL_OK',dgl.__version__)"
[sota] $ pip install -q dgl -f https://data.dgl.ai/wheels/torch-2.4/cu124/repo.html

[sota] SWaT train(108748, 51) test(32651, 51) anom=0.167
[sota] === training SWaT:TranAD (NEPOCHS=5, fp32=True) ===
[sota] patched ds=SWaT model=USAD fp32=True dump=ok
[sota] patched ds=WADI model=TranAD fp32=True dump=ok
[sota] SWaT train(108748, 51) test(32651, 51) anom=0.167
[sota] === training SWaT:USAD (NEPOCHS=30, fp32=True) ===
[sota] HAI train(550800, 59) test(444600, 59) anom=0.039[sota] WADI train(78458, 123) test(17281, 123) anom=0.058
[sota] === training WADI:TranAD (NEPOCHS=5, fp32=True) ===

[sota] === training HAI:USAD (NEPOCHS=30, fp32=True) ===
[sota] patched ds=HAI model=USAD fp32=True dump=ok
[sota] patched ds=HAI model=TranAD fp32=True dump=ok
[sota] HAI train(550800, 59) test(444600, 59) anom=0.039
[sota] === training HAI:USAD (NEPOCHS=30, fp32=True) ===
[sota] HAI train(550800, 59) test(444600, 59) anom=0.039
[sota] === training HAI:TranAD (NEPOCHS=5, fp32=True) ===
[sota] patched ds=WADI model=USAD fp32=True dump=ok
[sota] WADI train(78458, 123) test(17281, 123) anom=0.058
[sota] === training WADI:USAD (NEPOCHS=30, fp32=True) ===
[sota] patched ds=HAI model=TranAD fp32=True dump=ok
[sota] patched ds=HAI model=USAD fp32=True dump=ok
[sota] HAI train(550800, 59) test(444600, 59) anom=0.039
[sota] === training HAI:TranAD (NEPOCHS=5, fp32=True) ===
[sota] patched ds=SWaT model=USAD fp32=True dump=ok
[sota] patched ds=HAI model=USAD fp32=True dump=ok
[sota] patched ds=SWaT model=TranAD fp32=True dump=ok
[sota] patched ds=WADI model=TranAD fp32=True dump=ok
[sota] patched ds=SWaT model=TranAD fp32=True dump=ok
[sota] SWaT train(108748, 51) test(32651, 51) anom=0.167
[sota] === training SWaT:USAD (NEPOCHS=30, fp32=True) ===
[sota] SWaT train(108748, 51) test(32651, 51) anom=0.167
[sota] === training SWaT:TranAD (NEPOCHS=5, fp32=True) ===
[sota] WADI train(78458, 123) test(17281, 123) anom=0.058[sota] SWaT train(108748, 51) test(32651, 51) anom=0.167
[sota] === training SWaT:TranAD (NEPOCHS=5, fp32=True) ===
[sota] patched ds=HAI model=USAD fp32=True dump=ok
[sota] HAI train(550800, 59) test(444600, 59) anom=0.039
[sota] HAI train(550800, 59) test(444600, 59) anom=0.039
[sota] patched ds=HAI model=TranAD fp32=True dump=ok

[sota] === training WADI:TranAD (NEPOCHS=5, fp32=True) ===
[sota] === training HAI:USAD (NEPOCHS=30, fp32=True) ===
[sota] === training HAI:USAD (NEPOCHS=30, fp32=True) ===
[sota] HAI train(550800, 59) test(444600, 59) anom=0.039
[sota] === training HAI:TranAD (NEPOCHS=5, fp32=True) ===
[sota] patched ds=WADI model=TranAD fp32=True dump=ok
[sota] HAI train(550800, 59) test(444600, 59) anom=0.039
[sota] WADI train(78458, 123) test(17281, 123) anom=0.058
[sota] === training WADI:TranAD (NEPOCHS=5, fp32=True) ===
[sota] === training HAI:USAD (NEPOCHS=30, fp32=True) ===
[sota] patched ds=SWaT model=GDN fp32=True dump=ok
[sota] patched ds=HAI model=TranAD fp32=True dump=ok
[WADI:USAD] [92mCreating new model: USAD[0m
[WADI:TranAD] /opt/conda/lib/python3.11/site-packages/torch/nn/modules/transformer.py:307: UserWarning: enable_nested_tensor is True, but self.use_nested_tensor is False because encoder_layer was not TransformerEncoderLayer
[WADI:TranAD]   warnings.warn(f"enable_nested_tensor is True, but self.use_nested_tensor is False because {why_not_sparsity_fast_path}")
[sota] patched ds=SWaT model=TranAD fp32=True dump=ok
[sota] SWaT train(108748, 51) test(32651, 51) anom=0.167
[sota] $ python -c "import dgl,torch; from dgl.nn import GATConv; print('DGL_OK',dgl.__version__)"
[sota] $ pip install -q dgl -f https://data.dgl.ai/wheels/torch-2.4/cu124/repo.html
[HAI:TranAD] /opt/conda/lib/python3.11/site-packages/torch/nn/modules/transformer.py:307: UserWarning: enable_nested_tensor is True, but self.use_nested_tensor is False because encoder_layer was not TransformerEncoderLayer
[sota] SWaT train(108748, 51) test(32651, 51) anom=0.167
[sota] === training SWaT:TranAD (NEPOCHS=5, fp32=True) ===
[HAI:TranAD]   warnings.warn(f"enable_nested_tensor is True, but self.use_nested_tensor is False because {why_not_sparsity_fast_path}")
[sota] HAI train(550800, 59) test(444600, 59) anom=0.039
[sota] === training HAI:TranAD (NEPOCHS=5, fp32=True) ===
[sota] patched ds=SWaT model=USAD fp32=True dump=ok
[WADI:USAD] [95mTraining USAD on WADI[0m
[WADI:USAD] 
[sota] SWaT train(108748, 51) test(32651, 51) anom=0.167
[sota] === training SWaT:USAD (NEPOCHS=30, fp32=True) ===
[WADI:USAD] [92mCreating new model: USAD[0m
[WADI:TranAD] [92mCreating new model: TranAD[0m[WADI:USAD] [92mCreating new model: USAD[0m

[HAI:TranAD] [92mCreating new model: TranAD[0m
[SWaT:USAD] [92mCreating new model: USAD[0m
[WADI:TranAD] /opt/conda/lib/python3.11/site-packages/torch/nn/modules/transformer.py:307: UserWarning: enable_nested_tensor is True, but self.use_nested_tensor is False because encoder_layer was not TransformerEncoderLayer
[SWaT:USAD] [92mCreating new model: USAD[0m
[WADI:TranAD]   warnings.warn(f"enable_nested_tensor is True, but self.use_nested_tensor is False because {why_not_sparsity_fast_path}")
[WADI:USAD] [95mTraining USAD on WADI[0m
[WADI:USAD] 
[WADI:TranAD] [95mTraining TranAD on WADI[0m
[WADI:TranAD] 
[WADI:USAD] [95mTraining USAD on WADI[0m
[WADI:USAD] 
[SWaT:TranAD] /opt/conda/lib/python3.11/site-packages/torch/nn/modules/transformer.py:307: UserWarning: enable_nested_tensor is True, but self.use_nested_tensor is False because encoder_layer was not TransformerEncoderLayer
[SWaT:TranAD]   warnings.warn(f"enable_nested_tensor is True, but self.use_nested_tensor is False because {why_not_sparsity_fast_path}")
[WADI:TranAD] /opt/conda/lib/python3.11/site-packages/torch/nn/modules/transformer.py:307: UserWarning: enable_nested_tensor is True, but self.use_nested_tensor is False because encoder_layer was not TransformerEncoderLayer
[WADI:TranAD]   warnings.warn(f"enable_nested_tensor is True, but self.use_nested_tensor is False because {why_not_sparsity_fast_path}")
[SWaT:USAD] [95mTraining USAD on WADI[0m
[SWaT:USAD] 
[WADI:USAD] [92mCreating new model: USAD[0m
[HAI:TranAD] /opt/conda/lib/python3.11/site-packages/torch/nn/modules/transformer.py:307: UserWarning: enable_nested_tensor is True, but self.use_nested_tensor is False because encoder_layer was not TransformerEncoderLayer
[WADI:TranAD] [92mCreating new model: TranAD[0m[HAI:TranAD]   warnings.warn(f"enable_nested_tensor is True, but self.use_nested_tensor is False because {why_not_sparsity_fast_path}")
[SWaT:USAD] [95mTraining USAD on WADI[0m
[SWaT:USAD] 

[WADI:USAD] [92mCreating new model: USAD[0m
[WADI:USAD]   0%|          | 0/30 [00:00<?, ?it/s]
[WADI:USAD] 
[WADI:USAD] Epoch 0,    L1 = 0.8842233152023925,        L2 = 0.8839318206318051
[WADI:USAD] 
[WADI:USAD]   0%|          | 0/30 [00:03<?, ?it/s]
[HAI:TranAD] /opt/conda/lib/python3.11/site-packages/torch/nn/modules/transformer.py:307: UserWarning: enable_nested_tensor is True, but self.use_nested_tensor is False because encoder_layer was not TransformerEncoderLayer
[HAI:TranAD]   warnings.warn(f"enable_nested_tensor is True, but self.use_nested_tensor is False because {why_not_sparsity_fast_path}")
[SWaT:TranAD] /opt/conda/lib/python3.11/site-packages/torch/nn/modules/transformer.py:307: UserWarning: enable_nested_tensor is True, but self.use_nested_tensor is False because encoder_layer was not TransformerEncoderLayer
[sota] patched ds=SWaT model=TranAD fp32=True dump=ok
[SWaT:USAD] [92mCreating new model: USAD[0m[WADI:TranAD] /opt/conda/lib/python3.11/site-packages/torch/nn/modules/transformer.py:307: UserWarning: enable_nested_tensor is True, but self.use_nested_tensor is False because encoder_layer was not TransformerEncoderLayer
[sota] SWaT train(108748, 51) test(32651, 51) anom=0.167
[sota] === training SWaT:TranAD (NEPOCHS=5, fp32=True) ===

[SWaT:TranAD]   warnings.warn(f"enable_nested_tensor is True, but self.use_nested_tensor is False because {why_not_sparsity_fast_path}")
[WADI:TranAD]   warnings.warn(f"enable_nested_tensor is True, but self.use_nested_tensor is False because {why_not_sparsity_fast_path}")
[HAI:USAD] [92mCreating new model: USAD[0m
[SWaT:TranAD] /opt/conda/lib/python3.11/site-packages/torch/nn/modules/transformer.py:307: UserWarning: enable_nested_tensor is True, but self.use_nested_tensor is False because encoder_layer was not TransformerEncoderLayer
[SWaT:TranAD]   warnings.warn(f"enable_nested_tensor is True, but self.use_nested_tensor is False because {why_not_sparsity_fast_path}")
[HAI:TranAD] /opt/conda/lib/python3.11/site-packages/torch/nn/modules/transformer.py:307: UserWarning: enable_nested_tensor is True, but self.use_nested_tensor is False because encoder_layer was not TransformerEncoderLayer[WADI:TranAD] /opt/conda/lib/python3.11/site-packages/torch/nn/modules/transformer.py:307: UserWarning: enable_nested_tensor is True, but self.use_nested_tensor is False because encoder_layer was not TransformerEncoderLayer
[WADI:TranAD]   warnings.warn(f"enable_nested_tensor is True, but self.use_nested_tensor is False because {why_not_sparsity_fast_path}")
[SWaT:TranAD] [92mCreating new model: TranAD[0m
[HAI:TranAD]   warnings.warn(f"enable_nested_tensor is True, but self.use_nested_tensor is False because {why_not_sparsity_fast_path}")

[HAI:USAD] [92mCreating new model: USAD[0m
[WADI:TranAD] [92mCreating new model: TranAD[0m
[WADI:TranAD] [95mTraining TranAD on WADI[0m
[WADI:USAD] [95mTraining USAD on WADI[0m[HAI:TranAD] [92mCreating new model: TranAD[0m
[WADI:USAD] 
[WADI:TranAD] 
[WADI:USAD] [95mTraining USAD on WADI[0m
[WADI:USAD]   0%|          | 0/30 [00:00<?, ?it/s][HAI:TranAD] [92mCreating new model: TranAD[0m

[WADI:USAD] 

[WADI:USAD] 
[WADI:USAD] Epoch 0,    L1 = 0.8805975694251877,        L2 = 0.873868689402865
[WADI:USAD] 
[WADI:USAD]   0%|          | 0/30 [00:03<?, ?it/s]
[SWaT:USAD] [92mCreating new model: USAD[0m
[HAI:USAD] [92mCreating new model: USAD[0m
[HAI:USAD] [92mCreating new model: USAD[0m
[SWaT:TranAD] [92mCreating new model: TranAD[0m
[HAI:TranAD] /opt/conda/lib/python3.11/site-packages/torch/nn/modules/transformer.py:307: UserWarning: enable_nested_tensor is True, but self.use_nested_tensor is False because encoder_layer was not TransformerEncoderLayer[SWaT:TranAD] /opt/conda/lib/python3.11/site-packages/torch/nn/modules/transformer.py:307: UserWarning: enable_nested_tensor is True, but self.use_nested_tensor is False because encoder_layer was not TransformerEncoderLayer
[WADI:TranAD] [92mCreating new model: TranAD[0m[WADI:TranAD] [92mCreating new model: TranAD[0m

[HAI:TranAD]   warnings.warn(f"enable_nested_tensor is True, but self.use_nested_tensor is False because {why_not_sparsity_fast_path}")
[WADI:USAD]   0%|          | 0/30 [00:00<?, ?it/s]
[SWaT:TranAD]   warnings.warn(f"enable_nested_tensor is True, but self.use_nested_tensor is False because {why_not_sparsity_fast_path}")
[WADI:USAD] 
[WADI:USAD] Epoch 0,    L1 = 0.8613817128330031,        L2 = 0.8625934774976765
[WADI:USAD] 
[WADI:USAD]   0%|          | 0/30 [00:03<?, ?it/s]

[HAI:TranAD] [92mCreating new model: TranAD[0m
[SWaT:TranAD] [92mCreating new model: TranAD[0m
[SWaT:USAD] [95mTraining USAD on WADI[0m
[SWaT:USAD] 
[WADI:TranAD] [95mTraining TranAD on WADI[0m
[SWaT:TranAD] [95mTraining TranAD on WADI[0m
[WADI:TranAD] 
[SWaT:TranAD] 
[SWaT:USAD] [92mCreating new model: USAD[0m
[SWaT:USAD]   0%|          | 0/30 [00:00<?, ?it/s]
[HAI:TranAD] [92mCreating new model: TranAD[0m[SWaT:USAD] 
[SWaT:USAD] Epoch 0,    L1 = 1.028750132269719, L2 = 1.038284670447602
[SWaT:USAD] 
[SWaT:USAD]   0%|          | 0/30 [00:03<?, ?it/s]
[WADI:USAD]   3%|▎         | 1/30 [00:03<01:37,  3.35s/it]
[WADI:USAD] 
[WADI:USAD] Epoch 1,    L1 = 0.7710131134527931,        L2 = -0.05720731775704327
[WADI:USAD] 
[WADI:USAD]   3%|▎         | 1/30 [00:06<01:37,  3.35s/it]
[WADI:TranAD] [95mTraining TranAD on WADI[0m
[SWaT:TranAD] [92mCreating new model: TranAD[0m
[WADI:TranAD] [95mTraining TranAD on WADI[0m
[WADI:TranAD] 
[SWaT:USAD]   0%|          | 0/30 [00:00<?, ?it/s]
[SWaT:TranAD] [95mTraining TranAD on WADI[0m[SWaT:USAD] 
[SWaT:USAD] Epoch 0,    L1 = 1.053379634005182, L2 = 1.043432901396471
[SWaT:USAD] 
[SWaT:USAD]   0%|          | 0/30 [00:03<?, ?it/s]

[WADI:TranAD] 

[SWaT:TranAD] 
[SWaT:USAD] [95mTraining USAD on WADI[0m
[SWaT:USAD] 
[HAI:USAD] [92mCreating new model: USAD[0m
[SWaT:TranAD] [95mTraining TranAD on WADI[0m
[SWaT:TranAD] 
[SWaT:USAD] [95mTraining USAD on WADI[0m
[SWaT:USAD] 
[WADI:USAD]   0%|          | 0/30 [00:00<?, ?it/s][SWaT:TranAD] [95mTraining TranAD on WADI[0m
[WADI:USAD] 
[WADI:USAD] Epoch 0,    L1 = 0.8826580336879556,        L2 = 0.8723459714874747
[WADI:USAD] 
[WADI:USAD]   0%|          | 0/30 [00:03<?, ?it/s]
[WADI:USAD]   3%|▎         | 1/30 [00:03<01:38,  3.39s/it]

[SWaT:TranAD] 
[WADI:USAD] 
[WADI:USAD] Epoch 1,    L1 = 0.7803271112881516,        L2 = -0.06799827993590671
[WADI:USAD] 
[WADI:USAD]   3%|▎         | 1/30 [00:06<01:38,  3.39s/it]
[sota] $ python -c "import dgl,torch; from dgl.nn import GATConv; print('DGL_OK',dgl.__version__)"
[WADI:USAD]   3%|▎         | 1/30 [00:03<01:37,  3.37s/it]
[WADI:USAD] 
[WADI:USAD] Epoch 1,    L1 = 0.7690784330760869,        L2 = -0.07881166953775451
[WADI:USAD] 
[WADI:USAD]   3%|▎         | 1/30 [00:06<01:37,  3.37s/it]
[SWaT:TranAD] /opt/conda/lib/python3.11/site-packages/torch/nn/modules/transformer.py:307: UserWarning: enable_nested_tensor is True, but self.use_nested_tensor is False because encoder_layer was not TransformerEncoderLayer
[SWaT:TranAD]   warnings.warn(f"enable_nested_tensor is True, but self.use_nested_tensor is False because {why_not_sparsity_fast_path}")
[WADI:USAD]   0%|          | 0/30 [00:00<?, ?it/s]
[WADI:USAD] 
[WADI:USAD] Epoch 0,    L1 = 0.8878924516538617,        L2 = 0.8877982154950427
[WADI:USAD] 
[WADI:USAD]   0%|          | 0/30 [00:04<?, ?it/s]
[sota] $ python -c "import dgl,torch; from dgl.nn import GATConv; print('DGL_OK',dgl.__version__)"
[WADI:USAD]   7%|▋         | 2/30 [00:06<01:33,  3.35s/it]
[WADI:USAD] 
[WADI:USAD] Epoch 2,    L1 = 0.7511787128195677,        L2 = -0.3084353265180868
[WADI:USAD] 
[WADI:USAD]   7%|▋         | 2/30 [00:10<01:33,  3.35s/it]
[SWaT:USAD]   3%|▎         | 1/30 [00:03<01:46,  3.66s/it]
[SWaT:USAD]   0%|          | 0/30 [00:00<?, ?it/s]
[SWaT:USAD] 
[SWaT:USAD] Epoch 0,    L1 = 1.0255264589365791,        L2 = 1.0344113898101974
[SWaT:USAD] 
[SWaT:USAD]   0%|          | 0/30 [00:04<?, ?it/s]
[SWaT:USAD] 
[SWaT:USAD] Epoch 1,    L1 = 0.9117629999010002,        L2 = -0.051635091783757484
[SWaT:USAD] 
[SWaT:USAD]   3%|▎         | 1/30 [00:07<01:46,  3.66s/it]
[SWaT:USAD]   3%|▎         | 1/30 [00:03<01:46,  3.68s/it][SWaT:TranAD] [92mCreating new model: TranAD[0m

[SWaT:USAD] 
[SWaT:USAD] Epoch 1,    L1 = 0.9149662222143482,        L2 = -0.030738242534400127
[SWaT:USAD] 
[SWaT:USAD]   3%|▎         | 1/30 [00:07<01:46,  3.68s/it]
[HAI:TranAD] [95mTraining TranAD on WADI[0m
[HAI:TranAD] 
[SWaT:USAD]   0%|          | 0/30 [00:00<?, ?it/s]
[SWaT:USAD] 
[SWaT:USAD] Epoch 0,    L1 = 1.0508739312606699,        L2 = 1.0492368472674314
[SWaT:USAD] 
[SWaT:USAD]   0%|          | 0/30 [00:03<?, ?it/s]
[SWaT:USAD]   0%|          | 0/30 [00:00<?, ?it/s]
[SWaT:USAD] 
[SWaT:USAD] Epoch 0,    L1 = 1.0296509383531178,        L2 = 1.0266344386514494
[SWaT:USAD] 
[SWaT:USAD]   0%|          | 0/30 [00:03<?, ?it/s]
[WADI:USAD]   3%|▎         | 1/30 [00:03<01:43,  3.57s/it]
[WADI:USAD] 
[WADI:USAD] Epoch 1,    L1 = 0.7779888014322782,        L2 = -0.048822001698332895
[WADI:USAD] 
[WADI:USAD]   3%|▎         | 1/30 [00:07<01:43,  3.57s/it]
[SWaT:TranAD] [95mTraining TranAD on WADI[0m
[SWaT:TranAD] 
[WADI:USAD]   7%|▋         | 2/30 [00:06<01:37,  3.49s/it]
[WADI:USAD] 
[WADI:USAD] Epoch 2,    L1 = 0.76706840581645,  L2 = -0.3236063015548479
[WADI:USAD] 
[WADI:USAD]   7%|▋         | 2/30 [00:10<01:37,  3.49s/it]
[WADI:USAD]   7%|▋         | 2/30 [00:06<01:35,  3.40s/it]
[WADI:USAD] 
[WADI:USAD] Epoch 2,    L1 = 0.7727451722151304,        L2 = -0.3354016276255712
[WADI:USAD] 
[WADI:USAD]   7%|▋         | 2/30 [00:10<01:35,  3.40s/it]
[sota] dgl smoke ds=WADI: OK Setting the default backend to "pytorch". You can change it in the ~/.dgl/config.json file or export the DGLBACKEND environment variable.  Valid options are: pytorch, mxnet, tensorflow (all lowercase)
DGL_OK 2.4.0+cu124[WADI:USAD]   3%|▎         | 1/30 [00:04<02:15,  4.68s/it][SWaT:USAD]   7%|▋         | 2/30 [00:07<01:42,  3.67s/it]

[sota] === training WADI:GDN (NEPOCHS=5, fp32=True) ===
[SWaT:USAD] 
[SWaT:USAD] Epoch 2,    L1 = 0.8931552255767233,        L2 = -0.34313816336586195
[SWaT:USAD] 
[SWaT:USAD]   7%|▋         | 2/30 [00:11<01:42,  3.67s/it]

[WADI:USAD] 
[WADI:USAD] Epoch 1,    L1 = 0.7875812543741447,        L2 = -0.05377443359125513
[WADI:USAD] 
[WADI:USAD]   3%|▎         | 1/30 [00:09<02:15,  4.68s/it]
[WADI:USAD]  10%|█         | 3/30 [00:10<01:30,  3.36s/it]
[WADI:USAD] 
[WADI:USAD] Epoch 3,    L1 = 0.7533586351945388,        L2 = -0.4255764910778058
[WADI:USAD] 
[WADI:USAD]  10%|█         | 3/30 [00:14<01:30,  3.36s/it]
[SWaT:USAD]   7%|▋         | 2/30 [00:07<01:43,  3.71s/it]
[SWaT:USAD]   3%|▎         | 1/30 [00:04<02:11,  4.54s/it][SWaT:USAD] 
[SWaT:USAD] Epoch 2,    L1 = 0.8969144906366573,        L2 = -0.336568223400151
[SWaT:USAD] 
[SWaT:USAD]   7%|▋         | 2/30 [00:11<01:43,  3.71s/it]

[SWaT:USAD] 
[SWaT:USAD] Epoch 1,    L1 = 0.9082270745670095,        L2 = -0.047458805870857546
[SWaT:USAD] 
[SWaT:USAD]   3%|▎         | 1/30 [00:08<02:11,  4.54s/it]
[SWaT:USAD]   3%|▎         | 1/30 [00:03<01:50,  3.83s/it][SWaT:USAD]   3%|▎         | 1/30 [00:03<01:39,  3.44s/it]
[HAI:TranAD] [95mTraining TranAD on WADI[0m

[SWaT:USAD] 
[SWaT:USAD] Epoch 1,    L1 = 0.9031405852822696,        L2 = -0.036977773297360676
[SWaT:USAD] 
[SWaT:USAD]   3%|▎         | 1/30 [00:07<01:50,  3.83s/it]
[HAI:TranAD] 
[SWaT:USAD] 
[SWaT:USAD] Epoch 1,    L1 = 0.9016437091809861,        L2 = -0.040345800041755225
[SWaT:USAD] 
[SWaT:USAD]   3%|▎         | 1/30 [00:06<01:39,  3.44s/it]
[sota] dgl smoke ds=HAI: OK Setting the default backend to "pytorch". You can change it in the ~/.dgl/config.json file or export the DGLBACKEND environment variable.  Valid options are: pytorch, mxnet, tensorflow (all lowercase)
DGL_OK 2.4.0+cu124
[sota] === training HAI:GDN (NEPOCHS=5, fp32=True) ===
[WADI:USAD]   7%|▋         | 2/30 [00:07<01:39,  3.54s/it]
[WADI:USAD] 
[WADI:USAD] Epoch 2,    L1 = 0.7357358264981436,        L2 = -0.2936578430660786
[WADI:USAD] 
[WADI:USAD]   7%|▋         | 2/30 [00:10<01:39,  3.54s/it]
[WADI:USAD]  10%|█         | 3/30 [00:10<01:31,  3.37s/it]
[WADI:USAD] 
[WADI:USAD] Epoch 3,    L1 = 0.782021173693811, L2 = -0.4613910677674155
[WADI:USAD] 
[WADI:USAD]  10%|█         | 3/30 [00:13<01:31,  3.37s/it]
[WADI:USAD]  10%|█         | 3/30 [00:10<01:35,  3.55s/it]
[WADI:USAD] 
[WADI:USAD] Epoch 3,    L1 = 0.7673369620791461,        L2 = -0.4386870293691147
[WADI:USAD] 
[WADI:USAD]  10%|█         | 3/30 [00:14<01:35,  3.55s/it]
[HAI:TranAD] [95mTraining TranAD on WADI[0m[HAI:TranAD] [95mTraining TranAD on WADI[0m

[HAI:TranAD] 
[HAI:USAD] [95mTraining USAD on WADI[0m[HAI:TranAD] 

[HAI:USAD] 
[SWaT:USAD]  10%|█         | 3/30 [00:11<01:40,  3.72s/it]
[SWaT:USAD] 
[SWaT:USAD] Epoch 3,    L1 = 0.8778002235205734,        L2 = -0.4707187451027772
[SWaT:USAD] 
[SWaT:USAD]  10%|█         | 3/30 [00:14<01:40,  3.72s/it]
[HAI:TranAD] [95mTraining TranAD on WADI[0m
[WADI:USAD]  13%|█▎        | 4/30 [00:14<01:33,  3.60s/it]
[WADI:USAD] 
[WADI:USAD] Epoch 4,    L1 = 0.7551667573595903,        L2 = -0.49501293075998687
[WADI:USAD] 
[WADI:USAD]  13%|█▎        | 4/30 [00:18<01:33,  3.60s/it]
[HAI:TranAD] 
[HAI:USAD] [95mTraining USAD on WADI[0m[SWaT:USAD]   7%|▋         | 2/30 [00:06<01:36,  3.45s/it]
[SWaT:USAD]  10%|█         | 3/30 [00:11<01:41,  3.76s/it]

[HAI:USAD] 
[SWaT:USAD] 
[SWaT:USAD] Epoch 3,    L1 = 0.8993325844670044,        L2 = -0.4861580592437702
[SWaT:USAD] 
[SWaT:USAD]  10%|█         | 3/30 [00:15<01:41,  3.76s/it]
[SWaT:USAD] 
[SWaT:USAD] Epoch 2,    L1 = 0.9074400895483353,        L2 = -0.34923389727140175
[SWaT:USAD] 
[SWaT:USAD]   7%|▋         | 2/30 [00:10<01:36,  3.45s/it]
[SWaT:USAD]   7%|▋         | 2/30 [00:07<01:46,  3.80s/it]
[SWaT:USAD] 
[SWaT:USAD] Epoch 2,    L1 = 0.8966074628865017,        L2 = -0.34049689010662193
[SWaT:USAD] 
[SWaT:USAD]   7%|▋         | 2/30 [00:11<01:46,  3.80s/it]
[HAI:USAD] [95mTraining USAD on WADI[0m
[WADI:USAD]  10%|█         | 3/30 [00:10<01:35,  3.53s/it][HAI:USAD] 

[WADI:USAD] 
[WADI:USAD] Epoch 3,    L1 = 0.7248989501648976,        L2 = -0.41052247197359654
[WADI:USAD] 
[WADI:USAD]  10%|█         | 3/30 [00:14<01:35,  3.53s/it]
[sota] $ python -c "import dgl,torch; from dgl.nn import GATConv; print('DGL_OK',dgl.__version__)"
[HAI:USAD] [95mTraining USAD on WADI[0m[WADI:USAD]   7%|▋         | 2/30 [00:09<02:09,  4.63s/it]
[WADI:USAD] 
[WADI:USAD] Epoch 2,    L1 = 0.7672395677978802,        L2 = -0.3211320281806622
[SWaT:USAD]   7%|▋         | 2/30 [00:08<02:03,  4.40s/it]
[HAI:USAD] 

[SWaT:USAD] 
[SWaT:USAD] Epoch 2,    L1 = 0.8946176095657489,        L2 = -0.3406969437529059
[SWaT:USAD] 
[SWaT:USAD]   7%|▋         | 2/30 [00:13<02:03,  4.40s/it]
[WADI:USAD]  13%|█▎        | 4/30 [00:13<01:29,  3.45s/it][WADI:USAD] 
[WADI:USAD]   7%|▋         | 2/30 [00:14<02:09,  4.63s/it]

[WADI:USAD] 
[WADI:USAD] Epoch 4,    L1 = 0.7748490403760315,        L2 = -0.5246485276284459
[WADI:USAD] 
[WADI:USAD]  13%|█▎        | 4/30 [00:17<01:29,  3.45s/it]
[HAI:USAD] [95mTraining USAD on WADI[0m
[HAI:USAD] 
[WADI:USAD]  13%|█▎        | 4/30 [00:14<01:40,  3.86s/it]
[WADI:USAD] 
[WADI:USAD] Epoch 4,    L1 = 0.7663200605071194,        L2 = -0.5056931803315926
[WADI:USAD] 
[WADI:USAD]  13%|█▎        | 4/30 [00:19<01:40,  3.86s/it]
[SWaT:USAD]  13%|█▎        | 4/30 [00:14<01:36,  3.72s/it][WADI:GDN] [92mCreating new model: GDN[0m

[SWaT:USAD] 
[SWaT:USAD] Epoch 4,    L1 = 0.8618038844974601,        L2 = -0.5390283318039248
[SWaT:USAD] 
[SWaT:USAD]  13%|█▎        | 4/30 [00:18<01:36,  3.72s/it]
[SWaT:USAD]  10%|█         | 3/30 [00:10<01:33,  3.45s/it][SWaT:USAD]  13%|█▎        | 4/30 [00:15<01:37,  3.77s/it]
[SWaT:USAD] 
[SWaT:USAD] Epoch 4,    L1 = 0.8953075033426284,        L2 = -0.5687724276675897
[SWaT:USAD] 
[SWaT:USAD]  13%|█▎        | 4/30 [00:18<01:37,  3.77s/it]
[WADI:USAD]  17%|█▋        | 5/30 [00:18<01:34,  3.77s/it]

[SWaT:USAD] 
[SWaT:USAD] Epoch 3,    L1 = 0.911254348509452, L2 = -0.49755167828324964
[SWaT:USAD] 
[SWaT:USAD]  10%|█         | 3/30 [00:14<01:33,  3.45s/it]
[WADI:USAD] 
[WADI:USAD] Epoch 5,    L1 = 0.7559223921808489,        L2 = -0.540806391110817
[WADI:USAD] 
[WADI:USAD]  17%|█▋        | 5/30 [00:22<01:34,  3.77s/it]
[WADI:USAD]  13%|█▎        | 4/30 [00:14<01:31,  3.51s/it]
[SWaT:USAD]  10%|█         | 3/30 [00:11<01:42,  3.80s/it][WADI:USAD] 
[WADI:USAD] Epoch 4,    L1 = 0.7107175559923661,        L2 = -0.4666434853393919
[WADI:USAD] 
[WADI:USAD]  13%|█▎        | 4/30 [00:17<01:31,  3.51s/it]

[SWaT:USAD] 
[SWaT:USAD] Epoch 3,    L1 = 0.8980353761508184,        L2 = -0.4851349667328245
[SWaT:USAD] 
[SWaT:USAD]  10%|█         | 3/30 [00:15<01:42,  3.80s/it]
[HAI:GDN] [92mCreating new model: GDN[0m
[WADI:USAD]  17%|█▋        | 5/30 [00:17<01:26,  3.47s/it]
[WADI:USAD] 
[WADI:USAD] Epoch 5,    L1 = 0.7546225686543917,        L2 = -0.5506025496353721
[WADI:USAD] 
[WADI:USAD]  17%|█▋        | 5/30 [00:20<01:26,  3.47s/it]
[WADI:GDN] [95mTraining GDN on WADI[0m
[WADI:GDN] 
[sota] dgl smoke ds=SWaT: OK Setting the default backend to "pytorch". You can change it in the ~/.dgl/config.json file or export the DGLBACKEND environment variable.  Valid options are: pytorch, mxnet, tensorflow (all lowercase)
DGL_OK 2.4.0+cu124
[sota] === training SWaT:GDN (NEPOCHS=5, fp32=True) ===
[SWaT:USAD]  10%|█         | 3/30 [00:13<02:01,  4.51s/it]
[SWaT:USAD] 
[SWaT:USAD] Epoch 3,    L1 = 0.8919502356560791,        L2 = -0.48098638466614135
[SWaT:USAD] 
[SWaT:USAD]  10%|█         | 3/30 [00:18<02:01,  4.51s/it]
[WADI:USAD]  10%|█         | 3/30 [00:14<02:12,  4.90s/it]
[WADI:USAD] 
[WADI:USAD] Epoch 3,    L1 = 0.765635810367046, L2 = -0.4381117209135805
[WADI:USAD] 
[WADI:USAD]  10%|█         | 3/30 [00:19<02:12,  4.90s/it]
[WADI:USAD]  17%|█▋        | 5/30 [00:19<01:38,  3.95s/it]
[WADI:USAD] 
[WADI:USAD] Epoch 5,    L1 = 0.7645939286147985,        L2 = -0.5489074824101384
[WADI:USAD] 
[WADI:USAD]  17%|█▋        | 5/30 [00:23<01:38,  3.95s/it]
[SWaT:USAD]  17%|█▋        | 5/30 [00:18<01:33,  3.73s/it]
[SWaT:USAD] 
[SWaT:USAD] Epoch 5,    L1 = 0.8530359632390387,        L2 = -0.5857699760838466
[SWaT:USAD] 
[SWaT:USAD]  17%|█▋        | 5/30 [00:22<01:33,  3.73s/it]
[SWaT:USAD]  13%|█▎        | 4/30 [00:14<01:33,  3.58s/it]
[WADI:USAD]  17%|█▋        | 5/30 [00:17<01:27,  3.51s/it]
[SWaT:USAD]  17%|█▋        | 5/30 [00:18<01:34,  3.79s/it]
[SWaT:USAD] 
[SWaT:USAD] Epoch 5,    L1 = 0.8893346366286278,        L2 = -0.6194751427936204
[SWaT:USAD] 
[SWaT:USAD]  17%|█▋        | 5/30 [00:22<01:34,  3.79s/it]
[SWaT:USAD] 
[SWaT:USAD] Epoch 4,    L1 = 0.9106200546289192,        L2 = -0.5820944046798875
[SWaT:USAD] 
[SWaT:USAD]  13%|█▎        | 4/30 [00:17<01:33,  3.58s/it]
[WADI:USAD] 
[WADI:USAD] Epoch 5,    L1 = 0.7000202495744527,        L2 = -0.5000098484278114
[WADI:USAD] 
[WADI:USAD]  17%|█▋        | 5/30 [00:21<01:27,  3.51s/it]
[SWaT:USAD]  13%|█▎        | 4/30 [00:15<01:39,  3.81s/it]
[WADI:USAD]  20%|██        | 6/30 [00:22<01:32,  3.86s/it]
[WADI:USAD] 
[WADI:USAD] Epoch 6,    L1 = 0.754704515949548, L2 = -0.5718337447180445
[WADI:USAD] 
[WADI:USAD]  20%|██        | 6/30 [00:26<01:32,  3.86s/it]
[SWaT:USAD] 
[SWaT:USAD] Epoch 4,    L1 = 0.8968588489995283,        L2 = -0.568697546759949
[SWaT:USAD] 
[SWaT:USAD]  13%|█▎        | 4/30 [00:19<01:39,  3.81s/it]
[WADI:USAD]  20%|██        | 6/30 [00:20<01:23,  3.48s/it]
[WADI:USAD] 
[WADI:USAD] Epoch 6,    L1 = 0.7335533247880796,        L2 = -0.561617902353965
[WADI:USAD] 
[WADI:USAD]  20%|██        | 6/30 [00:24<01:23,  3.48s/it]
[SWaT:USAD]  13%|█▎        | 4/30 [00:18<01:59,  4.61s/it]
[SWaT:USAD] 
[SWaT:USAD] Epoch 4,    L1 = 0.891119171319639, L2 = -0.5645253555301357
[SWaT:USAD] 
[SWaT:USAD]  13%|█▎        | 4/30 [00:22<01:59,  4.61s/it]
[WADI:USAD]  20%|██        | 6/30 [00:23<01:36,  4.00s/it]
[WADI:USAD] 
[WADI:USAD] Epoch 6,    L1 = 0.7629305741720838,        L2 = -0.5792963054596308
[WADI:USAD] 
[WADI:USAD]  20%|██        | 6/30 [00:27<01:36,  4.00s/it]
[SWaT:USAD]  20%|██        | 6/30 [00:22<01:29,  3.72s/it]
[SWaT:USAD] 
[SWaT:USAD] Epoch 6,    L1 = 0.8482436852157116,        L2 = -0.6202489589067066
[SWaT:USAD] 
[SWaT:USAD]  20%|██        | 6/30 [00:26<01:29,  3.72s/it]
[SWaT:USAD]  17%|█▋        | 5/30 [00:17<01:30,  3.61s/it]
[SWaT:USAD] 
[WADI:USAD]  20%|██        | 6/30 [00:21<01:24,  3.51s/it]
[WADI:USAD] 
[WADI:USAD] Epoch 6,    L1 = 0.6907751474644971,        L2 = -0.5212093841096122
[WADI:USAD] 
[WADI:USAD]  20%|██        | 6/30 [00:24<01:24,  3.51s/it]
[SWaT:USAD] Epoch 5,    L1 = 0.9087167448243674,        L2 = -0.6362345654079142
[SWaT:USAD] 
[SWaT:USAD]  17%|█▋        | 5/30 [00:21<01:30,  3.61s/it]
[WADI:USAD]  13%|█▎        | 4/30 [00:19<02:09,  4.99s/it]
[WADI:USAD] 
[WADI:USAD] Epoch 4,    L1 = 0.7585914307084014,        L2 = -0.5000112975110432
[WADI:USAD] 
[WADI:USAD]  13%|█▎        | 4/30 [00:24<02:09,  4.99s/it]
[SWaT:USAD]  20%|██        | 6/30 [00:22<01:30,  3.78s/it]
[SWaT:USAD] 
[SWaT:USAD] Epoch 6,    L1 = 0.8848044867112356,        L2 = -0.6549367106399115
[SWaT:USAD] 
[SWaT:USAD]  20%|██        | 6/30 [00:26<01:30,  3.78s/it]
[SWaT:GDN] [92mCreating new model: GDN[0m
[WADI:USAD]  23%|██▎       | 7/30 [00:24<01:20,  3.51s/it]
[SWaT:USAD]  17%|█▋        | 5/30 [00:19<01:35,  3.82s/it]
[SWaT:USAD] 
[SWaT:USAD] Epoch 5,    L1 = 0.8949813473487601,        L2 = -0.6227625066743178
[WADI:USAD] 
[WADI:USAD] Epoch 7,    L1 = 0.7171878930406119,        L2 = -0.5684674104605764
[WADI:USAD] 
[WADI:USAD]  23%|██▎       | 7/30 [00:27<01:20,  3.51s/it]
[SWaT:USAD] 
[SWaT:USAD]  17%|█▋        | 5/30 [00:22<01:35,  3.82s/it]
[WADI:USAD]  23%|██▎       | 7/30 [00:26<01:29,  3.91s/it]
[WADI:USAD] 
[WADI:USAD] Epoch 7,    L1 = 0.7504910938988697,        L2 = -0.5920333168537737
[WADI:USAD] 
[WADI:USAD]  23%|██▎       | 7/30 [00:30<01:29,  3.91s/it]
[SWaT:GDN] [95mTraining GDN on WADI[0m
[SWaT:GDN] 
[SWaT:USAD]  23%|██▎       | 7/30 [00:26<01:25,  3.72s/it]
[SWaT:USAD] 
[SWaT:USAD] Epoch 7,    L1 = 0.8438260628545986,        L2 = -0.6452980411885416
[SWaT:USAD] 
[SWaT:USAD]  23%|██▎       | 7/30 [00:29<01:25,  3.72s/it]
[WADI:USAD]  23%|██▎       | 7/30 [00:24<01:20,  3.49s/it]
[WADI:USAD]  23%|██▎       | 7/30 [00:27<01:33,  4.05s/it]
[WADI:USAD] 
[WADI:USAD] Epoch 7,    L1 = 0.760191756156296, L2 = -0.6007088112597754[SWaT:USAD]  17%|█▋        | 5/30 [00:22<01:54,  4.59s/it]
[WADI:USAD] 
[WADI:USAD]  23%|██▎       | 7/30 [00:31<01:33,  4.05s/it]
[WADI:USAD] 
[WADI:USAD] Epoch 7,    L1 = 0.6815548265447041,        L2 = -0.5345657897131673
[WADI:USAD] 
[WADI:USAD]  23%|██▎       | 7/30 [00:28<01:20,  3.49s/it]

[SWaT:USAD] 
[SWaT:USAD] Epoch 5,    L1 = 0.8901236863171353,        L2 = -0.6192683616543517
[SWaT:USAD] 
[SWaT:USAD]  17%|█▋        | 5/30 [00:27<01:54,  4.59s/it]
[SWaT:USAD]  20%|██        | 6/30 [00:21<01:25,  3.58s/it]
[SWaT:USAD] 
[SWaT:USAD] Epoch 6,    L1 = 0.9049874193966388,        L2 = -0.6723086321222431
[SWaT:USAD] 
[SWaT:USAD]  20%|██        | 6/30 [00:25<01:25,  3.58s/it]
[WADI:USAD]  27%|██▋       | 8/30 [00:27<01:17,  3.51s/it]
[WADI:USAD] 
[WADI:USAD] Epoch 8,    L1 = 0.7045545697601157,        L2 = -0.5733705461025238
[WADI:USAD] 
[WADI:USAD]  27%|██▋       | 8/30 [00:31<01:17,  3.51s/it]
[SWaT:USAD]  23%|██▎       | 7/30 [00:26<01:27,  3.79s/it]
[SWaT:USAD] 
[SWaT:USAD] Epoch 7,    L1 = 0.8803323160900789,        L2 = -0.6802217956106452
[SWaT:USAD] 
[SWaT:USAD]  23%|██▎       | 7/30 [00:30<01:27,  3.79s/it]
[SWaT:USAD]  20%|██        | 6/30 [00:22<01:31,  3.82s/it]
[SWaT:USAD] 
[SWaT:USAD] Epoch 6,    L1 = 0.8926002324591664,        L2 = -0.6601133934583734
[SWaT:USAD] 
[SWaT:USAD]  20%|██        | 6/30 [00:26<01:31,  3.82s/it]
[WADI:USAD]  27%|██▋       | 8/30 [00:30<01:26,  3.92s/it]
[WADI:USAD] 
[WADI:USAD] Epoch 8,    L1 = 0.74436616863551,  L2 = -0.6051135520172741
[WADI:USAD] 
[WADI:USAD]  27%|██▋       | 8/30 [00:34<01:26,  3.92s/it]
[HAI:GDN] [95mTraining GDN on WADI[0m
[HAI:GDN] 
[WADI:USAD]  17%|█▋        | 5/30 [00:24<02:06,  5.08s/it]
[WADI:USAD] 
[WADI:USAD] Epoch 5,    L1 = 0.7481100374003219,        L2 = -0.5352002640921762
[WADI:USAD] 
[WADI:USAD]  17%|█▋        | 5/30 [00:30<02:06,  5.08s/it]
[WADI:USAD]  27%|██▋       | 8/30 [00:28<01:17,  3.53s/it]
[WADI:USAD] 
[WADI:USAD] Epoch 8,    L1 = 0.6743014324061439,        L2 = -0.5445817222311291
[WADI:USAD] 
[WADI:USAD]  27%|██▋       | 8/30 [00:31<01:17,  3.53s/it]
[SWaT:USAD]  27%|██▋       | 8/30 [00:29<01:23,  3.77s/it]
[SWaT:USAD] 
[SWaT:USAD] Epoch 8,    L1 = 0.8372341606020928,        L2 = -0.6618443845300114
[SWaT:USAD] 
[SWaT:USAD]  27%|██▋       | 8/30 [00:33<01:23,  3.77s/it]
[WADI:USAD]  30%|███       | 9/30 [00:31<01:14,  3.53s/it]
[WADI:USAD] 
[WADI:USAD] Epoch 9,    L1 = 0.6930447861090375,        L2 = -0.5757243149529468
[WADI:USAD] 
[WADI:USAD]  30%|███       | 9/30 [00:34<01:14,  3.53s/it]
[WADI:USAD]  27%|██▋       | 8/30 [00:31<01:29,  4.06s/it]
[WADI:USAD] 
[WADI:USAD] Epoch 8,    L1 = 0.7558457746883006,        L2 = -0.6153537522132401
[WADI:USAD] 
[WADI:USAD]  27%|██▋       | 8/30 [00:35<01:29,  4.06s/it]
[SWaT:USAD]  23%|██▎       | 7/30 [00:25<01:25,  3.71s/it]
[SWaT:USAD] 
[SWaT:USAD] Epoch 7,    L1 = 0.9000758127254598,        L2 = -0.697153281052323
[SWaT:USAD] 
[SWaT:USAD]  23%|██▎       | 7/30 [00:29<01:25,  3.71s/it]
[SWaT:USAD]  27%|██▋       | 8/30 [00:30<01:24,  3.82s/it]
[SWaT:USAD] 
[SWaT:USAD] Epoch 8,    L1 = 0.876463811520268, L2 = -0.6993126995072645
[SWaT:USAD] 
[SWaT:USAD]  27%|██▋       | 8/30 [00:34<01:24,  3.82s/it]
[SWaT:USAD]  23%|██▎       | 7/30 [00:26<01:27,  3.81s/it][SWaT:USAD]  20%|██        | 6/30 [00:27<01:49,  4.55s/it]
[SWaT:USAD] 
[SWaT:USAD] Epoch 6,    L1 = 0.8876800747566364,        L2 = -0.6564383840692394
[SWaT:USAD] 
[SWaT:USAD]  20%|██        | 6/30 [00:31<01:49,  4.55s/it]

[SWaT:USAD] 
[SWaT:USAD] Epoch 7,    L1 = 0.8901096367047113,        L2 = -0.6873330393214436
[SWaT:USAD] 
[SWaT:USAD]  23%|██▎       | 7/30 [00:30<01:27,  3.81s/it]
[WADI:USAD]  30%|███       | 9/30 [00:34<01:22,  3.92s/it]
[WADI:USAD] 
[WADI:USAD] Epoch 9,    L1 = 0.7358168922668569,        L2 = -0.6121902164880059
[WADI:USAD] 
[WADI:USAD]  30%|███       | 9/30 [00:38<01:22,  3.92s/it]
[SWaT:TranAD]   0%|          | 0/5 [00:00<?, ?it/s]
[SWaT:TranAD] 
[SWaT:TranAD] Epoch 0,  L1 = 0.7953017669565537
[SWaT:TranAD] 
[SWaT:TranAD]   0%|          | 0/5 [00:30<?, ?it/s]
[HAI:USAD]   0%|          | 0/30 [00:00<?, ?it/s]
[HAI:USAD] 
[HAI:USAD] Epoch 0,     L1 = 0.8287792196324213,        L2 = 0.8231040806298362
[HAI:USAD] 
[HAI:USAD]   0%|          | 0/30 [00:22<?, ?it/s]
[WADI:USAD]  30%|███       | 9/30 [00:31<01:14,  3.54s/it][SWaT:TranAD]   0%|          | 0/5 [00:00<?, ?it/s]
[WADI:USAD] 
[WADI:USAD] Epoch 9,    L1 = 0.6681337359484413,        L2 = -0.5521241192133158
[WADI:USAD] 
[WADI:USAD]  30%|███       | 9/30 [00:35<01:14,  3.54s/it]

[SWaT:TranAD] 
[SWaT:TranAD] Epoch 0,  L1 = 0.8021944323751856
[SWaT:TranAD] 
[SWaT:TranAD]   0%|          | 0/5 [00:32<?, ?it/s]
[WADI:USAD]  20%|██        | 6/30 [00:30<02:03,  5.15s/it]
[WADI:USAD] 
[WADI:USAD] Epoch 6,    L1 = 0.7375328620534153,        L2 = -0.5573514132573593
[WADI:USAD] 
[WADI:USAD]  20%|██        | 6/30 [00:35<02:03,  5.15s/it]
[WADI:USAD]  33%|███▎      | 10/30 [00:34<01:10,  3.52s/it]
[WADI:USAD] 
[WADI:USAD] Epoch 10,   L1 = 0.6852007077529808,        L2 = -0.5790699921657755
[WADI:USAD] 
[WADI:USAD]  33%|███▎      | 10/30 [00:38<01:10,  3.52s/it]
[SWaT:USAD]  30%|███       | 9/30 [00:33<01:20,  3.85s/it]
[SWaT:USAD] 
[SWaT:USAD] Epoch 9,    L1 = 0.8304269389019293,        L2 = -0.6735136699325898
[SWaT:USAD] 
[SWaT:USAD]  30%|███       | 9/30 [00:37<01:20,  3.85s/it]
[SWaT:USAD]  27%|██▋       | 8/30 [00:29<01:23,  3.78s/it][WADI:USAD]  30%|███       | 9/30 [00:35<01:25,  4.09s/it]
[WADI:USAD] 
[WADI:USAD] Epoch 9,    L1 = 0.7500947274838925,        L2 = -0.6250021250076823
[WADI:USAD] 
[WADI:USAD]  30%|███       | 9/30 [00:39<01:25,  4.09s/it]
[SWaT:USAD]  30%|███       | 9/30 [00:34<01:20,  3.81s/it]
[SWaT:USAD] 
[SWaT:USAD] Epoch 9,    L1 = 0.8741158616981085,        L2 = -0.7151828796810964
[SWaT:USAD] 
[SWaT:USAD]  30%|███       | 9/30 [00:37<01:20,  3.81s/it]

[SWaT:USAD] 
[SWaT:USAD] Epoch 8,    L1 = 0.8945888316193048,        L2 = -0.7148408275974147
[SWaT:USAD] 
[SWaT:USAD]  27%|██▋       | 8/30 [00:33<01:23,  3.78s/it]
[SWaT:USAD]  27%|██▋       | 8/30 [00:30<01:23,  3.81s/it]
[SWaT:USAD] 
[SWaT:USAD] Epoch 8,    L1 = 0.8874027556794531,        L2 = -0.707698131655069
[SWaT:USAD] 
[SWaT:USAD]  27%|██▋       | 8/30 [00:34<01:23,  3.81s/it]
[HAI:USAD]   0%|          | 0/30 [00:00<?, ?it/s]
[HAI:USAD] 
[HAI:USAD] Epoch 0,     L1 = 0.833653499569647, L2 = 0.8544362605961393
[HAI:USAD] 
[HAI:USAD]   0%|          | 0/30 [00:22<?, ?it/s]
[SWaT:USAD]  23%|██▎       | 7/30 [00:31<01:45,  4.58s/it]
[SWaT:USAD] 
[SWaT:USAD] Epoch 7,    L1 = 0.8839502072772559,        L2 = -0.6823380393841687
[SWaT:USAD] 
[SWaT:USAD]  23%|██▎       | 7/30 [00:36<01:45,  4.58s/it]
[WADI:USAD]  33%|███▎      | 10/30 [00:38<01:19,  3.98s/it]
[WADI:USAD] 
[WADI:USAD] Epoch 10,   L1 = 0.7205770654546106,        L2 = -0.60994318438782
[WADI:USAD] 
[WADI:USAD]  33%|███▎      | 10/30 [00:42<01:19,  3.98s/it]
[HAI:USAD]   0%|          | 0/30 [00:00<?, ?it/s]
[SWaT:TranAD]   0%|          | 0/5 [00:00<?, ?it/s]
[SWaT:TranAD] 
[SWaT:TranAD] Epoch 0,  L1 = 0.7858170939938111
[SWaT:TranAD] 
[HAI:USAD] 
[HAI:USAD] Epoch 0,     L1 = 0.8705112228592421,        L2 = 0.8601137216594139
[HAI:USAD] 
[HAI:USAD]   0%|          | 0/30 [00:23<?, ?it/s]
[SWaT:TranAD]   0%|          | 0/5 [00:35<?, ?it/s]
[WADI:USAD]  33%|███▎      | 10/30 [00:35<01:10,  3.52s/it]
[WADI:USAD] 
[WADI:USAD] Epoch 10,   L1 = 0.6627218155934799,        L2 = -0.5578152252206211
[WADI:USAD] 
[WADI:USAD]  33%|███▎      | 10/30 [00:38<01:10,  3.52s/it]
[WADI:USAD]  37%|███▋      | 11/30 [00:38<01:07,  3.53s/it]
[WADI:USAD] 
[WADI:USAD] Epoch 11,   L1 = 0.6799625939587784,        L2 = -0.5830269118992772
[WADI:USAD] 
[WADI:USAD]  37%|███▋      | 11/30 [00:41<01:07,  3.53s/it]
[SWaT:USAD]  30%|███       | 9/30 [00:33<01:20,  3.82s/it]
[SWaT:USAD] 
[SWaT:USAD] Epoch 9,    L1 = 0.8894191038520897,        L2 = -0.7282056986540556
[SWaT:USAD] 
[SWaT:USAD]  30%|███       | 9/30 [00:36<01:20,  3.82s/it]
[SWaT:USAD]  33%|███▎      | 10/30 [00:37<01:17,  3.89s/it]
[SWaT:USAD] 
[SWaT:USAD] Epoch 10,   L1 = 0.8275824503863559,        L2 = -0.6854456838439492
[SWaT:USAD] 
[SWaT:USAD]  33%|███▎      | 10/30 [00:37<01:15,  3.79s/it]
[SWaT:USAD] [SWaT:USAD]  33%|███▎      | 10/30 [00:42<01:17,  3.89s/it]

[SWaT:USAD] Epoch 10,   L1 = 0.8729234897038516,        L2 = -0.7288024680754718
[SWaT:USAD] 
[SWaT:USAD]  33%|███▎      | 10/30 [00:41<01:15,  3.79s/it]
[WADI:USAD]  33%|███▎      | 10/30 [00:39<01:21,  4.05s/it][SWaT:USAD]  30%|███       | 9/30 [00:34<01:19,  3.78s/it]

[WADI:USAD] 
[WADI:USAD] Epoch 10,   L1 = 0.7420589561660761,        L2 = -0.6296655550283087
[WADI:USAD] 
[WADI:USAD]  33%|███▎      | 10/30 [00:43<01:21,  4.05s/it]
[SWaT:USAD] 
[SWaT:USAD] Epoch 9,    L1 = 0.8846186194963315,        L2 = -0.7233566924754311
[SWaT:USAD] 
[SWaT:USAD]  30%|███       | 9/30 [00:38<01:19,  3.78s/it]
[WADI:USAD]  23%|██▎       | 7/30 [00:35<01:59,  5.21s/it]
[WADI:USAD] 
[WADI:USAD] Epoch 7,    L1 = 0.7290857716738497,        L2 = -0.5735249777991465
[WADI:USAD] 
[WADI:USAD]  23%|██▎       | 7/30 [00:40<01:59,  5.21s/it]
[WADI:USAD]  37%|███▋      | 11/30 [00:42<01:16,  4.00s/it]
[WADI:USAD] 
[WADI:USAD] Epoch 11,   L1 = 0.7052334892710893,        L2 = -0.6053001162084047
[WADI:USAD] 
[WADI:USAD]  37%|███▋      | 11/30 [00:46<01:16,  4.00s/it]
[SWaT:USAD]  27%|██▋       | 8/30 [00:36<01:39,  4.55s/it]
[SWaT:USAD] 
[SWaT:USAD] Epoch 8,    L1 = 0.8804951993595151,        L2 = -0.701939918731942
[SWaT:USAD] 
[SWaT:USAD]  27%|██▋       | 8/30 [00:40<01:39,  4.55s/it]
[WADI:USAD]  37%|███▋      | 11/30 [00:38<01:06,  3.52s/it]
[HAI:USAD]   0%|          | 0/30 [00:00<?, ?it/s][WADI:USAD] 
[WADI:USAD] Epoch 11,   L1 = 0.6576614317652841,        L2 = -0.5620198775368452
[WADI:USAD] 
[WADI:USAD]  37%|███▋      | 11/30 [00:42<01:06,  3.52s/it]

[HAI:USAD] 
[HAI:USAD] Epoch 0,     L1 = 0.8318427197815207,        L2 = 0.850011940069192
[HAI:USAD] 
[HAI:USAD]   0%|          | 0/30 [00:28<?, ?it/s]
[WADI:USAD]  40%|████      | 12/30 [00:41<01:03,  3.53s/it]
[WADI:USAD] 
[WADI:USAD] Epoch 12,   L1 = 0.674672059581097, L2 = -0.5855129434078397
[WADI:USAD] 
[WADI:USAD]  40%|████      | 12/30 [00:45<01:03,  3.53s/it]
[SWaT:TranAD]   0%|          | 0/5 [00:00<?, ?it/s]
[SWaT:TranAD] 
[SWaT:TranAD] Epoch 0,  L1 = 0.7950069842136958
[SWaT:TranAD] 
[SWaT:TranAD]   0%|          | 0/5 [00:35<?, ?it/s]
[HAI:USAD]   0%|          | 0/30 [00:00<?, ?it/s]
[HAI:USAD] 
[HAI:USAD] Epoch 0,     L1 = 0.8392920174036992,        L2 = 0.8392023923339453
[HAI:USAD] 
[HAI:USAD]   0%|          | 0/30 [00:29<?, ?it/s]
[SWaT:USAD]  33%|███▎      | 10/30 [00:36<01:15,  3.75s/it]
[SWaT:USAD] 
[SWaT:USAD] Epoch 10,   L1 = 0.8854216304421425,        L2 = -0.7393005460938986
[SWaT:USAD] 
[SWaT:USAD]  33%|███▎      | 10/30 [00:40<01:15,  3.75s/it]
[SWaT:USAD]  37%|███▋      | 11/30 [00:42<01:15,  3.96s/it]
[SWaT:USAD]  37%|███▋      | 11/30 [00:41<01:12,  3.81s/it]
[SWaT:USAD] 
[SWaT:USAD] Epoch 11,   L1 = 0.8715435189271674,        L2 = -0.7397384434719296
[SWaT:USAD] 
[SWaT:USAD] 
[SWaT:USAD] Epoch 11,   L1 = 0.8267719213839839,        L2 = -0.6968751583248377
[SWaT:USAD] 
[SWaT:USAD]  37%|███▋      | 11/30 [00:45<01:15,  3.96s/it]
[SWaT:USAD]  37%|███▋      | 11/30 [00:45<01:12,  3.81s/it]
[SWaT:USAD]  33%|███▎      | 10/30 [00:38<01:16,  3.81s/it][WADI:USAD]  37%|███▋      | 11/30 [00:43<01:17,  4.07s/it]

[SWaT:USAD] 
[SWaT:USAD] Epoch 10,   L1 = 0.8820400026791236,        L2 = -0.735863515081651
[SWaT:USAD] 
[SWaT:USAD]  33%|███▎      | 10/30 [00:41<01:16,  3.81s/it]
[WADI:USAD] 
[WADI:USAD] Epoch 11,   L1 = 0.7300652483353607,        L2 = -0.6282774709274485
[WADI:USAD] 
[WADI:USAD]  37%|███▋      | 11/30 [00:47<01:17,  4.07s/it]
[SWaT:TranAD]   0%|          | 0/5 [00:00<?, ?it/s]
[SWaT:TranAD] 
[SWaT:TranAD] Epoch 0,  L1 = 0.7923681845691274
[SWaT:TranAD] 
[SWaT:TranAD]   0%|          | 0/5 [00:43<?, ?it/s]
[WADI:USAD]  40%|████      | 12/30 [00:46<01:12,  4.04s/it]
[WADI:USAD] 
[WADI:USAD] Epoch 12,   L1 = 0.69109101017381,  L2 = -0.5999767699599461
[WADI:USAD] 
[WADI:USAD]  40%|████      | 12/30 [00:50<01:12,  4.04s/it]
[WADI:USAD]  40%|████      | 12/30 [00:42<01:03,  3.54s/it]
[WADI:USAD] 
[WADI:USAD] Epoch 12,   L1 = 0.6527950611530665,        L2 = -0.5649122640271754
[WADI:USAD] 
[WADI:USAD]  40%|████      | 12/30 [00:45<01:03,  3.54s/it]
[WADI:USAD]  27%|██▋       | 8/30 [00:40<01:55,  5.27s/it]
[WADI:USAD] 
[WADI:USAD] Epoch 8,    L1 = 0.7183257240261184,        L2 = -0.5820927170711474
[WADI:USAD] 
[WADI:USAD]  27%|██▋       | 8/30 [00:46<01:55,  5.27s/it]
[WADI:USAD]  43%|████▎     | 13/30 [00:45<01:00,  3.53s/it]
[WADI:USAD] 
[WADI:USAD] Epoch 13,   L1 = 0.669739120498567, L2 = -0.5872260531924094
[WADI:USAD] 
[WADI:USAD]  43%|████▎     | 13/30 [00:49<01:00,  3.53s/it]
[SWaT:USAD]  30%|███       | 9/30 [00:40<01:35,  4.53s/it]
[SWaT:USAD] 
[SWaT:USAD] Epoch 9,    L1 = 0.8777658329816426,        L2 = -0.7177413779409493
[SWaT:USAD] 
[SWaT:USAD]  30%|███       | 9/30 [00:45<01:35,  4.53s/it]
[SWaT:USAD]  37%|███▋      | 11/30 [00:40<01:11,  3.78s/it]
[SWaT:USAD] 
[SWaT:USAD] Epoch 11,   L1 = 0.8822826567379868,        L2 = -0.7487051805415574
[SWaT:USAD] 
[SWaT:USAD]  37%|███▋      | 11/30 [00:44<01:11,  3.78s/it]
[SWaT:USAD]  40%|████      | 12/30 [00:45<01:11,  3.96s/it]
[SWaT:USAD] 
[SWaT:USAD] Epoch 12,   L1 = 0.8270459803062327,        L2 = -0.7074019489481168
[SWaT:USAD] 
[SWaT:USAD]  40%|████      | 12/30 [00:49<01:11,  3.96s/it]
[SWaT:USAD]  40%|████      | 12/30 [00:45<01:09,  3.86s/it]
[SWaT:USAD] [SWaT:USAD]  37%|███▋      | 11/30 [00:41<01:12,  3.82s/it]
[SWaT:USAD] Epoch 12,   L1 = 0.8701249999246177,        L2 = -0.74872741654077
[SWaT:USAD] 
[SWaT:USAD]  40%|████      | 12/30 [00:49<01:09,  3.86s/it]

[SWaT:USAD] 
[SWaT:USAD] Epoch 11,   L1 = 0.8795834523702369,        L2 = -0.7460003966312198
[SWaT:USAD] 
[SWaT:USAD]  37%|███▋      | 11/30 [00:45<01:12,  3.82s/it]
[WADI:USAD]  40%|████      | 12/30 [00:47<01:12,  4.05s/it]
[WADI:USAD] 
[WADI:USAD] Epoch 12,   L1 = 0.7153087106167201,        L2 = -0.6224343634254587
[WADI:USAD] 
[WADI:USAD]  40%|████      | 12/30 [00:51<01:12,  4.05s/it]
[WADI:TranAD]   0%|          | 0/5 [00:00<?, ?it/s]
[WADI:TranAD] 
[WADI:TranAD] Epoch 0,  L1 = 0.5121629786530287
[WADI:TranAD] 
[WADI:TranAD]   0%|          | 0/5 [00:46<?, ?it/s]
[WADI:USAD]  43%|████▎     | 13/30 [00:45<01:00,  3.55s/it]
[WADI:USAD] 
[WADI:USAD] Epoch 13,   L1 = 0.6488242589338374,        L2 = -0.5675519599319476
[WADI:USAD] 
[WADI:USAD]  43%|████▎     | 13/30 [00:49<01:00,  3.55s/it]
[WADI:USAD]  43%|████▎     | 13/30 [00:50<01:08,  4.03s/it]
[WADI:USAD] 
[WADI:USAD] Epoch 13,   L1 = 0.6810348484099981,        L2 = -0.5970684844167936
[WADI:USAD] 
[WADI:USAD]  43%|████▎     | 13/30 [00:54<01:08,  4.03s/it]
[SWaT:USAD]  40%|████      | 12/30 [00:44<01:06,  3.72s/it]
[SWaT:USAD] 
[SWaT:USAD] Epoch 12,   L1 = 0.8806818054397316,        L2 = -0.7576448359208948
[SWaT:USAD] 
[SWaT:USAD]  40%|████      | 12/30 [00:48<01:06,  3.72s/it]
[WADI:TranAD]   0%|          | 0/5 [00:00<?, ?it/s]
[WADI:TranAD] 
[WADI:TranAD] Epoch 0,  L1 = 0.5198781565439449
[WADI:TranAD] 
[WADI:TranAD]   0%|          | 0/5 [00:52<?, ?it/s]
[WADI:USAD]  47%|████▋     | 14/30 [00:49<00:56,  3.53s/it]
[WADI:USAD] 
[WADI:USAD] Epoch 14,   L1 = 0.6657385036081902,        L2 = -0.5889528833244597
[WADI:USAD] 
[WADI:USAD]  47%|████▋     | 14/30 [00:52<00:56,  3.53s/it]
[SWaT:USAD]  40%|████      | 12/30 [00:45<01:08,  3.83s/it]
[SWaT:USAD] 
[SWaT:USAD] Epoch 12,   L1 = 0.8775266891805564,        L2 = -0.7546303772575715
[SWaT:USAD] 
[SWaT:USAD]  40%|████      | 12/30 [00:49<01:08,  3.83s/it]
[gpu] WADI:USAD heartbeat t+60s alloc=0.00G
[WADI:TranAD]   0%|          | 0/5 [00:00<?, ?it/s]
[WADI:TranAD] 
[WADI:TranAD] Epoch 0,  L1 = 0.5149439329229794
[WADI:TranAD] 
[WADI:TranAD]   0%|          | 0/5 [00:50<?, ?it/s]
[SWaT:USAD]  43%|████▎     | 13/30 [00:49<01:05,  3.88s/it]
[SWaT:USAD] 
[SWaT:USAD] Epoch 13,   L1 = 0.8682920249069438,        L2 = -0.7558072840510046
[SWaT:USAD] 
[SWaT:USAD]  43%|████▎     | 13/30 [00:54<01:05,  3.88s/it]
[gpu] HAI:TranAD heartbeat t+60s alloc=0.00G
[WADI:USAD]  43%|████▎     | 13/30 [00:51<01:08,  4.00s/it]
[WADI:USAD] 
[WADI:USAD] Epoch 13,   L1 = 0.7015972662030386,        L2 = -0.6161796190999266
[WADI:USAD] 
[WADI:USAD]  43%|████▎     | 13/30 [00:56<01:08,  4.00s/it]
[SWaT:USAD]  43%|████▎     | 13/30 [00:49<01:06,  3.93s/it]
[SWaT:USAD] 
[SWaT:USAD] Epoch 13,   L1 = 0.8280243866934496,        L2 = -0.7171415760368108
[SWaT:USAD] 
[SWaT:USAD]  43%|████▎     | 13/30 [00:54<01:06,  3.93s/it]
[gpu] WADI:TranAD heartbeat t+60s alloc=0.00G
[WADI:USAD]  30%|███       | 9/30 [00:46<01:51,  5.31s/it][gpu] WADI:USAD heartbeat t+60s alloc=0.00G[gpu] WADI:USAD heartbeat t+60s alloc=0.00G


[WADI:USAD] 
[WADI:USAD] Epoch 9,    L1 = 0.70638876151883,  L2 = -0.5854303266543159
[WADI:USAD] 
[WADI:USAD]  30%|███       | 9/30 [00:51<01:51,  5.31s/it]
[gpu] SWaT:USAD heartbeat t+60s alloc=0.00G
[WADI:USAD]  47%|████▋     | 14/30 [00:54<01:06,  4.15s/it]
[WADI:USAD] 
[WADI:USAD] Epoch 14,   L1 = 0.6751493572410907,        L2 = -0.597224626805615
[WADI:USAD] 
[WADI:USAD]  47%|████▋     | 14/30 [00:58<01:06,  4.15s/it]
[WADI:USAD]  50%|█████     | 15/30 [00:52<00:54,  3.61s/it]
[WADI:USAD] 
[WADI:USAD] Epoch 15,   L1 = 0.6618748543507512,        L2 = -0.5901110092539578
[WADI:USAD] 
[WADI:USAD]  50%|█████     | 15/30 [00:56<00:54,  3.61s/it]
[gpu] SWaT:USAD heartbeat t+60s alloc=0.00G
[SWaT:USAD]  33%|███▎      | 10/30 [00:45<01:31,  4.55s/it][WADI:USAD]  47%|████▋     | 14/30 [00:49<00:56,  3.54s/it]
[SWaT:USAD] 
[SWaT:USAD] Epoch 10,   L1 = 0.8741414486134753,        L2 = -0.7293566043017542
[SWaT:USAD] 
[SWaT:USAD]  33%|███▎      | 10/30 [00:49<01:31,  4.55s/it]

[WADI:USAD] 
[WADI:USAD] Epoch 14,   L1 = 0.6453293697577316,        L2 = -0.5697705900299608
[WADI:USAD] 
[WADI:USAD]  47%|████▋     | 14/30 [00:53<00:56,  3.54s/it]
[SWaT:USAD]  43%|████▎     | 13/30 [00:48<01:04,  3.77s/it]
[gpu] WADI:TranAD heartbeat t+60s alloc=0.00G
[SWaT:USAD] 
[SWaT:USAD] Epoch 13,   L1 = 0.8801168438003344,        L2 = -0.766115839893327
[SWaT:USAD] 
[SWaT:USAD]  43%|████▎     | 13/30 [00:51<01:04,  3.77s/it]
[gpu] WADI:USAD heartbeat t+60s alloc=0.00G
[gpu] HAI:USAD heartbeat t+60s alloc=0.00G
[gpu] SWaT:TranAD heartbeat t+60s alloc=0.00G
[gpu] WADI:TranAD heartbeat t+60s alloc=0.00G
[gpu] HAI:USAD heartbeat t+60s alloc=0.00G
[gpu] WADI:TranAD heartbeat t+60s alloc=0.00G
[gpu] WADI:USAD heartbeat t+60s alloc=0.00G
[gpu] HAI:TranAD heartbeat t+60s alloc=0.00G[SWaT:USAD]  43%|████▎     | 13/30 [00:49<01:04,  3.82s/it]
[gpu] HAI:TranAD heartbeat t+60s alloc=0.00G

[SWaT:USAD] 
[SWaT:USAD] Epoch 13,   L1 = 0.877028913681998, L2 = -0.7634039141851313
[SWaT:USAD] 
[SWaT:USAD]  43%|████▎     | 13/30 [00:54<01:04,  3.82s/it]
[gpu] SWaT:USAD heartbeat t+60s alloc=0.00G
[SWaT:USAD]  37%|███▋      | 11/30 [00:49<01:26,  4.53s/it]
[SWaT:USAD] 
[SWaT:USAD] Epoch 11,   L1 = 0.8706072689768146,        L2 = -0.7384058973587612
[SWaT:USAD] 
[SWaT:USAD]  37%|███▋      | 11/30 [00:55<01:26,  4.53s/it]
[WADI:USAD]  47%|████▋     | 14/30 [00:56<01:07,  4.19s/it]
[WADI:USAD] 
[WADI:USAD] Epoch 14,   L1 = 0.6899529102867618,        L2 = -0.6109379616491557
[WADI:USAD] 
[WADI:USAD]  47%|████▋     | 14/30 [01:00<01:07,  4.19s/it]
[SWaT:USAD]  47%|████▋     | 14/30 [00:54<01:05,  4.11s/it]
[SWaT:USAD] 
[SWaT:USAD] Epoch 14,   L1 = 0.866631879872259, L2 = -0.7618544037114171
[SWaT:USAD] 
[SWaT:USAD]  47%|████▋     | 14/30 [00:58<01:05,  4.11s/it]
[SWaT:USAD]  47%|████▋     | 14/30 [00:54<01:08,  4.29s/it]
[SWaT:USAD] 
[SWaT:USAD] Epoch 14,   L1 = 0.8291744540894733,        L2 = -0.7258555122990819
[SWaT:USAD] 
[SWaT:USAD]  47%|████▋     | 14/30 [00:58<01:08,  4.29s/it]
[gpu] HAI:USAD heartbeat t+60s alloc=0.00G[WADI:USAD]  33%|███▎      | 10/30 [00:51<01:47,  5.37s/it][gpu] HAI:USAD heartbeat t+60s alloc=0.00G

[WADI:USAD] 
[WADI:USAD] Epoch 10,   L1 = 0.6953942549656499,        L2 = -0.5867209368876104
[WADI:USAD] 
[WADI:USAD]  33%|███▎      | 10/30 [00:57<01:47,  5.37s/it]

[WADI:USAD]  50%|█████     | 15/30 [00:53<00:54,  3.63s/it]
[WADI:USAD] 
[WADI:USAD] Epoch 15,   L1 = 0.6421417385388354,        L2 = -0.571556981148572
[WADI:USAD] 
[WADI:USAD]  50%|█████     | 15/30 [00:57<00:54,  3.63s/it]
[gpu] SWaT:TranAD heartbeat t+60s alloc=0.00G[gpu] HAI:USAD heartbeat t+60s alloc=0.00G
[gpu] HAI:TranAD heartbeat t+60s alloc=0.00G

[gpu] SWaT:TranAD heartbeat t+60s alloc=0.00G[WADI:USAD]  53%|█████▎    | 16/30 [00:56<00:52,  3.78s/it]
[WADI:USAD] 
[WADI:USAD] Epoch 16,   L1 = 0.6587440199894773,        L2 = -0.5913933390602591
[WADI:USAD] 
[WADI:USAD]  53%|█████▎    | 16/30 [01:00<00:52,  3.78s/it]
[WADI:USAD]  50%|█████     | 15/30 [00:58<01:02,  4.15s/it]
[WADI:USAD] 
[WADI:USAD] Epoch 15,   L1 = 0.6707256556432359,        L2 = -0.5980182755100396
[WADI:USAD] 
[WADI:USAD]  50%|█████     | 15/30 [01:02<01:02,  4.15s/it]

[gpu] SWaT:USAD heartbeat t+60s alloc=0.00G
[gpu] HAI:TranAD heartbeat t+60s alloc=0.00G
[gpu] WADI:TranAD heartbeat t+60s alloc=0.00G
[HAI:USAD]   3%|▎         | 1/30 [00:22<10:50, 22.42s/it][WADI:TranAD]   0%|          | 0/5 [00:00<?, ?it/s][gpu] SWaT:TranAD heartbeat t+60s alloc=0.00G
[HAI:USAD] 
[HAI:USAD] Epoch 1,     L1 = 0.8622758874053406,        L2 = -0.053668103928951875
[HAI:USAD] 
[HAI:USAD]   3%|▎         | 1/30 [00:46<10:50, 22.42s/it]

[WADI:TranAD] 
[WADI:TranAD] Epoch 0,  L1 = 0.5130692829315658
[WADI:TranAD] 
[WADI:TranAD]   0%|          | 0/5 [00:58<?, ?it/s]

[SWaT:USAD]  47%|████▋     | 14/30 [00:51<00:59,  3.75s/it]
[SWaT:USAD] 
[SWaT:USAD] Epoch 14,   L1 = 0.8794909068240839,        L2 = -0.7733519300730789
[SWaT:USAD] 
[SWaT:USAD]  47%|████▋     | 14/30 [00:56<00:59,  3.75s/it]
[gpu] SWaT:USAD heartbeat t+60s alloc=0.00G
[HAI:USAD]   3%|▎         | 1/30 [00:22<10:50, 22.42s/it]
[HAI:USAD] 
[SWaT:USAD]  47%|████▋     | 14/30 [00:54<01:04,  4.02s/it]
[SWaT:USAD] [WADI:USAD]  50%|█████     | 15/30 [01:00<01:01,  4.11s/it]
[HAI:USAD] Epoch 1,     L1 = 0.8308568487643199,        L2 = -0.04631114158722414
[HAI:USAD] 
[HAI:USAD]   3%|▎         | 1/30 [00:46<10:50, 22.42s/it]
[WADI:USAD] 
[WADI:USAD] Epoch 15,   L1 = 0.6804864655991751,        L2 = -0.6068883345236008
[WADI:USAD] 
[WADI:USAD]  50%|█████     | 15/30 [01:04<01:01,  4.11s/it]
[SWaT:USAD]  50%|█████     | 15/30 [00:58<01:03,  4.22s/it]
[SWaT:USAD] Epoch 14,   L1 = 0.8766510111356483,        L2 = -0.7710747326735188
[SWaT:USAD] 
[SWaT:USAD]  47%|████▋     | 14/30 [00:58<01:04,  4.02s/it]
[WADI:USAD]  53%|█████▎    | 16/30 [00:57<00:53,  3.80s/it]
[SWaT:USAD] 
[SWaT:USAD] Epoch 15,   L1 = 0.8299960279464722,        L2 = -0.7332425443828106
[SWaT:USAD] 
[SWaT:USAD]  50%|█████     | 15/30 [01:02<01:03,  4.22s/it]
[SWaT:USAD]  50%|█████     | 15/30 [00:58<01:02,  4.16s/it]
[SWaT:USAD] 
[SWaT:USAD] Epoch 15,   L1 = 0.8660072612455663,        L2 = -0.7679465823269942
[SWaT:USAD] 
[SWaT:USAD]  50%|█████     | 15/30 [01:02<01:02,  4.16s/it]

[WADI:USAD] 
[WADI:USAD] Epoch 16,   L1 = 0.6390536551471635,        L2 = -0.5728293744813754
[WADI:USAD] 
[WADI:USAD]  53%|█████▎    | 16/30 [01:00<00:53,  3.80s/it]
[SWaT:USAD]  40%|████      | 12/30 [00:55<01:28,  4.91s/it]
[SWaT:USAD] 
[SWaT:USAD] Epoch 12,   L1 = 0.8701493084255387,        L2 = -0.7484457465085913
[SWaT:USAD] 
[SWaT:USAD]  40%|████      | 12/30 [01:00<01:28,  4.91s/it]
[WADI:USAD]  57%|█████▋    | 17/30 [01:00<00:48,  3.71s/it][HAI:USAD]   3%|▎         | 1/30 [00:23<11:11, 23.16s/it]

[WADI:USAD] 
[WADI:USAD] Epoch 17,   L1 = 0.6553572811076925,        L2 = -0.5919230162708444
[WADI:USAD] 
[WADI:USAD]  57%|█████▋    | 17/30 [01:03<00:48,  3.71s/it]
[HAI:USAD] 
[HAI:USAD] Epoch 1,     L1 = 0.860197782883469, L2 = -0.06081800018982445
[HAI:USAD] 
[HAI:USAD]   3%|▎         | 1/30 [00:46<11:11, 23.16s/it]
[WADI:TranAD]   0%|          | 0/5 [00:00<?, ?it/s]
[WADI:TranAD] 
[WADI:TranAD] Epoch 0,  L1 = 0.5124573700044905
[WADI:TranAD] 
[WADI:TranAD]   0%|          | 0/5 [01:00<?, ?it/s]
[WADI:USAD]  53%|█████▎    | 16/30 [01:02<00:56,  4.01s/it]
[WADI:USAD] 
[WADI:USAD] Epoch 16,   L1 = 0.6669263109005684,        L2 = -0.5987585302180995
[WADI:USAD] 
[WADI:USAD]  53%|█████▎    | 16/30 [01:06<00:56,  4.01s/it]
[WADI:USAD]  37%|███▋      | 11/30 [00:57<01:43,  5.44s/it]
[WADI:USAD] 
[WADI:USAD] Epoch 11,   L1 = 0.6840093105204926,        L2 = -0.585424354035547
[WADI:USAD] 
[WADI:USAD]  37%|███▋      | 11/30 [01:02<01:43,  5.44s/it]
[SWaT:USAD]  50%|█████     | 15/30 [00:56<00:59,  3.94s/it][gpu] SWaT:TranAD heartbeat t+60s alloc=0.00G

[SWaT:USAD] 
[SWaT:USAD] Epoch 15,   L1 = 0.8798942082419114,        L2 = -0.780723700974794
[SWaT:USAD] 
[SWaT:USAD]  50%|█████     | 15/30 [00:59<00:59,  3.94s/it]
[WADI:USAD]  57%|█████▋    | 17/30 [01:00<00:48,  3.72s/it]
[SWaT:USAD]  50%|█████     | 15/30 [00:58<01:02,  4.14s/it]
[SWaT:USAD] 
[WADI:USAD] 
[WADI:USAD] Epoch 17,   L1 = 0.6363204167289797,        L2 = -0.5739309904674527
[WADI:USAD] 
[WADI:USAD]  57%|█████▋    | 17/30 [01:04<00:48,  3.72s/it]
[SWaT:USAD] Epoch 15,   L1 = 0.8750209440334755,        L2 = -0.7766415117374238
[SWaT:USAD] 
[SWaT:USAD]  50%|█████     | 15/30 [01:02<01:02,  4.14s/it]
[SWaT:USAD]  53%|█████▎    | 16/30 [01:02<00:57,  4.09s/it]
[WADI:USAD]  60%|██████    | 18/30 [01:03<00:43,  3.62s/it]
[WADI:USAD] [WADI:USAD]  53%|█████▎    | 16/30 [01:04<00:57,  4.08s/it]
[WADI:USAD] 
[WADI:USAD] Epoch 18,   L1 = 0.6528563738647137,        L2 = -0.5929013336560466
[WADI:USAD] 
[WADI:USAD]  60%|██████    | 18/30 [01:07<00:43,  3.62s/it]
[SWaT:USAD] 
[SWaT:USAD] Epoch 16,   L1 = 0.8310763558920692,        L2 = -0.7401396969661993
[SWaT:USAD] 
[SWaT:USAD]  53%|█████▎    | 16/30 [01:06<00:57,  4.09s/it]
[SWaT:USAD]  53%|█████▎    | 16/30 [01:02<00:57,  4.11s/it]
[WADI:USAD] Epoch 16,   L1 = 0.6739088920162319,        L2 = -0.6049509788415172
[WADI:USAD] 
[WADI:USAD]  53%|█████▎    | 16/30 [01:08<00:57,  4.08s/it]

[SWaT:USAD] 
[SWaT:USAD] Epoch 16,   L1 = 0.8664809293650529,        L2 = -0.7743848378167433
[SWaT:USAD] 
[SWaT:USAD]  53%|█████▎    | 16/30 [01:06<00:57,  4.11s/it]
[WADI:USAD]  57%|█████▋    | 17/30 [01:06<00:51,  3.95s/it]
[WADI:USAD] 
[WADI:USAD] Epoch 17,   L1 = 0.6640340448106482,        L2 = -0.5998475248720284
[WADI:USAD] 
[WADI:USAD]  57%|█████▋    | 17/30 [01:10<00:51,  3.95s/it]
[SWaT:USAD]  43%|████▎     | 13/30 [01:00<01:20,  4.76s/it]
[SWaT:USAD] 
[SWaT:USAD] Epoch 13,   L1 = 0.871607364293407, L2 = -0.7588570291286005
[SWaT:USAD] 
[SWaT:USAD]  43%|████▎     | 13/30 [01:04<01:20,  4.76s/it]
[SWaT:TranAD]  20%|██        | 1/5 [00:30<02:00, 30.03s/it]
[SWaT:TranAD] 
[SWaT:TranAD] Epoch 1,  L1 = 0.7381157352600027
[SWaT:TranAD] 
[SWaT:TranAD]  20%|██        | 1/5 [01:02<02:00, 30.03s/it]
[SWaT:USAD]  53%|█████▎    | 16/30 [00:59<00:54,  3.90s/it]
[SWaT:USAD] 
[SWaT:USAD] Epoch 16,   L1 = 0.8788700816648848,        L2 = -0.7859421984763706
[SWaT:USAD] 
[SWaT:USAD]  53%|█████▎    | 16/30 [01:03<00:54,  3.90s/it]
[WADI:USAD]  40%|████      | 12/30 [01:02<01:35,  5.32s/it]
[WADI:USAD] 
[WADI:USAD] Epoch 12,   L1 = 0.6741961713813452,        L2 = -0.5838782035701621
[WADI:USAD] 
[WADI:USAD]  40%|████      | 12/30 [01:07<01:35,  5.32s/it]
[WADI:USAD]  60%|██████    | 18/30 [01:04<00:44,  3.67s/it]
[WADI:USAD] 
[WADI:USAD] Epoch 18,   L1 = 0.6328682821687633,        L2 = -0.5738945239471184
[WADI:USAD] 
[WADI:USAD]  60%|██████    | 18/30 [01:08<00:44,  3.67s/it]
[WADI:USAD]  63%|██████▎   | 19/30 [01:07<00:39,  3.61s/it][SWaT:USAD]  53%|█████▎    | 16/30 [01:02<00:56,  4.05s/it]
[WADI:USAD] 
[WADI:USAD] Epoch 19,   L1 = 0.6507523476007907,        L2 = -0.593926959262392
[WADI:USAD] 
[WADI:USAD]  63%|██████▎   | 19/30 [01:11<00:39,  3.61s/it]

[SWaT:USAD] 
[SWaT:USAD] Epoch 16,   L1 = 0.8717227108075338,        L2 = -0.7796545945151764
[SWaT:USAD] 
[SWaT:USAD]  53%|█████▎    | 16/30 [01:06<00:56,  4.05s/it]
[WADI:USAD]  57%|█████▋    | 17/30 [01:08<00:52,  4.08s/it]
[WADI:USAD] 
[SWaT:USAD]  57%|█████▋    | 17/30 [01:06<00:52,  4.05s/it][WADI:USAD] Epoch 17,        L1 = 0.6698072670820682,        L2 = -0.6049594326859392
[WADI:USAD] 
[WADI:USAD]  57%|█████▋    | 17/30 [01:12<00:52,  4.08s/it]

[SWaT:USAD] 
[SWaT:USAD] Epoch 17,   L1 = 0.8672146040902419,        L2 = -0.7804141258667497
[SWaT:USAD] 
[SWaT:USAD]  57%|█████▋    | 17/30 [01:10<00:52,  4.05s/it]
[SWaT:USAD]  57%|█████▋    | 17/30 [01:06<00:52,  4.05s/it]
[SWaT:USAD] 
[SWaT:USAD] Epoch 17,   L1 = 0.8321660645656725,        L2 = -0.7463846803456545
[SWaT:USAD] 
[SWaT:USAD]  57%|█████▋    | 17/30 [01:10<00:52,  4.05s/it]
[WADI:USAD]  60%|██████    | 18/30 [01:10<00:46,  3.89s/it]
[WADI:USAD] 
[WADI:USAD] Epoch 18,   L1 = 0.6619794941454105,        L2 = -0.6013386700466445
[WADI:USAD] 
[WADI:USAD]  60%|██████    | 18/30 [01:13<00:46,  3.89s/it]
[SWaT:TranAD]  20%|██        | 1/5 [00:32<02:10, 32.61s/it]
[SWaT:TranAD] 
[SWaT:TranAD] Epoch 1,  L1 = 0.7463227242056061
[SWaT:TranAD] 
[SWaT:TranAD]  20%|██        | 1/5 [01:07<02:10, 32.61s/it]
[SWaT:USAD]  47%|████▋     | 14/30 [01:04<01:15,  4.69s/it]
[SWaT:USAD] 
[SWaT:USAD] Epoch 14,   L1 = 0.8729981124225785,        L2 = -0.7679859246401226
[SWaT:USAD] 
[SWaT:USAD]  47%|████▋     | 14/30 [01:09<01:15,  4.69s/it]
[SWaT:USAD]  57%|█████▋    | 17/30 [01:03<00:50,  3.85s/it]
[SWaT:USAD] 
[SWaT:USAD] Epoch 17,   L1 = 0.8766100983584628,        L2 = -0.7892712676831904
[SWaT:USAD] 
[SWaT:USAD]  57%|█████▋    | 17/30 [01:07<00:50,  3.85s/it]
[WADI:USAD]  63%|██████▎   | 19/30 [01:08<00:39,  3.63s/it]
[WADI:USAD] 
[WADI:USAD] Epoch 19,   L1 = 0.6296976169793096,        L2 = -0.5738015139861363
[WADI:USAD] 
[WADI:USAD]  63%|██████▎   | 19/30 [01:11<00:39,  3.63s/it]
[WADI:USAD]  67%|██████▋   | 20/30 [01:11<00:36,  3.60s/it]
[WADI:USAD] 
[WADI:USAD] Epoch 20,   L1 = 0.6487709069427036,        L2 = -0.5947572594268481
[WADI:USAD] 
[WADI:USAD]  67%|██████▋   | 20/30 [01:14<00:36,  3.60s/it]
[SWaT:USAD]  57%|█████▋    | 17/30 [01:06<00:51,  3.98s/it]
[WADI:USAD]  43%|████▎     | 13/30 [01:07<01:28,  5.23s/it][SWaT:USAD] 
[SWaT:USAD] Epoch 17,   L1 = 0.8678712828062913,        L2 = -0.7812900451088652
[SWaT:USAD] 
[SWaT:USAD]  57%|█████▋    | 17/30 [01:09<00:51,  3.98s/it]

[WADI:USAD] 
[WADI:USAD] Epoch 13,   L1 = 0.6670043210804365,        L2 = -0.5835890583754753
[WADI:USAD] 
[WADI:USAD]  43%|████▎     | 13/30 [01:12<01:28,  5.23s/it]
[SWaT:USAD]  60%|██████    | 18/30 [01:10<00:48,  4.02s/it][WADI:USAD]  60%|██████    | 18/30 [01:12<00:48,  4.03s/it]
[WADI:USAD] 
[WADI:USAD] Epoch 18,   L1 = 0.666936276106811, L2 = -0.6057369930709167
[WADI:USAD] 
[WADI:USAD]  60%|██████    | 18/30 [01:15<00:48,  4.03s/it]

[SWaT:USAD] 
[SWaT:USAD] Epoch 18,   L1 = 0.8682125298854183,        L2 = -0.786185079317759
[SWaT:USAD] 
[SWaT:USAD]  60%|██████    | 18/30 [01:14<00:48,  4.02s/it]
[WADI:USAD]  63%|██████▎   | 19/30 [01:13<00:42,  3.88s/it]
[gpu] WADI:GDN heartbeat t+60s alloc=0.00G
[WADI:USAD] 
[WADI:USAD] Epoch 19,   L1 = 0.6600898696295006,        L2 = -0.602640122855857
[WADI:USAD] 
[WADI:USAD]  63%|██████▎   | 19/30 [01:17<00:42,  3.88s/it]
[SWaT:USAD]  60%|██████    | 18/30 [01:10<00:48,  4.08s/it]
[SWaT:USAD] 
[SWaT:USAD] Epoch 18,   L1 = 0.8331323551868691,        L2 = -0.7519545460580026
[SWaT:USAD] 
[SWaT:USAD]  60%|██████    | 18/30 [01:15<00:48,  4.08s/it]
[HAI:USAD]   3%|▎         | 1/30 [00:28<13:57, 28.87s/it]
[HAI:USAD] 
[HAI:USAD] Epoch 1,     L1 = 0.833107582047637, L2 = -0.059911344480672875
[HAI:USAD] 
[HAI:USAD]   3%|▎         | 1/30 [00:59<13:57, 28.87s/it]
[SWaT:USAD]  50%|█████     | 15/30 [01:09<01:09,  4.62s/it]
[SWaT:USAD] 
[SWaT:USAD] Epoch 15,   L1 = 0.8739917519688606,        L2 = -0.7757248087402653
[SWaT:USAD] 
[SWaT:USAD]  50%|█████     | 15/30 [01:13<01:09,  4.62s/it]
[SWaT:USAD]  60%|██████    | 18/30 [01:07<00:46,  3.88s/it]
[SWaT:USAD] 
[SWaT:USAD] Epoch 18,   L1 = 0.8734448234561611,        L2 = -0.7910561558516587
[SWaT:USAD] 
[SWaT:USAD]  60%|██████    | 18/30 [01:11<00:46,  3.88s/it]
[gpu] HAI:GDN heartbeat t+60s alloc=0.00G
[WADI:USAD]  67%|██████▋   | 20/30 [01:11<00:36,  3.62s/it]
[WADI:USAD] 
[WADI:USAD] Epoch 20,   L1 = 0.6270466481880885,        L2 = -0.5739648913141175
[WADI:USAD] 
[WADI:USAD]  67%|██████▋   | 20/30 [01:15<00:36,  3.62s/it]
[HAI:USAD]   3%|▎         | 1/30 [00:29<14:17, 29.56s/it]
[HAI:USAD] 
[HAI:USAD] Epoch 1,     L1 = 0.8502399186191727,        L2 = -0.054282520250440294
[HAI:USAD] 
[HAI:USAD]   3%|▎         | 1/30 [01:01<14:17, 29.56s/it]
[WADI:USAD]  70%|███████   | 21/30 [01:14<00:32,  3.59s/it]
[WADI:USAD] 
[WADI:USAD] Epoch 21,   L1 = 0.6471364726152934,        L2 = -0.595658825695223
[WADI:USAD] 
[WADI:USAD]  70%|███████   | 21/30 [01:18<00:32,  3.59s/it]
[SWaT:USAD]  60%|██████    | 18/30 [01:09<00:47,  3.94s/it]
[SWaT:USAD] 
[SWaT:USAD] Epoch 18,   L1 = 0.865157963063787, L2 = -0.7834586402467069
[SWaT:USAD] 
[SWaT:USAD]  60%|██████    | 18/30 [01:13<00:47,  3.94s/it]
[WADI:USAD]  67%|██████▋   | 20/30 [01:17<00:38,  3.84s/it]
[WADI:USAD] 
[WADI:USAD] Epoch 20,   L1 = 0.6584332069020481,        L2 = -0.603874863433799
[WADI:USAD] 
[WADI:USAD]  67%|██████▋   | 20/30 [01:21<00:38,  3.84s/it]
[WADI:USAD]  63%|██████▎   | 19/30 [01:15<00:44,  4.01s/it]
[WADI:USAD] 
[WADI:USAD] Epoch 19,   L1 = 0.6645637536710083,        L2 = -0.606653313846806
[WADI:USAD] 
[WADI:USAD]  63%|██████▎   | 19/30 [01:20<00:44,  4.01s/it]
[SWaT:USAD]  63%|██████▎   | 19/30 [01:14<00:43,  3.97s/it][WADI:USAD]  47%|████▋     | 14/30 [01:12<01:23,  5.19s/it]

[SWaT:USAD] 
[SWaT:USAD] Epoch 19,   L1 = 0.8690909510894733,        L2 = -0.7913426597153439
[SWaT:USAD] 
[SWaT:USAD]  63%|██████▎   | 19/30 [01:19<00:43,  3.97s/it]
[WADI:USAD] 
[WADI:USAD] Epoch 14,   L1 = 0.6612915890640769,        L2 = -0.5838048061626382
[WADI:USAD] 
[WADI:USAD]  47%|████▋     | 14/30 [01:17<01:23,  5.19s/it]
[SWaT:USAD]  63%|██████▎   | 19/30 [01:11<00:42,  3.86s/it]
[SWaT:USAD] 
[SWaT:USAD] Epoch 19,   L1 = 0.870823970406371, L2 = -0.7928490040933385
[SWaT:USAD] 
[SWaT:USAD]  63%|██████▎   | 19/30 [01:15<00:42,  3.86s/it]
[WADI:USAD]  70%|███████   | 21/30 [01:15<00:32,  3.59s/it]
[SWaT:USAD]  53%|█████▎    | 16/30 [01:13<01:03,  4.52s/it]
[SWaT:TranAD]  20%|██        | 1/5 [00:35<02:23, 35.98s/it]
[SWaT:TranAD] 
[SWaT:TranAD] Epoch 1,  L1 = 0.7372125120723949
[SWaT:TranAD] 
[SWaT:TranAD]  20%|██        | 1/5 [01:11<02:23, 35.98s/it]
[SWaT:USAD] 
[SWaT:USAD] Epoch 16,   L1 = 0.8740427251247799,        L2 = -0.7817343593169661
[SWaT:USAD] 
[SWaT:USAD]  53%|█████▎    | 16/30 [01:17<01:03,  4.52s/it]
[WADI:USAD] 
[WADI:USAD] Epoch 21,   L1 = 0.624230877124077, L2 = -0.5736804578033979
[WADI:USAD] 
[WADI:USAD]  70%|███████   | 21/30 [01:18<00:32,  3.59s/it]
[SWaT:USAD]  63%|██████▎   | 19/30 [01:15<00:45,  4.11s/it][WADI:USAD]  73%|███████▎  | 22/30 [01:18<00:28,  3.57s/it]
[SWaT:USAD] 
[SWaT:USAD] Epoch 19,   L1 = 0.8341324023025878,        L2 = -0.7570919059041669
[SWaT:USAD] 
[SWaT:USAD]  63%|██████▎   | 19/30 [01:20<00:45,  4.11s/it]

[WADI:USAD] 
[WADI:USAD] Epoch 22,   L1 = 0.645690133725255, L2 = -0.5965295671492961
[WADI:USAD] 
[WADI:USAD]  73%|███████▎  | 22/30 [01:21<00:28,  3.57s/it]
[SWaT:USAD]  63%|██████▎   | 19/30 [01:13<00:43,  3.92s/it]
[SWaT:USAD] 
[SWaT:USAD] Epoch 19,   L1 = 0.8634805984006209,        L2 = -0.7861045418372926
[SWaT:USAD] 
[SWaT:USAD]  63%|██████▎   | 19/30 [01:17<00:43,  3.92s/it]
[WADI:USAD]  70%|███████   | 21/30 [01:21<00:34,  3.80s/it]
[SWaT:TranAD]  20%|██        | 1/5 [00:35<02:23, 35.77s/it]
[WADI:USAD] 
[WADI:USAD] Epoch 21,   L1 = 0.6567109674944575,        L2 = -0.6047722418438553
[WADI:USAD] 
[WADI:USAD]  70%|███████   | 21/30 [01:25<00:34,  3.80s/it]
[SWaT:TranAD] 
[SWaT:TranAD] Epoch 1,  L1 = 0.7350664576975738
[SWaT:TranAD] 
[SWaT:TranAD]  20%|██        | 1/5 [01:18<02:23, 35.77s/it]
[WADI:USAD]  67%|██████▋   | 20/30 [01:20<00:40,  4.05s/it]
[WADI:USAD] 
[WADI:USAD] Epoch 20,   L1 = 0.6615901909780736,        L2 = -0.6066683771948636
[WADI:USAD] 
[WADI:USAD]  67%|██████▋   | 20/30 [01:24<00:40,  4.05s/it]
[SWaT:USAD]  67%|██████▋   | 20/30 [01:19<00:42,  4.23s/it]
[SWaT:USAD] 
[SWaT:USAD] Epoch 20,   L1 = 0.8702859789702823,        L2 = -0.7964126132647781
[SWaT:USAD] 
[SWaT:USAD]  67%|██████▋   | 20/30 [01:22<00:42,  4.23s/it]
[HAI:USAD]   7%|▋         | 2/30 [00:46<10:51, 23.26s/it]
[HAI:USAD] 
[HAI:USAD] Epoch 2,     L1 = 0.8511012994916244,        L2 = -0.33348619709740007
[HAI:USAD] 
[HAI:USAD]   7%|▋         | 2/30 [01:09<10:51, 23.26s/it]
[SWaT:USAD]  67%|██████▋   | 20/30 [01:15<00:37,  3.78s/it]
[SWaT:USAD] 
[SWaT:USAD] Epoch 20,   L1 = 0.8683940369635821,        L2 = -0.7943639013083542
[SWaT:USAD] 
[SWaT:USAD]  67%|██████▋   | 20/30 [01:18<00:37,  3.78s/it]
[WADI:USAD]  73%|███████▎  | 22/30 [01:18<00:28,  3.57s/it]
[WADI:USAD] 
[WADI:USAD] Epoch 22,   L1 = 0.6222839213992799,        L2 = -0.5740227664518512
[WADI:USAD] 
[WADI:USAD]  73%|███████▎  | 22/30 [01:22<00:28,  3.57s/it]
[gpu] SWaT:GDN heartbeat t+60s alloc=0.00G
[WADI:USAD]  77%|███████▋  | 23/30 [01:21<00:24,  3.55s/it]
[WADI:USAD] 
[WADI:USAD] Epoch 23,   L1 = 0.6445013377055842,        L2 = -0.5974528716594516
[WADI:USAD] 
[WADI:USAD]  77%|███████▋  | 23/30 [01:25<00:24,  3.55s/it]
[WADI:USAD]  50%|█████     | 15/30 [01:17<01:17,  5.18s/it]
[WADI:USAD] 
[WADI:USAD] Epoch 15,   L1 = 0.6567139126251028,        L2 = -0.5843973441526512
[WADI:USAD] 
[WADI:USAD]  50%|█████     | 15/30 [01:22<01:17,  5.18s/it]
[SWaT:USAD]  57%|█████▋    | 17/30 [01:17<00:58,  4.46s/it]
[SWaT:USAD] 
[SWaT:USAD] Epoch 17,   L1 = 0.8736835904813864,        L2 = -0.786653085942654
[SWaT:USAD] 
[SWaT:USAD]  57%|█████▋    | 17/30 [01:22<00:58,  4.46s/it]
[HAI:USAD]   7%|▋         | 2/30 [00:46<10:50, 23.23s/it]
[SWaT:USAD]  67%|██████▋   | 20/30 [01:17<00:38,  3.89s/it]
[SWaT:USAD]  67%|██████▋   | 20/30 [01:20<00:46,  4.61s/it][HAI:USAD] 
[HAI:USAD] Epoch 2,     L1 = 0.8086986471535327,        L2 = -0.3203236850698697
[HAI:USAD] 
[HAI:USAD]   7%|▋         | 2/30 [01:08<10:50, 23.23s/it]
[SWaT:USAD] 
[SWaT:USAD] Epoch 20,   L1 = 0.8624062130950829,        L2 = -0.7888838049111997
[SWaT:USAD] 
[SWaT:USAD]  67%|██████▋   | 20/30 [01:21<00:38,  3.89s/it]

[SWaT:USAD] 
[SWaT:USAD] Epoch 20,   L1 = 0.8352300147931365,        L2 = -0.761910503283143
[SWaT:USAD] 
[SWaT:USAD]  67%|██████▋   | 20/30 [01:25<00:46,  4.61s/it]
[WADI:USAD]  73%|███████▎  | 22/30 [01:25<00:30,  3.75s/it]
[WADI:USAD] 
[WADI:USAD] Epoch 22,   L1 = 0.6545425454127264,        L2 = -0.6050016994042653
[WADI:USAD] 
[WADI:USAD]  73%|███████▎  | 22/30 [01:28<00:30,  3.75s/it]
[WADI:USAD]  70%|███████   | 21/30 [01:24<00:36,  4.05s/it]
[WADI:USAD] 
[WADI:USAD] Epoch 21,   L1 = 0.6583140977152409,        L2 = -0.6060866852082786
[WADI:USAD] 
[WADI:USAD]  70%|███████   | 21/30 [01:28<00:36,  4.05s/it]
[HAI:USAD]   7%|▋         | 2/30 [00:46<10:52, 23.31s/it]
[HAI:USAD] 
[HAI:USAD] Epoch 2,     L1 = 0.8004991979334767,        L2 = -0.3084308205996415
[HAI:USAD] 
[HAI:USAD]   7%|▋         | 2/30 [01:10<10:52, 23.31s/it]
[SWaT:USAD]  70%|███████   | 21/30 [01:22<00:37,  4.14s/it]
[SWaT:USAD] 
[SWaT:USAD] Epoch 21,   L1 = 0.8720472537857644,        L2 = -0.8017123145303305
[SWaT:USAD] 
[SWaT:USAD]  70%|███████   | 21/30 [01:26<00:37,  4.14s/it]
[SWaT:USAD]  70%|███████   | 21/30 [01:18<00:33,  3.74s/it]
[WADI:USAD]  77%|███████▋  | 23/30 [01:22<00:24,  3.57s/it]
[SWaT:USAD] 
[SWaT:USAD] Epoch 21,   L1 = 0.8658420828116291,        L2 = -0.795368601535173
[SWaT:USAD] 
[SWaT:USAD]  70%|███████   | 21/30 [01:22<00:33,  3.74s/it]
[WADI:USAD] 
[WADI:USAD] Epoch 23,   L1 = 0.6209961530337715,        L2 = -0.5748308069797363
[WADI:USAD] 
[WADI:USAD]  77%|███████▋  | 23/30 [01:25<00:24,  3.57s/it]
[WADI:USAD]  80%|████████  | 24/30 [01:25<00:21,  3.56s/it]
[WADI:USAD] 
[WADI:USAD] Epoch 24,   L1 = 0.6434318004191214,        L2 = -0.5983204113814804
[WADI:USAD] 
[WADI:USAD]  80%|████████  | 24/30 [01:28<00:21,  3.56s/it]
[SWaT:USAD]  60%|██████    | 18/30 [01:22<00:52,  4.40s/it]
[SWaT:USAD] 
[SWaT:USAD] Epoch 18,   L1 = 0.8728500201246318,        L2 = -0.7905423795694814
[SWaT:USAD] 
[SWaT:USAD]  60%|██████    | 18/30 [01:26<00:52,  4.40s/it]
[SWaT:USAD]  70%|███████   | 21/30 [01:21<00:34,  3.86s/it]
[SWaT:USAD] 
[SWaT:USAD] Epoch 21,   L1 = 0.861017657658633, L2 = -0.7909923101216555
[SWaT:USAD] 
[SWaT:USAD]  70%|███████   | 21/30 [01:25<00:34,  3.86s/it]
[WADI:USAD]  77%|███████▋  | 23/30 [01:28<00:26,  3.72s/it]
[WADI:USAD] 
[WADI:USAD] Epoch 23,   L1 = 0.6529883785844821,        L2 = -0.6056159162988087
[WADI:USAD] 
[WADI:USAD]  77%|███████▋  | 23/30 [01:32<00:26,  3.72s/it]
[WADI:USAD]  53%|█████▎    | 16/30 [01:22<01:12,  5.17s/it]
[WADI:USAD] 
[WADI:USAD] Epoch 16,   L1 = 0.6533326012178113,        L2 = -0.5854902503006221
[WADI:USAD] 
[WADI:USAD]  53%|█████▎    | 16/30 [01:27<01:12,  5.17s/it]
[SWaT:USAD]  70%|███████   | 21/30 [01:25<00:42,  4.70s/it]
[SWaT:USAD] 
[SWaT:USAD] Epoch 21,   L1 = 0.8356435873227961,        L2 = -0.7657264776440228
[SWaT:USAD] 
[SWaT:USAD]  70%|███████   | 21/30 [01:30<00:42,  4.70s/it]
[WADI:USAD]  73%|███████▎  | 22/30 [01:28<00:32,  4.05s/it]
[WADI:USAD] 
[WADI:USAD] Epoch 22,   L1 = 0.655990334115254, L2 = -0.6061675556332213
[WADI:USAD] 
[WADI:USAD]  73%|███████▎  | 22/30 [01:32<00:32,  4.05s/it]
[WADI:USAD]  80%|████████  | 24/30 [01:25<00:21,  3.55s/it]
[WADI:USAD] 
[SWaT:USAD]  73%|███████▎  | 22/30 [01:22<00:29,  3.73s/it][SWaT:USAD]  73%|███████▎  | 22/30 [01:26<00:32,  4.08s/it]
[WADI:USAD] Epoch 24,   L1 = 0.6196918536652165,        L2 = -0.5754556476729534
[WADI:USAD] 
[WADI:USAD]  80%|████████  | 24/30 [01:29<00:21,  3.55s/it]
[SWaT:USAD] 
[SWaT:USAD] Epoch 22,   L1 = 0.871663605185116, L2 = -0.8045319140220389
[SWaT:USAD] 
[SWaT:USAD]  73%|███████▎  | 22/30 [01:30<00:32,  4.08s/it]

[SWaT:USAD] 
[SWaT:USAD] Epoch 22,   L1 = 0.8641200993911309,        L2 = -0.7968570659923203
[SWaT:USAD] 
[SWaT:USAD]  73%|███████▎  | 22/30 [01:26<00:29,  3.73s/it]
[WADI:USAD]  83%|████████▎ | 25/30 [01:28<00:17,  3.56s/it]
[WADI:USAD] 
[WADI:USAD] Epoch 25,   L1 = 0.642419842532175, L2 = -0.5990917723486124
[WADI:USAD] 
[WADI:USAD]  83%|████████▎ | 25/30 [01:32<00:17,  3.56s/it]
[SWaT:TranAD]  20%|██        | 1/5 [00:43<02:55, 43.80s/it]
[SWaT:TranAD] 
[SWaT:TranAD] Epoch 1,  L1 = 0.733449165426633
[SWaT:TranAD] 
[SWaT:TranAD]  20%|██        | 1/5 [01:28<02:55, 43.80s/it]
[SWaT:USAD]  73%|███████▎  | 22/30 [01:25<00:30,  3.83s/it]
[SWaT:USAD] 
[SWaT:USAD]  63%|██████▎   | 19/30 [01:26<00:47,  4.34s/it]
[WADI:USAD]  80%|████████  | 24/30 [01:32<00:22,  3.71s/it]
[WADI:USAD] 
[WADI:USAD] Epoch 24,   L1 = 0.6514843626473507,        L2 = -0.6060989768431199
[WADI:USAD] 
[WADI:USAD]  80%|████████  | 24/30 [01:36<00:22,  3.71s/it]
[SWaT:USAD] 
[SWaT:USAD] Epoch 19,   L1 = 0.8716721503436565,        L2 = -0.7936179274057641
[SWaT:USAD] 
[SWaT:USAD]  63%|██████▎   | 19/30 [01:30<00:47,  4.34s/it]
[SWaT:USAD] Epoch 22,   L1 = 0.8608632742262938,        L2 = -0.7939663674287937
[SWaT:USAD] 
[SWaT:USAD]  73%|███████▎  | 22/30 [01:28<00:30,  3.83s/it]
[WADI:USAD]  83%|████████▎ | 25/30 [01:29<00:17,  3.55s/it]
[WADI:USAD] 
[WADI:USAD] Epoch 25,   L1 = 0.6187220647517853,        L2 = -0.5762642733084241
[WADI:USAD] 
[WADI:USAD]  83%|████████▎ | 25/30 [01:32<00:17,  3.55s/it]
[WADI:USAD]  57%|█████▋    | 17/30 [01:27<01:07,  5.16s/it]
[WADI:USAD] 
[WADI:USAD] Epoch 17,   L1 = 0.6508303395006046,        L2 = -0.5869507170472215
[WADI:USAD] 
[WADI:USAD]  57%|█████▋    | 17/30 [01:33<01:07,  5.16s/it]
[SWaT:USAD]  77%|███████▋  | 23/30 [01:26<00:26,  3.76s/it]
[SWaT:USAD] 
[SWaT:USAD] Epoch 23,   L1 = 0.8627803423825432,        L2 = -0.7984393650074215
[SWaT:USAD] [WADI:USAD]  77%|███████▋  | 23/30 [01:32<00:28,  4.07s/it]
[WADI:USAD] 
[SWaT:USAD]  77%|███████▋  | 23/30 [01:30<00:28,  4.05s/it]
[WADI:USAD]  87%|████████▋ | 26/30 [01:32<00:14,  3.55s/it]
[WADI:USAD] Epoch 23,   L1 = 0.6542569883593143,        L2 = -0.6066360250966195
[WADI:USAD] 
[WADI:USAD]  77%|███████▋  | 23/30 [01:36<00:28,  4.07s/it]
[SWaT:USAD] 
[SWaT:USAD] Epoch 23,   L1 = 0.8707148498778834,        L2 = -0.8065264157249648
[SWaT:USAD] 
[SWaT:USAD]  77%|███████▋  | 23/30 [01:34<00:28,  4.05s/it]
[WADI:USAD] 
[WADI:USAD] Epoch 26,   L1 = 0.641486204710909, L2 = -0.5998024178173569
[WADI:USAD] 
[WADI:USAD]  87%|████████▋ | 26/30 [01:35<00:14,  3.55s/it]

[SWaT:USAD]  77%|███████▋  | 23/30 [01:30<00:26,  3.76s/it]
[SWaT:USAD]  73%|███████▎  | 22/30 [01:30<00:37,  4.74s/it]
[SWaT:USAD] 
[SWaT:USAD] Epoch 22,   L1 = 0.836121045587694, L2 = -0.7692991471027627
[SWaT:USAD] 
[SWaT:USAD]  73%|███████▎  | 22/30 [01:35<00:37,  4.74s/it]
[WADI:USAD]  83%|████████▎ | 25/30 [01:36<00:18,  3.69s/it]
[WADI:USAD] 
[WADI:USAD] Epoch 25,   L1 = 0.6502087205210868,        L2 = -0.6066350732697554
[WADI:USAD] 
[WADI:USAD]  83%|████████▎ | 25/30 [01:39<00:18,  3.69s/it]
[SWaT:USAD]  77%|███████▋  | 23/30 [01:28<00:26,  3.81s/it]
[SWaT:USAD] 
[SWaT:USAD] Epoch 23,   L1 = 0.8610876735080691,        L2 = -0.7970515652263865
[SWaT:USAD] 
[SWaT:USAD]  77%|███████▋  | 23/30 [01:32<00:26,  3.81s/it]
[SWaT:USAD]  67%|██████▋   | 20/30 [01:30<00:42,  4.30s/it]
[SWaT:USAD] 
[SWaT:USAD] Epoch 20,   L1 = 0.8706304792402422,        L2 = -0.7964295281031553
[SWaT:USAD] 
[SWaT:USAD]  67%|██████▋   | 20/30 [01:34<00:42,  4.30s/it]
[WADI:USAD]  87%|████████▋ | 26/30 [01:32<00:14,  3.56s/it]
[WADI:USAD] 
[WADI:USAD] Epoch 26,   L1 = 0.617969732032709, L2 = -0.577156789929015
[WADI:USAD] 
[WADI:USAD]  87%|████████▋ | 26/30 [01:36<00:14,  3.56s/it]
[SWaT:USAD]  80%|████████  | 24/30 [01:30<00:22,  3.78s/it]
[WADI:USAD]  90%|█████████ | 27/30 [01:35<00:10,  3.57s/it]
[WADI:USAD] 
[WADI:USAD] Epoch 27,   L1 = 0.6406274428180925,        L2 = -0.6004648453162506
[WADI:USAD] 
[WADI:USAD]  90%|█████████ | 27/30 [01:39<00:10,  3.57s/it]
[WADI:USAD]  80%|████████  | 24/30 [01:36<00:24,  4.09s/it][SWaT:USAD] 
[SWaT:USAD] Epoch 24,   L1 = 0.8617312792381819,        L2 = -0.8000501686246956
[SWaT:USAD] 
[SWaT:USAD]  80%|████████  | 24/30 [01:33<00:22,  3.78s/it]

[WADI:USAD] 
[WADI:USAD] Epoch 24,   L1 = 0.6525682138968837,        L2 = -0.6069453861837869
[WADI:USAD] 
[WADI:USAD]  80%|████████  | 24/30 [01:40<00:24,  4.09s/it]
[SWaT:USAD]  80%|████████  | 24/30 [01:34<00:23,  4.00s/it]
[SWaT:USAD] 
[SWaT:USAD] Epoch 24,   L1 = 0.8698666814188747,        L2 = -0.8083796463775285
[SWaT:USAD] 
[SWaT:USAD]  80%|████████  | 24/30 [01:38<00:23,  4.00s/it]
[WADI:TranAD]  20%|██        | 1/5 [00:52<03:28, 52.23s/it]
[WADI:TranAD] 
[WADI:TranAD] Epoch 1,  L1 = 0.4948918844222245
[WADI:TranAD] 
[WADI:TranAD]  20%|██        | 1/5 [01:40<03:28, 52.23s/it]
[WADI:USAD]  60%|██████    | 18/30 [01:33<01:01,  5.16s/it]
[WADI:USAD] 
[WADI:USAD] Epoch 18,   L1 = 0.6484923632557201,        L2 = -0.5881618983788358
[WADI:USAD] 
[WADI:USAD]  60%|██████    | 18/30 [01:38<01:01,  5.16s/it]
[WADI:USAD]  87%|████████▋ | 26/30 [01:39<00:14,  3.69s/it]
[WADI:USAD] 
[WADI:USAD] Epoch 26,   L1 = 0.6491567967717838,        L2 = -0.6072638982126024
[WADI:USAD] 
[WADI:USAD]  87%|████████▋ | 26/30 [01:43<00:14,  3.69s/it]
[SWaT:USAD]  80%|████████  | 24/30 [01:32<00:22,  3.83s/it][SWaT:TranAD]  40%|████      | 2/5 [01:02<01:34, 31.63s/it]
[SWaT:TranAD] 
[SWaT:TranAD] Epoch 2,  L1 = 0.7164169846475125

[SWaT:USAD] 
[SWaT:USAD] Epoch 24,   L1 = 0.8614889345493387,        L2 = -0.8000697097489062
[SWaT:USAD] 
[SWaT:USAD]  80%|████████  | 24/30 [01:36<00:22,  3.83s/it]
[SWaT:USAD]  77%|███████▋  | 23/30 [01:35<00:33,  4.85s/it][SWaT:TranAD] 
[SWaT:TranAD]  40%|████      | 2/5 [01:35<01:34, 31.63s/it]

[SWaT:USAD] 
[SWaT:USAD] Epoch 23,   L1 = 0.8364837149968919,        L2 = -0.7724999138274613
[SWaT:USAD] 
[SWaT:USAD]  77%|███████▋  | 23/30 [01:41<00:33,  4.85s/it]
[WADI:USAD]  90%|█████████ | 27/30 [01:36<00:10,  3.55s/it]
[WADI:USAD] 
[WADI:USAD] Epoch 27,   L1 = 0.6172566032477732,        L2 = -0.577955972992771
[WADI:USAD] 
[WADI:USAD]  90%|█████████ | 27/30 [01:39<00:10,  3.55s/it]
[SWaT:USAD]  70%|███████   | 21/30 [01:34<00:38,  4.31s/it]
[WADI:USAD]  93%|█████████▎| 28/30 [01:39<00:07,  3.56s/it]
[SWaT:USAD] 
[SWaT:USAD] Epoch 21,   L1 = 0.8687866978128167,        L2 = -0.7981201517275152
[SWaT:USAD] 
[SWaT:USAD]  70%|███████   | 21/30 [01:39<00:38,  4.31s/it]
[WADI:USAD] 
[WADI:USAD] Epoch 28,   L1 = 0.6397421827713,   L2 = -0.6010010375187019
[WADI:USAD] 
[WADI:USAD]  93%|█████████▎| 28/30 [01:43<00:07,  3.56s/it]
[SWaT:USAD]  83%|████████▎ | 25/30 [01:33<00:18,  3.74s/it]
[SWaT:USAD] 
[SWaT:USAD] Epoch 25,   L1 = 0.8613639434427023,        L2 = -0.8021190853110131
[SWaT:USAD] 
[SWaT:USAD]  83%|████████▎ | 25/30 [01:37<00:18,  3.74s/it]
[SWaT:USAD]  83%|████████▎ | 25/30 [01:38<00:19,  3.95s/it]
[SWaT:USAD] 
[SWaT:USAD] Epoch 25,   L1 = 0.8692957080681535,        L2 = -0.8102966204066487
[SWaT:USAD] 
[SWaT:USAD]  83%|████████▎ | 25/30 [01:42<00:19,  3.95s/it]
[WADI:USAD]  83%|████████▎ | 25/30 [01:40<00:20,  4.01s/it]
[WADI:USAD] 
[WADI:USAD] Epoch 25,   L1 = 0.6512393439963435,        L2 = -0.6074555383031948
[WADI:USAD] 
[WADI:USAD]  83%|████████▎ | 25/30 [01:44<00:20,  4.01s/it]
[WADI:USAD]  90%|█████████ | 27/30 [01:43<00:11,  3.67s/it]
[WADI:USAD] 
[WADI:USAD] Epoch 27,   L1 = 0.6482876406505486,        L2 = -0.6079477690172429
[WADI:USAD] 
[WADI:USAD]  90%|█████████ | 27/30 [01:46<00:11,  3.67s/it]
[HAI:USAD]   7%|▋         | 2/30 [00:59<14:03, 30.14s/it]
[HAI:USAD] 
[HAI:USAD] Epoch 2,     L1 = 0.7759902702582149,        L2 = -0.29387222873358587
[HAI:USAD] 
[HAI:USAD]   7%|▋         | 2/30 [01:28<14:03, 30.14s/it]
[SWaT:TranAD]  40%|████      | 2/5 [01:07<01:41, 33.82s/it][WADI:TranAD]  20%|██        | 1/5 [00:46<03:07, 46.86s/it]
[SWaT:TranAD] 
[SWaT:TranAD] Epoch 2,  L1 = 0.7186846561423119
[SWaT:TranAD] 
[SWaT:TranAD]  40%|████      | 2/5 [01:40<01:41, 33.82s/it]
[SWaT:USAD]  83%|████████▎ | 25/30 [01:36<00:19,  3.82s/it]

[WADI:TranAD] 
[WADI:TranAD] Epoch 1,  L1 = 0.4954260440139164
[WADI:TranAD] 
[WADI:TranAD]  20%|██        | 1/5 [01:40<03:07, 46.86s/it]
[SWaT:USAD] 
[SWaT:USAD] Epoch 25,   L1 = 0.8621255328900674,        L2 = -0.8031178048735156
[SWaT:USAD] 
[SWaT:USAD]  83%|████████▎ | 25/30 [01:40<00:19,  3.82s/it]
[WADI:USAD]  63%|██████▎   | 19/30 [01:38<00:56,  5.15s/it]
[WADI:USAD]  93%|█████████▎| 28/30 [01:39<00:07,  3.55s/it]
[WADI:USAD] 
[WADI:USAD] Epoch 19,   L1 = 0.6462760512727703,        L2 = -0.5891430094522131
[WADI:USAD] 
[WADI:USAD]  63%|██████▎   | 19/30 [01:43<00:56,  5.15s/it]
[WADI:USAD] 
[WADI:USAD] Epoch 28,   L1 = 0.6166899793251109,        L2 = -0.5787906839981748
[WADI:USAD] 
[WADI:USAD]  93%|█████████▎| 28/30 [01:43<00:07,  3.55s/it]
[WADI:TranAD]  20%|██        | 1/5 [00:50<03:20, 50.07s/it]
[WADI:TranAD] 
[WADI:TranAD] Epoch 1,  L1 = 0.4943648563123644
[WADI:TranAD] 
[WADI:TranAD]  20%|██        | 1/5 [01:41<03:20, 50.07s/it]
[WADI:USAD]  97%|█████████▋| 29/30 [01:43<00:03,  3.54s/it]
[WADI:USAD] 
[WADI:USAD] Epoch 29,   L1 = 0.6382691296239856,        L2 = -0.6008470060142763
[WADI:USAD] 
[WADI:USAD]  97%|█████████▋| 29/30 [01:46<00:03,  3.54s/it]
[WADI:USAD] 100%|██████████| 30/30 [01:46<00:00,  3.52s/it]
[WADI:USAD] 100%|██████████| 30/30 [01:46<00:00,  3.55s/it]
[WADI:USAD] [1mTraining time:   106.4926 s[0m
[WADI:USAD] [95mTesting USAD on WADI[0m
[SWaT:USAD]  87%|████████▋ | 26/30 [01:37<00:14,  3.73s/it]
[SWaT:USAD] 
[SWaT:USAD] Epoch 26,   L1 = 0.8609260806791923,        L2 = -0.8039381469391724
[SWaT:USAD]  80%|████████  | 24/30 [01:41<00:30,  5.04s/it]
[SWaT:USAD] 
[SWaT:USAD] Epoch 24,   L1 = 0.8369240738802096,        L2 = -0.775550942727748
[SWaT:USAD] 
[SWaT:USAD]  80%|████████  | 24/30 [01:46<00:30,  5.04s/it]
[SWaT:USAD] 
[SWaT:USAD]  87%|████████▋ | 26/30 [01:41<00:14,  3.73s/it]
[HAI:USAD]  10%|█         | 3/30 [01:09<10:22, 23.06s/it]
[SWaT:USAD]  73%|███████▎  | 22/30 [01:39<00:35,  4.40s/it][HAI:USAD] 
[HAI:USAD] Epoch 3,     L1 = 0.84105872824705,  L2 = -0.4605056363050601
[HAI:USAD] 
[HAI:USAD]  10%|█         | 3/30 [01:31<10:22, 23.06s/it]

[SWaT:USAD] 
[SWaT:USAD] Epoch 22,   L1 = 0.8671219315160723,        L2 = -0.7996580696325092
[SWaT:USAD] 
[SWaT:USAD]  73%|███████▎  | 22/30 [01:43<00:35,  4.40s/it]
[SWaT:USAD]  87%|████████▋ | 26/30 [01:42<00:15,  3.93s/it]
[SWaT:USAD] 
[SWaT:USAD] Epoch 26,   L1 = 0.8683097742191133,        L2 = -0.8115961581249448
[SWaT:USAD] 
[SWaT:USAD]  87%|████████▋ | 26/30 [01:46<00:15,  3.93s/it]
[HAI:USAD]   7%|▋         | 2/30 [01:01<14:24, 30.87s/it]
[HAI:USAD] 
[HAI:USAD] Epoch 2,     L1 = 0.8150934836650648,        L2 = -0.3169218326285205
[HAI:USAD] 
[HAI:USAD]   7%|▋         | 2/30 [01:30<14:24, 30.87s/it]
[WADI:USAD]  87%|████████▋ | 26/30 [01:44<00:16,  4.01s/it]
[WADI:USAD] 
[WADI:USAD] Epoch 26,   L1 = 0.6498560480542518,        L2 = -0.607785713808766
[WADI:USAD] 
[WADI:USAD]  87%|████████▋ | 26/30 [01:48<00:16,  4.01s/it]
[WADI:USAD]  93%|█████████▎| 28/30 [01:46<00:07,  3.64s/it]
[WADI:USAD] 
[WADI:USAD] Epoch 28,   L1 = 0.6471659837937861,        L2 = -0.6082748018120085
[WADI:USAD] 
[WADI:USAD]  93%|█████████▎| 28/30 [01:50<00:07,  3.64s/it]
[SWaT:USAD]  87%|████████▋ | 26/30 [01:40<00:15,  3.81s/it]
[SWaT:USAD] 
[SWaT:USAD] Epoch 26,   L1 = 0.8623055330444784,        L2 = -0.8055410642352174
[SWaT:USAD] 
[SWaT:USAD]  87%|████████▋ | 26/30 [01:44<00:15,  3.81s/it]
[WADI:USAD]  97%|█████████▋| 29/30 [01:43<00:03,  3.52s/it]
[HAI:USAD]  10%|█         | 3/30 [01:08<10:18, 22.89s/it][WADI:USAD] 
[WADI:USAD] Epoch 29,   L1 = 0.6162983292127316,        L2 = -0.5797121668231429
[WADI:USAD] 
[WADI:USAD]  97%|█████████▋| 29/30 [01:46<00:03,  3.52s/it]
[WADI:USAD] 100%|██████████| 30/30 [01:46<00:00,  3.53s/it]
[WADI:USAD] 100%|██████████| 30/30 [01:46<00:00,  3.57s/it]
[WADI:USAD] [1mTraining time:   106.9648 s[0m

[HAI:USAD] 
[HAI:USAD] Epoch 3,     L1 = 0.77526522488039,  L2 = -0.4264577561158507
[HAI:USAD] 
[HAI:USAD]  10%|█         | 3/30 [01:32<10:18, 22.89s/it]
[WADI:USAD] [95mTesting USAD on WADI[0m
[SWaT:USAD]  90%|█████████ | 27/30 [01:41<00:11,  3.73s/it]
[HAI:USAD]  10%|█         | 3/30 [01:10<10:44, 23.85s/it][SWaT:USAD] 
[SWaT:USAD] Epoch 27,   L1 = 0.8608371922286118,        L2 = -0.8059389407845104
[SWaT:USAD] 
[SWaT:USAD]  90%|█████████ | 27/30 [01:44<00:11,  3.73s/it]

[HAI:USAD] 
[HAI:USAD] Epoch 3,     L1 = 0.7947068221756295,        L2 = -0.43150324085692715
[HAI:USAD] 
[HAI:USAD]  10%|█         | 3/30 [01:33<10:44, 23.85s/it]
[WADI:USAD]  67%|██████▋   | 20/30 [01:43<00:51,  5.16s/it]
[WADI:USAD] 
[WADI:USAD] Epoch 20,   L1 = 0.6441868141074748,        L2 = -0.5899350211923702
[WADI:USAD] 
[WADI:USAD]  67%|██████▋   | 20/30 [01:48<00:51,  5.16s/it]
[SWaT:USAD]  90%|█████████ | 27/30 [01:46<00:11,  3.92s/it]
[SWaT:USAD] 
[SWaT:USAD] Epoch 27,   L1 = 0.8675481739070485,        L2 = -0.812933748745743
[SWaT:USAD] 
[SWaT:USAD]  90%|█████████ | 27/30 [01:50<00:11,  3.92s/it]
[SWaT:USAD]  77%|███████▋  | 23/30 [01:43<00:30,  4.39s/it]
[SWaT:USAD] 
[SWaT:USAD] Epoch 23,   L1 = 0.8656257491821752,        L2 = -0.8010928854521583
[SWaT:USAD] 
[SWaT:USAD]  77%|███████▋  | 23/30 [01:48<00:30,  4.39s/it]
[SWaT:USAD]  83%|████████▎ | 25/30 [01:46<00:25,  5.03s/it]
[SWaT:USAD] 
[SWaT:USAD] Epoch 25,   L1 = 0.8377755366967005,        L2 = -0.7787948002008831
[SWaT:USAD] 
[SWaT:USAD]  83%|████████▎ | 25/30 [01:51<00:25,  5.03s/it]
[WADI:USAD]  90%|█████████ | 27/30 [01:48<00:12,  4.05s/it]
[WADI:USAD] 
[WADI:USAD] Epoch 27,   L1 = 0.6486100368748676,        L2 = -0.6081112815252525
[WADI:USAD] 
[WADI:USAD]  90%|█████████ | 27/30 [01:52<00:12,  4.05s/it]
[WADI:USAD]  97%|█████████▋| 29/30 [01:50<00:03,  3.62s/it]
[WADI:USAD] 
[WADI:USAD] Epoch 29,   L1 = 0.6462966253279084,        L2 = -0.6087505338048079
[WADI:USAD] 
[WADI:USAD]  97%|█████████▋| 29/30 [01:54<00:03,  3.62s/it]
[WADI:USAD] 100%|██████████| 30/30 [01:54<00:00,  3.68s/it]
[WADI:USAD] 100%|██████████| 30/30 [01:54<00:00,  3.81s/it]
[WADI:USAD] [1mTraining time:   114.3456 s[0m
[WADI:USAD] [95mTesting USAD on WADI[0m
[SWaT:USAD]  90%|█████████ | 27/30 [01:44<00:11,  3.82s/it]
[SWaT:USAD] 
[SWaT:USAD] Epoch 27,   L1 = 0.8628254707201439,        L2 = -0.8081318576940719
[SWaT:USAD] 
[SWaT:USAD]  90%|█████████ | 27/30 [01:48<00:11,  3.82s/it]
[SWaT:USAD]  93%|█████████▎| 28/30 [01:44<00:07,  3.71s/it]
[SWaT:USAD] 
[SWaT:USAD] Epoch 28,   L1 = 0.8602423613124034,        L2 = -0.8072939231115229
[SWaT:USAD] 
[SWaT:USAD]  93%|█████████▎| 28/30 [01:48<00:07,  3.71s/it]
[gpu] WADI:USAD heartbeat t+120s alloc=0.00G
[SWaT:TranAD]  40%|████      | 2/5 [01:11<01:47, 35.68s/it]
[SWaT:TranAD] 
[SWaT:TranAD] Epoch 2,  L1 = 0.7158765276389963
[SWaT:TranAD] 
[SWaT:TranAD]  40%|████      | 2/5 [01:44<01:47, 35.68s/it]
[SWaT:USAD]  93%|█████████▎| 28/30 [01:50<00:07,  3.92s/it]
[SWaT:USAD] 
[SWaT:USAD] Epoch 28,   L1 = 0.8668925858245177,        L2 = -0.8142265881510342
[SWaT:USAD] 
[SWaT:USAD]  93%|█████████▎| 28/30 [01:54<00:07,  3.92s/it]
[gpu] HAI:TranAD heartbeat t+120s alloc=0.00G
[gpu] WADI:TranAD heartbeat t+120s alloc=0.00G
[gpu] WADI:USAD heartbeat t+120s alloc=0.00G[gpu] WADI:USAD heartbeat t+120s alloc=0.00G[SWaT:USAD]  80%|████████  | 24/30 [01:48<00:26,  4.39s/it]


[SWaT:USAD] 
[SWaT:USAD] Epoch 24,   L1 = 0.8641214474465917,        L2 = -0.802281927790712
[SWaT:USAD] 
[SWaT:USAD]  80%|████████  | 24/30 [01:52<00:26,  4.39s/it]
[WADI:USAD]  93%|█████████▎| 28/30 [01:52<00:08,  4.07s/it]
[WADI:USAD] 
[WADI:USAD] Epoch 28,   L1 = 0.6476891906187546,        L2 = -0.6086334982373391
[WADI:USAD] 
[WADI:USAD]  93%|█████████▎| 28/30 [01:56<00:08,  4.07s/it]
[WADI:USAD]  70%|███████   | 21/30 [01:48<00:46,  5.15s/it]
[WADI:USAD] 
[WADI:USAD] Epoch 21,   L1 = 0.6422457397956444,        L2 = -0.5906306822430252
[WADI:USAD] 
[WADI:USAD]  70%|███████   | 21/30 [01:53<00:46,  5.15s/it]
[gpu] SWaT:USAD heartbeat t+120s alloc=0.00G
[SWaT:USAD]  93%|█████████▎| 28/30 [01:48<00:07,  3.82s/it]
[SWaT:USAD] 
[SWaT:USAD] Epoch 28,   L1 = 0.863479311610846, L2 = -0.810706419230384
[SWaT:USAD] 
[SWaT:USAD]  93%|█████████▎| 28/30 [01:51<00:07,  3.82s/it]
[gpu] SWaT:USAD heartbeat t+120s alloc=0.00G[SWaT:USAD]  87%|████████▋ | 26/30 [01:51<00:19,  4.99s/it]

[SWaT:USAD] 
[SWaT:USAD] Epoch 26,   L1 = 0.8382927619402899,        L2 = -0.7815414885694489
[SWaT:USAD] 
[SWaT:USAD]  87%|████████▋ | 26/30 [01:56<00:19,  4.99s/it]
[gpu] WADI:TranAD heartbeat t+120s alloc=0.00G
[gpu] WADI:USAD heartbeat t+120s alloc=0.00G
[gpu] HAI:USAD heartbeat t+120s alloc=0.00G
[gpu] SWaT:TranAD heartbeat t+120s alloc=0.00G[SWaT:USAD]  97%|█████████▋| 29/30 [01:48<00:03,  3.73s/it]

[gpu] WADI:TranAD heartbeat t+120s alloc=0.00G
[SWaT:USAD] 
[SWaT:USAD] Epoch 29,   L1 = 0.8598878571697894,        L2 = -0.8087430101457764
[SWaT:USAD] 
[SWaT:USAD]  97%|█████████▋| 29/30 [01:52<00:03,  3.73s/it]
[SWaT:USAD] 100%|██████████| 30/30 [01:52<00:00,  3.77s/it]
[SWaT:USAD] 100%|██████████| 30/30 [01:52<00:00,  3.75s/it]
[SWaT:USAD] [1mTraining time:   112.4158 s[0m
[SWaT:USAD] [95mTesting USAD on WADI[0m
[gpu] HAI:USAD heartbeat t+120s alloc=0.00G
[gpu] WADI:TranAD heartbeat t+120s alloc=0.00G
[gpu] WADI:USAD heartbeat t+120s alloc=0.00G[gpu] HAI:TranAD heartbeat t+120s alloc=0.00G

[gpu] HAI:TranAD heartbeat t+120s alloc=0.00G
[gpu] SWaT:USAD heartbeat t+120s alloc=0.00G
[SWaT:USAD]  97%|█████████▋| 29/30 [01:54<00:03,  3.92s/it]
[SWaT:USAD] 
[SWaT:USAD] Epoch 29,   L1 = 0.8664884649611572,        L2 = -0.8156264953622047
[SWaT:USAD] 
[SWaT:USAD]  97%|█████████▋| 29/30 [01:58<00:03,  3.92s/it]
[SWaT:USAD] 100%|██████████| 30/30 [01:58<00:00,  4.00s/it]
[SWaT:USAD] 100%|██████████| 30/30 [01:58<00:00,  3.95s/it]
[SWaT:USAD] [1mTraining time:   118.4097 s[0m
[SWaT:USAD] [95mTesting USAD on WADI[0m
[gpu] HAI:USAD heartbeat t+120s alloc=0.00G[gpu] HAI:USAD heartbeat t+120s alloc=0.00G

[gpu] SWaT:TranAD heartbeat t+120s alloc=0.00G[gpu] HAI:USAD heartbeat t+120s alloc=0.00G
[WADI:USAD]  97%|█████████▋| 29/30 [01:56<00:04,  4.10s/it]
[SWaT:USAD]  83%|████████▎ | 25/30 [01:52<00:21,  4.36s/it]
[WADI:USAD] 
[WADI:USAD] Epoch 29,   L1 = 0.6469954574088677,        L2 = -0.609296781446961
[WADI:USAD] 
[WADI:USAD]  97%|█████████▋| 29/30 [02:00<00:04,  4.10s/it]
[WADI:USAD] 100%|██████████| 30/30 [02:00<00:00,  4.11s/it]
[WADI:USAD] 100%|██████████| 30/30 [02:00<00:00,  4.03s/it]
[WADI:USAD] [1mTraining time:   120.8675 s[0m

[SWaT:USAD] 
[SWaT:USAD] Epoch 25,   L1 = 0.8634892795103438,        L2 = -0.8041151861320524
[SWaT:USAD] 
[SWaT:USAD]  83%|████████▎ | 25/30 [01:56<00:21,  4.36s/it]
[WADI:USAD] [95mTesting USAD on WADI[0m
[gpu] SWaT:TranAD heartbeat t+120s alloc=0.00G
[gpu] SWaT:USAD heartbeat t+120s alloc=0.00G[gpu] HAI:TranAD heartbeat t+120s alloc=0.00G
[SWaT:USAD]  97%|█████████▋| 29/30 [01:51<00:03,  3.82s/it]
[SWaT:USAD] 
[SWaT:USAD] Epoch 29,   L1 = 0.8641282808123266,        L2 = -0.813142950385809
[SWaT:USAD] 
[SWaT:USAD]  97%|█████████▋| 29/30 [01:55<00:03,  3.82s/it]
[SWaT:USAD] 100%|██████████| 30/30 [01:55<00:00,  3.80s/it]
[SWaT:USAD] 100%|██████████| 30/30 [01:55<00:00,  3.86s/it]
[SWaT:USAD] [1mTraining time:   115.7056 s[0m
[SWaT:USAD] [95mTesting USAD on WADI[0m

[gpu] HAI:TranAD heartbeat t+120s alloc=0.00G
[gpu] WADI:TranAD heartbeat t+120s alloc=0.00G
[WADI:TranAD]  20%|██        | 1/5 [00:58<03:55, 59.00s/it][WADI:USAD]  73%|███████▎  | 22/30 [01:53<00:41,  5.16s/it]
[WADI:USAD] 
[WADI:TranAD] 
[WADI:TranAD] Epoch 1,  L1 = 0.4914221876888835
[WADI:TranAD] 
[WADI:TranAD]  20%|██        | 1/5 [01:58<03:55, 59.00s/it]
[gpu] SWaT:TranAD heartbeat t+120s alloc=0.00G

[WADI:USAD] Epoch 22,   L1 = 0.6403842361288398,        L2 = -0.5911137880742258
[WADI:USAD] 
[WADI:USAD]  73%|███████▎  | 22/30 [01:58<00:41,  5.16s/it]
[gpu] SWaT:USAD heartbeat t+120s alloc=0.00G
[SWaT:USAD]  90%|█████████ | 27/30 [01:56<00:15,  5.05s/it]
[SWaT:USAD] 
[SWaT:USAD] Epoch 27,   L1 = 0.8388414552106577,        L2 = -0.7841546248556936
[SWaT:USAD] 
[SWaT:USAD]  90%|█████████ | 27/30 [02:01<00:15,  5.05s/it]
[SWaT:USAD]  87%|████████▋ | 26/30 [01:56<00:17,  4.36s/it]
[SWaT:USAD] 
[SWaT:USAD] Epoch 26,   L1 = 0.8627473449838512,        L2 = -0.8056519646460519
[SWaT:USAD] 
[SWaT:USAD]  87%|████████▋ | 26/30 [02:01<00:17,  4.36s/it]
[gpu] SWaT:TranAD heartbeat t+120s alloc=0.00G
[SWaT:TranAD]  40%|████      | 2/5 [01:18<01:59, 39.68s/it]
[SWaT:TranAD] 
[SWaT:TranAD] Epoch 2,  L1 = 0.7173447582432453
[SWaT:TranAD] 
[SWaT:TranAD]  40%|████      | 2/5 [02:01<01:59, 39.68s/it]
[WADI:USAD]  77%|███████▋  | 23/30 [01:58<00:36,  5.15s/it]
[WADI:USAD] 
[WADI:USAD] Epoch 23,   L1 = 0.6387250259591549,        L2 = -0.5916000898277196
[WADI:USAD] 
[WADI:USAD]  77%|███████▋  | 23/30 [02:04<00:36,  5.15s/it]
[SWaT:USAD]  93%|█████████▎| 28/30 [02:01<00:10,  5.15s/it]
[SWaT:USAD] 
[SWaT:USAD] Epoch 28,   L1 = 0.8394201839802896,        L2 = -0.7866551146261832
[SWaT:USAD] 
[SWaT:USAD]  93%|█████████▎| 28/30 [02:07<00:10,  5.15s/it]
[WADI:TranAD]  20%|██        | 1/5 [01:00<04:01, 60.29s/it]
[WADI:TranAD] 
[WADI:TranAD] Epoch 1,  L1 = 0.5075672760143949
[WADI:TranAD] 
[WADI:TranAD]  20%|██        | 1/5 [02:04<04:01, 60.29s/it]
[SWaT:USAD]  90%|█████████ | 27/30 [02:01<00:13,  4.35s/it]
[SWaT:USAD] 
[SWaT:USAD] Epoch 27,   L1 = 0.8625483978013782,        L2 = -0.8075623348048505
[SWaT:USAD] 
[SWaT:USAD]  90%|█████████ | 27/30 [02:05<00:13,  4.35s/it]
[HAI:USAD]  13%|█▎        | 4/30 [01:31<09:57, 23.00s/it]
[HAI:USAD] 
[HAI:USAD] Epoch 4,     L1 = 0.8447668110903311,        L2 = -0.5432080906438451
[HAI:USAD] 
[HAI:USAD]  13%|█▎        | 4/30 [01:55<09:57, 23.00s/it]
[WADI:USAD]  80%|████████  | 24/30 [02:04<00:30,  5.15s/it]
[WADI:USAD] 
[WADI:USAD] Epoch 24,   L1 = 0.6371052097924187,        L2 = -0.5919354779928387
[WADI:USAD] 
[WADI:USAD]  80%|████████  | 24/30 [02:09<00:30,  5.15s/it]
[HAI:USAD]  13%|█▎        | 4/30 [01:32<09:58, 23.01s/it]
[HAI:USAD] 
[HAI:USAD] Epoch 4,     L1 = 0.7776322614290789,        L2 = -0.5041969566810253
[HAI:USAD] 
[HAI:USAD]  13%|█▎        | 4/30 [01:54<09:58, 23.01s/it]
[SWaT:USAD]  97%|█████████▋| 29/30 [02:07<00:05,  5.31s/it]
[SWaT:USAD] 
[SWaT:USAD] Epoch 29,   L1 = 0.8400121187418699,        L2 = -0.7890398843717926
[SWaT:USAD] 
[SWaT:USAD]  97%|█████████▋| 29/30 [02:12<00:05,  5.31s/it]
[SWaT:USAD] 100%|██████████| 30/30 [02:12<00:00,  5.15s/it]
[SWaT:USAD] 100%|██████████| 30/30 [02:12<00:00,  4.40s/it]
[SWaT:USAD] [1mTraining time:   132.1435 s[0m
[SWaT:USAD] [95mTesting USAD on WADI[0m
[HAI:USAD]  10%|█         | 3/30 [01:28<13:20, 29.66s/it]
[HAI:USAD] 
[HAI:USAD] Epoch 3,     L1 = 0.7562028842746215,        L2 = -0.40363757179696874
[HAI:USAD] 
[HAI:USAD]  10%|█         | 3/30 [01:57<13:20, 29.66s/it]
[HAI:USAD]  13%|█▎        | 4/30 [01:33<10:10, 23.48s/it]
[HAI:USAD] 
[HAI:USAD] Epoch 4,     L1 = 0.792650213077332, L2 = -0.5055944361727421
[HAI:USAD] 
[HAI:USAD]  13%|█▎        | 4/30 [01:56<10:10, 23.48s/it]
[SWaT:USAD]  93%|█████████▎| 28/30 [02:05<00:08,  4.39s/it]
[SWaT:USAD] 
[SWaT:USAD] Epoch 28,   L1 = 0.8626302482669844,        L2 = -0.8095997945657548
[SWaT:USAD] 
[SWaT:USAD]  93%|█████████▎| 28/30 [02:10<00:08,  4.39s/it]
[SWaT:TranAD]  60%|██████    | 3/5 [01:35<01:04, 32.11s/it]
[SWaT:TranAD] 
[SWaT:TranAD] Epoch 3,  L1 = 0.7034323670890401
[SWaT:TranAD] 
[SWaT:TranAD]  60%|██████    | 3/5 [02:09<01:04, 32.11s/it]
[gpu] WADI:GDN heartbeat t+120s alloc=0.00G
[WADI:USAD]  83%|████████▎ | 25/30 [02:09<00:25,  5.14s/it]
[WADI:USAD] 
[WADI:USAD] Epoch 25,   L1 = 0.6357612807248972,        L2 = -0.5923887600128647
[WADI:USAD] 
[WADI:USAD]  83%|████████▎ | 25/30 [02:14<00:25,  5.14s/it]
[gpu] HAI:GDN heartbeat t+120s alloc=0.00G
[HAI:USAD]  10%|█         | 3/30 [01:30<13:38, 30.31s/it]
[HAI:USAD] 
[HAI:USAD] Epoch 3,     L1 = 0.7955323392975396,        L2 = -0.4322701714150469
[HAI:USAD] 
[HAI:USAD]  10%|█         | 3/30 [02:00<13:38, 30.31s/it]
[SWaT:TranAD]  60%|██████    | 3/5 [01:40<01:06, 33.34s/it][SWaT:USAD]  97%|█████████▋| 29/30 [02:10<00:04,  4.44s/it]
[SWaT:USAD] [SWaT:TranAD]  40%|████      | 2/5 [01:28<02:13, 44.48s/it]
[SWaT:USAD] Epoch 29,   L1 = 0.8628563865580979,        L2 = -0.8116480850998093
[SWaT:USAD] 
[SWaT:USAD]  97%|█████████▋| 29/30 [02:14<00:04,  4.44s/it]
[SWaT:USAD] 100%|██████████| 30/30 [02:14<00:00,  4.46s/it]
[SWaT:USAD] 100%|██████████| 30/30 [02:14<00:00,  4.49s/it]
[SWaT:USAD] [1mTraining time:   134.6507 s[0m

[SWaT:TranAD] 
[SWaT:TranAD] Epoch 3,  L1 = 0.7054713585753651
[SWaT:TranAD] 
[SWaT:TranAD]  60%|██████    | 3/5 [02:12<01:06, 33.34s/it]

[SWaT:TranAD] 
[SWaT:TranAD] Epoch 2,  L1 = 0.7152840891743407
[SWaT:TranAD] 
[SWaT:TranAD]  40%|████      | 2/5 [02:14<02:13, 44.48s/it]
[SWaT:USAD] [95mTesting USAD on WADI[0m
[WADI:USAD]  87%|████████▋ | 26/30 [02:14<00:20,  5.13s/it]
[WADI:USAD] 
[WADI:USAD] Epoch 26,   L1 = 0.6346547097016314,        L2 = -0.5929391981872805
[WADI:USAD] 
[WADI:USAD]  87%|████████▋ | 26/30 [02:19<00:20,  5.13s/it]
[gpu] SWaT:GDN heartbeat t+120s alloc=0.00G
[WADI:USAD] /root/TranAD/src/spot.py:313: RuntimeWarning: divide by zero encountered in log
[WADI:USAD]   return 1 + np.log(s).mean()
[WADI:USAD] /root/TranAD/src/spot.py:316: RuntimeWarning: divide by zero encountered in divide
[WADI:USAD]   return np.mean(1 / s)
[WADI:USAD] /root/TranAD/src/spot.py:329: RuntimeWarning: divide by zero encountered in divide
[WADI:USAD]   jac_vs = (1 / t) * (-vs + np.mean(1 / s ** 2))
[WADI:USAD] /root/TranAD/src/spot.py:329: RuntimeWarning: invalid value encountered in scalar add
[WADI:USAD]   jac_vs = (1 / t) * (-vs + np.mean(1 / s ** 2))
[WADI:USAD] /root/TranAD/src/spot.py:313: RuntimeWarning: divide by zero encountered in log
[WADI:USAD]   return 1 + np.log(s).mean()
[WADI:USAD] /root/TranAD/src/spot.py:316: RuntimeWarning: divide by zero encountered in divide
[WADI:USAD]   return np.mean(1 / s)
[WADI:USAD] /root/TranAD/src/spot.py:329: RuntimeWarning: divide by zero encountered in divide
[WADI:USAD]   jac_vs = (1 / t) * (-vs + np.mean(1 / s ** 2))
[WADI:USAD] /root/TranAD/src/spot.py:329: RuntimeWarning: invalid value encountered in scalar add
[WADI:USAD]   jac_vs = (1 / t) * (-vs + np.mean(1 / s ** 2))
[WADI:USAD] /root/TranAD/src/spot.py:313: RuntimeWarning: divide by zero encountered in log
[WADI:USAD]   return 1 + np.log(s).mean()
[WADI:USAD] /root/TranAD/src/spot.py:316: RuntimeWarning: divide by zero encountered in divide
[WADI:USAD]   return np.mean(1 / s)
[WADI:USAD] /root/TranAD/src/spot.py:329: RuntimeWarning: divide by zero encountered in divide
[WADI:USAD]   jac_vs = (1 / t) * (-vs + np.mean(1 / s ** 2))
[WADI:USAD] /root/TranAD/src/spot.py:329: RuntimeWarning: invalid value encountered in scalar add
[WADI:USAD]   jac_vs = (1 / t) * (-vs + np.mean(1 / s ** 2))
[WADI:USAD]  90%|█████████ | 27/30 [02:19<00:15,  5.12s/it]
[WADI:USAD] 
[WADI:USAD] Epoch 27,   L1 = 0.6337153355896376,        L2 = -0.5935429507717612
[WADI:USAD] 
[WADI:USAD]  90%|█████████ | 27/30 [02:24<00:15,  5.12s/it]
[WADI:USAD] /root/TranAD/src/spot.py:313: RuntimeWarning: divide by zero encountered in log
[WADI:USAD]   return 1 + np.log(s).mean()
[WADI:USAD] /root/TranAD/src/spot.py:316: RuntimeWarning: divide by zero encountered in divide
[WADI:USAD]   return np.mean(1 / s)
[WADI:USAD] /root/TranAD/src/spot.py:329: RuntimeWarning: divide by zero encountered in divide
[WADI:USAD]   jac_vs = (1 / t) * (-vs + np.mean(1 / s ** 2))
[WADI:USAD] /root/TranAD/src/spot.py:329: RuntimeWarning: invalid value encountered in scalar add
[WADI:USAD]   jac_vs = (1 / t) * (-vs + np.mean(1 / s ** 2))
[WADI:USAD] /root/TranAD/src/spot.py:313: RuntimeWarning: divide by zero encountered in log
[WADI:USAD]   return 1 + np.log(s).mean()
[WADI:USAD] /root/TranAD/src/spot.py:316: RuntimeWarning: divide by zero encountered in divide
[WADI:USAD]   return np.mean(1 / s)
[WADI:USAD] /root/TranAD/src/spot.py:329: RuntimeWarning: divide by zero encountered in divide
[WADI:USAD]   jac_vs = (1 / t) * (-vs + np.mean(1 / s ** 2))
[WADI:USAD] /root/TranAD/src/spot.py:329: RuntimeWarning: invalid value encountered in scalar add
[WADI:USAD]   jac_vs = (1 / t) * (-vs + np.mean(1 / s ** 2))
[SWaT:USAD] /root/TranAD/src/spot.py:329: RuntimeWarning: overflow encountered in square[SWaT:TranAD]  60%|██████    | 3/5 [01:44<01:09, 34.71s/it]

[SWaT:USAD]   jac_vs = (1 / t) * (-vs + np.mean(1 / s ** 2))
[SWaT:TranAD] 
[SWaT:TranAD] Epoch 3,  L1 = 0.7036398282734787
[SWaT:TranAD] 
[SWaT:TranAD]  60%|██████    | 3/5 [02:18<01:09, 34.71s/it]
[WADI:TranAD]  40%|████      | 2/5 [01:40<02:29, 49.72s/it]
[WADI:TranAD] 
[WADI:TranAD] Epoch 2,  L1 = 0.4469121374177699
[WADI:TranAD] 
[WADI:TranAD]  40%|████      | 2/5 [02:28<02:29, 49.72s/it]
[SWaT:USAD] /root/TranAD/src/spot.py:329: RuntimeWarning: overflow encountered in square
[WADI:USAD] /root/TranAD/src/spot.py:313: RuntimeWarning: divide by zero encountered in log
[WADI:USAD]   return 1 + np.log(s).mean()
[WADI:USAD] /root/TranAD/src/spot.py:316: RuntimeWarning: divide by zero encountered in divide
[WADI:USAD]   return np.mean(1 / s)
[WADI:USAD] /root/TranAD/src/spot.py:329: RuntimeWarning: divide by zero encountered in divide
[WADI:USAD]   jac_vs = (1 / t) * (-vs + np.mean(1 / s ** 2))
[WADI:USAD] /root/TranAD/src/spot.py:329: RuntimeWarning: invalid value encountered in scalar add
[WADI:USAD]   jac_vs = (1 / t) * (-vs + np.mean(1 / s ** 2))
[WADI:USAD]            f1  precision    recall     TP  ...      FP     FN   ROC/AUC  threshold
[WADI:USAD] 0    0.296926   0.994286  0.174524  174.0  ...     1.0  823.0  0.587231  10.710447
[WADI:USAD] 1    0.125110   0.573770  0.070211   70.0  ...    52.0  927.0  0.533509   8.692363
[WADI:USAD] 2    0.292680   0.906250  0.174524  174.0  ...    18.0  823.0  0.586709   2.779949
[WADI:USAD] 3    0.233316   0.146567  0.571715  570.0  ...  3319.0  427.0  0.683948   8.035694
[WADI:USAD] 4    0.000000   0.000000  0.000000    0.0  ...   105.0  997.0  0.496776   3.991873
[WADI:USAD] ..        ...        ...       ...    ...  ...     ...    ...       ...        ...
[WADI:USAD] 118  0.016996   0.145161  0.009027    9.0  ...    53.0  988.0  0.502886   0.015910
[WADI:USAD] 119  0.016900   0.132353  0.009027    9.0  ...    59.0  988.0  0.502702   0.023208
[WADI:USAD] 120  0.472436   0.683112  0.361083  360.0  ...   167.0  637.0  0.675414   8.138755
[WADI:USAD] 121  0.016884   0.130435  0.009027    9.0  ...    60.0  988.0  0.502671   0.022214
[WADI:USAD] 122  0.148990   0.590278  0.085256   85.0  ...    59.0  912.0  0.540816   6.903097
[WADI:USAD] 
[WADI:USAD] [123 rows x 9 columns]
[WADI:USAD] {'FN': 351,
[WADI:USAD]  'FP': 249,
[WADI:USAD]  'Hit@100%': 1.0,
[WADI:USAD]  'Hit@150%': 1.0,
[WADI:USAD]  'NDCG@100%': 1.0000000000000004,
[WADI:USAD]  'NDCG@150%': 1.0000000000000004,
[WADI:USAD]  'ROC/AUC': 0.81632637411128,
[WADI:USAD]  'TN': 16035,
[WADI:USAD]  'TP': 646,
[WADI:USAD]  'f1': 0.6828702716205456,
[WADI:USAD]  'precision': 0.7217877014325397,
[WADI:USAD]  'recall': 0.6479438249955484,
[WADI:USAD]  'threshold': 2.726401000588331}
[SWaT:USAD]   jac_vs = (1 / t) * (-vs + np.mean(1 / s ** 2))
[SWaT:USAD] /root/TranAD/src/spot.py:313: RuntimeWarning: divide by zero encountered in log
[SWaT:USAD]   return 1 + np.log(s).mean()
[SWaT:USAD] /root/TranAD/src/spot.py:316: RuntimeWarning: divide by zero encountered in divide
[SWaT:USAD]   return np.mean(1 / s)
[SWaT:USAD] /root/TranAD/src/spot.py:329: RuntimeWarning: divide by zero encountered in divide
[SWaT:USAD]   jac_vs = (1 / t) * (-vs + np.mean(1 / s ** 2))
[SWaT:USAD] /root/TranAD/src/spot.py:329: RuntimeWarning: invalid value encountered in scalar add
[SWaT:USAD]   jac_vs = (1 / t) * (-vs + np.mean(1 / s ** 2))
[SWaT:USAD] /root/TranAD/src/spot.py:329: RuntimeWarning: overflow encountered in square
[SWaT:USAD]   jac_vs = (1 / t) * (-vs + np.mean(1 / s ** 2))
[SWaT:USAD] /root/TranAD/src/spot.py:329: RuntimeWarning: overflow encountered in square
[SWaT:USAD]   jac_vs = (1 / t) * (-vs + np.mean(1 / s ** 2))
[WADI:USAD] /root/TranAD/src/spot.py:313: RuntimeWarning: divide by zero encountered in log
[WADI:USAD]            f1  precision    recall     TP  ...      FP     FN   ROC/AUC  threshold
[WADI:USAD] 0    0.296926   0.994286  0.174524  174.0  ...     1.0  823.0  0.587231  10.461829
[WADI:USAD] 1    0.125110   0.573770  0.070211   70.0  ...    52.0  927.0  0.533509   8.700321
[WADI:USAD] 2    0.000000   0.000000  0.000000    0.0  ...    29.0  997.0  0.499110   2.796219
[WADI:USAD] 3    0.233699   0.146869  0.571715  570.0  ...  3311.0  427.0  0.684193   8.073597
[WADI:USAD] 4    0.000000   0.000000  0.000000    0.0  ...   154.0  997.0  0.495271   3.959478
[WADI:USAD] ..        ...        ...       ...    ...  ...     ...    ...       ...        ...
[WADI:USAD] 118  0.203467   0.476015  0.129388  129.0  ...   142.0  868.0  0.560334   0.005322
[WADI:USAD] 119  0.199071   0.431438  0.129388  129.0  ...   170.0  868.0  0.559474   0.002271
[WADI:USAD] 120  0.472747   0.684411  0.361083  360.0  ...   166.0  637.0  0.675445   7.387937
[WADI:USAD] 121  0.203627   0.477778  0.129388  129.0  ...   141.0  868.0  0.560365   0.003745
[WADI:USAD] 122  0.150440   0.639098  0.085256   85.0  ...    48.0  912.0  0.541154   6.651955
[WADI:USAD] 
[WADI:USAD] [123 rows x 9 columns]
[WADI:USAD] {'FN': 351,
[WADI:USAD]  'FP': 252,
[WADI:USAD]  'Hit@100%': 1.0,
[WADI:USAD]  'Hit@150%': 1.0,
[WADI:USAD]  'NDCG@100%': 1.0000000000000004,
[WADI:USAD]  'NDCG@150%': 1.0000000000000004,
[WADI:USAD]  'ROC/AUC': 0.8162342591518107,
[WADI:USAD]  'TN': 16032,
[WADI:USAD]  'TP': 646,
[WADI:USAD]  'f1': 0.6817892017379317,
[WADI:USAD]  'precision': 0.7193763839713098,
[WADI:USAD]  'recall': 0.6479438249955484,
[WADI:USAD]  'threshold': 2.7024368069102405}
[WADI:USAD]   return 1 + np.log(s).mean()
[WADI:USAD] /root/TranAD/src/spot.py:316: RuntimeWarning: divide by zero encountered in divide
[WADI:USAD]   return np.mean(1 / s)
[WADI:USAD] /root/TranAD/src/spot.py:329: RuntimeWarning: divide by zero encountered in divide
[WADI:USAD]   jac_vs = (1 / t) * (-vs + np.mean(1 / s ** 2))
[WADI:USAD] /root/TranAD/src/spot.py:329: RuntimeWarning: invalid value encountered in scalar add
[WADI:USAD]   jac_vs = (1 / t) * (-vs + np.mean(1 / s ** 2))
[sota] DONE USAD_WADI_s0 rc=0 159.7s raw_ALL={'AUROC': 0.7, 'bestF1': 0.397, 'F1_at5pctFPR': 0.356, 'TPR_at5pctFPR': 0.393} raw_HARD={'AUROC': 0.446, 'bestF1': 0.21, 'F1_at5pctFPR': 0.138, 'TPR_at5pctFPR': 0.213}[WADI:USAD]  93%|█████████▎| 28/30 [02:24<00:10,  5.12s/it]

[WADI:USAD] 
[WADI:USAD] Epoch 28,   L1 = 0.6327647199006493,        L2 = -0.594014545176391
[WADI:USAD] 
[WADI:USAD]  93%|█████████▎| 28/30 [02:29<00:10,  5.12s/it]
[HAI:USAD]  17%|█▋        | 5/30 [01:55<09:35, 23.00s/it]
[HAI:USAD] 
[HAI:USAD] Epoch 5,     L1 = 0.8351131449124627,        L2 = -0.5897398463253029
[HAI:USAD] 
[HAI:USAD]  17%|█▋        | 5/30 [02:17<09:35, 23.00s/it]
[WADI:USAD] /root/TranAD/src/spot.py:313: RuntimeWarning: divide by zero encountered in log
[WADI:USAD]   return 1 + np.log(s).mean()
[WADI:USAD] /root/TranAD/src/spot.py:316: RuntimeWarning: divide by zero encountered in divide
[WADI:USAD]   return np.mean(1 / s)
[WADI:USAD] /root/TranAD/src/spot.py:329: RuntimeWarning: divide by zero encountered in divide
[WADI:USAD]   jac_vs = (1 / t) * (-vs + np.mean(1 / s ** 2))
[WADI:USAD] /root/TranAD/src/spot.py:329: RuntimeWarning: invalid value encountered in scalar add
[WADI:USAD]   jac_vs = (1 / t) * (-vs + np.mean(1 / s ** 2))
[WADI:USAD] /root/TranAD/src/spot.py:313: RuntimeWarning: divide by zero encountered in log
[WADI:USAD]   return 1 + np.log(s).mean()
[WADI:USAD] /root/TranAD/src/spot.py:316: RuntimeWarning: divide by zero encountered in divide
[WADI:USAD]   return np.mean(1 / s)
[WADI:USAD] /root/TranAD/src/spot.py:329: RuntimeWarning: divide by zero encountered in divide
[WADI:USAD]   jac_vs = (1 / t) * (-vs + np.mean(1 / s ** 2))
[WADI:USAD] /root/TranAD/src/spot.py:329: RuntimeWarning: invalid value encountered in scalar add
[WADI:USAD]   jac_vs = (1 / t) * (-vs + np.mean(1 / s ** 2))
[WADI:USAD] /root/TranAD/src/spot.py:313: RuntimeWarning: divide by zero encountered in log
[WADI:USAD]   return 1 + np.log(s).mean()
[WADI:USAD] /root/TranAD/src/spot.py:316: RuntimeWarning: divide by zero encountered in divide
[WADI:USAD]   return np.mean(1 / s)
[WADI:USAD] /root/TranAD/src/spot.py:329: RuntimeWarning: divide by zero encountered in divide
[WADI:USAD]   jac_vs = (1 / t) * (-vs + np.mean(1 / s ** 2))
[WADI:USAD] /root/TranAD/src/spot.py:329: RuntimeWarning: invalid value encountered in scalar add
[WADI:USAD]   jac_vs = (1 / t) * (-vs + np.mean(1 / s ** 2))
[SWaT:USAD]           f1  precision  recall      TP  ...     FP      FN   ROC/AUC     threshold
[WADI:USAD] /root/TranAD/src/spot.py:313: RuntimeWarning: divide by zero encountered in log
[WADI:USAD]   return 1 + np.log(s).mean()
[WADI:USAD] /root/TranAD/src/spot.py:316: RuntimeWarning: divide by zero encountered in divide
[WADI:USAD]   return np.mean(1 / s)
[WADI:USAD] /root/TranAD/src/spot.py:329: RuntimeWarning: divide by zero encountered in divide
[WADI:USAD]   jac_vs = (1 / t) * (-vs + np.mean(1 / s ** 2))
[WADI:USAD] /root/TranAD/src/spot.py:329: RuntimeWarning: invalid value encountered in scalar add
[WADI:USAD]   jac_vs = (1 / t) * (-vs + np.mean(1 / s ** 2))
[sota] DONE USAD_WADI_s3 rc=0 161.2s raw_ALL={'AUROC': 0.706, 'bestF1': 0.394, 'F1_at5pctFPR': 0.367, 'TPR_at5pctFPR': 0.408} raw_HARD={'AUROC': 0.461, 'bestF1': 0.202, 'F1_at5pctFPR': 0.137, 'TPR_at5pctFPR': 0.211}
[SWaT:USAD] 0   0.992907   0.985923     1.0  5463.0  ...   78.0     0.0  0.998566  4.344918e+00
[SWaT:USAD] 1   0.000000   0.000000     0.0     0.0  ...    0.0  5463.0  0.500000  2.066706e+01
[SWaT:USAD] 2   0.999995   1.000000     1.0  5463.0  ...    0.0     0.0  1.000000  4.594187e+01
[SWaT:USAD] 3   0.989669   0.979559     1.0  5463.0  ...  114.0     0.0  0.997903  4.858013e+00
[SWaT:USAD] 4   0.999995   1.000000     1.0  5463.0  ...    0.0     0.0  1.000000  7.480946e+00
[SWaT:USAD] 5   0.999995   1.000000     1.0  5463.0  ...    0.0     0.0  1.000000  9.054926e+00
[SWaT:USAD] 6   0.999995   1.000000     1.0  5463.0  ...    0.0     0.0  1.000000  1.627118e+01
[SWaT:USAD] 7   0.000000   0.000000     0.0     0.0  ...    0.0  5463.0  0.500000  1.572065e+01
[SWaT:USAD] 8   0.000000   0.000000     0.0     0.0  ...    0.0  5463.0  0.500000  1.765036e+31
[SWaT:USAD] 9   0.999995   1.000000     1.0  5463.0  ...    0.0     0.0  1.000000  4.492738e+01
[SWaT:USAD] 10  0.000000   0.000000     0.0     0.0  ...    0.0  5463.0  0.500000  6.800052e+00
[SWaT:USAD] 11  0.999995   1.000000     1.0  5463.0  ...    0.0     0.0  1.000000  4.101912e-04
[SWaT:USAD] 12  0.986185   0.972756     1.0  5463.0  ...  153.0     0.0  0.997186  4.854873e+00
[SWaT:USAD] 13  0.999995   1.000000     1.0  5463.0  ...    0.0     0.0  1.000000  3.063882e-04
[SWaT:USAD] 14  0.999995   1.000000     1.0  5463.0  ...    0.0     0.0  1.000000  3.788245e+00
[SWaT:USAD] 15  0.999995   1.000000     1.0  5463.0  ...    0.0     0.0  1.000000  6.945162e-04
[SWaT:USAD] 16  0.993448   0.986992     1.0  5463.0  ...   72.0     0.0  0.998676  7.025029e+00
[SWaT:USAD] 17  0.992275   0.984679     1.0  5463.0  ...   85.0     0.0  0.998437  7.273503e+00
[SWaT:USAD] 18  0.000000   0.000000     0.0     0.0  ...    0.0  5463.0  0.500000  1.682871e+02
[SWaT:USAD] 19  0.984940   0.970337     1.0  5463.0  ...  167.0     0.0  0.996929  6.251300e+01
[SWaT:USAD] 20  0.981313   0.963322     1.0  5463.0  ...  208.0     0.0  0.996175  6.038481e+00
[SWaT:USAD] 21  0.000000   0.000000     0.0     0.0  ...    0.0  5463.0  0.500000  1.382101e+02
[SWaT:USAD] 22  0.982726   0.966048     1.0  5463.0  ...  192.0     0.0  0.996469  2.403448e+01
[SWaT:USAD] 23  0.000000   0.000000     0.0     0.0  ...    0.0  5463.0  0.500000  4.179939e+02
[SWaT:USAD] 24  0.978940   0.958757     1.0  5463.0  ...  235.0     0.0  0.995678  6.885454e+00
[SWaT:USAD] 25  0.000000   0.000000     0.0     0.0  ...    0.0  5463.0  0.500000  5.842187e+00
[SWaT:USAD] 26  0.999995   1.000000     1.0  5463.0  ...    0.0     0.0  1.000000  2.591673e+01
[SWaT:USAD] 27  0.000000   0.000000     0.0     0.0  ...    0.0  5463.0  0.500000  2.461322e+02
[SWaT:USAD] 28  0.000000   0.000000     0.0     0.0  ...    0.0  5463.0  0.500000  1.205575e+02
[SWaT:USAD] 29  0.999995   1.000000     1.0  5463.0  ...    0.0     0.0  1.000000  1.072897e-03
[SWaT:USAD] 30  0.000000   0.000000     0.0     0.0  ...    0.0  5463.0  0.500000  4.280294e+02
[SWaT:USAD] 31  0.000000   0.000000     0.0     0.0  ...    0.0  5463.0  0.500000  5.591029e+75
[SWaT:USAD] 32  0.999995   1.000000     1.0  5463.0  ...    0.0     0.0  1.000000  4.753647e-04
[SWaT:USAD] 33  0.000000   0.000000     0.0     0.0  ...    0.0  5463.0  0.500000  2.676098e+02
[SWaT:USAD] 34  0.000000   0.000000     0.0     0.0  ...    0.0  5463.0  0.500000  1.593257e+02
[SWaT:USAD] 35  0.999995   1.000000     1.0  5463.0  ...    0.0     0.0  1.000000  2.265368e+01
[SWaT:USAD] 36  0.999995   1.000000     1.0  5463.0  ...    0.0     0.0  1.000000  8.796009e+00
[SWaT:USAD] 37  0.999995   1.000000     1.0  5463.0  ...    0.0     0.0  1.000000  5.812595e+02
[SWaT:USAD] 38  0.000000   0.000000     0.0     0.0  ...    0.0  5463.0  0.500000  2.461923e+02
[SWaT:USAD] 39  0.999995   1.000000     1.0  5463.0  ...    0.0     0.0  1.000000  5.727032e+01
[SWaT:USAD] 40  0.000000   0.000000     0.0     0.0  ...    0.0  5463.0  0.500000  2.561215e+02
[SWaT:USAD] 41  0.999995   1.000000     1.0  5463.0  ...    0.0     0.0  1.000000  7.496849e+01
[SWaT:USAD] 42  0.000000   0.000000     0.0     0.0  ...    0.0  5463.0  0.500000  5.729273e+02
[SWaT:USAD] 43  0.999995   1.000000     1.0  5463.0  ...    0.0     0.0  1.000000  5.379282e-04
[SWaT:USAD] 44  0.000000   0.000000     0.0     0.0  ...    0.0  5463.0  0.500000  2.467042e+02
[SWaT:USAD] 45  0.000000   0.000000     0.0     0.0  ...    0.0  5463.0  0.500000  6.403614e+01
[SWaT:USAD] 46  0.000000   0.000000     0.0     0.0  ...    0.0  5463.0  0.500000  2.535914e+02
[SWaT:USAD] 47  0.978764   0.958421     1.0  5463.0  ...  237.0     0.0  0.995641  1.046344e+01
[SWaT:USAD] 48  0.999995   1.000000     1.0  5463.0  ...    0.0     0.0  1.000000  4.014498e-04
[SWaT:USAD] 49  0.980873   0.962474     1.0  5463.0  ...  213.0     0.0  0.996083  7.411315e+00
[SWaT:USAD] 50  0.999995   1.000000     1.0  5463.0  ...    0.0     0.0  1.000000  2.261516e-04
[SWaT:USAD] 
[SWaT:USAD] [51 rows x 9 columns]
[SWaT:USAD] {'FN': 0,
[SWaT:USAD]  'FP': 0,
[SWaT:USAD]  'Hit@100%': 1.0,
[SWaT:USAD]  'Hit@150%': 1.0,
[SWaT:USAD]  'NDCG@100%': 1.0,
[SWaT:USAD]  'NDCG@150%': 1.0,
[SWaT:USAD]  'ROC/AUC': 1.0,
[SWaT:USAD]  'TN': 27188,
[SWaT:USAD]  'TP': 5463,
[SWaT:USAD]  'f1': 0.9999949981945039,
[SWaT:USAD]  'precision': 0.999999998169504,
[SWaT:USAD]  'recall': 0.999999998169504,
[SWaT:USAD]  'threshold': 152.14466479170105}
[HAI:USAD]  17%|█▋        | 5/30 [01:54<09:30, 22.82s/it]
[HAI:USAD] 
[HAI:USAD] Epoch 5,     L1 = 0.7719375655248928,        L2 = -0.5472501556295555
[HAI:USAD] 
[HAI:USAD]  17%|█▋        | 5/30 [02:17<09:30, 22.82s/it]
[WADI:TranAD]  40%|████      | 2/5 [01:41<02:32, 50.91s/it]
[WADI:TranAD] 
[WADI:TranAD] Epoch 2,  L1 = 0.4456790078668377
[WADI:TranAD] 
[WADI:TranAD]  40%|████      | 2/5 [02:30<02:32, 50.91s/it]
[WADI:USAD] /root/TranAD/src/spot.py:313: RuntimeWarning: divide by zero encountered in log
[WADI:USAD]   return 1 + np.log(s).mean()
[WADI:USAD] /root/TranAD/src/spot.py:316: RuntimeWarning: divide by zero encountered in divide
[WADI:USAD]   return np.mean(1 / s)
[WADI:USAD] /root/TranAD/src/spot.py:329: RuntimeWarning: divide by zero encountered in divide
[WADI:USAD]   jac_vs = (1 / t) * (-vs + np.mean(1 / s ** 2))
[WADI:USAD] /root/TranAD/src/spot.py:329: RuntimeWarning: invalid value encountered in scalar add
[WADI:USAD]   jac_vs = (1 / t) * (-vs + np.mean(1 / s ** 2))
[WADI:USAD]            f1  precision    recall     TP  ...      FP     FN   ROC/AUC  threshold
[WADI:USAD] 0    0.296926   0.994286  0.174524  174.0  ...     1.0  823.0  0.587231  10.535367
[WADI:USAD] 1    0.124553   0.551181  0.070211   70.0  ...    57.0  927.0  0.533355   8.436653
[WADI:USAD] 2    0.000000   0.000000  0.000000    0.0  ...    22.0  997.0  0.499324   2.729349
[WADI:USAD] 3    0.230207   0.144121  0.571715  570.0  ...  3385.0  427.0  0.681921   8.444674
[WADI:USAD] 4    0.000000   0.000000  0.000000    0.0  ...     0.0  997.0  0.500000   7.168998
[WADI:USAD] ..        ...        ...       ...    ...  ...     ...    ...       ...        ...
[WADI:USAD] 118  0.015330   0.050847  0.009027    9.0  ...   168.0  988.0  0.499355   0.000667
[WADI:USAD] 119  0.015664   0.059211  0.009027    9.0  ...   143.0  988.0  0.500123   0.000111
[WADI:USAD] 120  0.472747   0.684411  0.361083  360.0  ...   166.0  637.0  0.675445   7.666985
[WADI:USAD] 121  0.015343   0.051136  0.009027    9.0  ...   167.0  988.0  0.499386   0.001573
[WADI:USAD] 122  0.150440   0.639098  0.085256   85.0  ...    48.0  912.0  0.541154   6.658305
[WADI:USAD] 
[WADI:USAD] [123 rows x 9 columns]
[WADI:USAD] {'FN': 351,
[WADI:USAD]  'FP': 251,
[WADI:USAD]  'Hit@100%': 1.0,
[WADI:USAD]  'Hit@150%': 1.0,
[WADI:USAD]  'NDCG@100%': 1.0000000000000004,
[WADI:USAD]  'NDCG@150%': 1.0000000000000004,
[WADI:USAD]  'ROC/AUC': 0.8162649641383004,
[WADI:USAD]  'TN': 16033,
[WADI:USAD]  'TP': 646,
[WADI:USAD]  'f1': 0.6821491778379604,
[WADI:USAD]  'precision': 0.7201783643235411,
[WADI:USAD]  'recall': 0.6479438249955484,
[WADI:USAD]  'threshold': 2.7301591646505217}
[WADI:USAD] /root/TranAD/src/spot.py:313: RuntimeWarning: divide by zero encountered in log
[WADI:USAD]   return 1 + np.log(s).mean()
[WADI:USAD] /root/TranAD/src/spot.py:316: RuntimeWarning: divide by zero encountered in divide
[WADI:USAD]   return np.mean(1 / s)
[WADI:USAD] /root/TranAD/src/spot.py:329: RuntimeWarning: divide by zero encountered in divide
[WADI:USAD]   jac_vs = (1 / t) * (-vs + np.mean(1 / s ** 2))
[WADI:USAD] /root/TranAD/src/spot.py:329: RuntimeWarning: invalid value encountered in scalar add
[WADI:USAD]   jac_vs = (1 / t) * (-vs + np.mean(1 / s ** 2))
[WADI:USAD] /root/TranAD/src/spot.py:313: RuntimeWarning: divide by zero encountered in log
[WADI:USAD]   return 1 + np.log(s).mean()
[WADI:USAD] /root/TranAD/src/spot.py:316: RuntimeWarning: divide by zero encountered in divide
[WADI:USAD]   return np.mean(1 / s)
[WADI:USAD] /root/TranAD/src/spot.py:329: RuntimeWarning: divide by zero encountered in divide
[WADI:USAD]   jac_vs = (1 / t) * (-vs + np.mean(1 / s ** 2))
[WADI:USAD] /root/TranAD/src/spot.py:329: RuntimeWarning: invalid value encountered in scalar add
[WADI:USAD]   jac_vs = (1 / t) * (-vs + np.mean(1 / s ** 2))
[HAI:USAD]  17%|█▋        | 5/30 [01:56<09:41, 23.24s/it]
[HAI:USAD] 
[HAI:USAD] Epoch 5,     L1 = 0.7779766448936165,        L2 = -0.5471232192743168
[HAI:USAD] 
[HAI:USAD]  17%|█▋        | 5/30 [02:19<09:41, 23.24s/it]
[WADI:USAD]            f1  precision    recall     TP  ...      FP     FN   ROC/AUC  threshold
[WADI:USAD]  97%|█████████▋| 29/30 [02:29<00:05,  5.14s/it]
[WADI:USAD] 
[WADI:USAD] 0    0.296926   0.994286  0.174524  174.0  ...     1.0  823.0  0.587231  10.727465
[WADI:USAD] 1    0.125110   0.573770  0.070211   70.0  ...    52.0  927.0  0.533509   8.696518
[WADI:USAD] 2    0.000000   0.000000  0.000000    0.0  ...     8.0  997.0  0.499754   3.099781
[WADI:USAD] 3    0.234758   0.147707  0.571715  570.0  ...  3289.0  427.0  0.684869   8.141674
[WADI:USAD] 4    0.000000   0.000000  0.000000    0.0  ...   105.0  997.0  0.496776   3.975448
[WADI:USAD] ..        ...        ...       ...    ...  ...     ...    ...       ...        ...
[WADI:USAD] 118  0.140069   0.603053  0.079238   79.0  ...    52.0  918.0  0.538022   0.011503
[WADI:USAD] 119  0.140193   0.607692  0.079238   79.0  ...    51.0  918.0  0.538053   0.011761
[WADI:USAD] 120  0.472436   0.683112  0.361083  360.0  ...   167.0  637.0  0.675414   8.248671
[WADI:USAD] 121  0.126580   0.642202  0.070211   70.0  ...    39.0  927.0  0.533908   0.005220
[WADI:USAD] 122  0.150440   0.639098  0.085256   85.0  ...    48.0  912.0  0.541154   7.079855
[WADI:USAD] 
[WADI:USAD] [123 rows x 9 columns]
[WADI:USAD] {'FN': 351,
[WADI:USAD]  'FP': 249,
[WADI:USAD]  'Hit@100%': 1.0,
[WADI:USAD]  'Hit@150%': 1.0,
[WADI:USAD]  'NDCG@100%': 1.0000000000000004,
[WADI:USAD]  'NDCG@150%': 1.0000000000000004,
[WADI:USAD]  'ROC/AUC': 0.81632637411128,
[WADI:USAD]  'TN': 16035,
[WADI:USAD]  'TP': 646,
[WADI:USAD]  'f1': 0.6828702716205456,
[WADI:USAD]  'precision': 0.7217877014325397,
[WADI:USAD]  'recall': 0.6479438249955484,
[WADI:USAD]  'threshold': 2.738894930010173}
[WADI:USAD] Epoch 29,   L1 = 0.6319096754221504,        L2 = -0.5944832630978129
[WADI:USAD] 
[WADI:USAD]  97%|█████████▋| 29/30 [02:34<00:05,  5.14s/it]
[WADI:USAD] 100%|██████████| 30/30 [02:34<00:00,  5.12s/it]
[WADI:USAD] 100%|██████████| 30/30 [02:34<00:00,  5.16s/it]
[WADI:USAD] [1mTraining time:   154.7101 s[0m
[WADI:USAD] [95mTesting USAD on WADI[0m
[WADI:TranAD]  40%|████      | 2/5 [01:40<02:32, 50.92s/it]
[WADI:TranAD] 
[WADI:TranAD] Epoch 2,  L1 = 0.44453401756617217
[WADI:TranAD] 
[WADI:TranAD]  40%|████      | 2/5 [02:33<02:32, 50.92s/it]
[sota] DONE USAD_WADI_s2 rc=0 162.0s raw_ALL={'AUROC': 0.701, 'bestF1': 0.394, 'F1_at5pctFPR': 0.368, 'TPR_at5pctFPR': 0.41} raw_HARD={'AUROC': 0.445, 'bestF1': 0.203, 'F1_at5pctFPR': 0.137, 'TPR_at5pctFPR': 0.211}
[SWaT:USAD] /root/TranAD/src/spot.py:329: RuntimeWarning: overflow encountered in square
[SWaT:USAD]   jac_vs = (1 / t) * (-vs + np.mean(1 / s ** 2))
[SWaT:USAD] /root/TranAD/src/spot.py:329: RuntimeWarning: overflow encountered in square
[SWaT:USAD]   jac_vs = (1 / t) * (-vs + np.mean(1 / s ** 2))
[SWaT:USAD] /root/TranAD/src/spot.py:329: RuntimeWarning: overflow encountered in square
[SWaT:USAD]   jac_vs = (1 / t) * (-vs + np.mean(1 / s ** 2))
[SWaT:USAD] /root/TranAD/src/spot.py:329: RuntimeWarning: overflow encountered in square
[SWaT:USAD]   jac_vs = (1 / t) * (-vs + np.mean(1 / s ** 2))
[sota] DONE USAD_SWaT_s4 rc=0 156.7s raw_ALL={'AUROC': 0.956, 'bestF1': 0.856, 'F1_at5pctFPR': 0.808, 'TPR_at5pctFPR': 0.847} raw_HARD={'AUROC': 0.863, 'bestF1': 0.525, 'F1_at5pctFPR': 0.451, 'TPR_at5pctFPR': 0.52}
[SWaT:USAD] /root/TranAD/src/spot.py:313: RuntimeWarning: divide by zero encountered in log
[SWaT:USAD]   return 1 + np.log(s).mean()
[SWaT:USAD] /root/TranAD/src/spot.py:316: RuntimeWarning: divide by zero encountered in divide
[SWaT:USAD]   return np.mean(1 / s)
[SWaT:USAD] /root/TranAD/src/spot.py:329: RuntimeWarning: divide by zero encountered in divide
[SWaT:USAD]   jac_vs = (1 / t) * (-vs + np.mean(1 / s ** 2))
[SWaT:USAD] /root/TranAD/src/spot.py:329: RuntimeWarning: invalid value encountered in scalar add
[SWaT:USAD]   jac_vs = (1 / t) * (-vs + np.mean(1 / s ** 2))
[SWaT:USAD] /root/TranAD/src/spot.py:329: RuntimeWarning: overflow encountered in square
[SWaT:USAD]   jac_vs = (1 / t) * (-vs + np.mean(1 / s ** 2))
[SWaT:USAD] /root/TranAD/src/spot.py:329: RuntimeWarning: overflow encountered in square
[SWaT:USAD]   jac_vs = (1 / t) * (-vs + np.mean(1 / s ** 2))
[HAI:USAD]  13%|█▎        | 4/30 [01:57<12:35, 29.07s/it]
[HAI:USAD] 
[HAI:USAD] Epoch 4,     L1 = 0.7591642893324554,        L2 = -0.47991269768378436
[HAI:USAD] 
[HAI:USAD]  13%|█▎        | 4/30 [02:26<12:35, 29.07s/it]
[SWaT:USAD]           f1  precision  recall      TP  ...     FP      FN   ROC/AUC     threshold
[SWaT:USAD] 0   0.997621   0.995263     1.0  5463.0  ...   26.0     0.0  0.999522  4.432427e+00
[SWaT:USAD] 1   0.000000   0.000000     0.0     0.0  ...    0.0  5463.0  0.500000  2.066423e+01
[SWaT:USAD] 2   0.000000   0.000000     0.0     0.0  ...    0.0  5463.0  0.500000  4.611753e+01
[SWaT:USAD] 3   0.988415   0.977106     1.0  5463.0  ...  128.0     0.0  0.997646  5.110622e+00
[SWaT:USAD] 4   0.000000   0.000000     0.0     0.0  ...    0.0  5463.0  0.500000  5.322839e+59
[SWaT:USAD] 5   0.999995   1.000000     1.0  5463.0  ...    0.0     0.0  1.000000  9.056407e+00
[SWaT:USAD] 6   0.999995   1.000000     1.0  5463.0  ...    0.0     0.0  1.000000  1.623937e+01
[SWaT:USAD] 7   0.000000   0.000000     0.0     0.0  ...    0.0  5463.0  0.500000  1.773368e+01
[SWaT:USAD] 8   0.924204   0.859097     1.0  5463.0  ...  896.0     0.0  0.983522  5.438858e+00
[SWaT:USAD] 9   0.999995   1.000000     1.0  5463.0  ...    0.0     0.0  1.000000  4.413045e+01
[SWaT:USAD] 10  0.000000   0.000000     0.0     0.0  ...    0.0  5463.0  0.500000  5.443675e+00
[SWaT:USAD] 11  0.000000   0.000000     0.0     0.0  ...    0.0  5463.0  0.500000  2.605462e-04
[SWaT:USAD] 12  0.986719   0.973797     1.0  5463.0  ...  147.0     0.0  0.997297  4.787345e+00
[SWaT:USAD] 13  0.999995   1.000000     1.0  5463.0  ...    0.0     0.0  1.000000  1.560519e-04
[SWaT:USAD] 14  0.989310   0.978857     1.0  5463.0  ...  118.0     0.0  0.997830  2.901166e+00
[SWaT:USAD] 15  0.999995   1.000000     1.0  5463.0  ...    0.0     0.0  1.000000  2.308334e-04
[SWaT:USAD] 16  0.997348   0.994720     1.0  5463.0  ...   29.0     0.0  0.999467  6.821538e+00
[SWaT:USAD] 17  0.999995   1.000000     1.0  5463.0  ...    0.0     0.0  1.000000  7.755567e+00
[SWaT:USAD] 18  0.000000   0.000000     0.0     0.0  ...    0.0  5463.0  0.500000  1.702675e+02
[SWaT:USAD] 19  0.985918   0.972237     1.0  5463.0  ...  156.0     0.0  0.997131  5.995370e+01
[SWaT:USAD] 20  0.984763   0.969993     1.0  5463.0  ...  169.0     0.0  0.996892  6.056271e+00
[SWaT:USAD] 21  0.000000   0.000000     0.0     0.0  ...    0.0  5463.0  0.500000  9.510735e+01
[SWaT:USAD] 22  0.982726   0.966048     1.0  5463.0  ...  192.0     0.0  0.996469  2.389618e+01
[SWaT:USAD] 23  0.000000   0.000000     0.0     0.0  ...    0.0  5463.0  0.500000  5.761857e+02
[SWaT:USAD] 24  0.999995   1.000000     1.0  5463.0  ...    0.0     0.0  1.000000  6.919390e+00
[SWaT:USAD] 25  0.000000   0.000000     0.0     0.0  ...    0.0  5463.0  0.500000  5.849969e+00
[SWaT:USAD] 26  0.999995   1.000000     1.0  5463.0  ...    0.0     0.0  1.000000  2.492245e+01
[SWaT:USAD] 27  0.000000   0.000000     0.0     0.0  ...    0.0  5463.0  0.500000  2.462797e+02
[SWaT:USAD] 28  0.000000   0.000000     0.0     0.0  ...    0.0  5463.0  0.500000  1.246975e+02
[SWaT:USAD] 29  0.999995   1.000000     1.0  5463.0  ...    0.0     0.0  1.000000  2.637437e-04
[SWaT:USAD] 30  0.999995   1.000000     1.0  5463.0  ...    0.0     0.0  1.000000  7.486327e+00
[SWaT:USAD] 31  0.000000   0.000000     0.0     0.0  ...    0.0  5463.0  0.500000  8.826251e+57
[SWaT:USAD] 32  0.000000   0.000000     0.0     0.0  ...    0.0  5463.0  0.500000  3.733472e-04
[SWaT:USAD] 33  0.000000   0.000000     0.0     0.0  ...    0.0  5463.0  0.500000  2.572528e+02
[SWaT:USAD] 34  0.000000   0.000000     0.0     0.0  ...    0.0  5463.0  0.500000  1.600481e+02
[SWaT:USAD] 35  0.999995   1.000000     1.0  5463.0  ...    0.0     0.0  1.000000  2.501333e+01
[SWaT:USAD] 36  0.999995   1.000000     1.0  5463.0  ...    0.0     0.0  1.000000  9.677111e+00
[SWaT:USAD] 37  0.999995   1.000000     1.0  5463.0  ...    0.0     0.0  1.000000  5.779186e+02
[SWaT:USAD] 38  0.000000   0.000000     0.0     0.0  ...    0.0  5463.0  0.500000  2.459998e+02
[SWaT:USAD] 39  0.999995   1.000000     1.0  5463.0  ...    0.0     0.0  1.000000  5.709303e+01
[SWaT:USAD] 40  0.999995   1.000000     1.0  5463.0  ...    0.0     0.0  1.000000  7.042180e+01
[SWaT:USAD] 41  0.999995   1.000000     1.0  5463.0  ...    0.0     0.0  1.000000  6.967766e+01
[SWaT:USAD] 42  0.000000   0.000000     0.0     0.0  ...    0.0  5463.0  0.500000  5.857318e+02
[SWaT:USAD] 43  0.999995   1.000000     1.0  5463.0  ...    0.0     0.0  1.000000  2.972209e-04
[SWaT:USAD] 44  0.000000   0.000000     0.0     0.0  ...    0.0  5463.0  0.500000  2.521216e+02
[SWaT:USAD] 45  0.000000   0.000000     0.0     0.0  ...    0.0  5463.0  0.500000  6.293466e+01
[SWaT:USAD] 46  0.000000   0.000000     0.0     0.0  ...    0.0  5463.0  0.500000  2.539436e+02
[SWaT:USAD] 47  0.978940   0.958757     1.0  5463.0  ...  235.0     0.0  0.995678  8.774112e+00
[SWaT:USAD] 48  0.000000   0.000000     0.0     0.0  ...    0.0  5463.0  0.500000  2.054403e-04
[SWaT:USAD] 49  0.980873   0.962474     1.0  5463.0  ...  213.0     0.0  0.996083  7.293076e+00
[SWaT:USAD] 50  0.999995   1.000000     1.0  5463.0  ...    0.0     0.0  1.000000  2.322274e-04
[SWaT:USAD] 
[SWaT:USAD] [51 rows x 9 columns]
[SWaT:USAD] {'FN': 0,
[SWaT:USAD]  'FP': 0,
[SWaT:USAD]  'Hit@100%': 1.0,
[SWaT:USAD]  'Hit@150%': 1.0,
[SWaT:USAD]  'NDCG@100%': 1.0,
[SWaT:USAD]  'NDCG@150%': 1.0,
[SWaT:USAD]  'ROC/AUC': 1.0,
[SWaT:USAD]  'TN': 27188,
[SWaT:USAD]  'TP': 5463,
[SWaT:USAD]  'f1': 0.9999949981945039,
[SWaT:USAD]  'precision': 0.999999998169504,
[SWaT:USAD]  'recall': 0.999999998169504,
[SWaT:USAD]  'threshold': 154.82529461947394}
[SWaT:USAD]           f1  precision  recall      TP  ...     FP      FN   ROC/AUC   threshold[sota] DONE USAD_WADI_s1 rc=0 166.4s raw_ALL={'AUROC': 0.698, 'bestF1': 0.398, 'F1_at5pctFPR': 0.367, 'TPR_at5pctFPR': 0.408} raw_HARD={'AUROC': 0.442, 'bestF1': 0.208, 'F1_at5pctFPR': 0.138, 'TPR_at5pctFPR': 0.213}
[HAI:TranAD]   0%|          | 0/5 [00:00<?, ?it/s]
[SWaT:USAD] 0   0.974313   0.949922     1.0  5463.0  ...  288.0     0.0  0.994704    4.613577
[SWaT:USAD] 1   0.000000   0.000000     0.0     0.0  ...    0.0  5463.0  0.500000   20.663299
[SWaT:USAD] 2   0.000000   0.000000     0.0     0.0  ...    0.0  5463.0  0.500000   45.574960
[SWaT:USAD] 3   0.987701   0.975710     1.0  5463.0  ...  136.0     0.0  0.997499    5.174196
[SWaT:USAD] 4   0.999995   1.000000     1.0  5463.0  ...    0.0     0.0  1.000000    4.671507
[SWaT:USAD] 5   0.999995   1.000000     1.0  5463.0  ...    0.0     0.0  1.000000    9.021648
[SWaT:USAD] 6   0.999995   1.000000     1.0  5463.0  ...    0.0     0.0  1.000000   16.291911
[SWaT:USAD] 7   0.000000   0.000000     0.0     0.0  ...    0.0  5463.0  0.500000   17.280138
[SWaT:USAD] 8   0.999172   0.998355     1.0  5463.0  ...    9.0     0.0  0.999834    5.345938
[SWaT:USAD] 9   0.999995   1.000000     1.0  5463.0  ...    0.0     0.0  1.000000   44.781450
[SWaT:USAD] 10  0.999995   1.000000     1.0  5463.0  ...    0.0     0.0  1.000000    5.159712
[SWaT:USAD] 11  0.942704   0.891627     1.0  5463.0  ...  664.0     0.0  0.987789    0.000023
[SWaT:USAD] 12  0.985385   0.971200     1.0  5463.0  ...  162.0     0.0  0.997021    5.176784
[SWaT:USAD] 13  0.946051   0.897634     1.0  5463.0  ...  623.0     0.0  0.988543    0.000022
[SWaT:USAD] 14  0.999995   1.000000     1.0  5463.0  ...    0.0     0.0  1.000000    4.277211
[SWaT:USAD] 15  0.940756   0.888148     1.0  5463.0  ...  688.0     0.0  0.987347    0.000035
[SWaT:USAD] 16  0.995984   0.992010     1.0  5463.0  ...   44.0     0.0  0.999191    6.864066
[SWaT:USAD] 17  0.999995   1.000000     1.0  5463.0  ...    0.0     0.0  1.000000    7.239790
[SWaT:USAD] 18  0.000000   0.000000     0.0     0.0  ...    0.0  5463.0  0.500000  170.403923
[SWaT:USAD] 19  0.985385   0.971200     1.0  5463.0  ...  162.0     0.0  0.997021   60.594032
[SWaT:USAD] 20  0.982991   0.966561     1.0  5463.0  ...  189.0     0.0  0.996524    5.903298
[SWaT:USAD] 21  0.000000   0.000000     0.0     0.0  ...    0.0  5463.0  0.500000  119.484022
[SWaT:USAD] 22  0.982726   0.966048     1.0  5463.0  ...  192.0     0.0  0.996469   24.049687
[SWaT:USAD] 23  0.000000   0.000000     0.0     0.0  ...    0.0  5463.0  0.500000    7.575739
[SWaT:USAD] 24  0.984585   0.969649     1.0  5463.0  ...  171.0     0.0  0.996855    6.695001
[SWaT:USAD] 25  0.000000   0.000000     0.0     0.0  ...    0.0  5463.0  0.500000    5.968782
[SWaT:USAD] 26  0.999995   1.000000     1.0  5463.0  ...    0.0     0.0  1.000000   27.707314
[SWaT:USAD] 27  0.000000   0.000000     0.0     0.0  ...    0.0  5463.0  0.500000  246.130118
[SWaT:USAD] 28  0.000000   0.000000     0.0     0.0  ...    0.0  5463.0  0.500000  122.316874
[SWaT:USAD] 29  0.950247   0.905220     1.0  5463.0  ...  572.0     0.0  0.989481    0.000015
[SWaT:USAD] 30  0.999995   1.000000     1.0  5463.0  ...    0.0     0.0  1.000000   16.356128
[SWaT:USAD] 31  0.000000   0.000000     0.0     0.0  ...    0.0  5463.0  0.500000    4.677288
[SWaT:USAD] 32  0.938655   0.884410     1.0  5463.0  ...  714.0     0.0  0.986869    0.000022
[SWaT:USAD] 33  0.999995   1.000000     1.0  5463.0  ...    0.0     0.0  1.000000    7.665307
[SWaT:USAD] 34  0.000000   0.000000     0.0     0.0  ...    0.0  5463.0  0.500000  157.869326
[SWaT:USAD] 35  0.999995   1.000000     1.0  5463.0  ...    0.0     0.0  1.000000   21.331046
[SWaT:USAD] 36  0.999995   1.000000     1.0  5463.0  ...    0.0     0.0  1.000000   10.184596
[SWaT:USAD] 37  0.999995   1.000000     1.0  5463.0  ...    0.0     0.0  1.000000  577.919407
[SWaT:USAD] 38  0.000000   0.000000     0.0     0.0  ...    0.0  5463.0  0.500000  245.995884
[SWaT:USAD] 39  0.999995   1.000000     1.0  5463.0  ...    0.0     0.0  1.000000   57.092285
[SWaT:USAD] 40  0.000000   0.000000     0.0     0.0  ...    0.0  5463.0  0.500000  252.133141
[SWaT:USAD] 41  0.999995   1.000000     1.0  5463.0  ...    0.0     0.0  1.000000   74.758400
[SWaT:USAD] 42  0.000000   0.000000     0.0     0.0  ...    0.0  5463.0  0.500000  574.926890
[SWaT:USAD] 43  0.944987   0.895721     1.0  5463.0  ...  636.0     0.0  0.988304    0.000019
[SWaT:USAD] 44  0.000000   0.000000     0.0     0.0  ...    0.0  5463.0  0.500000  255.896494
[SWaT:USAD] 45  0.000000   0.000000     0.0     0.0  ...    0.0  5463.0  0.500000   60.820602
[SWaT:USAD] 46  0.000000   0.000000     0.0     0.0  ...    0.0  5463.0  0.500000  251.369315
[SWaT:USAD] 47  0.978764   0.958421     1.0  5463.0  ...  237.0     0.0  0.995641    9.927552
[SWaT:USAD] 48  0.945642   0.896897     1.0  5463.0  ...  628.0     0.0  0.988451    0.000022
[SWaT:USAD] 49  0.980873   0.962474     1.0  5463.0  ...  213.0     0.0  0.996083    7.535098
[SWaT:USAD] 50  0.959595   0.922337     1.0  5463.0  ...  460.0     0.0  0.991540    0.000029
[SWaT:USAD] 
[SWaT:USAD] [51 rows x 9 columns]
[SWaT:USAD] {'FN': 0,
[SWaT:USAD]  'FP': 0,
[SWaT:USAD]  'Hit@100%': 1.0,
[SWaT:USAD]  'Hit@150%': 1.0,
[SWaT:USAD]  'NDCG@100%': 1.0,
[SWaT:USAD]  'NDCG@150%': 1.0,
[SWaT:USAD]  'ROC/AUC': 1.0,
[SWaT:USAD]  'TN': 27188,
[SWaT:USAD]  'TP': 5463,
[SWaT:USAD]  'f1': 0.9999949981945039,
[SWaT:USAD]  'precision': 0.999999998169504,
[SWaT:USAD]  'recall': 0.999999998169504,
[SWaT:USAD]  'threshold': 152.81815501799377}

[HAI:TranAD] 
[HAI:TranAD] Epoch 0,   L1 = 0.5391364869311951
[HAI:TranAD] 
[HAI:TranAD]   0%|          | 0/5 [02:31<?, ?it/s]
[sota] DONE USAD_SWaT_s0 rc=0 175.3s raw_ALL={'AUROC': 0.957, 'bestF1': 0.855, 'F1_at5pctFPR': 0.806, 'TPR_at5pctFPR': 0.842} raw_HARD={'AUROC': 0.866, 'bestF1': 0.519, 'F1_at5pctFPR': 0.441, 'TPR_at5pctFPR': 0.505}
[HAI:USAD]  13%|█▎        | 4/30 [02:00<13:04, 30.16s/it]
[HAI:USAD] 
[HAI:USAD] Epoch 4,     L1 = 0.7858046647022758,        L2 = -0.5006095089544594
[HAI:USAD] 
[HAI:USAD]  13%|█▎        | 4/30 [02:31<13:04, 30.16s/it]
[SWaT:TranAD]  80%|████████  | 4/5 [02:09<00:32, 32.72s/it]
[SWaT:TranAD] 
[SWaT:TranAD] Epoch 4,  L1 = 0.6971173404726912
[SWaT:TranAD] 
[SWaT:TranAD]  80%|████████  | 4/5 [02:42<00:32, 32.72s/it]
[SWaT:TranAD] 100%|██████████| 5/5 [02:42<00:00, 32.88s/it]
[SWaT:TranAD] 100%|██████████| 5/5 [02:42<00:00, 32.45s/it]
[SWaT:TranAD] [1mTraining time:   162.2753 s[0m
[SWaT:TranAD] [95mTesting TranAD on WADI[0m
[sota] DONE USAD_SWaT_s3 rc=0 171.9s raw_ALL={'AUROC': 0.955, 'bestF1': 0.853, 'F1_at5pctFPR': 0.808, 'TPR_at5pctFPR': 0.846} raw_HARD={'AUROC': 0.86, 'bestF1': 0.521, 'F1_at5pctFPR': 0.449, 'TPR_at5pctFPR': 0.517}
[SWaT:TranAD]  80%|████████  | 4/5 [02:12<00:33, 33.15s/it]
[SWaT:TranAD] 
[SWaT:TranAD] Epoch 4,  L1 = 0.6986651947612271
[SWaT:TranAD] 
[SWaT:TranAD]  80%|████████  | 4/5 [02:45<00:33, 33.15s/it]
[SWaT:TranAD] 100%|██████████| 5/5 [02:45<00:00, 32.97s/it]
[SWaT:TranAD] 100%|██████████| 5/5 [02:45<00:00, 33.11s/it]
[SWaT:TranAD] [1mTraining time:   165.5576 s[0m
[SWaT:TranAD] [95mTesting TranAD on WADI[0m
[SWaT:TranAD]  60%|██████    | 3/5 [02:01<01:22, 41.31s/it]
[SWaT:TranAD] 
[SWaT:TranAD] Epoch 3,  L1 = 0.7058995014779708
[SWaT:TranAD] 
[SWaT:TranAD]  60%|██████    | 3/5 [02:47<01:22, 41.31s/it]
[SWaT:USAD] /root/TranAD/src/spot.py:313: RuntimeWarning: divide by zero encountered in log
[SWaT:USAD]   return 1 + np.log(s).mean()
[SWaT:USAD] /root/TranAD/src/spot.py:316: RuntimeWarning: divide by zero encountered in divide
[SWaT:USAD]   return np.mean(1 / s)
[SWaT:USAD] /root/TranAD/src/spot.py:329: RuntimeWarning: divide by zero encountered in divide
[SWaT:USAD]   jac_vs = (1 / t) * (-vs + np.mean(1 / s ** 2))
[SWaT:USAD] /root/TranAD/src/spot.py:329: RuntimeWarning: invalid value encountered in scalar add
[SWaT:USAD]   jac_vs = (1 / t) * (-vs + np.mean(1 / s ** 2))
[SWaT:USAD] /root/TranAD/src/spot.py:329: RuntimeWarning: overflow encountered in square
[SWaT:USAD]   jac_vs = (1 / t) * (-vs + np.mean(1 / s ** 2))
[gpu] HAI:TranAD heartbeat t+180s alloc=0.00G
[gpu] WADI:TranAD heartbeat t+180s alloc=0.00G
[HAI:USAD]  20%|██        | 6/30 [02:17<09:11, 22.99s/it]
[HAI:USAD] 
[HAI:USAD] Epoch 6,     L1 = 0.8098284105621417,        L2 = -0.6058480780239331
[HAI:USAD] 
[HAI:USAD]  20%|██        | 6/30 [02:40<09:11, 22.99s/it]
[gpu] SWaT:USAD heartbeat t+180s alloc=0.00G
[WADI:TranAD]  40%|████      | 2/5 [01:58<02:58, 59.53s/it]
[WADI:TranAD] 
[WADI:TranAD] Epoch 2,  L1 = 0.4438944475734409
[WADI:TranAD] 
[WADI:TranAD]  40%|████      | 2/5 [02:54<02:58, 59.53s/it]
[gpu] SWaT:USAD heartbeat t+180s alloc=0.00G
[HAI:USAD]  20%|██        | 6/30 [02:17<09:06, 22.76s/it][gpu] WADI:TranAD heartbeat t+180s alloc=0.00G

[HAI:USAD] 
[HAI:USAD] Epoch 6,     L1 = 0.7670002070612181,        L2 = -0.5758801348694361
[HAI:USAD] 
[HAI:USAD]  20%|██        | 6/30 [02:40<09:06, 22.76s/it]
[gpu] WADI:USAD heartbeat t+180s alloc=0.00G
[gpu] HAI:USAD heartbeat t+180s alloc=0.00G
[gpu] SWaT:TranAD heartbeat t+180s alloc=0.00G
[gpu] WADI:TranAD heartbeat t+180s alloc=0.00G
[gpu] HAI:USAD heartbeat t+180s alloc=0.00G
[gpu] WADI:TranAD heartbeat t+180s alloc=0.00G
[HAI:TranAD]   0%|          | 0/5 [00:00<?, ?it/s][gpu] HAI:TranAD heartbeat t+180s alloc=0.00G
[HAI:TranAD] 
[HAI:TranAD] Epoch 0,   L1 = 0.5348073862679995
[HAI:TranAD] 
[HAI:TranAD]   0%|          | 0/5 [02:46<?, ?it/s]

[HAI:USAD]  20%|██        | 6/30 [02:19<09:16, 23.17s/it]
[gpu] HAI:TranAD heartbeat t+180s alloc=0.00G
[gpu] SWaT:USAD heartbeat t+180s alloc=0.00G[HAI:USAD] 
[HAI:USAD] Epoch 6,     L1 = 0.765341163734078, L2 = -0.5696831680037995
[HAI:USAD] 
[HAI:USAD]  20%|██        | 6/30 [02:42<09:16, 23.17s/it]

[SWaT:USAD]           f1  precision  recall      TP  ...     FP      FN   ROC/AUC   threshold
[SWaT:USAD] 0   0.999995   1.000000     1.0  5463.0  ...    0.0     0.0  1.000000    4.122690
[SWaT:USAD] 1   0.000000   0.000000     0.0     0.0  ...    0.0  5463.0  0.500000   25.228029
[SWaT:USAD] 2   0.999995   1.000000     1.0  5463.0  ...    0.0     0.0  1.000000   45.359173
[SWaT:USAD] 3   0.993358   0.986814     1.0  5463.0  ...   73.0     0.0  0.998657    4.599756
[SWaT:USAD] 4   0.999995   1.000000     1.0  5463.0  ...    0.0     0.0  1.000000  577.563413
[SWaT:USAD] 5   0.999995   1.000000     1.0  5463.0  ...    0.0     0.0  1.000000    9.021563
[SWaT:USAD] 6   0.999995   1.000000     1.0  5463.0  ...    0.0     0.0  1.000000   14.417843
[SWaT:USAD] 7   0.000000   0.000000     0.0     0.0  ...    0.0  5463.0  0.500000   18.370088
[SWaT:USAD] 8   0.999720   0.999451     1.0  5463.0  ...    3.0     0.0  0.999945    4.377188
[SWaT:USAD] 9   0.999995   1.000000     1.0  5463.0  ...    0.0     0.0  1.000000   44.377276
[SWaT:USAD] 10  0.000000   0.000000     0.0     0.0  ...    0.0  5463.0  0.500000    5.412662
[SWaT:USAD] 11  0.000000   0.000000     0.0     0.0  ...    0.0  5463.0  0.500000    0.000390
[SWaT:USAD] 12  0.994172   0.988420     1.0  5463.0  ...   64.0     0.0  0.998823    4.426873
[SWaT:USAD] 13  0.999995   1.000000     1.0  5463.0  ...    0.0     0.0  1.000000    0.000512
[SWaT:USAD] 14  0.999995   1.000000     1.0  5463.0  ...    0.0     0.0  1.000000    3.350245
[SWaT:USAD] 15  0.999995   1.000000     1.0  5463.0  ...    0.0     0.0  1.000000    0.001349
[SWaT:USAD] 16  0.987344   0.975013     1.0  5463.0  ...  140.0     0.0  0.997425    6.094107
[SWaT:USAD] 17  0.982637   0.965877     1.0  5463.0  ...  193.0     0.0  0.996451    6.512623
[SWaT:USAD] 18  0.000000   0.000000     0.0     0.0  ...    0.0  5463.0  0.500000  167.745300
[SWaT:USAD] 19  0.985029   0.970510     1.0  5463.0  ...  166.0     0.0  0.996947   60.669032
[SWaT:USAD] 20  0.981137   0.962983     1.0  5463.0  ...  210.0     0.0  0.996138    5.530910
[SWaT:USAD] 21  0.000000   0.000000     0.0     0.0  ...    0.0  5463.0  0.500000  114.985112
[SWaT:USAD] 22  0.976403   0.953903     1.0  5463.0  ...  264.0     0.0  0.995145   21.516923
[SWaT:USAD] 23  0.000000   0.000000     0.0     0.0  ...    0.0  5463.0  0.500000  564.263987
[SWaT:USAD] 24  0.981843   0.964342     1.0  5463.0  ...  202.0     0.0  0.996285    6.084259
[SWaT:USAD] 25  0.000000   0.000000     0.0     0.0  ...    0.0  5463.0  0.500000    5.762012
[SWaT:USAD] 26  0.999995   1.000000     1.0  5463.0  ...    0.0     0.0  1.000000   31.528194
[SWaT:USAD] 27  0.000000   0.000000     0.0     0.0  ...    0.0  5463.0  0.500000  247.423651
[SWaT:USAD] 28  0.000000   0.000000     0.0     0.0  ...    0.0  5463.0  0.500000  124.678540
[SWaT:USAD] 29  0.000000   0.000000     0.0     0.0  ...    0.0  5463.0  0.500000    0.000593
[SWaT:USAD] 30  0.000000   0.000000     0.0     0.0  ...    0.0  5463.0  0.500000  610.914590
[SWaT:USAD] 31  0.000000   0.000000     0.0     0.0  ...    0.0  5463.0  0.500000  577.009189
[SWaT:USAD] 32  0.000000   0.000000     0.0     0.0  ...    0.0  5463.0  0.500000    0.000783
[SWaT:USAD] 33  0.000000   0.000000     0.0     0.0  ...    0.0  5463.0  0.500000  588.097387
[SWaT:USAD] 34  0.000000   0.000000     0.0     0.0  ...    0.0  5463.0  0.500000  165.069556
[SWaT:USAD] 35  0.999995   1.000000     1.0  5463.0  ...    0.0     0.0  1.000000   26.032630
[SWaT:USAD] 36  0.999995   1.000000     1.0  5463.0  ...    0.0     0.0  1.000000    8.717107
[SWaT:USAD] 37  0.999995   1.000000     1.0  5463.0  ...    0.0     0.0  1.000000  578.687167
[SWaT:USAD] 38  0.000000   0.000000     0.0     0.0  ...    0.0  5463.0  0.500000  246.687757
[SWaT:USAD] 39  0.999995   1.000000     1.0  5463.0  ...    0.0     0.0  1.000000   57.107088
[SWaT:USAD] 40  0.000000   0.000000     0.0     0.0  ...    0.0  5463.0  0.500000  249.905545
[SWaT:USAD] 41  0.999995   1.000000     1.0  5463.0  ...    0.0     0.0  1.000000   74.866831
[SWaT:USAD] 42  0.000000   0.000000     0.0     0.0  ...    0.0  5463.0  0.500000  587.738913
[SWaT:USAD] 43  0.000000   0.000000     0.0     0.0  ...    0.0  5463.0  0.500000    0.000550
[SWaT:USAD] 44  0.000000   0.000000     0.0     0.0  ...    0.0  5463.0  0.500000  255.640592
[SWaT:USAD] 45  0.000000   0.000000     0.0     0.0  ...    0.0  5463.0  0.500000   63.559949
[SWaT:USAD] 46  0.000000   0.000000     0.0     0.0  ...    0.0  5463.0  0.500000  253.911460
[SWaT:USAD] 47  0.978764   0.958421     1.0  5463.0  ...  237.0     0.0  0.995641   10.171182
[SWaT:USAD] 48  0.000000   0.000000     0.0     0.0  ...    0.0  5463.0  0.500000    0.000500
[SWaT:USAD] 49  0.980873   0.962474     1.0  5463.0  ...  213.0     0.0  0.996083    7.541863
[SWaT:USAD] 50  0.000000   0.000000     0.0     0.0  ...    0.0  5463.0  0.500000    0.000422
[SWaT:USAD] 
[SWaT:USAD] [51 rows x 9 columns]
[SWaT:USAD] {'FN': 0,
[SWaT:USAD]  'FP': 0,
[SWaT:USAD]  'Hit@100%': 1.0,
[SWaT:USAD]  'Hit@150%': 1.0,
[SWaT:USAD]  'NDCG@100%': 1.0,
[SWaT:USAD]  'NDCG@150%': 1.0,
[SWaT:USAD]  'ROC/AUC': 1.0,
[SWaT:USAD]  'TN': 27188,
[SWaT:USAD]  'TP': 5463,
[SWaT:USAD]  'f1': 0.9999949981945039,
[SWaT:USAD]  'precision': 0.999999998169504,
[SWaT:USAD]  'recall': 0.999999998169504,
[SWaT:USAD]  'threshold': 152.82952912072244}
[gpu] HAI:USAD heartbeat t+180s alloc=0.00G
[gpu] HAI:USAD heartbeat t+180s alloc=0.00G
[gpu] SWaT:TranAD heartbeat t+180s alloc=0.00G[gpu] HAI:USAD heartbeat t+180s alloc=0.00G[gpu] HAI:TranAD heartbeat t+180s alloc=0.00G

[gpu] SWaT:TranAD heartbeat t+180s alloc=0.00G

[gpu] SWaT:USAD heartbeat t+180s alloc=0.00G
[gpu] HAI:TranAD heartbeat t+180s alloc=0.00G
[gpu] WADI:TranAD heartbeat t+180s alloc=0.00G
[gpu] SWaT:TranAD heartbeat t+180s alloc=0.00G[sota] DONE USAD_SWaT_s1 rc=0 188.6s raw_ALL={'AUROC': 0.958, 'bestF1': 0.867, 'F1_at5pctFPR': 0.812, 'TPR_at5pctFPR': 0.854} raw_HARD={'AUROC': 0.869, 'bestF1': 0.546, 'F1_at5pctFPR': 0.466, 'TPR_at5pctFPR': 0.543}

[SWaT:TranAD]  80%|████████  | 4/5 [02:18<00:34, 34.25s/it]
[SWaT:TranAD] 
[SWaT:TranAD] Epoch 4,  L1 = 0.6971889313880135
[SWaT:TranAD] 
[SWaT:TranAD]  80%|████████  | 4/5 [02:52<00:34, 34.25s/it]
[SWaT:TranAD] 100%|██████████| 5/5 [02:52<00:00, 34.13s/it]
[SWaT:TranAD] 100%|██████████| 5/5 [02:52<00:00, 34.49s/it]
[SWaT:TranAD] [1mTraining time:   172.4706 s[0m
[SWaT:TranAD] [95mTesting TranAD on WADI[0m
[SWaT:USAD] /root/TranAD/src/spot.py:329: RuntimeWarning: overflow encountered in square
[SWaT:USAD]   jac_vs = (1 / t) * (-vs + np.mean(1 / s ** 2))
[SWaT:TranAD]  60%|██████    | 3/5 [02:14<01:29, 44.99s/it]
[SWaT:TranAD] 
[SWaT:TranAD] Epoch 3,  L1 = 0.7010901786167832
[SWaT:TranAD] 
[SWaT:TranAD]  60%|██████    | 3/5 [03:00<01:29, 44.99s/it]
[SWaT:USAD] /root/TranAD/src/spot.py:329: RuntimeWarning: overflow encountered in square
[SWaT:USAD]   jac_vs = (1 / t) * (-vs + np.mean(1 / s ** 2))
[gpu] SWaT:TranAD heartbeat t+180s alloc=0.00G
[SWaT:TranAD] /root/TranAD/src/spot.py:329: RuntimeWarning: overflow encountered in square
[SWaT:TranAD]   jac_vs = (1 / t) * (-vs + np.mean(1 / s ** 2))
[SWaT:USAD]           f1  precision  recall      TP  ...     FP      FN   ROC/AUC     threshold
[SWaT:USAD] 0   0.999995   1.000000     1.0  5463.0  ...    0.0     0.0  1.000000  4.021865e+00
[SWaT:USAD] 1   0.000000   0.000000     0.0     0.0  ...    0.0  5463.0  0.500000  2.069875e+01
[SWaT:USAD] 2   0.999995   1.000000     1.0  5463.0  ...    0.0     0.0  1.000000  4.583330e+01
[SWaT:USAD] 3   0.954064   0.912172     1.0  5463.0  ...  526.0     0.0  0.990327  5.088996e+00
[SWaT:USAD] 4   0.999995   1.000000     1.0  5463.0  ...    0.0     0.0  1.000000  2.669992e+00
[SWaT:USAD] 5   0.999995   1.000000     1.0  5463.0  ...    0.0     0.0  1.000000  9.041120e+00
[SWaT:USAD] 6   0.999995   1.000000     1.0  5463.0  ...    0.0     0.0  1.000000  1.920403e+01
[SWaT:USAD] 7   0.000000   0.000000     0.0     0.0  ...    0.0  5463.0  0.500000  1.561848e+01
[SWaT:USAD] 8   0.924908   0.860315     1.0  5463.0  ...  887.0     0.0  0.983688  5.067203e+00
[SWaT:USAD] 9   0.999995   1.000000     1.0  5463.0  ...    0.0     0.0  1.000000  4.527446e+01
[SWaT:USAD] 10  0.999995   1.000000     1.0  5463.0  ...    0.0     0.0  1.000000  4.917312e+00
[SWaT:USAD] 11  0.999995   1.000000     1.0  5463.0  ...    0.0     0.0  1.000000  8.442108e-05
[SWaT:USAD] 12  0.982019   0.964683     1.0  5463.0  ...  200.0     0.0  0.996322  5.151050e+00
[SWaT:USAD] 13  0.999995   1.000000     1.0  5463.0  ...    0.0     0.0  1.000000  1.724504e-04
[SWaT:USAD] 14  0.999720   0.999451     1.0  5463.0  ...    3.0     0.0  0.999945  3.581620e+00
[SWaT:USAD] 15  0.999995   1.000000     1.0  5463.0  ...    0.0     0.0  1.000000  1.837676e-04
[SWaT:USAD] 16  0.994443   0.988957     1.0  5463.0  ...   61.0     0.0  0.998878  6.809038e+00
[SWaT:USAD] 17  0.998989   0.997990     1.0  5463.0  ...   11.0     0.0  0.999798  7.357207e+00
[SWaT:USAD] 18  0.000000   0.000000     0.0     0.0  ...    0.0  5463.0  0.500000  1.762257e+02
[SWaT:USAD] 19  0.000000   0.000000     0.0     0.0  ...    0.0  5463.0  0.500000  2.673809e+27
[SWaT:USAD] 20  0.983610   0.967759     1.0  5463.0  ...  182.0     0.0  0.996653  5.715666e+00
[SWaT:USAD] 21  0.000000   0.000000     0.0     0.0  ...    0.0  5463.0  0.500000  1.147442e+02
[SWaT:USAD] 22  0.982726   0.966048     1.0  5463.0  ...  192.0     0.0  0.996469  2.403237e+01
[SWaT:USAD] 23  0.000000   0.000000     0.0     0.0  ...    0.0  5463.0  0.500000  5.745478e+02
[SWaT:USAD] 24  0.980609   0.961965     1.0  5463.0  ...  216.0     0.0  0.996028  6.971921e+00
[SWaT:USAD] 25  0.000000   0.000000     0.0     0.0  ...    0.0  5463.0  0.500000  6.004515e+00
[SWaT:USAD] 26  0.999995   1.000000     1.0  5463.0  ...    0.0     0.0  1.000000  2.331432e+01
[SWaT:USAD] 27  0.000000   0.000000     0.0     0.0  ...    0.0  5463.0  0.500000  2.464304e+02
[SWaT:USAD] 28  0.000000   0.000000     0.0     0.0  ...    0.0  5463.0  0.500000  1.276375e+02
[SWaT:USAD] 29  0.999995   1.000000     1.0  5463.0  ...    0.0     0.0  1.000000  7.380004e-05
[SWaT:USAD] 30  0.999995   1.000000     1.0  5463.0  ...    0.0     0.0  1.000000  4.898549e+01
[SWaT:USAD] 31  0.000000   0.000000     0.0     0.0  ...    0.0  5463.0  0.500000  1.241156e+01
[SWaT:USAD] 32  0.999995   1.000000     1.0  5463.0  ...    0.0     0.0  1.000000  2.190989e-04
[SWaT:USAD] 33  0.000000   0.000000     0.0     0.0  ...    0.0  5463.0  0.500000  5.893659e+02
[SWaT:USAD] 34  0.000000   0.000000     0.0     0.0  ...    0.0  5463.0  0.500000  1.654672e+02
[SWaT:USAD] 35  0.999995   1.000000     1.0  5463.0  ...    0.0     0.0  1.000000  2.248764e+01
[SWaT:USAD] 36  0.999995   1.000000     1.0  5463.0  ...    0.0     0.0  1.000000  8.748181e+00
[SWaT:USAD] 37  0.999995   1.000000     1.0  5463.0  ...    0.0     0.0  1.000000  5.777476e+02
[SWaT:USAD] 38  0.000000   0.000000     0.0     0.0  ...    0.0  5463.0  0.500000  2.461765e+02
[SWaT:USAD] 39  0.999995   1.000000     1.0  5463.0  ...    0.0     0.0  1.000000  5.713946e+01
[SWaT:USAD] 40  0.000000   0.000000     0.0     0.0  ...    0.0  5463.0  0.500000  2.561343e+02
[SWaT:USAD] 41  0.999995   1.000000     1.0  5463.0  ...    0.0     0.0  1.000000  7.533396e+01
[SWaT:USAD] 42  0.999995   1.000000     1.0  5463.0  ...    0.0     0.0  1.000000  4.913412e+01
[SWaT:USAD] 43  0.999995   1.000000     1.0  5463.0  ...    0.0     0.0  1.000000  5.717583e-05
[SWaT:USAD] 44  0.000000   0.000000     0.0     0.0  ...    0.0  5463.0  0.500000  2.587706e+02
[SWaT:USAD] 45  0.000000   0.000000     0.0     0.0  ...    0.0  5463.0  0.500000  6.196433e+01
[SWaT:USAD] 46  0.000000   0.000000     0.0     0.0  ...    0.0  5463.0  0.500000  2.568214e+02
[SWaT:USAD] 47  0.978764   0.958421     1.0  5463.0  ...  237.0     0.0  0.995641  1.056464e+01
[SWaT:USAD] 48  0.999995   1.000000     1.0  5463.0  ...    0.0     0.0  1.000000  7.940002e-05
[SWaT:USAD] 49  0.980873   0.962474     1.0  5463.0  ...  213.0     0.0  0.996083  7.413980e+00
[SWaT:USAD] 50  0.999995   1.000000     1.0  5463.0  ...    0.0     0.0  1.000000  9.981519e-05
[SWaT:USAD] 
[SWaT:USAD] [51 rows x 9 columns]
[SWaT:USAD] {'FN': 0,
[SWaT:USAD]  'FP': 0,
[SWaT:USAD]  'Hit@100%': 1.0,
[SWaT:USAD]  'Hit@150%': 1.0,
[SWaT:USAD]  'NDCG@100%': 1.0,
[SWaT:USAD]  'NDCG@150%': 1.0,
[SWaT:USAD]  'ROC/AUC': 1.0,
[SWaT:USAD]  'TN': 27188,
[SWaT:USAD]  'TP': 5463,
[SWaT:USAD]  'f1': 0.9999949981945039,
[SWaT:USAD]  'precision': 0.999999998169504,
[SWaT:USAD]  'recall': 0.999999998169504,
[SWaT:USAD]  'threshold': 153.45868278190426}
[HAI:USAD]  17%|█▋        | 5/30 [02:26<12:12, 29.32s/it]
[HAI:USAD] 
[HAI:USAD] Epoch 5,     L1 = 0.7689143399323672,        L2 = -0.5361371066483589
[HAI:USAD] 
[HAI:USAD]  17%|█▋        | 5/30 [02:55<12:12, 29.32s/it]
[WADI:TranAD]  40%|████      | 2/5 [02:04<03:08, 62.80s/it]
[WADI:TranAD] 
[WADI:TranAD] Epoch 2,  L1 = 0.4485875831926044
[WADI:TranAD] 
[WADI:TranAD]  40%|████      | 2/5 [03:09<03:08, 62.80s/it]
[sota] DONE USAD_SWaT_s2 rc=0 198.8s raw_ALL={'AUROC': 0.956, 'bestF1': 0.857, 'F1_at5pctFPR': 0.808, 'TPR_at5pctFPR': 0.846} raw_HARD={'AUROC': 0.861, 'bestF1': 0.525, 'F1_at5pctFPR': 0.448, 'TPR_at5pctFPR': 0.516}
[SWaT:TranAD]           f1  precision  recall      TP  ...    FP      FN   ROC/AUC     threshold
[SWaT:TranAD] 0   0.999995   1.000000     1.0  5463.0  ...   0.0     0.0  1.000000  3.755854e+00
[SWaT:TranAD] 1   0.000000   0.000000     0.0     0.0  ...   0.0  5463.0  0.500000  1.462734e+01
[SWaT:TranAD] 2   0.000000   0.000000     0.0     0.0  ...   0.0  5463.0  0.500000  4.034320e+01
[SWaT:TranAD] 3   0.999081   0.998173     1.0  5463.0  ...  10.0     0.0  0.999816  3.237994e+00
[SWaT:TranAD] 4   0.999995   1.000000     1.0  5463.0  ...   0.0     0.0  1.000000  3.868587e+03
[SWaT:TranAD] 5   0.999995   1.000000     1.0  5463.0  ...   0.0     0.0  1.000000  8.672196e+00
[SWaT:TranAD] 6   0.999995   1.000000     1.0  5463.0  ...   0.0     0.0  1.000000  1.270020e+01
[SWaT:TranAD] 7   0.000000   0.000000     0.0     0.0  ...   0.0  5463.0  0.500000  1.597738e+01
[SWaT:TranAD] 8   0.999812   0.999634     1.0  5463.0  ...   2.0     0.0  0.999963  4.405236e+00
[SWaT:TranAD] 9   0.999995   1.000000     1.0  5463.0  ...   0.0     0.0  1.000000  4.534930e+01
[SWaT:TranAD] 10  0.000000   0.000000     0.0     0.0  ...   0.0  5463.0  0.500000  7.984800e+00
[SWaT:TranAD] 11  0.000000   0.000000     0.0     0.0  ...   0.0  5463.0  0.500000  1.566679e+20
[SWaT:TranAD] 12  0.998898   0.997808     1.0  5463.0  ...  12.0     0.0  0.999779  3.048670e+00
[SWaT:TranAD] 13  0.999995   1.000000     1.0  5463.0  ...   0.0     0.0  1.000000  3.618069e-03
[SWaT:TranAD] 14  0.999903   0.999817     1.0  5463.0  ...   1.0     0.0  0.999982  2.375348e+00
[SWaT:TranAD] 15  0.999995   1.000000     1.0  5463.0  ...   0.0     0.0  1.000000  7.670378e+15
[SWaT:TranAD] 16  0.000000   0.000000     0.0     0.0  ...   0.0  5463.0  0.500000  8.406520e+08
[SWaT:TranAD] 17  0.997530   0.995082     1.0  5463.0  ...  27.0     0.0  0.999503  5.187951e+00
[SWaT:TranAD] 18  0.000000   0.000000     0.0     0.0  ...   0.0  5463.0  0.500000  6.333371e+01
[SWaT:TranAD] 19  0.991195   0.982554     1.0  5463.0  ...  97.0     0.0  0.998216  6.017068e+01
[SWaT:TranAD] 20  0.999812   0.999634     1.0  5463.0  ...   2.0     0.0  0.999963  1.910448e+01
[SWaT:TranAD] 21  0.000000   0.000000     0.0     0.0  ...   0.0  5463.0  0.500000  8.412299e+03
[SWaT:TranAD] 22  0.996257   0.992551     1.0  5463.0  ...  41.0     0.0  0.999246  2.655862e+01
[SWaT:TranAD] 23  0.000000   0.000000     0.0     0.0  ...   0.0  5463.0  0.500000  4.034238e+02
[SWaT:TranAD] 24  0.997439   0.994901     1.0  5463.0  ...  28.0     0.0  0.999485  5.079963e+00
[SWaT:TranAD] 25  0.000000   0.000000     0.0     0.0  ...   0.0  5463.0  0.500000  5.974286e+00
[SWaT:TranAD] 26  0.999995   1.000000     1.0  5463.0  ...   0.0     0.0  1.000000  4.901134e+01
[SWaT:TranAD] 27  0.000000   0.000000     0.0     0.0  ...   0.0  5463.0  0.500000  1.034414e+03
[SWaT:TranAD] 28  0.000000   0.000000     0.0     0.0  ...   0.0  5463.0  0.500000  5.782101e+01
[SWaT:TranAD] 29  0.999995   1.000000     1.0  5463.0  ...   0.0     0.0  1.000000  7.993107e-04
[SWaT:TranAD] 30  0.000000   0.000000     0.0     0.0  ...   0.0  5463.0  0.500000  1.140741e+03
[SWaT:TranAD] 31  0.000000   0.000000     0.0     0.0  ...   0.0  5463.0  0.500000  2.064593e+03
[SWaT:TranAD] 32  0.000000   0.000000     0.0     0.0  ...   0.0  5463.0  0.500000  1.140037e+11
[SWaT:TranAD] 33  0.000000   0.000000     0.0     0.0  ...   0.0  5463.0  0.500000  1.036935e+03
[SWaT:TranAD] 34  0.000000   0.000000     0.0     0.0  ...   0.0  5463.0  0.500000  1.021774e+02
[SWaT:TranAD] 35  0.999995   1.000000     1.0  5463.0  ...   0.0     0.0  1.000000  2.259777e+01
[SWaT:TranAD] 36  0.000000   0.000000     0.0     0.0  ...   0.0  5463.0  0.500000  1.842313e+01
[SWaT:TranAD] 37  0.000000   0.000000     0.0     0.0  ...   0.0  5463.0  0.500000  9.186892e+02
[SWaT:TranAD] 38  0.999995   1.000000     1.0  5463.0  ...   0.0     0.0  1.000000  2.242503e+02
[SWaT:TranAD] 39  0.999995   1.000000     1.0  5463.0  ...   0.0     0.0  1.000000  2.141624e+02
[SWaT:TranAD] 40  0.999995   1.000000     1.0  5463.0  ...   0.0     0.0  1.000000  2.217392e+02
[SWaT:TranAD] 41  0.000000   0.000000     0.0     0.0  ...   0.0  5463.0  0.500000  1.029195e+03
[SWaT:TranAD] 42  0.000000   0.000000     0.0     0.0  ...   0.0  5463.0  0.500000  1.049391e+03
[SWaT:TranAD] 43  0.000000   0.000000     0.0     0.0  ...   0.0  5463.0  0.500000  1.708876e+33
[SWaT:TranAD] 44  0.000000   0.000000     0.0     0.0  ...   0.0  5463.0  0.500000  2.205011e+02
[SWaT:TranAD] 45  0.000000   0.000000     0.0     0.0  ...   0.0  5463.0  0.500000  1.109465e+02
[SWaT:TranAD] 46  0.000000   0.000000     0.0     0.0  ...   0.0  5463.0  0.500000  2.163105e+02
[SWaT:TranAD] 47  0.999995   1.000000     1.0  5463.0  ...   0.0     0.0  1.000000  1.046852e+02
[SWaT:TranAD] 48  0.999995   1.000000     1.0  5463.0  ...   0.0     0.0  1.000000  1.698832e-03
[SWaT:TranAD] 49  0.000000   0.000000     0.0     0.0  ...   0.0  5463.0  0.500000  1.211459e+02
[SWaT:TranAD] 50  0.999538   0.999086     1.0  5463.0  ...   5.0     0.0  0.999908  2.445264e-03
[SWaT:TranAD] 
[SWaT:TranAD] [51 rows x 9 columns]
[SWaT:TranAD] {'FN': 0,
[SWaT:TranAD]  'FP': 0,
[SWaT:TranAD]  'Hit@100%': 1.0,
[SWaT:TranAD]  'Hit@150%': 1.0,
[SWaT:TranAD]  'NDCG@100%': 1.0,
[SWaT:TranAD]  'NDCG@150%': 1.0,
[SWaT:TranAD]  'ROC/AUC': 1.0,
[SWaT:TranAD]  'TN': 27188,
[SWaT:TranAD]  'TP': 5463,
[SWaT:TranAD]  'f1': 0.9999949981945039,
[SWaT:TranAD]  'precision': 0.999999998169504,
[SWaT:TranAD]  'recall': 0.999999998169504,
[SWaT:TranAD]  'threshold': 194.78323542152597}
[gpu] WADI:GDN heartbeat t+180s alloc=0.00G
[HAI:TranAD]   0%|          | 0/5 [00:00<?, ?it/s]
[HAI:TranAD] 
[HAI:TranAD] Epoch 0,   L1 = 0.5362771397775046
[HAI:TranAD] 
[HAI:TranAD]   0%|          | 0/5 [03:07<?, ?it/s]
[HAI:TranAD]   0%|          | 0/5 [00:00<?, ?it/s]
[gpu] HAI:GDN heartbeat t+180s alloc=0.00G
[HAI:TranAD] 
[HAI:TranAD] Epoch 0,   L1 = 0.5363155834750726
[HAI:TranAD] 
[HAI:TranAD]   0%|          | 0/5 [03:02<?, ?it/s]
[sota] DONE TranAD_SWaT_s1 rc=0 198.7s raw_ALL={'AUROC': 0.961, 'bestF1': 0.866, 'F1_at5pctFPR': 0.819, 'TPR_at5pctFPR': 0.866} raw_HARD={'AUROC': 0.879, 'bestF1': 0.568, 'F1_at5pctFPR': 0.489, 'TPR_at5pctFPR': 0.579}
[WADI:TranAD]  60%|██████    | 3/5 [02:28<01:38, 49.26s/it]
[WADI:TranAD] 
[WADI:TranAD] Epoch 3,  L1 = 0.43172641477713186
[WADI:TranAD] 
[WADI:TranAD]  60%|██████    | 3/5 [03:19<01:38, 49.26s/it]
[HAI:USAD]  17%|█▋        | 5/30 [02:31<12:38, 30.34s/it]
[HAI:USAD] 
[HAI:USAD] Epoch 5,     L1 = 0.7772506697858134,        L2 = -0.543607540795628
[HAI:USAD] 
[HAI:USAD]  17%|█▋        | 5/30 [03:02<12:38, 30.34s/it]
[HAI:USAD]  23%|██▎       | 7/30 [02:40<08:48, 22.98s/it]
[HAI:USAD] 
[HAI:USAD] Epoch 7,     L1 = 0.7940680347936969,        L2 = -0.6188863920996512
[HAI:USAD] 
[HAI:USAD]  23%|██▎       | 7/30 [03:04<08:48, 22.98s/it]
[HAI:USAD]  23%|██▎       | 7/30 [02:40<08:45, 22.83s/it]
[HAI:USAD] 
[HAI:USAD] Epoch 7,     L1 = 0.7649691776064359,        L2 = -0.5983725525300299
[HAI:USAD] 
[HAI:USAD]  23%|██▎       | 7/30 [03:02<08:45, 22.83s/it]
[HAI:USAD]  23%|██▎       | 7/30 [02:42<08:48, 22.97s/it]
[HAI:USAD] 
[HAI:USAD] Epoch 7,     L1 = 0.7638825113888567,        L2 = -0.5934171402639948
[HAI:USAD] 
[HAI:USAD]  23%|██▎       | 7/30 [03:05<08:48, 22.97s/it]
[WADI:TranAD]  60%|██████    | 3/5 [02:30<01:39, 49.92s/it]
[WADI:TranAD] 
[WADI:TranAD] Epoch 3,  L1 = 0.43165230631925544
[WADI:TranAD] 
[WADI:TranAD]  60%|██████    | 3/5 [03:18<01:39, 49.92s/it]
[SWaT:TranAD]           f1  precision  recall      TP  ...    FP      FN   ROC/AUC     threshold
[SWaT:TranAD] 0   0.999355   0.998720     1.0  5463.0  ...   7.0     0.0  0.999871  3.151798e+00
[SWaT:TranAD] 1   0.999995   1.000000     1.0  5463.0  ...   0.0     0.0  1.000000  1.505246e+01
[SWaT:TranAD] 2   0.000000   0.000000     0.0     0.0  ...   0.0  5463.0  0.500000  4.079909e+01
[SWaT:TranAD] 3   0.997621   0.995263     1.0  5463.0  ...  26.0     0.0  0.999522  3.111315e+00
[SWaT:TranAD] 4   0.999995   1.000000     1.0  5463.0  ...   0.0     0.0  1.000000  3.869328e+03
[SWaT:TranAD] 5   0.999995   1.000000     1.0  5463.0  ...   0.0     0.0  1.000000  8.648641e+00
[SWaT:TranAD] 6   0.999995   1.000000     1.0  5463.0  ...   0.0     0.0  1.000000  1.673292e+01
[SWaT:TranAD] 7   0.000000   0.000000     0.0     0.0  ...   0.0  5463.0  0.500000  1.599367e+01
[SWaT:TranAD] 8   0.999995   1.000000     1.0  5463.0  ...   0.0     0.0  1.000000  3.157936e+00
[SWaT:TranAD] 9   0.000000   0.000000     0.0     0.0  ...   0.0  5463.0  0.500000  1.691840e+12
[SWaT:TranAD] 10  0.000000   0.000000     0.0     0.0  ...   0.0  5463.0  0.500000  9.808957e+00
[SWaT:TranAD] 11  0.000000   0.000000     0.0     0.0  ...   0.0  5463.0  0.500000  2.259751e+19
[SWaT:TranAD] 12  0.997621   0.995263     1.0  5463.0  ...  26.0     0.0  0.999522  3.045477e+00
[SWaT:TranAD] 13  0.999995   1.000000     1.0  5463.0  ...   0.0     0.0  1.000000  3.166652e+15
[SWaT:TranAD] 14  0.998715   0.997444     1.0  5463.0  ...  14.0     0.0  0.999743  2.398693e+00
[SWaT:TranAD] 15  0.000000   0.000000     0.0     0.0  ...   0.0  5463.0  0.500000  1.571836e+19
[SWaT:TranAD] 16  0.999995   1.000000     1.0  5463.0  ...   0.0     0.0  1.000000  6.554139e+00
[SWaT:TranAD] 17  0.998715   0.997444     1.0  5463.0  ...  14.0     0.0  0.999743  5.231415e+00
[SWaT:TranAD] 18  0.000000   0.000000     0.0     0.0  ...   0.0  5463.0  0.500000  6.333371e+01
[SWaT:TranAD] 19  0.999995   1.000000     1.0  5463.0  ...   0.0     0.0  1.000000  8.017864e+01
[SWaT:TranAD] 20  0.995530   0.991110     1.0  5463.0  ...  49.0     0.0  0.999099  1.918981e+01
[SWaT:TranAD] 21  0.999995   1.000000     1.0  5463.0  ...   0.0     0.0  1.000000  8.677911e+01
[SWaT:TranAD] 22  0.000000   0.000000     0.0     0.0  ...   0.0  5463.0  0.500000  1.477316e+13
[SWaT:TranAD] 23  0.000000   0.000000     0.0     0.0  ...   0.0  5463.0  0.500000  4.120280e+02
[SWaT:TranAD] 24  0.997439   0.994901     1.0  5463.0  ...  28.0     0.0  0.999485  5.428923e+00
[SWaT:TranAD] 25  0.000000   0.000000     0.0     0.0  ...   0.0  5463.0  0.500000  5.901176e+00
[SWaT:TranAD] 26  0.999995   1.000000     1.0  5463.0  ...   0.0     0.0  1.000000  5.333544e+01
[SWaT:TranAD] 27  0.000000   0.000000     0.0     0.0  ...   0.0  5463.0  0.500000  1.027016e+03
[SWaT:TranAD] 28  0.000000   0.000000     0.0     0.0  ...   0.0  5463.0  0.500000  5.782101e+01
[SWaT:TranAD] 29  0.000000   0.000000     0.0     0.0  ...   0.0  5463.0  0.500000  5.920497e+17
[SWaT:TranAD] 30  0.000000   0.000000     0.0     0.0  ...   0.0  5463.0  0.500000  1.119954e+03
[SWaT:TranAD] 31  0.000000   0.000000     0.0     0.0  ...   0.0  5463.0  0.500000  1.896344e+03
[SWaT:TranAD] 32  0.000000   0.000000     0.0     0.0  ...   0.0  5463.0  0.500000  1.118136e+15
[SWaT:TranAD] 33  0.000000   0.000000     0.0     0.0  ...   0.0  5463.0  0.500000  1.124293e+03
[SWaT:TranAD] 34  0.000000   0.000000     0.0     0.0  ...   0.0  5463.0  0.500000  1.021774e+02
[SWaT:TranAD] 35  0.999995   1.000000     1.0  5463.0  ...   0.0     0.0  1.000000  2.220407e+01
[SWaT:TranAD] 36  0.000000   0.000000     0.0     0.0  ...   0.0  5463.0  0.500000  1.515623e+01
[SWaT:TranAD] 37  0.000000   0.000000     0.0     0.0  ...   0.0  5463.0  0.500000  8.607838e+02
[SWaT:TranAD] 38  0.999995   1.000000     1.0  5463.0  ...   0.0     0.0  1.000000  2.242503e+02
[SWaT:TranAD] 39  0.999995   1.000000     1.0  5463.0  ...   0.0     0.0  1.000000  2.141624e+02
[SWaT:TranAD] 40  0.999995   1.000000     1.0  5463.0  ...   0.0     0.0  1.000000  2.217392e+02
[SWaT:TranAD] 41  0.999995   1.000000     1.0  5463.0  ...   0.0     0.0  1.000000  2.076310e+02
[SWaT:TranAD] 42  0.000000   0.000000     0.0     0.0  ...   0.0  5463.0  0.500000  3.812825e+02
[SWaT:TranAD] 43  0.999995   1.000000     1.0  5463.0  ...   0.0     0.0  1.000000  9.731466e-03
[SWaT:TranAD] 44  0.000000   0.000000     0.0     0.0  ...   0.0  5463.0  0.500000  2.205011e+02
[SWaT:TranAD] 45  0.000000   0.000000     0.0     0.0  ...   0.0  5463.0  0.500000  9.875028e+01
[SWaT:TranAD] 46  0.000000   0.000000     0.0     0.0  ...   0.0  5463.0  0.500000  2.163105e+02
[SWaT:TranAD] 47  0.999995   1.000000     1.0  5463.0  ...   0.0     0.0  1.000000  1.046544e+02
[SWaT:TranAD] 48  0.000000   0.000000     0.0     0.0  ...   0.0  5463.0  0.500000  3.241926e+18
[SWaT:TranAD] 49  0.000000   0.000000     0.0     0.0  ...   0.0  5463.0  0.500000  1.188207e+02
[SWaT:TranAD] 50  0.000000   0.000000     0.0     0.0  ...   0.0  5463.0  0.500000  1.673793e+17
[SWaT:TranAD] 
[SWaT:TranAD] [51 rows x 9 columns]
[SWaT:TranAD] {'FN': 0,
[SWaT:TranAD]  'FP': 0,
[SWaT:TranAD]  'Hit@100%': 1.0,
[SWaT:TranAD]  'Hit@150%': 1.0,
[SWaT:TranAD]  'NDCG@100%': 1.0,
[SWaT:TranAD]  'NDCG@150%': 1.0,
[SWaT:TranAD]  'ROC/AUC': 1.0,
[SWaT:TranAD]  'TN': 27188,
[SWaT:TranAD]  'TP': 5463,
[SWaT:TranAD]  'f1': 0.9999949981945039,
[SWaT:TranAD]  'precision': 0.999999998169504,
[SWaT:TranAD]  'recall': 0.999999998169504,
[SWaT:TranAD]  'threshold': 193.38523331347847}
[SWaT:TranAD]           f1  precision  recall      TP  ...    FP      FN   ROC/AUC     threshold
[SWaT:TranAD] 0   0.999995   1.000000     1.0  5463.0  ...   0.0     0.0  1.000000  3.632116e+00
[SWaT:TranAD] 1   0.999995   1.000000     1.0  5463.0  ...   0.0     0.0  1.000000  1.508001e+01
[SWaT:TranAD] 2   0.000000   0.000000     0.0     0.0  ...   0.0  5463.0  0.500000  4.147226e+01
[SWaT:TranAD] 3   0.998168   0.996352     1.0  5463.0  ...  20.0     0.0  0.999632  3.215464e+00
[SWaT:TranAD] 4   0.999995   1.000000     1.0  5463.0  ...   0.0     0.0  1.000000  3.868580e+03
[SWaT:TranAD] 5   0.999995   1.000000     1.0  5463.0  ...   0.0     0.0  1.000000  8.739180e+00
[SWaT:TranAD] 6   0.999995   1.000000     1.0  5463.0  ...   0.0     0.0  1.000000  1.677834e+01
[SWaT:TranAD] 7   0.000000   0.000000     0.0     0.0  ...   0.0  5463.0  0.500000  1.544718e+01
[SWaT:TranAD] 8   0.999812   0.999634     1.0  5463.0  ...   2.0     0.0  0.999963  3.109983e+00
[SWaT:TranAD] 9   0.000000   0.000000     0.0     0.0  ...   0.0  5463.0  0.500000  4.535845e+01
[SWaT:TranAD] 10  0.000000   0.000000     0.0     0.0  ...   0.0  5463.0  0.500000  7.424822e+00
[SWaT:TranAD] 11  0.000000   0.000000     0.0     0.0  ...   0.0  5463.0  0.500000  8.486831e+12
[SWaT:TranAD] 12  0.996711   0.993453     1.0  5463.0  ...  36.0     0.0  0.999338  3.031291e+00
[SWaT:TranAD] 13  0.999995   1.000000     1.0  5463.0  ...   0.0     0.0  1.000000  6.741959e+10
[SWaT:TranAD] 14  0.999995   1.000000     1.0  5463.0  ...   0.0     0.0  1.000000  5.010273e+00
[SWaT:TranAD] 15  0.999995   1.000000     1.0  5463.0  ...   0.0     0.0  1.000000  5.271535e-02
[SWaT:TranAD] 16  0.999995   1.000000     1.0  5463.0  ...   0.0     0.0  1.000000  6.329297e+00
[SWaT:TranAD] 17  0.000000   0.000000     0.0     0.0  ...   0.0  5463.0  0.500000  2.025165e+15
[SWaT:TranAD] 18  0.000000   0.000000     0.0     0.0  ...   0.0  5463.0  0.500000  6.333371e+01
[SWaT:TranAD] 19  0.991195   0.982554     1.0  5463.0  ...  97.0     0.0  0.998216  6.020514e+01
[SWaT:TranAD] 20  0.000000   0.000000     0.0     0.0  ...   0.0  5463.0  0.500000  5.012306e+11
[SWaT:TranAD] 21  0.000000   0.000000     0.0     0.0  ...   0.0  5463.0  0.500000  8.677902e+01
[SWaT:TranAD] 22  0.000000   0.000000     0.0     0.0  ...  52.0  5463.0  0.499044  2.655508e+01
[SWaT:TranAD] 23  0.000000   0.000000     0.0     0.0  ...   0.0  5463.0  0.500000  3.184734e+02
[SWaT:TranAD] 24  0.000000   0.000000     0.0     0.0  ...  28.0  5463.0  0.499485  5.089104e+00
[SWaT:TranAD] 25  0.000000   0.000000     0.0     0.0  ...   0.0  5463.0  0.500000  6.104559e+00
[SWaT:TranAD] 26  0.999995   1.000000     1.0  5463.0  ...   0.0     0.0  1.000000  4.603891e+01
[SWaT:TranAD] 27  0.000000   0.000000     0.0     0.0  ...   0.0  5463.0  0.500000  1.028268e+03
[SWaT:TranAD] 28  0.000000   0.000000     0.0     0.0  ...   0.0  5463.0  0.500000  5.782101e+01
[SWaT:TranAD] 29  0.999903   0.999817     1.0  5463.0  ...   1.0     0.0  0.999982  1.364928e-03
[SWaT:TranAD] 30  0.000000   0.000000     0.0     0.0  ...   0.0  5463.0  0.500000  1.137288e+03
[SWaT:TranAD] 31  0.000000   0.000000     0.0     0.0  ...   0.0  5463.0  0.500000  3.885978e+03
[SWaT:TranAD] 32  0.999995   1.000000     1.0  5463.0  ...   0.0     0.0  1.000000  3.741994e-02
[SWaT:TranAD] 33  0.000000   0.000000     0.0     0.0  ...   0.0  5463.0  0.500000  1.148973e+03
[SWaT:TranAD] 34  0.000000   0.000000     0.0     0.0  ...   0.0  5463.0  0.500000  1.020256e+02
[SWaT:TranAD] 35  0.999995   1.000000     1.0  5463.0  ...   0.0     0.0  1.000000  1.819477e+01
[SWaT:TranAD] 36  0.000000   0.000000     0.0     0.0  ...   0.0  5463.0  0.500000  1.510881e+01
[SWaT:TranAD] 37  0.000000   0.000000     0.0     0.0  ...   0.0  5463.0  0.500000  9.186892e+02
[SWaT:TranAD] 38  0.999995   1.000000     1.0  5463.0  ...   0.0     0.0  1.000000  2.242503e+02
[SWaT:TranAD] 39  0.999995   1.000000     1.0  5463.0  ...   0.0     0.0  1.000000  2.141624e+02
[SWaT:TranAD] 40  0.999995   1.000000     1.0  5463.0  ...   0.0     0.0  1.000000  2.217392e+02
[SWaT:TranAD] 41  0.000000   0.000000     0.0     0.0  ...   0.0  5463.0  0.500000  1.033518e+03
[SWaT:TranAD] 42  0.000000   0.000000     0.0     0.0  ...   0.0  5463.0  0.500000  1.083221e+03
[SWaT:TranAD] 43  0.000000   0.000000     0.0     0.0  ...   0.0  5463.0  0.500000  7.358668e+25
[SWaT:TranAD] 44  0.000000   0.000000     0.0     0.0  ...   0.0  5463.0  0.500000  2.205011e+02
[SWaT:TranAD] 45  0.000000   0.000000     0.0     0.0  ...   0.0  5463.0  0.500000  1.077591e+02
[SWaT:TranAD] 46  0.000000   0.000000     0.0     0.0  ...   0.0  5463.0  0.500000  2.163105e+02
[SWaT:TranAD] 47  0.999995   1.000000     1.0  5463.0  ...   0.0     0.0  1.000000  1.046852e+02
[SWaT:TranAD] 48  0.000000   0.000000     0.0     0.0  ...   0.0  5463.0  0.500000  8.578938e+21
[SWaT:TranAD] 49  0.000000   0.000000     0.0     0.0  ...   0.0  5463.0  0.500000  1.220207e+02
[SWaT:TranAD] 50  0.000000   0.000000     0.0     0.0  ...   0.0  5463.0  0.500000  7.894631e+39
[SWaT:TranAD] 
[SWaT:TranAD] [51 rows x 9 columns]
[SWaT:TranAD] {'FN': 0,
[SWaT:TranAD]  'FP': 0,
[SWaT:TranAD]  'Hit@100%': 1.0,
[SWaT:TranAD]  'Hit@150%': 1.0,
[SWaT:TranAD]  'NDCG@100%': 1.0,
[SWaT:TranAD]  'NDCG@150%': 1.0,
[SWaT:TranAD]  'ROC/AUC': 1.0,
[SWaT:TranAD]  'TN': 27188,
[SWaT:TranAD]  'TP': 5463,
[SWaT:TranAD]  'f1': 0.9999949981945039,
[SWaT:TranAD]  'precision': 0.999999998169504,
[SWaT:TranAD]  'recall': 0.999999998169504,
[SWaT:TranAD]  'threshold': 192.88757112462343}
[gpu] SWaT:GDN heartbeat t+180s alloc=0.00G
[WADI:USAD] /root/TranAD/src/spot.py:313: RuntimeWarning: divide by zero encountered in log
[WADI:USAD]   return 1 + np.log(s).mean()
[WADI:USAD] /root/TranAD/src/spot.py:316: RuntimeWarning: divide by zero encountered in divide
[WADI:USAD]   return np.mean(1 / s)
[WADI:USAD] /root/TranAD/src/spot.py:329: RuntimeWarning: divide by zero encountered in divide
[WADI:USAD]   jac_vs = (1 / t) * (-vs + np.mean(1 / s ** 2))
[WADI:USAD] /root/TranAD/src/spot.py:329: RuntimeWarning: invalid value encountered in scalar add
[WADI:USAD]   jac_vs = (1 / t) * (-vs + np.mean(1 / s ** 2))
[sota] DONE TranAD_SWaT_s4 rc=0 209.7s raw_ALL={'AUROC': 0.961, 'bestF1': 0.859, 'F1_at5pctFPR': 0.819, 'TPR_at5pctFPR': 0.866} raw_HARD={'AUROC': 0.878, 'bestF1': 0.527, 'F1_at5pctFPR': 0.49, 'TPR_at5pctFPR': 0.58}
[WADI:USAD] /root/TranAD/src/spot.py:313: RuntimeWarning: divide by zero encountered in log
[WADI:USAD]   return 1 + np.log(s).mean()
[WADI:USAD] /root/TranAD/src/spot.py:316: RuntimeWarning: divide by zero encountered in divide
[WADI:USAD]   return np.mean(1 / s)
[WADI:USAD] /root/TranAD/src/spot.py:329: RuntimeWarning: divide by zero encountered in divide
[WADI:USAD]   jac_vs = (1 / t) * (-vs + np.mean(1 / s ** 2))
[WADI:USAD] /root/TranAD/src/spot.py:329: RuntimeWarning: invalid value encountered in scalar add
[WADI:USAD]   jac_vs = (1 / t) * (-vs + np.mean(1 / s ** 2))
[WADI:TranAD]  60%|██████    | 3/5 [02:33<01:43, 51.61s/it]
[WADI:USAD]            f1  precision    recall     TP  ...      FP     FN   ROC/AUC  threshold
[WADI:USAD] 0    0.296926   0.994286  0.174524  174.0  ...     1.0  823.0  0.587231  10.725182
[WADI:USAD] 1    0.125110   0.573770  0.070211   70.0  ...    52.0  927.0  0.533509   8.699748
[WADI:USAD] 2    0.000000   0.000000  0.000000    0.0  ...    21.0  997.0  0.499355   2.729548
[WADI:USAD] 3    0.233795   0.146945  0.571715  570.0  ...  3309.0  427.0  0.684255   8.054920
[WADI:USAD] 4    0.000000   0.000000  0.000000    0.0  ...     0.0  997.0  0.500000   7.984127
[WADI:USAD] ..        ...        ...       ...    ...  ...     ...    ...       ...        ...
[WADI:USAD] 118  0.017424   0.250000  0.009027    9.0  ...    27.0  988.0  0.503685   0.007568
[WADI:USAD] 119  0.017374   0.230769  0.009027    9.0  ...    30.0  988.0  0.503592   0.005657
[WADI:USAD] 120  0.472436   0.683112  0.361083  360.0  ...   167.0  637.0  0.675414   7.713734
[WADI:USAD] 121  0.017391   0.236842  0.009027    9.0  ...    29.0  988.0  0.503623   0.008750
[WADI:USAD] 122  0.150440   0.639098  0.085256   85.0  ...    48.0  912.0  0.541154   7.065164
[WADI:USAD] 
[WADI:USAD] [123 rows x 9 columns]
[WADI:USAD] {'FN': 351,
[WADI:USAD]  'FP': 250,
[WADI:USAD]  'Hit@100%': 1.0,
[WADI:USAD]  'Hit@150%': 1.0,
[WADI:USAD]  'NDCG@100%': 1.0000000000000004,
[WADI:USAD]  'NDCG@150%': 1.0000000000000004,
[WADI:USAD]  'ROC/AUC': 0.8162956691247902,
[WADI:USAD]  'TN': 16034,
[WADI:USAD]  'TP': 646,
[WADI:USAD]  'f1': 0.6825095342644785,
[WADI:USAD]  'precision': 0.7209821348104672,
[WADI:USAD]  'recall': 0.6479438249955484,
[WADI:USAD]  'threshold': 2.7248031623288727}
[WADI:TranAD] 
[WADI:TranAD] Epoch 3,  L1 = 0.43103691099324
[WADI:TranAD] 
[WADI:TranAD]  60%|██████    | 3/5 [03:25<01:43, 51.61s/it]
[sota] DONE USAD_WADI_s4 rc=0 218.6s raw_ALL={'AUROC': 0.701, 'bestF1': 0.401, 'F1_at5pctFPR': 0.365, 'TPR_at5pctFPR': 0.405} raw_HARD={'AUROC': 0.446, 'bestF1': 0.212, 'F1_at5pctFPR': 0.138, 'TPR_at5pctFPR': 0.213}
[SWaT:TranAD]  80%|████████  | 4/5 [02:47<00:43, 43.34s/it]
[SWaT:TranAD] 
[SWaT:TranAD] Epoch 4,  L1 = 0.7003878092984943
[SWaT:TranAD] 
[SWaT:TranAD]  80%|████████  | 4/5 [03:29<00:43, 43.34s/it]
[SWaT:TranAD] 100%|██████████| 5/5 [03:29<00:00, 42.73s/it]
[SWaT:TranAD] 100%|██████████| 5/5 [03:29<00:00, 41.91s/it]
[SWaT:TranAD] [1mTraining time:   209.5364 s[0m
[SWaT:TranAD] [95mTesting TranAD on WADI[0m
[HAI:USAD]  20%|██        | 6/30 [02:55<11:36, 29.01s/it]
[HAI:USAD] 
[HAI:USAD] Epoch 6,     L1 = 0.7794133102362041,        L2 = -0.5802006390098081
[HAI:USAD] 
[HAI:USAD]  20%|██        | 6/30 [03:23<11:36, 29.01s/it]
[HAI:USAD]  27%|██▋       | 8/30 [03:04<08:26, 23.03s/it]
[HAI:USAD] 
[HAI:USAD] Epoch 8,     L1 = 0.7862555808681981,        L2 = -0.6319660126200451
[HAI:USAD] 
[HAI:USAD]  27%|██▋       | 8/30 [03:26<08:26, 23.03s/it]
[HAI:USAD]  27%|██▋       | 8/30 [03:02<08:20, 22.75s/it]
[HAI:USAD] 
[HAI:USAD] Epoch 8,     L1 = 0.764973289565249, L2 = -0.6172431586033295
[HAI:USAD] 
[HAI:USAD]  27%|██▋       | 8/30 [03:25<08:20, 22.75s/it]
[HAI:USAD]  27%|██▋       | 8/30 [03:05<08:28, 23.13s/it]
[HAI:USAD] 
[HAI:USAD] Epoch 8,     L1 = 0.7655145454750185,        L2 = -0.6152576246960123
[HAI:USAD] 
[HAI:USAD]  27%|██▋       | 8/30 [03:29<08:28, 23.13s/it]
[SWaT:TranAD]  80%|████████  | 4/5 [03:00<00:45, 45.42s/it]
[SWaT:TranAD] 
[SWaT:TranAD] Epoch 4,  L1 = 0.6956847303185393
[SWaT:TranAD] 
[SWaT:TranAD]  80%|████████  | 4/5 [03:44<00:45, 45.42s/it]
[SWaT:TranAD] 100%|██████████| 5/5 [03:44<00:00, 44.97s/it]
[SWaT:TranAD] 100%|██████████| 5/5 [03:44<00:00, 44.92s/it]
[SWaT:TranAD] [1mTraining time:   224.6015 s[0m
[SWaT:TranAD] [95mTesting TranAD on WADI[0m
[HAI:USAD]  20%|██        | 6/30 [03:02<12:12, 30.51s/it]
[HAI:USAD] 
[HAI:USAD] Epoch 6,     L1 = 0.7764958435441038,        L2 = -0.5777945763718849
[HAI:USAD] 
[HAI:USAD]  20%|██        | 6/30 [03:33<12:12, 30.51s/it]
[WADI:TranAD]  60%|██████    | 3/5 [02:54<01:55, 57.53s/it]
[WADI:TranAD] 
[WADI:TranAD] Epoch 3,  L1 = 0.42996043499200615
[WADI:TranAD] 
[WADI:TranAD]  60%|██████    | 3/5 [03:49<01:55, 57.53s/it]
[sota] DONE TranAD_SWaT_s3 rc=0 203.9s raw_ALL={'AUROC': 0.961, 'bestF1': 0.864, 'F1_at5pctFPR': 0.819, 'TPR_at5pctFPR': 0.866} raw_HARD={'AUROC': 0.879, 'bestF1': 0.568, 'F1_at5pctFPR': 0.491, 'TPR_at5pctFPR': 0.581}
[gpu] HAI:TranAD heartbeat t+240s alloc=0.00G
[gpu] WADI:TranAD heartbeat t+240s alloc=0.00G
[gpu] WADI:TranAD heartbeat t+240s alloc=0.00G
[gpu] HAI:USAD heartbeat t+240s alloc=0.00G
[gpu] SWaT:TranAD heartbeat t+240s alloc=0.00G
[gpu] WADI:TranAD heartbeat t+240s alloc=0.00G
[gpu] HAI:USAD heartbeat t+240s alloc=0.00G
[gpu] WADI:TranAD heartbeat t+240s alloc=0.00G
[gpu] HAI:TranAD heartbeat t+240s alloc=0.00G
[gpu] HAI:TranAD heartbeat t+240s alloc=0.00G
[gpu] HAI:USAD heartbeat t+240s alloc=0.00G
[gpu] HAI:USAD heartbeat t+240s alloc=0.00G
[gpu] HAI:USAD heartbeat t+240s alloc=0.00G
[gpu] HAI:TranAD heartbeat t+240s alloc=0.00G
[gpu] SWaT:TranAD heartbeat t+240s alloc=0.00G
[gpu] HAI:TranAD heartbeat t+240s alloc=0.00G[gpu] WADI:TranAD heartbeat t+240s alloc=0.00G

[SWaT:TranAD]           f1  precision  recall      TP  ...    FP      FN   ROC/AUC     threshold
[SWaT:TranAD] 0   0.999995   1.000000     1.0  5463.0  ...   0.0     0.0  1.000000  4.162577e+00
[SWaT:TranAD] 1   0.000000   0.000000     0.0     0.0  ...   0.0  5463.0  0.500000  1.462734e+01
[SWaT:TranAD] 2   0.000000   0.000000     0.0     0.0  ...   0.0  5463.0  0.500000  2.231276e+02
[SWaT:TranAD] 3   0.998898   0.997808     1.0  5463.0  ...  12.0     0.0  0.999779  3.131935e+00
[SWaT:TranAD] 4   0.999995   1.000000     1.0  5463.0  ...   0.0     0.0  1.000000  3.896828e+03
[SWaT:TranAD] 5   0.999995   1.000000     1.0  5463.0  ...   0.0     0.0  1.000000  8.740376e+00
[SWaT:TranAD] 6   0.999995   1.000000     1.0  5463.0  ...   0.0     0.0  1.000000  1.714142e+01
[SWaT:TranAD] 7   0.000000   0.000000     0.0     0.0  ...   0.0  5463.0  0.500000  1.536383e+01
[SWaT:TranAD] 8   0.000000   0.000000     0.0     0.0  ...   0.0  5463.0  0.500000  3.755967e+19
[SWaT:TranAD] 9   0.999995   1.000000     1.0  5463.0  ...   0.0     0.0  1.000000  4.535751e+01
[SWaT:TranAD] 10  0.000000   0.000000     0.0     0.0  ...   0.0  5463.0  0.500000  7.168396e+00
[SWaT:TranAD] 11  0.000000   0.000000     0.0     0.0  ...   3.0  5463.0  0.499945  5.893145e-03
[SWaT:TranAD] 12  0.997985   0.995989     1.0  5463.0  ...  22.0     0.0  0.999595  3.152658e+00
[SWaT:TranAD] 13  0.999995   1.000000     1.0  5463.0  ...   0.0     0.0  1.000000  1.227507e-03
[SWaT:TranAD] 14  0.997621   0.995263     1.0  5463.0  ...  26.0     0.0  0.999522  2.182369e+00
[SWaT:TranAD] 15  0.999995   1.000000     1.0  5463.0  ...   0.0     0.0  1.000000  2.106158e-03
[SWaT:TranAD] 16  0.000000   0.000000     0.0     0.0  ...   0.0  5463.0  0.500000  1.635784e+17
[SWaT:TranAD] 17  0.995077   0.990212     1.0  5463.0  ...  54.0     0.0  0.999007  5.244335e+00
[SWaT:TranAD] 18  0.000000   0.000000     0.0     0.0  ...   0.0  5463.0  0.500000  6.333371e+01
[SWaT:TranAD] 19  0.991195   0.982554     1.0  5463.0  ...  97.0     0.0  0.998216  7.556710e+01
[SWaT:TranAD] 20  0.995621   0.991290     1.0  5463.0  ...  48.0     0.0  0.999117  1.908728e+01
[SWaT:TranAD] 21  0.000000   0.000000     0.0     0.0  ...   0.0  5463.0  0.500000  9.610798e+01
[SWaT:TranAD] 22  0.995349   0.990751     1.0  5463.0  ...  51.0     0.0  0.999062  2.655944e+01
[SWaT:TranAD] 23  0.000000   0.000000     0.0     0.0  ...   0.0  5463.0  0.500000  1.490364e+03
[SWaT:TranAD] 24  0.997439   0.994901     1.0  5463.0  ...  28.0     0.0  0.999485  5.188958e+00
[SWaT:TranAD] 25  0.000000   0.000000     0.0     0.0  ...   0.0  5463.0  0.500000  5.977246e+00
[SWaT:TranAD] 26  0.999995   1.000000     1.0  5463.0  ...   0.0     0.0  1.000000  4.449279e+01
[SWaT:TranAD] 27  0.000000   0.000000     0.0     0.0  ...   0.0  5463.0  0.500000  1.023748e+03
[SWaT:TranAD] 28  0.000000   0.000000     0.0     0.0  ...   0.0  5463.0  0.500000  5.782101e+01
[SWaT:TranAD] 29  0.000000   0.000000     0.0     0.0  ...   0.0  5463.0  0.500000  3.598770e+19
[SWaT:TranAD] 30  0.000000   0.000000     0.0     0.0  ...   0.0  5463.0  0.500000  1.080033e+03
[SWaT:TranAD] 31  0.000000   0.000000     0.0     0.0  ...   0.0  5463.0  0.500000  1.862429e+03
[SWaT:TranAD] 32  0.000000   0.000000     0.0     0.0  ...   0.0  5463.0  0.500000  2.109199e-03
[SWaT:TranAD] 33  0.000000   0.000000     0.0     0.0  ...   0.0  5463.0  0.500000  1.164270e+03
[SWaT:TranAD] 34  0.000000   0.000000     0.0     0.0  ...   0.0  5463.0  0.500000  1.021774e+02
[SWaT:TranAD] 35  0.999995   1.000000     1.0  5463.0  ...   0.0     0.0  1.000000  2.180647e+01
[SWaT:TranAD] 36  0.000000   0.000000     0.0     0.0  ...   0.0  5463.0  0.500000  1.515813e+01
[SWaT:TranAD] 37  0.000000   0.000000     0.0     0.0  ...   0.0  5463.0  0.500000  8.607838e+02
[SWaT:TranAD] 38  0.999995   1.000000     1.0  5463.0  ...   0.0     0.0  1.000000  2.242503e+02
[SWaT:TranAD] 39  0.999995   1.000000     1.0  5463.0  ...   0.0     0.0  1.000000  2.141624e+02
[SWaT:TranAD] 40  0.999995   1.000000     1.0  5463.0  ...   0.0     0.0  1.000000  2.217392e+02
[SWaT:TranAD] 41  0.000000   0.000000     0.0     0.0  ...   0.0  5463.0  0.500000  1.041907e+03
[SWaT:TranAD] 42  0.999995   1.000000     1.0  5463.0  ...   0.0     0.0  1.000000  1.967876e+01
[SWaT:TranAD] 43  0.000000   0.000000     0.0     0.0  ...   0.0  5463.0  0.500000  8.095503e+18
[SWaT:TranAD] 44  0.000000   0.000000     0.0     0.0  ...   0.0  5463.0  0.500000  2.205011e+02
[SWaT:TranAD] 45  0.000000   0.000000     0.0     0.0  ...   0.0  5463.0  0.500000  1.205233e+02
[SWaT:TranAD] 46  0.000000   0.000000     0.0     0.0  ...   0.0  5463.0  0.500000  2.163105e+02
[SWaT:TranAD] 47  0.999995   1.000000     1.0  5463.0  ...   0.0     0.0  1.000000  1.046852e+02
[SWaT:TranAD] 48  0.000000   0.000000     0.0     0.0  ...   0.0  5463.0  0.500000  5.768534e+13
[SWaT:TranAD] 49  0.999995   1.000000     1.0  5463.0  ...   0.0     0.0  1.000000  1.074676e+02
[SWaT:TranAD] 50  0.000000   0.000000     0.0     0.0  ...  69.0  5463.0  0.498731  1.228506e-03
[SWaT:TranAD] 
[SWaT:TranAD] [51 rows x 9 columns]
[SWaT:TranAD] {'FN': 0,
[SWaT:TranAD]  'FP': 0,
[SWaT:TranAD]  'Hit@100%': 1.0,
[SWaT:TranAD]  'Hit@150%': 1.0,
[SWaT:TranAD]  'NDCG@100%': 1.0,
[SWaT:TranAD]  'NDCG@150%': 1.0,
[SWaT:TranAD]  'ROC/AUC': 1.0,
[SWaT:TranAD]  'TN': 27188,
[SWaT:TranAD]  'TP': 5463,
[SWaT:TranAD]  'f1': 0.9999949981945039,
[SWaT:TranAD]  'precision': 0.999999998169504,
[SWaT:TranAD]  'recall': 0.999999998169504,
[SWaT:TranAD]  'threshold': 192.1636447945691}
[HAI:USAD]  30%|███       | 9/30 [03:26<08:01, 22.95s/it]
[HAI:USAD] 
[HAI:USAD] Epoch 9,     L1 = 0.7756341048914482,        L2 = -0.6384074634259573
[HAI:USAD] 
[HAI:USAD]  30%|███       | 9/30 [03:49<08:01, 22.95s/it]
[HAI:USAD]  30%|███       | 9/30 [03:25<07:56, 22.68s/it]
[HAI:USAD] 
[HAI:USAD] Epoch 9,     L1 = 0.7656179532948812,        L2 = -0.6328728029289764
[HAI:USAD] 
[HAI:USAD]  30%|███       | 9/30 [03:47<07:56, 22.68s/it]
[sota] DONE TranAD_SWaT_s2 rc=0 248.4s raw_ALL={'AUROC': 0.961, 'bestF1': 0.861, 'F1_at5pctFPR': 0.818, 'TPR_at5pctFPR': 0.864} raw_HARD={'AUROC': 0.878, 'bestF1': 0.548, 'F1_at5pctFPR': 0.486, 'TPR_at5pctFPR': 0.573}
[HAI:USAD]  23%|██▎       | 7/30 [03:23<11:00, 28.70s/it]
[HAI:USAD] 
[HAI:USAD] Epoch 7,     L1 = 0.794900626809679, L2 = -0.6209298437184284
[HAI:USAD] 
[HAI:USAD]  23%|██▎       | 7/30 [03:51<11:00, 28.70s/it]
[WADI:TranAD]  80%|████████  | 4/5 [03:19<00:49, 49.61s/it]
[WADI:TranAD] 
[WADI:TranAD] Epoch 4,  L1 = 0.4231426145814566
[WADI:TranAD] 
[WADI:TranAD]  80%|████████  | 4/5 [04:08<00:49, 49.61s/it]
[WADI:TranAD] 100%|██████████| 5/5 [04:08<00:00, 49.63s/it]
[WADI:TranAD] 100%|██████████| 5/5 [04:08<00:00, 49.75s/it]
[WADI:TranAD] [1mTraining time:   248.7353 s[0m
[WADI:TranAD] [95mTesting TranAD on WADI[0m
[HAI:USAD]  30%|███       | 9/30 [03:29<08:07, 23.22s/it]
[HAI:USAD] 
[HAI:USAD] Epoch 9,     L1 = 0.7663052787097192,        L2 = -0.6319690209131369
[HAI:USAD] 
[HAI:USAD]  30%|███       | 9/30 [03:52<08:07, 23.22s/it]
[WADI:TranAD]  80%|████████  | 4/5 [03:18<00:49, 49.07s/it]
[WADI:TranAD] 
[WADI:TranAD] Epoch 4,  L1 = 0.4240807278072659
[WADI:TranAD] 
[WADI:TranAD]  80%|████████  | 4/5 [04:06<00:49, 49.07s/it]
[WADI:TranAD] 100%|██████████| 5/5 [04:06<00:00, 48.82s/it]
[WADI:TranAD] 100%|██████████| 5/5 [04:06<00:00, 49.29s/it]
[WADI:TranAD] [1mTraining time:   246.4559 s[0m
[WADI:TranAD] [95mTesting TranAD on WADI[0m
[gpu] WADI:GDN heartbeat t+240s alloc=0.00G
[SWaT:TranAD] /root/TranAD/src/spot.py:329: RuntimeWarning: overflow encountered in square
[SWaT:TranAD]   jac_vs = (1 / t) * (-vs + np.mean(1 / s ** 2))
[HAI:TranAD]   0%|          | 0/5 [00:00<?, ?it/s]
[HAI:TranAD] 
[HAI:TranAD] Epoch 0,   L1 = 0.5396479149054749
[HAI:TranAD] 
[HAI:TranAD]   0%|          | 0/5 [04:02<?, ?it/s]
[gpu] HAI:GDN heartbeat t+240s alloc=0.00G
[WADI:TranAD]  60%|██████    | 3/5 [03:09<02:06, 63.45s/it]
[WADI:TranAD] 
[WADI:TranAD] Epoch 3,  L1 = 0.43293690236610455
[WADI:TranAD] 
[WADI:TranAD]  60%|██████    | 3/5 [04:14<02:06, 63.45s/it]
[HAI:USAD]  23%|██▎       | 7/30 [03:33<11:48, 30.81s/it]
[HAI:USAD] 
[HAI:USAD] Epoch 7,     L1 = 0.7813687547625884,        L2 = -0.6084606739273468
[HAI:USAD] 
[HAI:USAD]  23%|██▎       | 7/30 [04:04<11:48, 30.81s/it]
[SWaT:TranAD]           f1  precision  recall      TP  ...    FP      FN   ROC/AUC     threshold
[SWaT:TranAD] 0   0.999995   1.000000     1.0  5463.0  ...   0.0     0.0  1.000000  3.746243e+00
[SWaT:TranAD] 1   0.000000   0.000000     0.0     0.0  ...   0.0  5463.0  0.500000  1.462734e+01
[SWaT:TranAD] 2   0.000000   0.000000     0.0     0.0  ...   0.0  5463.0  0.500000  4.034580e+01
[SWaT:TranAD] 3   0.998898   0.997808     1.0  5463.0  ...  12.0     0.0  0.999779  3.233845e+00
[SWaT:TranAD] 4   0.999995   1.000000     1.0  5463.0  ...   0.0     0.0  1.000000  3.754301e+03
[SWaT:TranAD] 5   0.999995   1.000000     1.0  5463.0  ...   0.0     0.0  1.000000  8.986040e+00
[SWaT:TranAD] 6   0.999995   1.000000     1.0  5463.0  ...   0.0     0.0  1.000000  1.640474e+01
[SWaT:TranAD] 7   0.000000   0.000000     0.0     0.0  ...   0.0  5463.0  0.500000  1.596826e+01
[SWaT:TranAD] 8   0.999720   0.999451     1.0  5463.0  ...   3.0     0.0  0.999945  3.142628e+00
[SWaT:TranAD] 9   0.000000   0.000000     0.0     0.0  ...   0.0  5463.0  0.500000  4.534884e+01
[SWaT:TranAD] 10  0.999995   1.000000     1.0  5463.0  ...   0.0     0.0  1.000000  5.865455e+00
[SWaT:TranAD] 11  0.999995   1.000000     1.0  5463.0  ...   0.0     0.0  1.000000  6.012500e-03
[SWaT:TranAD] 12  0.999812   0.999634     1.0  5463.0  ...   2.0     0.0  0.999963  3.115778e+00
[SWaT:TranAD] 13  0.999995   1.000000     1.0  5463.0  ...   0.0     0.0  1.000000  4.360274e-02
[SWaT:TranAD] 14  0.999995   1.000000     1.0  5463.0  ...   0.0     0.0  1.000000  2.861889e+00
[SWaT:TranAD] 15  0.999995   1.000000     1.0  5463.0  ...   0.0     0.0  1.000000  5.976627e+09
[SWaT:TranAD] 16  0.000000   0.000000     0.0     0.0  ...   0.0  5463.0  0.500000  1.076054e+11
[SWaT:TranAD] 17  0.996529   0.993092     1.0  5463.0  ...  38.0     0.0  0.999301  5.193046e+00
[SWaT:TranAD] 18  0.000000   0.000000     0.0     0.0  ...   0.0  5463.0  0.500000  6.333371e+01
[SWaT:TranAD] 19  0.991195   0.982554     1.0  5463.0  ...  97.0     0.0  0.998216  6.015841e+01
[SWaT:TranAD] 20  0.997621   0.995263     1.0  5463.0  ...  26.0     0.0  0.999522  1.917580e+01
[SWaT:TranAD] 21  0.000000   0.000000     0.0     0.0  ...   0.0  5463.0  0.500000  8.694651e+01
[SWaT:TranAD] 22  0.000000   0.000000     0.0     0.0  ...  56.0  5463.0  0.498970  2.657508e+01
[SWaT:TranAD] 23  0.000000   0.000000     0.0     0.0  ...   0.0  5463.0  0.500000  4.109371e+02
[SWaT:TranAD] 24  0.997439   0.994901     1.0  5463.0  ...  28.0     0.0  0.999485  5.337554e+00
[SWaT:TranAD] 25  0.000000   0.000000     0.0     0.0  ...   0.0  5463.0  0.500000  6.071504e+00
[SWaT:TranAD] 26  0.999995   1.000000     1.0  5463.0  ...   0.0     0.0  1.000000  4.941755e+01
[SWaT:TranAD] 27  0.000000   0.000000     0.0     0.0  ...   0.0  5463.0  0.500000  1.025625e+03
[SWaT:TranAD] 28  0.000000   0.000000     0.0     0.0  ...   0.0  5463.0  0.500000  5.782101e+01
[SWaT:TranAD] 29  0.000000   0.000000     0.0     0.0  ...  13.0  5463.0  0.499761  3.931387e-03
[SWaT:TranAD] 30  0.000000   0.000000     0.0     0.0  ...   0.0  5463.0  0.500000  6.169404e+02
[SWaT:TranAD] 31  0.000000   0.000000     0.0     0.0  ...   0.0  5463.0  0.500000  1.347793e+03
[SWaT:TranAD] 32  0.000000   0.000000     0.0     0.0  ...   0.0  5463.0  0.500000  2.906914e+14
[SWaT:TranAD] 33  0.000000   0.000000     0.0     0.0  ...   0.0  5463.0  0.500000  1.042272e+03
[SWaT:TranAD] 34  0.000000   0.000000     0.0     0.0  ...   0.0  5463.0  0.500000  1.021774e+02
[SWaT:TranAD] 35  0.999995   1.000000     1.0  5463.0  ...   0.0     0.0  1.000000  2.271794e+01
[SWaT:TranAD] 36  0.999995   1.000000     1.0  5463.0  ...   0.0     0.0  1.000000  1.515618e+01
[SWaT:TranAD] 37  0.000000   0.000000     0.0     0.0  ...   0.0  5463.0  0.500000  8.607838e+02
[SWaT:TranAD] 38  0.999995   1.000000     1.0  5463.0  ...   0.0     0.0  1.000000  2.242503e+02
[SWaT:TranAD] 39  0.999995   1.000000     1.0  5463.0  ...   0.0     0.0  1.000000  2.141624e+02
[SWaT:TranAD] 40  0.999995   1.000000     1.0  5463.0  ...   0.0     0.0  1.000000  2.217392e+02
[SWaT:TranAD] 41  0.000000   0.000000     0.0     0.0  ...   0.0  5463.0  0.500000  1.034350e+03
[SWaT:TranAD] 42  0.000000   0.000000     0.0     0.0  ...   0.0  5463.0  0.500000  1.019457e+03
[SWaT:TranAD] 43  0.994172   0.988420     1.0  5463.0  ...  64.0     0.0  0.998823  2.142520e-03
[SWaT:TranAD] 44  0.000000   0.000000     0.0     0.0  ...   0.0  5463.0  0.500000  2.205011e+02
[SWaT:TranAD] 45  0.000000   0.000000     0.0     0.0  ...   0.0  5463.0  0.500000  1.214567e+02
[SWaT:TranAD] 46  0.000000   0.000000     0.0     0.0  ...   0.0  5463.0  0.500000  2.163105e+02
[SWaT:TranAD] 47  0.999538   0.999086     1.0  5463.0  ...   5.0     0.0  0.999908  1.037968e+02
[SWaT:TranAD] 48  0.000000   0.000000     0.0     0.0  ...   0.0  5463.0  0.500000  1.315214e-03
[SWaT:TranAD] 49  0.000000   0.000000     0.0     0.0  ...   0.0  5463.0  0.500000  1.220207e+02
[SWaT:TranAD] 50  0.999995   1.000000     1.0  5463.0  ...   0.0     0.0  1.000000  1.201640e-02
[SWaT:TranAD] 
[SWaT:TranAD] [51 rows x 9 columns]
[SWaT:TranAD] {'FN': 0,
[SWaT:TranAD]  'FP': 0,
[SWaT:TranAD]  'Hit@100%': 1.0,
[SWaT:TranAD]  'Hit@150%': 1.0,
[SWaT:TranAD]  'NDCG@100%': 1.0,
[SWaT:TranAD]  'NDCG@150%': 1.0,
[SWaT:TranAD]  'ROC/AUC': 1.0,
[SWaT:TranAD]  'TN': 27188,
[SWaT:TranAD]  'TP': 5463,
[SWaT:TranAD]  'f1': 0.9999949981945039,
[SWaT:TranAD]  'precision': 0.999999998169504,
[SWaT:TranAD]  'recall': 0.999999998169504,
[SWaT:TranAD]  'threshold': 194.62268875678024}
[WADI:TranAD]  80%|████████  | 4/5 [03:25<00:52, 52.01s/it]
[WADI:TranAD] 
[WADI:TranAD] Epoch 4,  L1 = 0.4234289907368711
[WADI:TranAD] 
[WADI:TranAD]  80%|████████  | 4/5 [04:19<00:52, 52.01s/it]
[WADI:TranAD] 100%|██████████| 5/5 [04:19<00:00, 52.70s/it]
[WADI:TranAD] 100%|██████████| 5/5 [04:19<00:00, 51.92s/it]
[WADI:TranAD] [1mTraining time:   259.5974 s[0m
[WADI:TranAD] [95mTesting TranAD on WADI[0m
[gpu] SWaT:GDN heartbeat t+240s alloc=0.00G
[sota] DONE TranAD_SWaT_s0 rc=0 270.6s raw_ALL={'AUROC': 0.961, 'bestF1': 0.86, 'F1_at5pctFPR': 0.818, 'TPR_at5pctFPR': 0.865} raw_HARD={'AUROC': 0.877, 'bestF1': 0.529, 'F1_at5pctFPR': 0.487, 'TPR_at5pctFPR': 0.575}
[HAI:USAD]  33%|███▎      | 10/30 [03:49<07:37, 22.90s/it][HAI:USAD]  33%|███▎      | 10/30 [03:47<07:32, 22.64s/it]
[HAI:USAD] 
[HAI:USAD] Epoch 10,    L1 = 0.7742009069701331,        L2 = -0.6499055669847252
[HAI:USAD] 
[HAI:USAD]  33%|███▎      | 10/30 [04:12<07:37, 22.90s/it]

[HAI:USAD] 
[HAI:USAD] Epoch 10,    L1 = 0.7669645241049696,        L2 = -0.646361956140892
[HAI:USAD] 
[HAI:USAD]  33%|███▎      | 10/30 [04:10<07:32, 22.64s/it]
[HAI:USAD]  33%|███▎      | 10/30 [03:52<07:44, 23.22s/it]
[HAI:USAD] 
[HAI:USAD] Epoch 10,    L1 = 0.7623025984555262,        L2 = -0.6418156360611873
[HAI:USAD] 
[HAI:USAD]  33%|███▎      | 10/30 [04:15<07:44, 23.22s/it]
[HAI:USAD]  27%|██▋       | 8/30 [03:51<10:25, 28.45s/it]
[HAI:USAD] 
[HAI:USAD] Epoch 8,     L1 = 0.8075576141255053,        L2 = -0.6538449118751686
[HAI:USAD] 
[HAI:USAD]  27%|██▋       | 8/30 [04:19<10:25, 28.45s/it]
[WADI:TranAD] /root/TranAD/src/spot.py:313: RuntimeWarning: divide by zero encountered in log
[WADI:TranAD]   return 1 + np.log(s).mean()
[WADI:TranAD] /root/TranAD/src/spot.py:316: RuntimeWarning: divide by zero encountered in divide
[WADI:TranAD]   return np.mean(1 / s)
[WADI:TranAD] /root/TranAD/src/spot.py:329: RuntimeWarning: divide by zero encountered in divide
[WADI:TranAD]   jac_vs = (1 / t) * (-vs + np.mean(1 / s ** 2))
[WADI:TranAD] /root/TranAD/src/spot.py:329: RuntimeWarning: invalid value encountered in scalar add
[WADI:TranAD]   jac_vs = (1 / t) * (-vs + np.mean(1 / s ** 2))
[WADI:TranAD] /root/TranAD/src/spot.py:313: RuntimeWarning: divide by zero encountered in log
[WADI:TranAD]   return 1 + np.log(s).mean()
[WADI:TranAD] /root/TranAD/src/spot.py:316: RuntimeWarning: divide by zero encountered in divide
[WADI:TranAD]   return np.mean(1 / s)
[WADI:TranAD] /root/TranAD/src/spot.py:329: RuntimeWarning: divide by zero encountered in divide
[WADI:TranAD]   jac_vs = (1 / t) * (-vs + np.mean(1 / s ** 2))
[WADI:TranAD] /root/TranAD/src/spot.py:329: RuntimeWarning: invalid value encountered in scalar add
[WADI:TranAD]   jac_vs = (1 / t) * (-vs + np.mean(1 / s ** 2))
[WADI:TranAD] /root/TranAD/src/spot.py:313: RuntimeWarning: divide by zero encountered in log
[WADI:TranAD]   return 1 + np.log(s).mean()
[WADI:TranAD] /root/TranAD/src/spot.py:316: RuntimeWarning: divide by zero encountered in divide
[WADI:TranAD]   return np.mean(1 / s)
[WADI:TranAD] /root/TranAD/src/spot.py:329: RuntimeWarning: divide by zero encountered in divide
[WADI:TranAD]   jac_vs = (1 / t) * (-vs + np.mean(1 / s ** 2))
[WADI:TranAD] /root/TranAD/src/spot.py:329: RuntimeWarning: invalid value encountered in scalar add
[WADI:TranAD]   jac_vs = (1 / t) * (-vs + np.mean(1 / s ** 2))
[WADI:TranAD]  80%|████████  | 4/5 [03:49<00:56, 56.76s/it]
[WADI:TranAD]            f1  precision    recall     TP  ...    FP     FN   ROC/AUC     threshold
[WADI:TranAD] 0    0.296926   0.994286  0.174524  174.0  ...   1.0  823.0  0.587231  2.724822e+01
[WADI:TranAD] 1    0.000000   0.000000  0.000000    0.0  ...   2.0  997.0  0.499939  9.535676e+01
[WADI:TranAD] 2    0.000000   0.000000  0.000000    0.0  ...   1.0  997.0  0.499969  3.701892e+01
[WADI:TranAD] 3    0.000000   0.000000  0.000000    0.0  ...   1.0  997.0  0.499969  2.678931e+01
[WADI:TranAD] 4    0.000000   0.000000  0.000000    0.0  ...  32.0  997.0  0.499017  4.442698e+00
[WADI:TranAD] ..        ...        ...       ...    ...  ...   ...    ...       ...           ...
[WADI:TranAD] 118  0.000000   0.000000  0.000000    0.0  ...   0.0  997.0  0.500000  7.036656e-05
[WADI:TranAD] 119  0.000000   0.000000  0.000000    0.0  ...   0.0  997.0  0.500000  5.447553e+07
[WADI:TranAD] 120  0.000000   0.000000  0.000000    0.0  ...   3.0  997.0  0.499908  8.741520e+01
[WADI:TranAD] 121  0.000000   0.000000  0.000000    0.0  ...   0.0  997.0  0.500000  1.256473e-05
[WADI:TranAD] 122  0.151244   0.669291  0.085256   85.0  ...  42.0  912.0  0.541338  6.926117e+00
[WADI:TranAD] 
[WADI:TranAD] [123 rows x 9 columns]
[WADI:TranAD] {'FN': 997,
[WADI:TranAD]  'FP': 37,
[WADI:TranAD]  'Hit@100%': 1.0,
[WADI:TranAD]  'Hit@150%': 1.0,
[WADI:TranAD]  'NDCG@100%': 1.0000000000000004,
[WADI:TranAD]  'NDCG@150%': 1.0000000000000004,
[WADI:TranAD]  'ROC/AUC': 0.4988639154998772,
[WADI:TranAD]  'TN': 16247,
[WADI:TranAD]  'TP': 0,
[WADI:TranAD]  'f1': 0.0,
[WADI:TranAD]  'precision': 0.0,
[WADI:TranAD]  'recall': 0.0,
[WADI:TranAD]  'threshold': 6.6391013886233585}
[WADI:TranAD] 
[WADI:TranAD] Epoch 4,  L1 = 0.4223610361579192
[WADI:TranAD] 
[WADI:TranAD]  80%|████████  | 4/5 [04:45<00:56, 56.76s/it]
[WADI:TranAD] 100%|██████████| 5/5 [04:45<00:00, 56.30s/it]
[WADI:TranAD] 100%|██████████| 5/5 [04:45<00:00, 57.02s/it]
[WADI:TranAD] [1mTraining time:   285.1272 s[0m
[WADI:TranAD] [95mTesting TranAD on WADI[0m
[sota] DONE TranAD_WADI_s2 rc=0 296.8s raw_ALL={'AUROC': 0.706, 'bestF1': 0.436, 'F1_at5pctFPR': 0.424, 'TPR_at5pctFPR': 0.489} raw_HARD={'AUROC': 0.457, 'bestF1': 0.2, 'F1_at5pctFPR': 0.137, 'TPR_at5pctFPR': 0.211}
[HAI:USAD]  37%|███▋      | 11/30 [04:12<07:15, 22.92s/it]
[HAI:USAD] 
[HAI:USAD] Epoch 11,    L1 = 0.7751320734426212,        L2 = -0.661380237006482
[HAI:USAD] 
[HAI:USAD]  37%|███▋      | 11/30 [04:35<07:15, 22.92s/it]
[HAI:USAD]  37%|███▋      | 11/30 [04:10<07:09, 22.59s/it]
[HAI:USAD] 
[HAI:USAD] Epoch 11,    L1 = 0.7677275177548366,        L2 = -0.657322837053677
[HAI:USAD] 
[HAI:USAD]  37%|███▋      | 11/30 [04:33<07:09, 22.59s/it]
[HAI:USAD]  27%|██▋       | 8/30 [04:04<11:19, 30.91s/it]
[HAI:USAD] 
[HAI:USAD] Epoch 8,     L1 = 0.7844000181813333,        L2 = -0.6319134830147527
[HAI:USAD] 
[HAI:USAD]  27%|██▋       | 8/30 [04:35<11:19, 30.91s/it]
[gpu] HAI:TranAD heartbeat t+300s alloc=0.00G
[gpu] WADI:TranAD heartbeat t+300s alloc=0.00G
[gpu] WADI:TranAD heartbeat t+300s alloc=0.00G
[gpu] HAI:USAD heartbeat t+300s alloc=0.00G
[gpu] WADI:TranAD heartbeat t+300s alloc=0.00G
[gpu] HAI:USAD heartbeat t+300s alloc=0.00G
[gpu] WADI:TranAD heartbeat t+300s alloc=0.00G[HAI:USAD]  37%|███▋      | 11/30 [04:15<07:23, 23.36s/it]

[HAI:USAD] 
[HAI:USAD] Epoch 11,    L1 = 0.7577416065277109,        L2 = -0.6485938580471289
[HAI:USAD] 
[HAI:USAD]  37%|███▋      | 11/30 [04:41<07:23, 23.36s/it]
[gpu] HAI:TranAD heartbeat t+300s alloc=0.00G
[gpu] HAI:TranAD heartbeat t+300s alloc=0.00G
[gpu] HAI:USAD heartbeat t+300s alloc=0.00G
[gpu] HAI:USAD heartbeat t+300s alloc=0.00G
[gpu] HAI:USAD heartbeat t+300s alloc=0.00G[gpu] HAI:TranAD heartbeat t+300s alloc=0.00G

[gpu] WADI:TranAD heartbeat t+300s alloc=0.00G[gpu] HAI:TranAD heartbeat t+300s alloc=0.00G

[HAI:USAD]  30%|███       | 9/30 [04:19<09:57, 28.47s/it]
[HAI:USAD] 
[HAI:USAD] Epoch 9,     L1 = 0.8119417428693364,        L2 = -0.6747276639275004
[HAI:USAD] 
[HAI:USAD]  30%|███       | 9/30 [04:47<09:57, 28.47s/it]
[WADI:TranAD]            f1  precision    recall     TP  ...    FP     FN   ROC/AUC  threshold
[WADI:TranAD] 0    0.296926   0.994286  0.174524  174.0  ...   1.0  823.0  0.587231  28.110405
[WADI:TranAD] 1    0.130962   0.972222  0.070211   70.0  ...   2.0  927.0  0.535044  93.673169
[WADI:TranAD] 2    0.000000   0.000000  0.000000    0.0  ...   1.0  997.0  0.499969  33.266863
[WADI:TranAD] 3    0.000000   0.000000  0.000000    0.0  ...   1.0  997.0  0.499969  26.777884
[WADI:TranAD] 4    0.156825   0.977011  0.085256   85.0  ...   2.0  912.0  0.542566   4.784556
[WADI:TranAD] ..        ...        ...       ...    ...  ...   ...    ...       ...        ...
[WADI:TranAD] 118  0.000000   0.000000  0.000000    0.0  ...   4.0  997.0  0.499877   0.000126
[WADI:TranAD] 119  0.000000   0.000000  0.000000    0.0  ...   0.0  997.0  0.500000   0.000123
[WADI:TranAD] 120  0.000000   0.000000  0.000000    0.0  ...   1.0  997.0  0.499969  85.137810
[WADI:TranAD] 121  0.000000   0.000000  0.000000    0.0  ...   0.0  997.0  0.500000   0.000016
[WADI:TranAD] 122  0.396627   0.838188  0.259779  259.0  ...  50.0  738.0  0.628354   6.926117
[WADI:TranAD] 
[WADI:TranAD] [123 rows x 9 columns]
[WADI:TranAD] {'FN': 997,
[WADI:TranAD]  'FP': 25,
[WADI:TranAD]  'Hit@100%': 1.0,
[WADI:TranAD]  'Hit@150%': 1.0,
[WADI:TranAD]  'NDCG@100%': 1.0000000000000004,
[WADI:TranAD]  'NDCG@150%': 1.0000000000000004,
[WADI:TranAD]  'ROC/AUC': 0.49923237533775483,
[WADI:TranAD]  'TN': 16259,
[WADI:TranAD]  'TP': 0,
[WADI:TranAD]  'f1': 0.0,
[WADI:TranAD]  'precision': 0.0,
[WADI:TranAD]  'recall': 0.0,
[WADI:TranAD]  'threshold': 7.6095469196499765}
[WADI:TranAD] /root/TranAD/src/spot.py:313: RuntimeWarning: divide by zero encountered in log
[WADI:TranAD]   return 1 + np.log(s).mean()
[WADI:TranAD] /root/TranAD/src/spot.py:316: RuntimeWarning: divide by zero encountered in divide
[WADI:TranAD]   return np.mean(1 / s)
[WADI:TranAD] /root/TranAD/src/spot.py:329: RuntimeWarning: divide by zero encountered in divide
[WADI:TranAD]   jac_vs = (1 / t) * (-vs + np.mean(1 / s ** 2))
[WADI:TranAD] /root/TranAD/src/spot.py:329: RuntimeWarning: invalid value encountered in scalar add
[WADI:TranAD]   jac_vs = (1 / t) * (-vs + np.mean(1 / s ** 2))
[sota] DONE TranAD_WADI_s0 rc=0 311.4s raw_ALL={'AUROC': 0.712, 'bestF1': 0.435, 'F1_at5pctFPR': 0.419, 'TPR_at5pctFPR': 0.481} raw_HARD={'AUROC': 0.458, 'bestF1': 0.193, 'F1_at5pctFPR': 0.137, 'TPR_at5pctFPR': 0.211}
[WADI:TranAD]            f1  precision    recall     TP  ...    FP     FN   ROC/AUC     threshold
[WADI:TranAD] 0    0.296926   0.994286  0.174524  174.0  ...   1.0  823.0  0.587231  2.906412e+01
[WADI:TranAD] 1    0.130962   0.972222  0.070211   70.0  ...   2.0  927.0  0.535044  9.350849e+01
[WADI:TranAD] 2    0.000000   0.000000  0.000000    0.0  ...   1.0  997.0  0.499969  3.460210e+01
[WADI:TranAD] 3    0.000000   0.000000  0.000000    0.0  ...   1.0  997.0  0.499969  2.677792e+01
[WADI:TranAD] 4    0.000000   0.000000  0.000000    0.0  ...   0.0  997.0  0.500000  2.448440e+11
[WADI:TranAD] ..        ...        ...       ...    ...  ...   ...    ...       ...           ...
[WADI:TranAD] 118  0.000000   0.000000  0.000000    0.0  ...   0.0  997.0  0.500000  3.986960e-01
[WADI:TranAD] 119  0.000000   0.000000  0.000000    0.0  ...   0.0  997.0  0.500000  2.305272e+18
[WADI:TranAD] 120  0.000000   0.000000  0.000000    0.0  ...   2.0  997.0  0.499939  8.227501e+01
[WADI:TranAD] 121  0.000000   0.000000  0.000000    0.0  ...   0.0  997.0  0.500000  5.064750e+13
[WADI:TranAD] 122  0.399996   0.869127  0.259779  259.0  ...  39.0  738.0  0.628692  6.926117e+00
[WADI:TranAD] 
[WADI:TranAD] [123 rows x 9 columns]
[WADI:TranAD] {'FN': 997,
[WADI:TranAD]  'FP': 25,
[WADI:TranAD]  'Hit@100%': 1.0,
[WADI:TranAD]  'Hit@150%': 1.0,
[WADI:TranAD]  'NDCG@100%': 1.0000000000000002,
[WADI:TranAD]  'NDCG@150%': 1.0000000000000002,
[WADI:TranAD]  'ROC/AUC': 0.49923237533775483,
[WADI:TranAD]  'TN': 16259,
[WADI:TranAD]  'TP': 0,
[WADI:TranAD]  'f1': 0.0,
[WADI:TranAD]  'precision': 0.0,
[WADI:TranAD]  'recall': 0.0,
[WADI:TranAD]  'threshold': 7.616160169945593}
[HAI:USAD]  40%|████      | 12/30 [04:35<06:52, 22.93s/it]
[HAI:USAD] 
[HAI:USAD] Epoch 12,    L1 = 0.776910293064873, L2 = -0.671986992637104
[HAI:USAD] 
[HAI:USAD]  40%|████      | 12/30 [04:58<06:52, 22.93s/it]
[HAI:USAD]  40%|████      | 12/30 [04:33<06:51, 22.84s/it]
[HAI:USAD] 
[HAI:USAD] Epoch 12,    L1 = 0.7684438020254045,        L2 = -0.6666291485883323
[HAI:USAD] 
[HAI:USAD]  40%|████      | 12/30 [04:56<06:51, 22.84s/it]
[gpu] WADI:GDN heartbeat t+300s alloc=0.00G
[sota] DONE TranAD_WADI_s4 rc=0 317.2s raw_ALL={'AUROC': 0.71, 'bestF1': 0.429, 'F1_at5pctFPR': 0.424, 'TPR_at5pctFPR': 0.489} raw_HARD={'AUROC': 0.457, 'bestF1': 0.195, 'F1_at5pctFPR': 0.136, 'TPR_at5pctFPR': 0.209}
[gpu] HAI:GDN heartbeat t+300s alloc=0.00G
[HAI:TranAD]  20%|██        | 1/5 [02:31<10:04, 151.04s/it]
[HAI:TranAD] 
[HAI:TranAD] Epoch 1,   L1 = 0.5186428969663648
[HAI:TranAD] 
[HAI:TranAD]  20%|██        | 1/5 [05:02<10:04, 151.04s/it]
[HAI:USAD]  30%|███       | 9/30 [04:35<10:46, 30.77s/it]
[HAI:USAD] 
[HAI:USAD] Epoch 9,     L1 = 0.7898351257272258,        L2 = -0.6534472112872787
[HAI:USAD] 
[HAI:USAD]  30%|███       | 9/30 [05:05<10:46, 30.77s/it]
[HAI:USAD]  40%|████      | 12/30 [04:41<07:13, 24.10s/it]
[HAI:USAD] 
[HAI:USAD] Epoch 12,    L1 = 0.7550992998658059,        L2 = -0.6549037075134125
[HAI:USAD] 
[HAI:USAD]  40%|████      | 12/30 [05:06<07:13, 24.10s/it]
[WADI:TranAD]  80%|████████  | 4/5 [04:14<01:04, 64.41s/it]
[WADI:TranAD] 
[WADI:TranAD] Epoch 4,  L1 = 0.4253222832963673
[WADI:TranAD] 
[WADI:TranAD]  80%|████████  | 4/5 [05:20<01:04, 64.41s/it]
[WADI:TranAD] 100%|██████████| 5/5 [05:20<00:00, 64.70s/it]
[WADI:TranAD] 100%|██████████| 5/5 [05:20<00:00, 64.03s/it]
[WADI:TranAD] [1mTraining time:   320.1561 s[0m
[WADI:TranAD] [95mTesting TranAD on WADI[0m
[gpu] SWaT:GDN heartbeat t+300s alloc=0.00G
[WADI:TranAD] /root/TranAD/src/spot.py:313: RuntimeWarning: divide by zero encountered in log
[WADI:TranAD]   return 1 + np.log(s).mean()
[WADI:TranAD] /root/TranAD/src/spot.py:316: RuntimeWarning: divide by zero encountered in divide
[WADI:TranAD]   return np.mean(1 / s)
[WADI:TranAD] /root/TranAD/src/spot.py:329: RuntimeWarning: divide by zero encountered in divide
[WADI:TranAD]   jac_vs = (1 / t) * (-vs + np.mean(1 / s ** 2))
[WADI:TranAD] /root/TranAD/src/spot.py:329: RuntimeWarning: invalid value encountered in scalar add
[WADI:TranAD]   jac_vs = (1 / t) * (-vs + np.mean(1 / s ** 2))
[HAI:USAD]  33%|███▎      | 10/30 [04:47<09:24, 28.23s/it]
[HAI:USAD] 
[HAI:USAD] Epoch 10,    L1 = 0.8130932542942049,        L2 = -0.689262945700063
[HAI:USAD] 
[HAI:USAD]  33%|███▎      | 10/30 [05:15<09:24, 28.23s/it]
[WADI:TranAD]            f1  precision    recall     TP  ...    FP     FN   ROC/AUC     threshold
[WADI:TranAD] 0    0.296926   0.994286  0.174524  174.0  ...   1.0  823.0  0.587231  2.729737e+01
[WADI:TranAD] 1    0.130840   0.958904  0.070211   70.0  ...   3.0  927.0  0.535013  8.886127e+01
[WADI:TranAD] 2    0.000000   0.000000  0.000000    0.0  ...   1.0  997.0  0.499969  3.653519e+01
[WADI:TranAD] 3    0.000000   0.000000  0.000000    0.0  ...   1.0  997.0  0.499969  2.677788e+01
[WADI:TranAD] 4    0.183258   0.753623  0.104313  104.0  ...  34.0  893.0  0.551112  4.569496e+00
[WADI:TranAD] ..        ...        ...       ...    ...  ...   ...    ...       ...           ...
[WADI:TranAD] 118  0.000000   0.000000  0.000000    0.0  ...   0.0  997.0  0.500000  1.840764e+13
[WADI:TranAD] 119  0.000000   0.000000  0.000000    0.0  ...   0.0  997.0  0.500000  2.373781e+18
[WADI:TranAD] 120  0.000000   0.000000  0.000000    0.0  ...   1.0  997.0  0.499969  8.292151e+01
[WADI:TranAD] 121  0.000000   0.000000  0.000000    0.0  ...   0.0  997.0  0.500000  1.678072e-04
[WADI:TranAD] 122  0.396021   0.832797  0.259779  259.0  ...  52.0  738.0  0.628293  6.926117e+00
[WADI:TranAD] 
[WADI:TranAD] [123 rows x 9 columns]
[WADI:TranAD] {'FN': 997,
[WADI:TranAD]  'FP': 25,
[WADI:TranAD]  'Hit@100%': 1.0,
[WADI:TranAD]  'Hit@150%': 1.0,
[WADI:TranAD]  'NDCG@100%': 1.0000000000000004,
[WADI:TranAD]  'NDCG@150%': 1.0000000000000004,
[WADI:TranAD]  'ROC/AUC': 0.49923237533775483,
[WADI:TranAD]  'TN': 16259,
[WADI:TranAD]  'TP': 0,
[WADI:TranAD]  'f1': 0.0,
[WADI:TranAD]  'precision': 0.0,
[WADI:TranAD]  'recall': 0.0,
[WADI:TranAD]  'threshold': 7.627508536169645}
[HAI:USAD]  43%|████▎     | 13/30 [04:58<06:28, 22.84s/it]
[HAI:USAD] 
[HAI:USAD] Epoch 13,    L1 = 0.7789409781311081,        L2 = -0.6815560338845594
[HAI:USAD] 
[HAI:USAD]  43%|████▎     | 13/30 [05:20<06:28, 22.84s/it]
[sota] DONE TranAD_WADI_s1 rc=0 341.8s raw_ALL={'AUROC': 0.718, 'bestF1': 0.398, 'F1_at5pctFPR': 0.391, 'TPR_at5pctFPR': 0.442} raw_HARD={'AUROC': 0.469, 'bestF1': 0.2, 'F1_at5pctFPR': 0.137, 'TPR_at5pctFPR': 0.211}
[HAI:USAD]  43%|████▎     | 13/30 [04:56<06:28, 22.83s/it]
[HAI:USAD] 
[HAI:USAD] Epoch 13,    L1 = 0.769952650074622, L2 = -0.6754635623985119
[HAI:USAD] 
[HAI:USAD]  43%|████▎     | 13/30 [05:19<06:28, 22.83s/it]
[HAI:USAD]  43%|████▎     | 13/30 [05:06<06:52, 24.28s/it]
[HAI:USAD] 
[HAI:USAD] Epoch 13,    L1 = 0.7533495925630003,        L2 = -0.6608125701422031
[HAI:USAD] 
[HAI:USAD]  43%|████▎     | 13/30 [05:32<06:52, 24.28s/it]
[HAI:USAD]  33%|███▎      | 10/30 [05:05<10:10, 30.53s/it]
[HAI:USAD] 
[HAI:USAD] Epoch 10,    L1 = 0.7945199237381658,        L2 = -0.6711565456439682
[HAI:USAD] 
[HAI:USAD]  33%|███▎      | 10/30 [05:34<10:10, 30.53s/it]
[gpu] HAI:TranAD heartbeat t+360s alloc=0.00G
[gpu] HAI:USAD heartbeat t+360s alloc=0.00G
[gpu] WADI:TranAD heartbeat t+360s alloc=0.00G
[gpu] HAI:USAD heartbeat t+360s alloc=0.00G
[HAI:USAD]  37%|███▋      | 11/30 [05:15<08:52, 28.03s/it]
[HAI:USAD] 
[HAI:USAD] Epoch 11,    L1 = 0.8029495271400559,        L2 = -0.6907846748302638
[HAI:USAD] 
[HAI:USAD]  37%|███▋      | 11/30 [05:42<08:52, 28.03s/it]
[gpu] HAI:TranAD heartbeat t+360s alloc=0.00G
[gpu] HAI:TranAD heartbeat t+360s alloc=0.00G
[HAI:USAD]  47%|████▋     | 14/30 [05:20<06:04, 22.80s/it]
[HAI:USAD] 
[HAI:USAD] Epoch 14,    L1 = 0.7807423919508559,        L2 = -0.6898846750815839
[HAI:USAD] 
[HAI:USAD]  47%|████▋     | 14/30 [05:44<06:04, 22.80s/it]
[gpu] HAI:USAD heartbeat t+360s alloc=0.00G[gpu] HAI:USAD heartbeat t+360s alloc=0.00G

[HAI:TranAD]  20%|██        | 1/5 [02:46<11:04, 166.19s/it]
[gpu] HAI:USAD heartbeat t+360s alloc=0.00G
[HAI:TranAD] 
[HAI:TranAD] Epoch 1,   L1 = 0.5166779162265277
[HAI:TranAD] 
[HAI:TranAD]  20%|██        | 1/5 [05:47<11:04, 166.19s/it]
[HAI:USAD]  47%|████▋     | 14/30 [05:19<06:04, 22.78s/it]
[HAI:USAD] 
[HAI:USAD] Epoch 14,    L1 = 0.7706062160432339,        L2 = -0.6825211533625718
[HAI:USAD] 
[HAI:USAD]  47%|████▋     | 14/30 [05:42<06:04, 22.78s/it]
[gpu] HAI:TranAD heartbeat t+360s alloc=0.00G
[gpu] HAI:TranAD heartbeat t+360s alloc=0.00G
[WADI:TranAD] /root/TranAD/src/spot.py:313: RuntimeWarning: divide by zero encountered in log
[WADI:TranAD]   return 1 + np.log(s).mean()
[WADI:TranAD] /root/TranAD/src/spot.py:316: RuntimeWarning: divide by zero encountered in divide
[WADI:TranAD]   return np.mean(1 / s)
[WADI:TranAD] /root/TranAD/src/spot.py:329: RuntimeWarning: divide by zero encountered in divide
[WADI:TranAD]   jac_vs = (1 / t) * (-vs + np.mean(1 / s ** 2))
[WADI:TranAD] /root/TranAD/src/spot.py:329: RuntimeWarning: invalid value encountered in scalar add
[WADI:TranAD]   jac_vs = (1 / t) * (-vs + np.mean(1 / s ** 2))
[WADI:TranAD] /root/TranAD/src/spot.py:313: RuntimeWarning: divide by zero encountered in log
[WADI:TranAD]   return 1 + np.log(s).mean()
[WADI:TranAD] /root/TranAD/src/spot.py:316: RuntimeWarning: divide by zero encountered in divide
[WADI:TranAD]   return np.mean(1 / s)
[WADI:TranAD] /root/TranAD/src/spot.py:329: RuntimeWarning: divide by zero encountered in divide
[WADI:TranAD]   jac_vs = (1 / t) * (-vs + np.mean(1 / s ** 2))
[WADI:TranAD] /root/TranAD/src/spot.py:329: RuntimeWarning: invalid value encountered in scalar add
[WADI:TranAD]   jac_vs = (1 / t) * (-vs + np.mean(1 / s ** 2))
[WADI:TranAD]            f1  precision    recall     TP  ...    FP     FN   ROC/AUC  threshold
[WADI:TranAD] 0    0.296926   0.994286  0.174524  174.0  ...   1.0  823.0  0.587231  27.943404
[WADI:TranAD] 1    0.130962   0.972222  0.070211   70.0  ...   2.0  927.0  0.535044  87.853132
[WADI:TranAD] 2    0.000000   0.000000  0.000000    0.0  ...   1.0  997.0  0.499969  33.247224
[WADI:TranAD] 3    0.000000   0.000000  0.000000    0.0  ...   1.0  997.0  0.499969  26.777884
[WADI:TranAD] 4    0.283616   0.756522  0.174524  174.0  ...  56.0  823.0  0.585542   4.131711
[WADI:TranAD] ..        ...        ...       ...    ...  ...   ...    ...       ...        ...
[WADI:TranAD] 118  0.000000   0.000000  0.000000    0.0  ...   0.0  997.0  0.500000   0.000158
[WADI:TranAD] 119  0.000000   0.000000  0.000000    0.0  ...  15.0  997.0  0.499539   0.000022
[WADI:TranAD] 120  0.000000   0.000000  0.000000    0.0  ...   1.0  997.0  0.499969  85.215616
[WADI:TranAD] 121  0.000000   0.000000  0.000000    0.0  ...   2.0  997.0  0.499939   0.000006
[WADI:TranAD] 122  0.152328   0.714286  0.085256   85.0  ...  34.0  912.0  0.541584   6.950293
[WADI:TranAD] 
[WADI:TranAD] [123 rows x 9 columns]
[WADI:TranAD] {'FN': 997,
[WADI:TranAD]  'FP': 24,
[WADI:TranAD]  'Hit@100%': 1.0,
[WADI:TranAD]  'Hit@150%': 1.0,
[WADI:TranAD]  'NDCG@100%': 1.0000000000000004,
[WADI:TranAD]  'NDCG@150%': 1.0000000000000004,
[WADI:TranAD]  'ROC/AUC': 0.49926308032424466,
[WADI:TranAD]  'TN': 16260,
[WADI:TranAD]  'TP': 0,
[WADI:TranAD]  'f1': 0.0,
[WADI:TranAD]  'precision': 0.0,
[WADI:TranAD]  'recall': 0.0,
[WADI:TranAD]  'threshold': 7.647603264988566}
[sota] DONE TranAD_WADI_s3 rc=0 374.4s raw_ALL={'AUROC': 0.711, 'bestF1': 0.431, 'F1_at5pctFPR': 0.42, 'TPR_at5pctFPR': 0.483} raw_HARD={'AUROC': 0.459, 'bestF1': 0.191, 'F1_at5pctFPR': 0.136, 'TPR_at5pctFPR': 0.209}
[gpu] WADI:GDN heartbeat t+360s alloc=0.00G
[HAI:USAD]  47%|████▋     | 14/30 [05:32<06:35, 24.71s/it]
[HAI:USAD] 
[HAI:USAD] Epoch 14,    L1 = 0.7523196603631995,        L2 = -0.6663346296404817
[HAI:USAD] 
[HAI:USAD]  47%|████▋     | 14/30 [05:58<06:35, 24.71s/it]
[HAI:TranAD]  20%|██        | 1/5 [03:07<12:29, 187.29s/it]
[HAI:TranAD] 
[HAI:TranAD] Epoch 1,   L1 = 0.5159010671626181
[HAI:TranAD] 
[HAI:TranAD]  20%|██        | 1/5 [06:08<12:29, 187.29s/it]
[gpu] HAI:GDN heartbeat t+360s alloc=0.00G
[HAI:USAD]  37%|███▋      | 11/30 [05:34<09:33, 30.16s/it]
[HAI:USAD] 
[HAI:USAD] Epoch 11,    L1 = 0.7984051359021087,        L2 = -0.6858421351386712
[HAI:USAD] 
[HAI:USAD]  37%|███▋      | 11/30 [06:05<09:33, 30.16s/it]
[HAI:USAD]  50%|█████     | 15/30 [05:42<05:45, 23.05s/it]
[HAI:USAD] 
[HAI:USAD]  50%|█████     | 15/30 [05:44<05:45, 23.04s/it]
[HAI:USAD] Epoch 15,    L1 = 0.7725684092861348,        L2 = -0.6899850101636024
[HAI:USAD] 
[HAI:USAD]  50%|█████     | 15/30 [06:06<05:45, 23.05s/it]
[HAI:USAD] 
[HAI:USAD] Epoch 15,    L1 = 0.7832812207879076,        L2 = -0.6981101527387713
[HAI:USAD] 
[HAI:USAD]  50%|█████     | 15/30 [06:08<05:45, 23.04s/it]
[gpu] SWaT:GDN heartbeat t+360s alloc=0.00G
[HAI:USAD]  40%|████      | 12/30 [05:42<08:21, 27.89s/it]
[HAI:USAD] 
[HAI:USAD] Epoch 12,    L1 = 0.7962268556305467,        L2 = -0.693301957813836
[HAI:USAD] 
[HAI:USAD]  40%|████      | 12/30 [06:11<08:21, 27.89s/it]
[HAI:USAD]  50%|█████     | 15/30 [05:58<06:19, 25.30s/it]
[HAI:USAD] 
[HAI:USAD] Epoch 15,    L1 = 0.7526234306367356,        L2 = -0.6722190840979935
[HAI:USAD] 
[HAI:USAD]  50%|█████     | 15/30 [06:22<06:19, 25.30s/it]
[HAI:TranAD]  20%|██        | 1/5 [03:02<12:09, 182.31s/it]
[HAI:TranAD] 
[HAI:TranAD] Epoch 1,   L1 = 0.517123704758857
[HAI:TranAD] 
[HAI:TranAD]  20%|██        | 1/5 [06:25<12:09, 182.31s/it]
[HAI:USAD]  53%|█████▎    | 16/30 [06:06<05:24, 23.20s/it]
[HAI:USAD] 
[HAI:USAD] Epoch 16,    L1 = 0.7737788826047155,        L2 = -0.6961201780915371
[HAI:USAD] 
[HAI:USAD]  53%|█████▎    | 16/30 [06:29<05:24, 23.20s/it]
[HAI:USAD]  53%|█████▎    | 16/30 [06:08<05:27, 23.41s/it]
[HAI:USAD] 
[HAI:USAD] Epoch 16,    L1 = 0.7849051116941476,        L2 = -0.7047828312160025
[HAI:USAD] 
[HAI:USAD]  53%|█████▎    | 16/30 [06:33<05:27, 23.41s/it]
[SWaT:GDN]   0%|          | 0/5 [00:00<?, ?it/s]
[SWaT:GDN] 
[SWaT:GDN] Epoch 0,     MSE = 0.8350195572492459
[SWaT:GDN] 
[SWaT:GDN]   0%|          | 0/5 [06:22<?, ?it/s]
[HAI:USAD]  40%|████      | 12/30 [06:05<09:07, 30.41s/it]
[HAI:USAD] 
[HAI:USAD] Epoch 12,    L1 = 0.8025117222649014,        L2 = -0.6990082049880828
[HAI:USAD] 
[HAI:USAD]  40%|████      | 12/30 [06:36<09:07, 30.41s/it]
[gpu] HAI:TranAD heartbeat t+420s alloc=0.00G
[HAI:USAD]  43%|████▎     | 13/30 [06:11<08:00, 28.26s/it]
[HAI:USAD] 
[HAI:USAD] Epoch 13,    L1 = 0.7913908873473512,        L2 = -0.69622082416259
[HAI:USAD] 
[HAI:USAD]  43%|████▎     | 13/30 [06:39<08:00, 28.26s/it]
[gpu] HAI:USAD heartbeat t+420s alloc=0.00G
[gpu] HAI:USAD heartbeat t+420s alloc=0.00G
[gpu] HAI:TranAD heartbeat t+420s alloc=0.00G
[gpu] HAI:TranAD heartbeat t+420s alloc=0.00G
[gpu] HAI:USAD heartbeat t+420s alloc=0.00G[gpu] HAI:USAD heartbeat t+420s alloc=0.00G

[gpu] HAI:USAD heartbeat t+420s alloc=0.00G
[gpu] HAI:TranAD heartbeat t+420s alloc=0.00G
[gpu] HAI:TranAD heartbeat t+420s alloc=0.00G
[HAI:USAD]  53%|█████▎    | 16/30 [06:22<05:48, 24.92s/it]
[HAI:USAD] 
[HAI:USAD] Epoch 16,    L1 = 0.7522386005390643,        L2 = -0.6769071106511587
[HAI:USAD] 
[HAI:USAD]  53%|█████▎    | 16/30 [06:45<05:48, 24.92s/it]
[HAI:USAD]  57%|█████▋    | 17/30 [06:29<05:02, 23.24s/it]
[HAI:USAD] 
[HAI:USAD] Epoch 17,    L1 = 0.7752404468597975,        L2 = -0.7019334293029454
[HAI:USAD] 
[HAI:USAD]  57%|█████▋    | 17/30 [06:52<05:02, 23.24s/it]
[HAI:USAD]  57%|█████▋    | 17/30 [06:33<05:08, 23.70s/it]
[HAI:USAD] 
[HAI:USAD] Epoch 17,    L1 = 0.7889953771793045,        L2 = -0.713221673240892
[HAI:USAD] 
[HAI:USAD]  57%|█████▋    | 17/30 [06:59<05:08, 23.70s/it]
[gpu] WADI:GDN heartbeat t+420s alloc=0.00G
[gpu] HAI:GDN heartbeat t+420s alloc=0.00G
[HAI:USAD]  47%|████▋     | 14/30 [06:39<07:29, 28.10s/it]
[HAI:USAD] 
[HAI:USAD] Epoch 14,    L1 = 0.7865504694541702,        L2 = -0.6980475626269625
[HAI:USAD] 
[HAI:USAD]  47%|████▋     | 14/30 [07:07<07:29, 28.10s/it]
[HAI:USAD]  43%|████▎     | 13/30 [06:36<08:36, 30.38s/it]
[HAI:USAD] 
[HAI:USAD] Epoch 13,    L1 = 0.8060732781056135,        L2 = -0.7102444719897105
[HAI:USAD] 
[HAI:USAD]  43%|████▎     | 13/30 [07:07<08:36, 30.38s/it]
[gpu] SWaT:GDN heartbeat t+420s alloc=0.00G
[HAI:USAD]  57%|█████▋    | 17/30 [06:45<05:17, 24.39s/it]
[HAI:USAD] 
[HAI:USAD] Epoch 17,    L1 = 0.7522676901330957,        L2 = -0.6813189142684843
[HAI:USAD] 
[HAI:USAD]  57%|█████▋    | 17/30 [07:08<05:17, 24.39s/it]
[HAI:USAD]  60%|██████    | 18/30 [06:52<04:36, 23.01s/it]
[HAI:USAD] 
[HAI:USAD] Epoch 18,    L1 = 0.7768309655976672,        L2 = -0.7074199895197907
[HAI:USAD] 
[HAI:USAD]  60%|██████    | 18/30 [07:15<04:36, 23.01s/it]
[HAI:USAD]  60%|██████    | 18/30 [06:59<04:53, 24.46s/it]
[HAI:USAD] 
[HAI:USAD] Epoch 18,    L1 = 0.7910705518122887,        L2 = -0.7193177129560908
[HAI:USAD] 
[HAI:USAD]  60%|██████    | 18/30 [07:25<04:53, 24.46s/it]
[HAI:USAD]  60%|██████    | 18/30 [07:08<04:47, 23.97s/it]
[HAI:USAD] 
[HAI:USAD] Epoch 18,    L1 = 0.7513528855718312,        L2 = -0.6842616529941392
[HAI:USAD] 
[HAI:USAD]  60%|██████    | 18/30 [07:32<04:47, 23.97s/it]
[HAI:USAD]  50%|█████     | 15/30 [07:07<07:00, 28.03s/it]
[HAI:USAD] 
[HAI:USAD] Epoch 15,    L1 = 0.7827435466201221,        L2 = -0.7000004245819987
[HAI:USAD] 
[HAI:USAD]  50%|█████     | 15/30 [07:35<07:00, 28.03s/it]
[HAI:USAD]  47%|████▋     | 14/30 [07:07<08:10, 30.68s/it]
[HAI:USAD] 
[HAI:USAD] Epoch 14,    L1 = 0.8093849001002246,        L2 = -0.720127253626996
[HAI:USAD] 
[HAI:USAD]  47%|████▋     | 14/30 [07:38<08:10, 30.68s/it]
[gpu] HAI:TranAD heartbeat t+480s alloc=0.00G
[HAI:TranAD]  40%|████      | 2/5 [05:02<07:34, 151.40s/it]
[HAI:TranAD] 
[HAI:TranAD] Epoch 2,   L1 = 0.5039249815593809
[HAI:TranAD] 
[HAI:TranAD]  40%|████      | 2/5 [07:39<07:34, 151.40s/it]
[HAI:USAD]  63%|██████▎   | 19/30 [07:15<04:14, 23.16s/it]
[HAI:USAD] 
[HAI:USAD] Epoch 19,    L1 = 0.7783322952840076,        L2 = -0.7124230962066623
[HAI:USAD] 
[HAI:USAD]  63%|██████▎   | 19/30 [07:39<04:14, 23.16s/it]
[gpu] HAI:USAD heartbeat t+480s alloc=0.00G
[gpu] HAI:USAD heartbeat t+480s alloc=0.00G
[gpu] HAI:TranAD heartbeat t+480s alloc=0.00G
[gpu] HAI:TranAD heartbeat t+480s alloc=0.00G
[gpu] HAI:USAD heartbeat t+480s alloc=0.00G[gpu] HAI:USAD heartbeat t+480s alloc=0.00G

[gpu] HAI:USAD heartbeat t+480s alloc=0.00G[gpu] HAI:TranAD heartbeat t+480s alloc=0.00G

[gpu] HAI:TranAD heartbeat t+480s alloc=0.00G
[HAI:USAD]  63%|██████▎   | 19/30 [07:25<04:33, 24.89s/it]
[HAI:USAD] 
[HAI:USAD] Epoch 19,    L1 = 0.7927984992305308,        L2 = -0.7246385418799564
[HAI:USAD] 
[HAI:USAD]  63%|██████▎   | 19/30 [07:50<04:33, 24.89s/it]
[HAI:USAD]  63%|██████▎   | 19/30 [07:32<04:23, 23.92s/it]
[HAI:USAD] 
[HAI:USAD] Epoch 19,    L1 = 0.7502785758028797,        L2 = -0.6866240578090779
[HAI:USAD] 
[HAI:USAD]  63%|██████▎   | 19/30 [07:57<04:23, 23.92s/it]
[gpu] WADI:GDN heartbeat t+480s alloc=0.00G
[HAI:TranAD]  20%|██        | 1/5 [04:02<16:08, 242.23s/it]
[HAI:TranAD] 
[HAI:TranAD] Epoch 1,   L1 = 0.5175586051989666
[HAI:TranAD] 
[HAI:TranAD]  20%|██        | 1/5 [08:01<16:08, 242.23s/it]
[gpu] HAI:GDN heartbeat t+480s alloc=0.00G
[HAI:USAD]  53%|█████▎    | 16/30 [07:35<06:31, 27.94s/it]
[HAI:USAD] 
[HAI:USAD] Epoch 16,    L1 = 0.7811954177736017,        L2 = -0.7035768072165853
[HAI:USAD] 
[HAI:USAD]  53%|█████▎    | 16/30 [08:03<06:31, 27.94s/it]
[HAI:USAD]  67%|██████▋   | 20/30 [07:39<03:53, 23.35s/it]
[HAI:USAD] 
[HAI:USAD] Epoch 20,    L1 = 0.7800536835531542,        L2 = -0.7172694289987581
[HAI:USAD] 
[HAI:USAD]  67%|██████▋   | 20/30 [08:03<03:53, 23.35s/it]
[gpu] SWaT:GDN heartbeat t+480s alloc=0.00G
[HAI:USAD]  50%|█████     | 15/30 [07:38<07:43, 30.89s/it]
[HAI:USAD] 
[HAI:USAD] Epoch 15,    L1 = 0.8130863227684147,        L2 = -0.7295186826405305
[HAI:USAD] 
[HAI:USAD]  50%|█████     | 15/30 [08:10<07:43, 30.89s/it]
[HAI:USAD]  67%|██████▋   | 20/30 [07:50<04:08, 24.86s/it]
[HAI:USAD] 
[HAI:USAD] Epoch 20,    L1 = 0.7946880935694759,        L2 = -0.7297650399898287
[HAI:USAD] 
[HAI:USAD]  67%|██████▋   | 20/30 [08:14<04:08, 24.86s/it]
[HAI:USAD]  67%|██████▋   | 20/30 [07:57<04:01, 24.13s/it]
[HAI:USAD] 
[HAI:USAD] Epoch 20,    L1 = 0.7493687241120077,        L2 = -0.6887821433130915
[HAI:USAD] 
[HAI:USAD]  67%|██████▋   | 20/30 [08:23<04:01, 24.13s/it]
[HAI:USAD]  70%|███████   | 21/30 [08:03<03:31, 23.47s/it]
[HAI:USAD] 
[HAI:USAD] Epoch 21,    L1 = 0.7808349864370429,        L2 = -0.7209461624509063
[HAI:USAD] 
[HAI:USAD]  70%|███████   | 21/30 [08:27<03:31, 23.47s/it]
[HAI:USAD]  57%|█████▋    | 17/30 [08:03<06:03, 27.93s/it]
[HAI:USAD] 
[HAI:USAD] Epoch 17,    L1 = 0.780182875914423, L2 = -0.7070535706480806
[HAI:USAD] 
[HAI:USAD]  57%|█████▋    | 17/30 [08:30<06:03, 27.93s/it]
[HAI:USAD]  70%|███████   | 21/30 [08:14<03:41, 24.62s/it]
[HAI:USAD] 
[HAI:USAD] Epoch 21,    L1 = 0.7961192373082485,        L2 = -0.7341798594581538
[HAI:USAD] 
[HAI:USAD]  70%|███████   | 21/30 [08:37<03:41, 24.62s/it]
[gpu] HAI:TranAD heartbeat t+540s alloc=0.00G
[gpu] HAI:USAD heartbeat t+540s alloc=0.00G
[HAI:USAD]  53%|█████▎    | 16/30 [08:10<07:15, 31.09s/it]
[HAI:USAD] 
[HAI:USAD] Epoch 16,    L1 = 0.8149566535100508,        L2 = -0.7364444772584786
[HAI:USAD] 
[HAI:USAD]  53%|█████▎    | 16/30 [08:41<07:15, 31.09s/it]
[gpu] HAI:USAD heartbeat t+540s alloc=0.00G
[gpu] HAI:TranAD heartbeat t+540s alloc=0.00G
[gpu] HAI:TranAD heartbeat t+540s alloc=0.00G
[HAI:TranAD]  40%|████      | 2/5 [05:47<08:45, 175.06s/it]
[HAI:TranAD] 
[HAI:TranAD] Epoch 2,   L1 = 0.5035864327926896
[HAI:TranAD] 
[HAI:TranAD]  40%|████      | 2/5 [08:46<08:45, 175.06s/it]
[gpu] HAI:USAD heartbeat t+540s alloc=0.00G
[gpu] HAI:USAD heartbeat t+540s alloc=0.00G
[gpu] HAI:USAD heartbeat t+540s alloc=0.00G[gpu] HAI:TranAD heartbeat t+540s alloc=0.00G

[gpu] HAI:TranAD heartbeat t+540s alloc=0.00G
[HAI:USAD]  70%|███████   | 21/30 [08:23<03:43, 24.84s/it]
[HAI:USAD] 
[HAI:USAD] Epoch 21,    L1 = 0.7483361604654656,        L2 = -0.690568976093873
[HAI:USAD] 
[HAI:USAD]  70%|███████   | 21/30 [08:49<03:43, 24.84s/it]
[HAI:USAD]  73%|███████▎  | 22/30 [08:27<03:08, 23.62s/it]
[HAI:USAD] 
[HAI:USAD] Epoch 22,    L1 = 0.7813914606562334,        L2 = -0.7241290331606971
[HAI:USAD] 
[HAI:USAD]  73%|███████▎  | 22/30 [08:51<03:08, 23.62s/it]
[HAI:USAD]  60%|██████    | 18/30 [08:30<05:34, 27.86s/it]
[HAI:USAD] 
[HAI:USAD] Epoch 18,    L1 = 0.7779849649832816,        L2 = -0.7088640283751665
[HAI:USAD] 
[HAI:USAD]  60%|██████    | 18/30 [08:58<05:34, 27.86s/it]
[gpu] WADI:GDN heartbeat t+540s alloc=0.00G
[HAI:TranAD]  40%|████      | 2/5 [06:08<09:10, 183.44s/it]
[HAI:TranAD] 
[HAI:TranAD] Epoch 2,   L1 = 0.5041281519298438
[HAI:TranAD] 
[HAI:TranAD]  40%|████      | 2/5 [09:07<09:10, 183.44s/it]
[HAI:USAD]  73%|███████▎  | 22/30 [08:37<03:14, 24.37s/it]
[HAI:USAD] 
[HAI:USAD] Epoch 22,    L1 = 0.7974240260655718,        L2 = -0.7381881762150551
[HAI:USAD] 
[HAI:USAD]  73%|███████▎  | 22/30 [09:01<03:14, 24.37s/it]
[gpu] HAI:GDN heartbeat t+540s alloc=0.00G
[gpu] SWaT:GDN heartbeat t+540s alloc=0.00G
[HAI:USAD]  57%|█████▋    | 17/30 [08:41<06:44, 31.10s/it]
[HAI:USAD] 
[HAI:USAD] Epoch 17,    L1 = 0.8167336070806231,        L2 = -0.7426985770976344
[HAI:USAD] 
[HAI:USAD]  57%|█████▋    | 17/30 [09:13<06:44, 31.10s/it]
[HAI:USAD]  73%|███████▎  | 22/30 [08:49<03:21, 25.15s/it]
[HAI:USAD] 
[HAI:USAD] Epoch 22,    L1 = 0.7472236450678464,        L2 = -0.6920154839857969
[HAI:USAD] 
[HAI:USAD]  73%|███████▎  | 22/30 [09:15<03:21, 25.15s/it]
[HAI:USAD]  77%|███████▋  | 23/30 [08:51<02:45, 23.71s/it]
[HAI:USAD] 
[HAI:USAD] Epoch 23,    L1 = 0.7816291679818612,        L2 = -0.7267736539272349
[HAI:USAD] 
[HAI:USAD]  77%|███████▋  | 23/30 [09:16<02:45, 23.71s/it]
[HAI:USAD]  77%|███████▋  | 23/30 [09:01<02:49, 24.15s/it]
[HAI:USAD] 
[HAI:USAD] Epoch 23,    L1 = 0.798218866986773, L2 = -0.7414697385029556
[HAI:USAD] 
[HAI:USAD]  77%|███████▋  | 23/30 [09:25<02:49, 24.15s/it]
[HAI:USAD]  63%|██████▎   | 19/30 [08:58<05:06, 27.87s/it]
[HAI:USAD] 
[HAI:USAD] Epoch 19,    L1 = 0.7768921408331416,        L2 = -0.7113536807836542
[HAI:USAD] 
[HAI:USAD]  63%|██████▎   | 19/30 [09:26<05:06, 27.87s/it]
[HAI:TranAD]  40%|████      | 2/5 [06:25<09:44, 194.78s/it]
[HAI:TranAD] 
[HAI:TranAD] Epoch 2,   L1 = 0.5036257079466624
[HAI:TranAD] 
[HAI:TranAD]  40%|████      | 2/5 [09:31<09:44, 194.78s/it]
[gpu] HAI:TranAD heartbeat t+600s alloc=0.00G
[gpu] HAI:USAD heartbeat t+600s alloc=0.00G
[HAI:USAD]  80%|████████  | 24/30 [09:16<02:24, 24.05s/it][gpu] HAI:USAD heartbeat t+600s alloc=0.00G

[HAI:USAD] 
[HAI:USAD] Epoch 24,    L1 = 0.7818042011412214,        L2 = -0.7291616010323831
[HAI:USAD] 
[HAI:USAD]  80%|████████  | 24/30 [09:40<02:24, 24.05s/it]
[HAI:USAD]  77%|███████▋  | 23/30 [09:15<02:57, 25.41s/it]
[HAI:USAD] 
[HAI:USAD] Epoch 23,    L1 = 0.7467325761997345,        L2 = -0.6938683151624072
[HAI:USAD] 
[HAI:USAD]  77%|███████▋  | 23/30 [09:41<02:57, 25.41s/it]
[gpu] HAI:TranAD heartbeat t+600s alloc=0.00G
[gpu] HAI:TranAD heartbeat t+600s alloc=0.00G
[gpu] HAI:USAD heartbeat t+600s alloc=0.00G
[gpu] HAI:USAD heartbeat t+600s alloc=0.00G
[gpu] HAI:USAD heartbeat t+600s alloc=0.00G
[gpu] HAI:TranAD heartbeat t+600s alloc=0.00G
[gpu] HAI:TranAD heartbeat t+600s alloc=0.00G
[HAI:USAD]  60%|██████    | 18/30 [09:13<06:16, 31.35s/it]
[HAI:USAD] 
[HAI:USAD] Epoch 18,    L1 = 0.8190891249347686,        L2 = -0.7490378039643224
[HAI:USAD] 
[HAI:USAD]  60%|██████    | 18/30 [09:45<06:16, 31.35s/it]
[HAI:USAD]  80%|████████  | 24/30 [09:25<02:24, 24.02s/it]
[HAI:USAD] 
[HAI:USAD] Epoch 24,    L1 = 0.7991476660442008,        L2 = -0.7446773237718415
[HAI:USAD] 
[HAI:USAD]  80%|████████  | 24/30 [09:48<02:24, 24.02s/it]
[HAI:USAD]  67%|██████▋   | 20/30 [09:26<04:39, 27.92s/it]
[HAI:USAD] 
[HAI:USAD] Epoch 20,    L1 = 0.7762265837851732,        L2 = -0.7138745313593391
[HAI:USAD] 
[HAI:USAD]  67%|██████▋   | 20/30 [09:54<04:39, 27.92s/it]
[gpu] WADI:GDN heartbeat t+600s alloc=0.00G
[gpu] HAI:GDN heartbeat t+600s alloc=0.00G
[HAI:USAD]  83%|████████▎ | 25/30 [09:40<02:01, 24.31s/it]
[HAI:USAD] 
[HAI:USAD] Epoch 25,    L1 = 0.7821834745460283,        L2 = -0.7315523803067916
[HAI:USAD] 
[HAI:USAD]  83%|████████▎ | 25/30 [10:03<02:01, 24.31s/it]
[HAI:TranAD]  60%|██████    | 3/5 [07:39<05:07, 153.97s/it]
[HAI:TranAD] 
[HAI:TranAD] Epoch 3,   L1 = 0.4996170102580551
[HAI:TranAD] 
[HAI:TranAD]  60%|██████    | 3/5 [10:08<05:07, 153.97s/it]
[gpu] SWaT:GDN heartbeat t+600s alloc=0.00G
[HAI:USAD]  80%|████████  | 24/30 [09:41<02:33, 25.58s/it]
[HAI:USAD] 
[HAI:USAD] Epoch 24,    L1 = 0.7463478533391837,        L2 = -0.6956345057114959
[HAI:USAD] 
[HAI:USAD]  80%|████████  | 24/30 [10:08<02:33, 25.58s/it]
[HAI:USAD]  83%|████████▎ | 25/30 [09:48<01:59, 23.83s/it]
[HAI:USAD] 
[HAI:USAD] Epoch 25,    L1 = 0.7998350435473218,        L2 = -0.7474527785409117
[HAI:USAD] 
[HAI:USAD]  83%|████████▎ | 25/30 [10:11<01:59, 23.83s/it]
[HAI:USAD]  63%|██████▎   | 19/30 [09:45<05:45, 31.45s/it]
[HAI:USAD] 
[HAI:USAD] Epoch 19,    L1 = 0.8201541431511312,        L2 = -0.7537077966052692
[HAI:USAD] 
[HAI:USAD]  63%|██████▎   | 19/30 [10:16<05:45, 31.45s/it]
[HAI:USAD]  70%|███████   | 21/30 [09:54<04:10, 27.82s/it]
[HAI:USAD] 
[HAI:USAD] Epoch 21,    L1 = 0.7750043353155864,        L2 = -0.7155954850228247
[HAI:USAD] 
[HAI:USAD]  70%|███████   | 21/30 [10:21<04:10, 27.82s/it]
[HAI:USAD]  87%|████████▋ | 26/30 [10:03<01:35, 23.90s/it]
[HAI:USAD] 
[HAI:USAD] Epoch 26,    L1 = 0.7817813700279671,        L2 = -0.7330538459523792
[HAI:USAD] 
[HAI:USAD]  87%|████████▋ | 26/30 [10:26<01:35, 23.90s/it]
[HAI:USAD]  87%|████████▋ | 26/30 [10:11<01:34, 23.61s/it]
[HAI:USAD] 
[HAI:USAD] Epoch 26,    L1 = 0.8000949629613624,        L2 = -0.7496739816696116
[HAI:USAD] 
[HAI:USAD]  87%|████████▋ | 26/30 [10:35<01:34, 23.61s/it]
[HAI:USAD]  83%|████████▎ | 25/30 [10:08<02:10, 26.06s/it]
[HAI:USAD] 
[HAI:USAD] Epoch 25,    L1 = 0.7467668080238494,        L2 = -0.6980329927950266
[HAI:USAD] 
[HAI:USAD]  83%|████████▎ | 25/30 [10:35<02:10, 26.06s/it]
[gpu] HAI:TranAD heartbeat t+660s alloc=0.00G
[gpu] HAI:USAD heartbeat t+660s alloc=0.00G
[gpu] HAI:USAD heartbeat t+660s alloc=0.00G
[gpu] HAI:TranAD heartbeat t+660s alloc=0.00G
[gpu] HAI:TranAD heartbeat t+660s alloc=0.00G
[gpu] HAI:USAD heartbeat t+660s alloc=0.00G
[gpu] HAI:USAD heartbeat t+660s alloc=0.00G
[gpu] HAI:USAD heartbeat t+660s alloc=0.00G[gpu] HAI:TranAD heartbeat t+660s alloc=0.00G

[gpu] HAI:TranAD heartbeat t+660s alloc=0.00G
[HAI:USAD]  67%|██████▋   | 20/30 [10:16<05:13, 31.34s/it]
[HAI:USAD] 
[HAI:USAD] Epoch 20,    L1 = 0.8210922146015229,        L2 = -0.7578647090191347
[HAI:USAD] 
[HAI:USAD]  67%|██████▋   | 20/30 [10:47<05:13, 31.34s/it]
[HAI:USAD]  73%|███████▎  | 22/30 [10:21<03:41, 27.75s/it]
[HAI:USAD] 
[HAI:USAD] Epoch 22,    L1 = 0.77423727720782,  L2 = -0.7174850758338229
[HAI:USAD] 
[HAI:USAD]  73%|███████▎  | 22/30 [10:49<03:41, 27.75s/it]
[HAI:USAD]  90%|█████████ | 27/30 [10:26<01:10, 23.53s/it]
[HAI:USAD] 
[HAI:USAD] Epoch 27,    L1 = 0.7812419470094948,        L2 = -0.7342734650663727
[HAI:USAD] 
[HAI:USAD]  90%|█████████ | 27/30 [10:49<01:10, 23.53s/it]
[HAI:USAD]  90%|█████████ | 27/30 [10:35<01:10, 23.63s/it]
[HAI:USAD] 
[HAI:USAD] Epoch 27,    L1 = 0.800600833134885, L2 = -0.7519852214364757
[HAI:USAD] 
[HAI:USAD]  90%|█████████ | 27/30 [10:58<01:10, 23.63s/it]
[gpu] WADI:GDN heartbeat t+660s alloc=0.00G
[gpu] HAI:GDN heartbeat t+660s alloc=0.00G
[HAI:USAD]  87%|████████▋ | 26/30 [10:35<01:45, 26.26s/it]
[HAI:USAD] 
[HAI:USAD] Epoch 26,    L1 = 0.7469435589851943,        L2 = -0.7000532322996001
[HAI:USAD] 
[HAI:USAD]  87%|████████▋ | 26/30 [11:02<01:45, 26.26s/it]
[gpu] SWaT:GDN heartbeat t+660s alloc=0.00G
[HAI:USAD]  93%|█████████▎| 28/30 [10:49<00:46, 23.24s/it]
[HAI:USAD] 
[HAI:USAD] Epoch 28,    L1 = 0.7803938860163702,        L2 = -0.7350675131724005
[HAI:USAD] 
[HAI:USAD]  93%|█████████▎| 28/30 [11:12<00:46, 23.24s/it]
[HAI:USAD]  77%|███████▋  | 23/30 [10:49<03:13, 27.70s/it]
[HAI:USAD] 
[HAI:USAD] Epoch 23,    L1 = 0.7739437385202562,        L2 = -0.7196141552062338
[HAI:USAD] 
[HAI:USAD]  77%|███████▋  | 23/30 [11:16<03:13, 27.70s/it]
[HAI:USAD]  70%|███████   | 21/30 [10:47<04:41, 31.29s/it]
[HAI:USAD] 
[HAI:USAD] Epoch 21,    L1 = 0.8213636109736994,        L2 = -0.761105026509682
[HAI:USAD] 
[HAI:USAD]  70%|███████   | 21/30 [11:18<04:41, 31.29s/it]
[HAI:USAD]  93%|█████████▎| 28/30 [10:58<00:47, 23.53s/it]
[HAI:USAD] 
[HAI:USAD] Epoch 28,    L1 = 0.8005055565712454,        L2 = -0.7535816341513927
[HAI:USAD] 
[HAI:USAD]  93%|█████████▎| 28/30 [11:22<00:47, 23.53s/it]
[HAI:USAD]  90%|█████████ | 27/30 [11:02<01:19, 26.53s/it]
[HAI:USAD] 
[HAI:USAD] Epoch 27,    L1 = 0.7474135538237688,        L2 = -0.7022383500437588
[HAI:USAD] 
[HAI:USAD]  90%|█████████ | 27/30 [11:31<01:19, 26.53s/it]
[HAI:USAD]  97%|█████████▋| 29/30 [11:12<00:23, 23.26s/it]
[HAI:USAD] 
[HAI:USAD] Epoch 29,    L1 = 0.7796741331404692,        L2 = -0.735879081422567
[HAI:USAD] 
[HAI:USAD]  97%|█████████▋| 29/30 [11:35<00:23, 23.26s/it]
[HAI:USAD] 100%|██████████| 30/30 [11:35<00:00, 23.13s/it]
[HAI:USAD] 100%|██████████| 30/30 [11:35<00:00, 23.18s/it]
[HAI:USAD] [1mTraining time:   695.2704 s[0m
[HAI:USAD] [95mTesting USAD on WADI[0m
[gpu] HAI:TranAD heartbeat t+720s alloc=0.00G
[HAI:TranAD]  60%|██████    | 3/5 [08:46<05:54, 177.05s/it][gpu] HAI:USAD heartbeat t+720s alloc=0.00G

[HAI:TranAD] 
[HAI:TranAD] Epoch 3,   L1 = 0.4991228994065169
[HAI:TranAD] 
[HAI:TranAD]  60%|██████    | 3/5 [11:45<05:54, 177.05s/it]
[gpu] HAI:USAD heartbeat t+720s alloc=0.00G
[gpu] HAI:TranAD heartbeat t+720s alloc=0.00G
[gpu] HAI:TranAD heartbeat t+720s alloc=0.00G
[gpu] HAI:USAD heartbeat t+720s alloc=0.00G[gpu] HAI:USAD heartbeat t+720s alloc=0.00G

[gpu] HAI:USAD heartbeat t+720s alloc=0.00G[gpu] HAI:TranAD heartbeat t+720s alloc=0.00G

[HAI:USAD]  80%|████████  | 24/30 [11:16<02:45, 27.65s/it]
[HAI:USAD] 
[HAI:USAD] Epoch 24,    L1 = 0.773844447118476, L2 = -0.7217358514444979
[HAI:USAD] 
[HAI:USAD]  80%|████████  | 24/30 [11:44<02:45, 27.65s/it]
[gpu] HAI:TranAD heartbeat t+720s alloc=0.00G
[HAI:USAD]  97%|█████████▋| 29/30 [11:22<00:23, 23.77s/it]
[HAI:USAD] 
[HAI:USAD] Epoch 29,    L1 = 0.8007392175045543,        L2 = -0.7553849251331505
[HAI:USAD] 
[HAI:USAD]  97%|█████████▋| 29/30 [11:46<00:23, 23.77s/it]
[HAI:USAD] 100%|██████████| 30/30 [11:46<00:00, 23.71s/it]
[HAI:USAD] 100%|██████████| 30/30 [11:46<00:00, 23.55s/it]
[HAI:USAD] [1mTraining time:   706.5741 s[0m
[HAI:USAD] [95mTesting USAD on WADI[0m
[HAI:TranAD]  40%|████      | 2/5 [08:01<12:01, 240.40s/it]
[HAI:TranAD] 
[HAI:TranAD] Epoch 2,   L1 = 0.503917979208067
[HAI:TranAD] 
[HAI:TranAD]  40%|████      | 2/5 [11:47<12:01, 240.40s/it]
[HAI:USAD]  73%|███████▎  | 22/30 [11:18<04:09, 31.23s/it]
[HAI:USAD] 
[HAI:USAD] Epoch 22,    L1 = 0.8227302710972311,        L2 = -0.7651687673393457
[HAI:USAD] 
[HAI:USAD]  73%|███████▎  | 22/30 [11:49<04:09, 31.23s/it]
[HAI:USAD]  93%|█████████▎| 28/30 [11:31<00:54, 27.01s/it]
[HAI:USAD] 
[HAI:USAD] Epoch 28,    L1 = 0.7474016820644911,        L2 = -0.7038195560163504
[HAI:USAD] 
[HAI:USAD]  93%|█████████▎| 28/30 [11:57<00:54, 27.01s/it]
[gpu] WADI:GDN heartbeat t+720s alloc=0.00G
[HAI:TranAD]  60%|██████    | 3/5 [09:07<06:03, 181.70s/it]
[HAI:TranAD] 
[HAI:TranAD] Epoch 3,   L1 = 0.499247470389373
[HAI:TranAD] 
[HAI:TranAD]  60%|██████    | 3/5 [12:07<06:03, 181.70s/it]
[gpu] HAI:GDN heartbeat t+720s alloc=0.00G
[gpu] SWaT:GDN heartbeat t+720s alloc=0.00G
[HAI:USAD]  83%|████████▎ | 25/30 [11:44<02:17, 27.58s/it]
[HAI:USAD] 
[HAI:USAD] Epoch 25,    L1 = 0.7741362282376196,        L2 = -0.7240378351979041
[HAI:USAD] 
[HAI:USAD]  83%|████████▎ | 25/30 [12:11<02:17, 27.58s/it]
[HAI:TranAD]  60%|██████    | 3/5 [09:31<06:21, 190.69s/it]
[HAI:TranAD] 
[HAI:TranAD] Epoch 3,   L1 = 0.4992007990246535
[HAI:TranAD] 
[HAI:TranAD]  60%|██████    | 3/5 [12:17<06:21, 190.69s/it]
[HAI:USAD]  77%|███████▋  | 23/30 [11:49<03:37, 31.10s/it]
[HAI:USAD] 
[HAI:USAD] Epoch 23,    L1 = 0.8244892435778473,        L2 = -0.769392062968758
[HAI:USAD] 
[HAI:USAD]  77%|███████▋  | 23/30 [12:20<03:37, 31.10s/it]
[HAI:USAD]  97%|█████████▋| 29/30 [11:57<00:26, 26.76s/it]
[HAI:USAD] 
[HAI:USAD] Epoch 29,    L1 = 0.747564199847969, L2 = -0.7054645735978193
[HAI:USAD] 
[HAI:USAD]  97%|█████████▋| 29/30 [12:20<00:26, 26.76s/it]
[HAI:USAD] 100%|██████████| 30/30 [12:20<00:00, 25.80s/it]
[HAI:USAD] 100%|██████████| 30/30 [12:20<00:00, 24.69s/it]
[HAI:USAD] [1mTraining time:   740.7284 s[0m
[HAI:USAD] [95mTesting USAD on WADI[0m
[HAI:TranAD]  80%|████████  | 4/5 [10:08<02:32, 152.06s/it]
[HAI:TranAD] 
[HAI:TranAD] Epoch 4,   L1 = 0.4969479478999529
[HAI:TranAD] 
[HAI:TranAD]  80%|████████  | 4/5 [12:39<02:32, 152.06s/it]
[HAI:TranAD] 100%|██████████| 5/5 [12:39<00:00, 151.38s/it]
[HAI:TranAD] 100%|██████████| 5/5 [12:39<00:00, 151.81s/it]
[HAI:TranAD] [1mTraining time:   759.0284 s[0m
[HAI:TranAD] [95mTesting TranAD on WADI[0m
[gpu] HAI:TranAD heartbeat t+780s alloc=0.00G
[HAI:USAD]  87%|████████▋ | 26/30 [12:11<01:50, 27.57s/it]
[HAI:USAD] 
[HAI:USAD] Epoch 26,    L1 = 0.7742765026866393,        L2 = -0.7260881816746744
[HAI:USAD] 
[HAI:USAD]  87%|████████▋ | 26/30 [12:40<01:50, 27.57s/it]
[gpu] HAI:USAD heartbeat t+780s alloc=0.00G
[gpu] HAI:USAD heartbeat t+780s alloc=0.00G
[gpu] HAI:TranAD heartbeat t+780s alloc=0.00G
[gpu] HAI:TranAD heartbeat t+780s alloc=0.00G
[gpu] HAI:USAD heartbeat t+780s alloc=0.00G[gpu] HAI:USAD heartbeat t+780s alloc=0.00G

[gpu] HAI:USAD heartbeat t+780s alloc=0.00G
[gpu] HAI:TranAD heartbeat t+780s alloc=0.00G
[gpu] HAI:TranAD heartbeat t+780s alloc=0.00G
[HAI:USAD]  80%|████████  | 24/30 [12:20<03:06, 31.06s/it]
[HAI:USAD] 
[HAI:USAD] Epoch 24,    L1 = 0.8268642153549371,        L2 = -0.7740253143698033
[HAI:USAD] 
[HAI:USAD]  80%|████████  | 24/30 [12:51<03:06, 31.06s/it]
[SWaT:GDN]  20%|██        | 1/5 [06:22<25:31, 382.77s/it]
[SWaT:GDN] 
[SWaT:GDN] Epoch 1,     MSE = 0.8321682687599559
[SWaT:GDN] 
[SWaT:GDN]  20%|██        | 1/5 [12:43<25:31, 382.77s/it]
[gpu] WADI:GDN heartbeat t+780s alloc=0.00G
[gpu] HAI:GDN heartbeat t+780s alloc=0.00G
[HAI:USAD]  90%|█████████ | 27/30 [12:40<01:23, 27.76s/it]
[HAI:USAD] 
[HAI:USAD] Epoch 27,    L1 = 0.7747984979661756,        L2 = -0.7283685744591196
[HAI:USAD] 
[HAI:USAD]  90%|█████████ | 27/30 [13:07<01:23, 27.76s/it]
[gpu] SWaT:GDN heartbeat t+780s alloc=0.00G
[HAI:USAD]  83%|████████▎ | 25/30 [12:51<02:36, 31.20s/it]
[HAI:USAD] 
[HAI:USAD] Epoch 25,    L1 = 0.8291570495772539,        L2 = -0.778369857261449
[HAI:USAD] 
[HAI:USAD]  83%|████████▎ | 25/30 [13:23<02:36, 31.20s/it]
[HAI:USAD]  93%|█████████▎| 28/30 [13:07<00:55, 27.80s/it]
[HAI:USAD] 
[HAI:USAD] Epoch 28,    L1 = 0.7753397423954037,        L2 = -0.7305487940697256
[HAI:USAD] 
[HAI:USAD]  93%|█████████▎| 28/30 [13:35<00:55, 27.80s/it]
[gpu] HAI:TranAD heartbeat t+840s alloc=0.00G
[gpu] HAI:USAD heartbeat t+840s alloc=0.00G
[gpu] HAI:USAD heartbeat t+840s alloc=0.00G
[gpu] HAI:TranAD heartbeat t+840s alloc=0.00G
[gpu] HAI:TranAD heartbeat t+840s alloc=0.00G
[gpu] HAI:USAD heartbeat t+840s alloc=0.00G
[gpu] HAI:USAD heartbeat t+840s alloc=0.00G
[gpu] HAI:USAD heartbeat t+840s alloc=0.00G
[gpu] HAI:TranAD heartbeat t+840s alloc=0.00G
[gpu] HAI:TranAD heartbeat t+840s alloc=0.00G
[HAI:USAD]  87%|████████▋ | 26/30 [13:23<02:05, 31.28s/it]
[HAI:USAD] 
[HAI:USAD] Epoch 26,    L1 = 0.8297263422918586,        L2 = -0.7808788429467929
[HAI:USAD] 
[HAI:USAD]  87%|████████▋ | 26/30 [13:54<02:05, 31.28s/it]
[gpu] WADI:GDN heartbeat t+840s alloc=0.00G
[gpu] HAI:GDN heartbeat t+840s alloc=0.00G
[HAI:USAD]  97%|█████████▋| 29/30 [13:35<00:27, 27.81s/it]
[HAI:USAD] 
[HAI:USAD] Epoch 29,    L1 = 0.7758668166097101,        L2 = -0.7326002357472219
[HAI:USAD] 
[HAI:USAD]  97%|█████████▋| 29/30 [14:03<00:27, 27.81s/it]
[HAI:USAD] 100%|██████████| 30/30 [14:03<00:00, 27.78s/it]
[HAI:USAD] 100%|██████████| 30/30 [14:03<00:00, 28.12s/it]
[HAI:USAD] [1mTraining time:   843.5131 s[0m
[HAI:USAD] [95mTesting USAD on WADI[0m
[gpu] SWaT:GDN heartbeat t+840s alloc=0.00G
[HAI:USAD]  90%|█████████ | 27/30 [13:54<01:33, 31.25s/it]
[HAI:USAD] 
[HAI:USAD] Epoch 27,    L1 = 0.829521710946325, L2 = -0.7824536952740585
[HAI:USAD] 
[HAI:USAD]  90%|█████████ | 27/30 [14:25<01:33, 31.25s/it]
[HAI:TranAD]  80%|████████  | 4/5 [11:45<02:57, 177.60s/it][gpu] HAI:TranAD heartbeat t+900s alloc=0.00G

[HAI:TranAD] 
[HAI:TranAD] Epoch 4,   L1 = 0.49646045022460605
[HAI:TranAD] 
[HAI:TranAD]  80%|████████  | 4/5 [14:42<02:57, 177.60s/it]
[HAI:TranAD] 100%|██████████| 5/5 [14:42<00:00, 177.56s/it]
[HAI:TranAD] 100%|██████████| 5/5 [14:42<00:00, 176.56s/it]
[HAI:TranAD] [1mTraining time:   882.8064 s[0m
[HAI:TranAD] [95mTesting TranAD on WADI[0m
[gpu] HAI:USAD heartbeat t+900s alloc=0.00G
[gpu] HAI:USAD heartbeat t+900s alloc=0.00G
[gpu] HAI:TranAD heartbeat t+900s alloc=0.00G
[gpu] HAI:TranAD heartbeat t+900s alloc=0.00G
[gpu] HAI:USAD heartbeat t+900s alloc=0.00G[gpu] HAI:USAD heartbeat t+900s alloc=0.00G

[gpu] HAI:USAD heartbeat t+900s alloc=0.00G[gpu] HAI:TranAD heartbeat t+900s alloc=0.00G

[gpu] HAI:TranAD heartbeat t+900s alloc=0.00G
[HAI:TranAD] /root/TranAD/src/spot.py:313: RuntimeWarning: divide by zero encountered in log
[HAI:TranAD]   return 1 + np.log(s).mean()
[HAI:TranAD] /root/TranAD/src/spot.py:316: RuntimeWarning: divide by zero encountered in divide
[HAI:TranAD]   return np.mean(1 / s)
[HAI:TranAD] /root/TranAD/src/spot.py:329: RuntimeWarning: divide by zero encountered in divide
[HAI:TranAD]   jac_vs = (1 / t) * (-vs + np.mean(1 / s ** 2))
[HAI:TranAD] /root/TranAD/src/spot.py:329: RuntimeWarning: invalid value encountered in scalar add
[HAI:TranAD]   jac_vs = (1 / t) * (-vs + np.mean(1 / s ** 2))
[HAI:TranAD] /root/TranAD/src/spot.py:313: RuntimeWarning: divide by zero encountered in log
[HAI:TranAD]   return 1 + np.log(s).mean()
[HAI:TranAD] /root/TranAD/src/spot.py:316: RuntimeWarning: divide by zero encountered in divide
[HAI:TranAD]   return np.mean(1 / s)
[HAI:TranAD] /root/TranAD/src/spot.py:329: RuntimeWarning: divide by zero encountered in divide
[HAI:TranAD]   jac_vs = (1 / t) * (-vs + np.mean(1 / s ** 2))
[HAI:TranAD] /root/TranAD/src/spot.py:329: RuntimeWarning: invalid value encountered in scalar add
[HAI:TranAD]   jac_vs = (1 / t) * (-vs + np.mean(1 / s ** 2))
[HAI:TranAD]  80%|████████  | 4/5 [12:07<03:00, 180.97s/it]
[HAI:TranAD] 
[HAI:TranAD] Epoch 4,   L1 = 0.4966308202795324
[HAI:TranAD] 
[HAI:TranAD]  80%|████████  | 4/5 [15:04<03:00, 180.97s/it]
[HAI:TranAD] 100%|██████████| 5/5 [15:04<00:00, 179.52s/it]
[HAI:TranAD] 100%|██████████| 5/5 [15:04<00:00, 180.89s/it]
[HAI:TranAD] [1mTraining time:   904.4544 s[0m
[HAI:TranAD] [95mTesting TranAD on WADI[0m
[HAI:USAD]  93%|█████████▎| 28/30 [14:25<01:02, 31.34s/it]
[HAI:USAD] 
[HAI:USAD] Epoch 28,    L1 = 0.8292614099912373,        L2 = -0.7838468593043244
[HAI:USAD] 
[HAI:USAD]  93%|█████████▎| 28/30 [14:57<01:02, 31.34s/it]
[gpu] WADI:GDN heartbeat t+900s alloc=0.00G
[gpu] HAI:GDN heartbeat t+900s alloc=0.00G
[HAI:TranAD] /root/TranAD/src/spot.py:313: RuntimeWarning: divide by zero encountered in log
[HAI:TranAD]   return 1 + np.log(s).mean()
[HAI:TranAD] /root/TranAD/src/spot.py:316: RuntimeWarning: divide by zero encountered in divide
[HAI:TranAD]   return np.mean(1 / s)
[HAI:TranAD] /root/TranAD/src/spot.py:329: RuntimeWarning: divide by zero encountered in divide
[HAI:TranAD]   jac_vs = (1 / t) * (-vs + np.mean(1 / s ** 2))
[HAI:TranAD] /root/TranAD/src/spot.py:329: RuntimeWarning: invalid value encountered in scalar add
[HAI:TranAD]   jac_vs = (1 / t) * (-vs + np.mean(1 / s ** 2))
[HAI:TranAD] /root/TranAD/src/spot.py:313: RuntimeWarning: divide by zero encountered in log
[HAI:TranAD]   return 1 + np.log(s).mean()
[HAI:TranAD] /root/TranAD/src/spot.py:316: RuntimeWarning: divide by zero encountered in divide
[HAI:TranAD]   return np.mean(1 / s)
[HAI:TranAD] /root/TranAD/src/spot.py:329: RuntimeWarning: divide by zero encountered in divide
[HAI:TranAD]   jac_vs = (1 / t) * (-vs + np.mean(1 / s ** 2))
[HAI:TranAD] /root/TranAD/src/spot.py:329: RuntimeWarning: invalid value encountered in scalar add
[HAI:TranAD]   jac_vs = (1 / t) * (-vs + np.mean(1 / s ** 2))
[HAI:TranAD] /root/TranAD/src/spot.py:313: RuntimeWarning: divide by zero encountered in log
[HAI:TranAD]   return 1 + np.log(s).mean()
[HAI:TranAD] /root/TranAD/src/spot.py:316: RuntimeWarning: divide by zero encountered in divide
[HAI:TranAD]   return np.mean(1 / s)
[HAI:TranAD] /root/TranAD/src/spot.py:329: RuntimeWarning: divide by zero encountered in divide
[HAI:TranAD]   jac_vs = (1 / t) * (-vs + np.mean(1 / s ** 2))
[HAI:TranAD] /root/TranAD/src/spot.py:329: RuntimeWarning: invalid value encountered in scalar add
[HAI:TranAD]   jac_vs = (1 / t) * (-vs + np.mean(1 / s ** 2))
[HAI:TranAD]  80%|████████  | 4/5 [12:17<03:00, 180.69s/it]
[HAI:TranAD] /root/TranAD/src/spot.py:329: RuntimeWarning: overflow encountered in square
[HAI:TranAD] 
[HAI:TranAD] Epoch 4,   L1 = 0.49677465471774895
[HAI:TranAD] 
[HAI:TranAD]  80%|████████  | 4/5 [15:09<03:00, 180.69s/it]
[HAI:TranAD] 100%|██████████| 5/5 [15:09<00:00, 177.70s/it]
[HAI:TranAD] 100%|██████████| 5/5 [15:09<00:00, 181.88s/it]
[HAI:TranAD] [1mTraining time:   909.4112 s[0m
[HAI:TranAD] [95mTesting TranAD on WADI[0m
[HAI:TranAD]   jac_vs = (1 / t) * (-vs + np.mean(1 / s ** 2))
[gpu] SWaT:GDN heartbeat t+900s alloc=0.00G
[HAI:TranAD]  60%|██████    | 3/5 [11:47<07:47, 233.71s/it]
[HAI:TranAD] 
[HAI:TranAD] Epoch 3,   L1 = 0.49914774076743085
[HAI:TranAD] 
[HAI:TranAD]  60%|██████    | 3/5 [15:25<07:47, 233.71s/it]
[HAI:USAD]  97%|█████████▋| 29/30 [14:57<00:31, 31.39s/it]
[HAI:USAD] 
[HAI:USAD] Epoch 29,    L1 = 0.8289432277189754,        L2 = -0.7850747009060696
[HAI:USAD] 
[HAI:USAD]  97%|█████████▋| 29/30 [15:28<00:31, 31.39s/it]
[HAI:USAD] 100%|██████████| 30/30 [15:28<00:00, 31.28s/it]
[HAI:USAD] 100%|██████████| 30/30 [15:28<00:00, 30.95s/it]
[HAI:USAD] [1mTraining time:   928.4457 s[0m
[HAI:USAD] [95mTesting USAD on WADI[0m
[HAI:TranAD]           f1  precision    recall  ...       FN   ROC/AUC     threshold
[HAI:TranAD] 0   0.167589   1.000000  0.091459  ...  15924.0  0.545729  3.277598e+00
[HAI:TranAD] 1   0.000000   0.000000  0.000000  ...  17527.0  0.500000  6.961425e+01
[HAI:TranAD] 2   0.199323   0.164162  0.253666  ...  13081.0  0.600330  4.962200e+00
[HAI:TranAD] 3   0.025296   0.017784  0.043818  ...  16759.0  0.472249  1.406578e+01
[HAI:TranAD] 4   0.042585   0.642263  0.022023  ...  17141.0  0.510760  6.776028e+01
[HAI:TranAD] 5   0.384042   0.357547  0.414789  ...  10257.0  0.692101  2.119962e+00
[HAI:TranAD] 6   0.392272   0.349931  0.446283  ...   9705.0  0.706129  2.914045e+00
[HAI:TranAD] 7   0.294760   0.767587  0.182404  ...  14330.0  0.590069  4.456796e+01
[HAI:TranAD] 8   0.165053   0.347500  0.108233  ...  15630.0  0.549946  3.455482e+00
[HAI:TranAD] 9   0.151993   0.255179  0.108233  ...  15630.0  0.547634  3.492609e+00
[HAI:TranAD] 10  0.467195   0.943799  0.310435  ...  12086.0  0.654838  1.159112e+00
[HAI:TranAD] 11  0.547677   0.449709  0.700234  ...   5254.0  0.832534  1.459345e+00
[HAI:TranAD] 12  0.358235   0.234447  0.759000  ...   4224.0  0.828644  7.126998e+00
[HAI:TranAD] 13  0.347003   0.224918  0.759000  ...   4224.0  0.825829  6.813437e+00
[HAI:TranAD] 14  0.828802   0.911274  0.760027  ...   4206.0  0.878495  1.562697e+01
[HAI:TranAD] 15  0.841313   0.942079  0.760027  ...   4206.0  0.879055  1.945350e+01
[HAI:TranAD] 16  0.118826   0.119045  0.118617  ...  15448.0  0.541296  3.220541e+00
[HAI:TranAD] 17  0.284729   0.268442  0.303132  ...  12214.0  0.634615  3.066466e+00
[HAI:TranAD] 18  0.184916   0.133540  0.300565  ...  12259.0  0.610265  1.531879e+01
[HAI:TranAD] 19  0.172838   0.125192  0.279055  ...  12636.0  0.599515  1.677827e+01
[HAI:TranAD] 20  0.712225   0.648874  0.789297  ...   3693.0  0.885884  9.616818e+00
[HAI:TranAD] 21  0.762577   0.737617  0.789297  ...   3693.0  0.888887  9.789419e+00
[HAI:TranAD] 22  0.549996   0.434274  0.749815  ...   4385.0  0.854864  6.008106e+00
[HAI:TranAD] 23  0.671940   0.847002  0.556855  ...   7767.0  0.776364  1.176555e+00
[HAI:TranAD] 24  0.624614   0.636014  0.613625  ...   6772.0  0.799606  1.157158e+00
[HAI:TranAD] 25  0.423473   1.000000  0.268614  ...  12819.0  0.634307  1.159108e-01
[HAI:TranAD] 26  0.102757   0.057299  0.497347  ...   8810.0  0.580768  1.128329e+00
[HAI:TranAD] 27  0.820623   0.935514  0.730872  ...   4717.0  0.864402  1.018064e+01
[HAI:TranAD] 28  0.333622   0.865265  0.206653  ...  13905.0  0.602666  5.386093e+00
[HAI:TranAD] 29  0.355560   0.334271  0.379757  ...  10871.0  0.674359  3.474087e+00
[HAI:TranAD] 30  0.345083   0.439887  0.283905  ...  12551.0  0.634534  4.303154e+00
[HAI:TranAD] 31  0.582383   0.901471  0.430136  ...   9988.0  0.714103  9.297770e+00
[HAI:TranAD] 32  0.457270   0.999423  0.296457  ...  12331.0  0.648225  6.848181e-02
[HAI:TranAD] 33  0.435276   0.999795  0.278199  ...  12651.0  0.639099  6.305182e-02
[HAI:TranAD] 34  0.356969   1.000000  0.217265  ...  13719.0  0.608632  5.278795e-02
[HAI:TranAD] 35  0.116349   0.065312  0.532436  ...   8195.0  0.609860  1.288799e+00
[HAI:TranAD] 36  0.554907   0.409516  0.860387  ...   2447.0  0.904736  1.948449e+00
[HAI:TranAD] 37  0.430653   0.999792  0.274434  ...  12717.0  0.637216  4.702535e-02
[HAI:TranAD] 38  0.668725   0.748851  0.604097  ...   6939.0  0.797891  3.913548e+00
[HAI:TranAD] 39  0.671704   0.728394  0.623210  ...   6604.0  0.806836  4.107545e+00
[HAI:TranAD] 40  0.689891   0.814861  0.598163  ...   7043.0  0.796293  4.382469e+00
[HAI:TranAD] 41  0.712578   0.992663  0.555771  ...   7786.0  0.777801  3.804929e+00
[HAI:TranAD] 42  0.733019   0.789273  0.684259  ...   5534.0  0.838381  3.989354e+00
[HAI:TranAD] 43  0.499164   0.991017  0.333600  ...  11680.0  0.666738  3.405779e+00
[HAI:TranAD] 44  0.831865   0.936135  0.748502  ...   4408.0  0.873203  1.379815e+00
[HAI:TranAD] 45  0.457310   0.999808  0.296457  ...  12331.0  0.648227  5.922598e-02
[HAI:TranAD] 46  0.417671   0.999568  0.263993  ...  12900.0  0.631994  3.010628e-02
[HAI:TranAD] 47  0.612088   0.865971  0.473327  ...   9231.0  0.735160  3.637604e+00
[HAI:TranAD] 48  0.723343   0.962647  0.579335  ...   7373.0  0.789206  1.254172e+02
[HAI:TranAD] 49  0.000000   0.000000  0.000000  ...  17527.0  0.500000  2.503406e+24
[HAI:TranAD] 50  0.808867   0.961493  0.698066  ...   5292.0  0.848459  1.326854e+00
[HAI:TranAD] 51  0.417709   1.000000  0.263993  ...  12900.0  0.631996  4.316572e-02
[HAI:TranAD] 52  0.159371   0.953692  0.086952  ...  16003.0  0.543389  4.416281e+00
[HAI:TranAD] 53  0.149583   0.949300  0.081189  ...  16104.0  0.540506  1.351780e+01
[HAI:TranAD] 54  0.312692   0.972884  0.186284  ...  14262.0  0.593035  7.163111e+00
[HAI:TranAD] 55  0.041847   0.767821  0.021510  ...  17150.0  0.510621  8.226220e+00
[HAI:TranAD] 56  0.754108   0.988799  0.609460  ...   6845.0  0.804588  8.624316e-01
[HAI:TranAD] 57  0.785778   0.945291  0.672334  ...   5743.0  0.835369  1.184319e+01
[HAI:TranAD] 58  0.056334   1.000000  0.028984  ...  17019.0  0.514492  5.499784e+01
[HAI:TranAD] 
[HAI:TranAD] [59 rows x 9 columns]
[HAI:TranAD] {'FN': 2825,
[HAI:TranAD]  'FP': 31907,
[HAI:TranAD]  'Hit@100%': 1.0,
[HAI:TranAD]  'Hit@150%': 1.0,
[HAI:TranAD]  'NDCG@100%': 1.0000000000000002,
[HAI:TranAD]  'NDCG@150%': 1.0000000000000002,
[HAI:TranAD]  'ROC/AUC': 0.8820546126561897,
[HAI:TranAD]  'TN': 395166,
[HAI:TranAD]  'TP': 14702,
[HAI:TranAD]  'f1': 0.4584592935034677,
[HAI:TranAD]  'precision': 0.31543264169678975,
[HAI:TranAD]  'recall': 0.8388201056433958,
[HAI:TranAD]  'threshold': 2.7998125029903598}
[gpu] HAI:TranAD heartbeat t+960s alloc=0.00G
[sota] DONE TranAD_HAI_s4 rc=0 951.7s raw_ALL={'AUROC': 0.842, 'bestF1': 0.691, 'F1_at5pctFPR': 0.432, 'TPR_at5pctFPR': 0.612} raw_HARD={'AUROC': 0.658, 'bestF1': 0.195, 'F1_at5pctFPR': 0.091, 'TPR_at5pctFPR': 0.175}
[gpu] HAI:USAD heartbeat t+960s alloc=0.00G
[gpu] HAI:USAD heartbeat t+960s alloc=0.00G
[gpu] HAI:TranAD heartbeat t+960s alloc=0.00G
[gpu] HAI:TranAD heartbeat t+960s alloc=0.00G
[gpu] HAI:USAD heartbeat t+960s alloc=0.00G[gpu] HAI:USAD heartbeat t+960s alloc=0.00G

[gpu] HAI:USAD heartbeat t+960s alloc=0.00G
[gpu] HAI:TranAD heartbeat t+960s alloc=0.00G
[HAI:USAD] /root/TranAD/src/spot.py:313: RuntimeWarning: divide by zero encountered in log
[HAI:USAD]   return 1 + np.log(s).mean()
[HAI:USAD] /root/TranAD/src/spot.py:316: RuntimeWarning: divide by zero encountered in divide
[HAI:USAD]   return np.mean(1 / s)
[HAI:USAD] /root/TranAD/src/spot.py:329: RuntimeWarning: divide by zero encountered in divide
[HAI:USAD]   jac_vs = (1 / t) * (-vs + np.mean(1 / s ** 2))
[HAI:USAD] /root/TranAD/src/spot.py:329: RuntimeWarning: invalid value encountered in scalar add
[HAI:USAD]   jac_vs = (1 / t) * (-vs + np.mean(1 / s ** 2))
[gpu] WADI:GDN heartbeat t+960s alloc=0.00G
[HAI:USAD] /root/TranAD/src/spot.py:313: RuntimeWarning: divide by zero encountered in log
[HAI:USAD]   return 1 + np.log(s).mean()
[HAI:USAD] /root/TranAD/src/spot.py:316: RuntimeWarning: divide by zero encountered in divide
[HAI:USAD]   return np.mean(1 / s)
[HAI:USAD] /root/TranAD/src/spot.py:329: RuntimeWarning: divide by zero encountered in divide
[HAI:USAD]   jac_vs = (1 / t) * (-vs + np.mean(1 / s ** 2))
[HAI:USAD] /root/TranAD/src/spot.py:329: RuntimeWarning: invalid value encountered in scalar add
[HAI:USAD]   jac_vs = (1 / t) * (-vs + np.mean(1 / s ** 2))
[gpu] HAI:GDN heartbeat t+960s alloc=0.00G
[gpu] SWaT:GDN heartbeat t+960s alloc=0.00G[HAI:USAD] /root/TranAD/src/spot.py:313: RuntimeWarning: divide by zero encountered in log
[HAI:USAD]   return 1 + np.log(s).mean()
[HAI:USAD] /root/TranAD/src/spot.py:316: RuntimeWarning: divide by zero encountered in divide
[HAI:USAD]   return np.mean(1 / s)
[HAI:USAD] /root/TranAD/src/spot.py:329: RuntimeWarning: divide by zero encountered in divide
[HAI:USAD]   jac_vs = (1 / t) * (-vs + np.mean(1 / s ** 2))
[HAI:USAD] /root/TranAD/src/spot.py:329: RuntimeWarning: invalid value encountered in scalar add
[HAI:USAD]   jac_vs = (1 / t) * (-vs + np.mean(1 / s ** 2))

[HAI:USAD] /root/TranAD/src/spot.py:313: RuntimeWarning: divide by zero encountered in log
[HAI:USAD]   return 1 + np.log(s).mean()
[HAI:USAD] /root/TranAD/src/spot.py:316: RuntimeWarning: divide by zero encountered in divide
[HAI:USAD]   return np.mean(1 / s)
[HAI:USAD] /root/TranAD/src/spot.py:329: RuntimeWarning: divide by zero encountered in divide
[HAI:USAD]   jac_vs = (1 / t) * (-vs + np.mean(1 / s ** 2))
[HAI:USAD] /root/TranAD/src/spot.py:329: RuntimeWarning: invalid value encountered in scalar add
[HAI:USAD]   jac_vs = (1 / t) * (-vs + np.mean(1 / s ** 2))
[HAI:USAD] /root/TranAD/src/spot.py:313: RuntimeWarning: divide by zero encountered in log
[HAI:USAD]   return 1 + np.log(s).mean()
[HAI:USAD] /root/TranAD/src/spot.py:316: RuntimeWarning: divide by zero encountered in divide
[HAI:USAD]   return np.mean(1 / s)
[HAI:USAD] /root/TranAD/src/spot.py:329: RuntimeWarning: divide by zero encountered in divide
[HAI:USAD]   jac_vs = (1 / t) * (-vs + np.mean(1 / s ** 2))
[HAI:USAD] /root/TranAD/src/spot.py:329: RuntimeWarning: invalid value encountered in scalar add
[HAI:USAD]   jac_vs = (1 / t) * (-vs + np.mean(1 / s ** 2))
[HAI:USAD] /root/TranAD/src/spot.py:313: RuntimeWarning: divide by zero encountered in log
[HAI:USAD]   return 1 + np.log(s).mean()
[HAI:USAD] /root/TranAD/src/spot.py:316: RuntimeWarning: divide by zero encountered in divide
[HAI:USAD]   return np.mean(1 / s)
[HAI:USAD] /root/TranAD/src/spot.py:329: RuntimeWarning: divide by zero encountered in divide
[HAI:USAD]   jac_vs = (1 / t) * (-vs + np.mean(1 / s ** 2))
[HAI:USAD] /root/TranAD/src/spot.py:329: RuntimeWarning: invalid value encountered in scalar add
[HAI:USAD]   jac_vs = (1 / t) * (-vs + np.mean(1 / s ** 2))
[HAI:USAD]           f1  precision    recall  ...       FN   ROC/AUC     threshold
[HAI:USAD] 0   0.037070   1.000000  0.018885  ...  17196.0  0.509443  5.228380e+00
[HAI:USAD] 1   0.056323   0.826861  0.029155  ...  17016.0  0.514452  4.541528e+00
[HAI:USAD] 2   0.114002   0.140158  0.096080  ...  15843.0  0.535945  1.041727e+01
[HAI:USAD] 3   0.025274   0.017763  0.043818  ...  16759.0  0.472189  1.489182e+01
[HAI:USAD] 4   0.239707   0.203247  0.292121  ...  12407.0  0.622562  1.804591e+01
[HAI:USAD] 5   0.321780   0.354451  0.294631  ...  12363.0  0.636305  3.013940e+00
[HAI:USAD] 6   0.272940   0.276271  0.269698  ...  12800.0  0.620352  3.422448e+00
[HAI:USAD] 7   0.274364   0.258651  0.292121  ...  12407.0  0.628879  1.622737e+01
[HAI:USAD] 8   0.000000   0.000000  0.000000  ...  17527.0  0.500000  1.099180e+25
[HAI:USAD] 9   0.348556   0.553075  0.254465  ...  13067.0  0.623013  2.930157e+00
[HAI:USAD] 10  0.122900   0.066996  0.742454  ...   4514.0  0.659059  1.148689e+00
[HAI:USAD] 11  0.000000   0.000000  0.000000  ...  17527.0  0.499723  1.554766e+00
[HAI:USAD] 12  0.319213   0.200130  0.788270  ...   3711.0  0.829487  6.665151e+00
[HAI:USAD] 13  0.310832   0.193585  0.788270  ...   3711.0  0.826754  6.361727e+00
[HAI:USAD] 14  0.765785   0.743643  0.789297  ...   3693.0  0.889065  7.270190e+00
[HAI:USAD] 15  0.776597   0.764309  0.789297  ...   3693.0  0.889654  9.623684e+00
[HAI:USAD] 16  0.325829   0.292263  0.368118  ...  11075.0  0.665767  2.652435e+00
[HAI:USAD] 17  0.401527   0.369486  0.439665  ...   9821.0  0.704437  3.504754e+00
[HAI:USAD] 18  0.183535   0.130506  0.309180  ...  12108.0  0.612321  1.444413e+01
[HAI:USAD] 19  0.183433   0.130402  0.309180  ...  12108.0  0.612282  1.514296e+01
[HAI:USAD] 20  0.462764   0.327347  0.789297  ...   3693.0  0.861367  8.583310e+00
[HAI:USAD] 21  0.511126   0.377937  0.789297  ...   3693.0  0.867990  8.646700e+00
[HAI:USAD] 22  0.563512   0.486272  0.669938  ...   5785.0  0.820446  6.209526e+00
[HAI:USAD] 23  0.459904   0.389569  0.561248  ...   7690.0  0.762578  2.028092e+00
[HAI:USAD] 24  0.483993   0.413172  0.584127  ...   7289.0  0.775040  2.049674e+00
[HAI:USAD] 25  0.527147   0.856300  0.380784  ...  10853.0  0.689081  5.462080e-05
[HAI:USAD] 26  0.093585   0.052215  0.450676  ...   9628.0  0.557474  1.243995e+00
[HAI:USAD] 27  0.775841   0.826718  0.730872  ...   4717.0  0.862293  4.940383e+00
[HAI:USAD] 28  0.219449   0.377243  0.154733  ...  14815.0  0.572125  9.724841e+00
[HAI:USAD] 29  0.324907   0.414725  0.267074  ...  12846.0  0.625803  5.565186e+00
[HAI:USAD] 30  0.245262   0.366108  0.184401  ...  14295.0  0.585649  7.835927e+00
[HAI:USAD] 31  0.883413   0.819562  0.958065  ...    735.0  0.974704  6.502898e+00
[HAI:USAD] 32  0.455697   0.784907  0.321048  ...  11900.0  0.658718  3.755593e-05
[HAI:USAD] 33  0.456585   0.790198  0.321048  ...  11900.0  0.658775  9.211067e-05
[HAI:USAD] 34  0.439688   0.799368  0.303246  ...  12212.0  0.650061  1.371025e-04
[HAI:USAD] 35  0.309752   0.207192  0.613396  ...   6776.0  0.758536  1.304210e+00
[HAI:USAD] 36  0.519528   0.355833  0.962173  ...    663.0  0.945344  1.708250e+00
[HAI:USAD] 37  0.442341   0.817189  0.303246  ...  12212.0  0.650231  1.913914e-05
[HAI:USAD] 38  0.670595   0.640605  0.703543  ...   5196.0  0.843672  3.861064e+00
[HAI:USAD] 39  0.439903   0.385930  0.511439  ...   8563.0  0.739021  3.770039e+00
[HAI:USAD] 40  0.550035   0.594943  0.511439  ...   8563.0  0.748575  4.171934e+00
[HAI:USAD] 41  0.540235   0.999384  0.370172  ...  11039.0  0.685081  4.092789e+00
[HAI:USAD] 42  0.425556   0.379786  0.483882  ...   9046.0  0.725726  3.660145e+00
[HAI:USAD] 43  0.447863   0.466856  0.430365  ...   9984.0  0.705097  2.975389e+00
[HAI:USAD] 44  0.581934   0.608301  0.557768  ...   7751.0  0.771514  3.664002e+00
[HAI:USAD] 45  0.442121   0.815684  0.303246  ...  12212.0  0.650217  5.398279e-05
[HAI:USAD] 46  0.455808   0.785565  0.321048  ...  11900.0  0.658725  7.881782e-06
[HAI:USAD] 47  0.501601   0.635457  0.414332  ...  10265.0  0.702289  3.502413e+00
[HAI:USAD] 48  0.889863   0.807210  0.991385  ...    151.0  0.990834  2.178953e+01
[HAI:USAD] 49  0.561906   0.569686  0.554345  ...   7811.0  0.768580  3.417337e+00
[HAI:USAD] 50  0.612818   0.652737  0.577509  ...   7405.0  0.782450  3.611499e+00
[HAI:USAD] 51  0.457104   0.793317  0.321048  ...  11900.0  0.658807  3.357259e-05
[HAI:USAD] 52  0.408771   0.551444  0.324756  ...  11835.0  0.656957  5.395718e+00
[HAI:USAD] 53  0.816140   0.921223  0.732584  ...   4687.0  0.865007  7.715221e+00
[HAI:USAD] 54  0.415687   0.614466  0.314087  ...  12022.0  0.653000  6.125308e+00
[HAI:USAD] 55  0.355812   0.552287  0.262452  ...  12927.0  0.626860  6.741597e+00
[HAI:USAD] 56  0.432431   0.998555  0.275974  ...  12690.0  0.637979  2.554842e+00
[HAI:USAD] 57  0.784091   0.809738  0.760027  ...   4206.0  0.876349  4.630654e+00
[HAI:USAD] 58  0.367146   0.389418  0.347293  ...  11440.0  0.662473  8.861806e+00
[HAI:USAD] 
[HAI:USAD] [59 rows x 9 columns]
[HAI:USAD] {'FN': 764,
[HAI:USAD]  'FP': 43925,
[HAI:USAD]  'Hit@100%': 1.0,
[HAI:USAD]  'Hit@150%': 1.0,
[HAI:USAD]  'NDCG@100%': 1.0000000000000002,
[HAI:USAD]  'NDCG@150%': 1.0000000000000002,
[HAI:USAD]  'ROC/AUC': 0.9267794205645102,
[HAI:USAD]  'TN': 383148,
[HAI:USAD]  'TP': 16763,
[HAI:USAD]  'f1': 0.42863553033623825,
[HAI:USAD]  'precision': 0.2762160558469193,
[HAI:USAD]  'recall': 0.9564101095701432,
[HAI:USAD]  'threshold': 2.478351487527673}
[gpu] HAI:TranAD heartbeat t+1020s alloc=0.00G
[gpu] HAI:USAD heartbeat t+1020s alloc=0.00G
[gpu] HAI:USAD heartbeat t+1020s alloc=0.00G
[gpu] HAI:TranAD heartbeat t+1020s alloc=0.00G
[gpu] HAI:TranAD heartbeat t+1020s alloc=0.00G
[gpu] HAI:USAD heartbeat t+1020s alloc=0.00G[gpu] HAI:USAD heartbeat t+1020s alloc=0.00G

[gpu] HAI:USAD heartbeat t+1020s alloc=0.00G[gpu] HAI:TranAD heartbeat t+1020s alloc=0.00G

[HAI:USAD]           f1  precision    recall  ...       FN   ROC/AUC  threshold
[HAI:USAD] 0   0.037070   1.000000  0.018885  ...  17196.0  0.509443   5.275390
[HAI:USAD] 1   0.000000   0.000000  0.000000  ...  17527.0  0.499980   6.007971
[HAI:USAD] 2   0.124377   0.082390  0.253666  ...  13081.0  0.568860   8.040619
[HAI:USAD] 3   0.025296   0.017784  0.043818  ...  16759.0  0.472250  14.739218
[HAI:USAD] 4   0.239707   0.203247  0.292121  ...  12407.0  0.622562  17.993981
[HAI:USAD] 5   0.094202   0.902591  0.049695  ...  16656.0  0.524737   3.002034
[HAI:USAD] 6   0.139627   0.602525  0.078964  ...  16143.0  0.538413   3.155540
[HAI:USAD] 7   0.278052   0.265285  0.292121  ...  12407.0  0.629459  15.812083
[HAI:USAD] 8   0.141559   0.235403  0.101215  ...  15753.0  0.543862   2.849034
[HAI:USAD] 9   0.038711   0.274436  0.020825  ...  17162.0  0.509283   2.906432
[HAI:USAD] 10  0.121605   0.066227  0.742454  ...   4514.0  0.656419   1.148689
[HAI:USAD] 11  0.000000   0.000000  0.000000  ...  17527.0  0.499723   1.554768
[HAI:USAD] 12  0.326420   0.207211  0.768643  ...   4055.0  0.823976   7.188195
[HAI:USAD] 13  0.344236   0.221783  0.768643  ...   4055.0  0.828977   7.838857
[HAI:USAD] 14  0.776815   0.764732  0.789297  ...   3693.0  0.889666   9.493933
[HAI:USAD] 15  0.788639   0.787993  0.789297  ...   3693.0  0.890291  11.923870
[HAI:USAD] 16  0.061699   0.942664  0.031894  ...  16968.0  0.515907   2.620185
[HAI:USAD] 17  0.061713   0.949066  0.031894  ...  16968.0  0.515912   3.188705
[HAI:USAD] 18  0.183523   0.130493  0.309180  ...  12108.0  0.612316  14.309241
[HAI:USAD] 19  0.183368   0.130336  0.309180  ...  12108.0  0.612258  15.031939
[HAI:USAD] 20  0.516565   0.383915  0.789297  ...   3693.0  0.868657   8.587421
[HAI:USAD] 21  0.540418   0.410870  0.789297  ...   3693.0  0.871425   8.638715
[HAI:USAD] 22  0.507112   0.446086  0.587494  ...   7230.0  0.778777  10.494748
[HAI:USAD] 23  0.426180   0.401503  0.454099  ...   9568.0  0.713160   2.514773
[HAI:USAD] 24  0.390678   0.342809  0.454099  ...   9568.0  0.709186   2.048172
[HAI:USAD] 25  0.495210   1.000000  0.329092  ...  11759.0  0.664546   0.000093
[HAI:USAD] 26  0.182309   0.100508  0.979574  ...    358.0  0.809896   1.211562
[HAI:USAD] 27  0.796513   0.875120  0.730872  ...   4717.0  0.863296   5.491068
[HAI:USAD] 28  0.176442   0.619588  0.102870  ...  15724.0  0.550139   9.271338
[HAI:USAD] 29  0.323291   0.409500  0.267074  ...  12846.0  0.625634   5.436829
[HAI:USAD] 30  0.245262   0.366108  0.184401  ...  14295.0  0.585649   7.835927
[HAI:USAD] 31  0.872234   0.824468  0.925886  ...   1299.0  0.958898   6.544908
[HAI:USAD] 32  0.000000   0.000000  0.000000  ...  17527.0  0.500000   0.000294
[HAI:USAD] 33  0.000000   0.000000  0.000000  ...  17527.0  0.500000   0.000217
[HAI:USAD] 34  0.368841   0.996983  0.226279  ...  13561.0  0.613126   0.000173
[HAI:USAD] 35  0.301087   0.218017  0.486449  ...   9001.0  0.707422   1.419451
[HAI:USAD] 36  0.648066   0.486340  0.970959  ...    509.0  0.964436   1.715904
[HAI:USAD] 37  0.203647   1.000000  0.113368  ...  15540.0  0.556684   0.000134
[HAI:USAD] 38  0.554004   0.456250  0.705084  ...   5169.0  0.835299   3.598519
[HAI:USAD] 39  0.461225   0.419997  0.511439  ...   8563.0  0.741227   3.790747
[HAI:USAD] 40  0.579347   0.852990  0.438638  ...   9839.0  0.717768   4.522879
[HAI:USAD] 41  0.540325   1.000000  0.370172  ...  11039.0  0.685086   4.546871
[HAI:USAD] 42  0.439594   0.419387  0.461859  ...   9432.0  0.717809   3.761062
[HAI:USAD] 43  0.444944   0.460557  0.430365  ...   9984.0  0.704839   2.975389
[HAI:USAD] 44  0.227790   0.996023  0.128602  ...  15273.0  0.564290   3.446023
[HAI:USAD] 45  0.150592   0.993046  0.081474  ...  16099.0  0.540725   0.000021
[HAI:USAD] 46  0.000000   0.000000  0.000000  ...  17527.0  0.500000   0.000572
[HAI:USAD] 47  0.468168   0.565361  0.399498  ...  10525.0  0.693447   3.453015
[HAI:USAD] 48  0.889544   0.806685  0.991385  ...    151.0  0.990817  24.346252
[HAI:USAD] 49  0.200981   0.973723  0.112056  ...  15563.0  0.555966   3.101853
[HAI:USAD] 50  0.201517   0.999491  0.112056  ...  15563.0  0.556027   3.654322
[HAI:USAD] 51  0.329089   0.998554  0.197010  ...  14074.0  0.598499   0.000223
[HAI:USAD] 52  0.408059   0.667012  0.293946  ...  12375.0  0.643962   5.145381
[HAI:USAD] 53  0.816140   0.921223  0.732584  ...   4687.0  0.865007   7.714708
[HAI:USAD] 54  0.409680   0.673057  0.294460  ...  12366.0  0.644295   5.999695
[HAI:USAD] 55  0.363646   0.591868  0.262452  ...  12927.0  0.627512   6.517925
[HAI:USAD] 56  0.439522   0.994769  0.282079  ...  12583.0  0.641009   2.227212
[HAI:USAD] 57  0.704635   0.680225  0.730872  ...   4717.0  0.858386   4.721923
[HAI:USAD] 58  0.373042   0.402926  0.347293  ...  11440.0  0.663086   9.390463
[HAI:USAD] 
[HAI:USAD] [59 rows x 9 columns]
[HAI:USAD] {'FN': 764,
[HAI:USAD]  'FP': 41622,
[HAI:USAD]  'Hit@100%': 1.0,
[HAI:USAD]  'Hit@150%': 1.0,
[HAI:USAD]  'NDCG@100%': 1.0000000000000002,
[HAI:USAD]  'NDCG@150%': 1.0000000000000002,
[HAI:USAD]  'ROC/AUC': 0.9294756809228096,
[HAI:USAD]  'TN': 385451,
[HAI:USAD]  'TP': 16763,
[HAI:USAD]  'f1': 0.44163940336218666,
[HAI:USAD]  'precision': 0.2871114155541472,
[HAI:USAD]  'recall': 0.9564101095701432,
[HAI:USAD]  'threshold': 2.525588685546697}
[sota] DONE USAD_HAI_s4 rc=0 1018.6s raw_ALL={'AUROC': 0.846, 'bestF1': 0.69, 'F1_at5pctFPR': 0.436, 'TPR_at5pctFPR': 0.619} raw_HARD={'AUROC': 0.667, 'bestF1': 0.194, 'F1_at5pctFPR': 0.098, 'TPR_at5pctFPR': 0.189}
[HAI:USAD] /root/TranAD/src/spot.py:313: RuntimeWarning: divide by zero encountered in log
[HAI:USAD]   return 1 + np.log(s).mean()
[HAI:USAD] /root/TranAD/src/spot.py:316: RuntimeWarning: divide by zero encountered in divide
[HAI:USAD]   return np.mean(1 / s)
[HAI:USAD] /root/TranAD/src/spot.py:329: RuntimeWarning: divide by zero encountered in divide
[HAI:USAD]   jac_vs = (1 / t) * (-vs + np.mean(1 / s ** 2))
[HAI:USAD] /root/TranAD/src/spot.py:329: RuntimeWarning: invalid value encountered in scalar add
[HAI:USAD]   jac_vs = (1 / t) * (-vs + np.mean(1 / s ** 2))
[HAI:USAD] /root/TranAD/src/spot.py:313: RuntimeWarning: divide by zero encountered in log
[HAI:USAD]   return 1 + np.log(s).mean()
[HAI:USAD] /root/TranAD/src/spot.py:316: RuntimeWarning: divide by zero encountered in divide
[HAI:USAD]   return np.mean(1 / s)
[HAI:USAD] /root/TranAD/src/spot.py:329: RuntimeWarning: divide by zero encountered in divide
[HAI:USAD]   jac_vs = (1 / t) * (-vs + np.mean(1 / s ** 2))
[HAI:USAD] /root/TranAD/src/spot.py:329: RuntimeWarning: invalid value encountered in scalar add
[HAI:USAD]   jac_vs = (1 / t) * (-vs + np.mean(1 / s ** 2))
[sota] DONE USAD_HAI_s1 rc=0 1026.7s raw_ALL={'AUROC': 0.851, 'bestF1': 0.694, 'F1_at5pctFPR': 0.438, 'TPR_at5pctFPR': 0.622} raw_HARD={'AUROC': 0.679, 'bestF1': 0.203, 'F1_at5pctFPR': 0.1, 'TPR_at5pctFPR': 0.194}
[gpu] WADI:GDN heartbeat t+1020s alloc=0.00G
[gpu] HAI:GDN heartbeat t+1020s alloc=0.00G
[HAI:TranAD] /root/TranAD/src/spot.py:313: RuntimeWarning: divide by zero encountered in log
[HAI:TranAD]   return 1 + np.log(s).mean()
[HAI:TranAD] /root/TranAD/src/spot.py:316: RuntimeWarning: divide by zero encountered in divide
[HAI:TranAD]   return np.mean(1 / s)
[HAI:TranAD] /root/TranAD/src/spot.py:329: RuntimeWarning: divide by zero encountered in divide
[HAI:TranAD]   jac_vs = (1 / t) * (-vs + np.mean(1 / s ** 2))
[HAI:TranAD] /root/TranAD/src/spot.py:329: RuntimeWarning: invalid value encountered in scalar add
[HAI:TranAD]   jac_vs = (1 / t) * (-vs + np.mean(1 / s ** 2))
[HAI:TranAD] /root/TranAD/src/spot.py:313: RuntimeWarning: divide by zero encountered in log
[HAI:TranAD]   return 1 + np.log(s).mean()
[HAI:TranAD] /root/TranAD/src/spot.py:316: RuntimeWarning: divide by zero encountered in divide
[HAI:TranAD]   return np.mean(1 / s)
[HAI:TranAD] /root/TranAD/src/spot.py:329: RuntimeWarning: divide by zero encountered in divide
[HAI:TranAD]   jac_vs = (1 / t) * (-vs + np.mean(1 / s ** 2))
[HAI:TranAD] /root/TranAD/src/spot.py:329: RuntimeWarning: invalid value encountered in scalar add
[HAI:TranAD]   jac_vs = (1 / t) * (-vs + np.mean(1 / s ** 2))
[HAI:TranAD] /root/TranAD/src/spot.py:313: RuntimeWarning: divide by zero encountered in log
[HAI:TranAD]   return 1 + np.log(s).mean()
[HAI:TranAD] /root/TranAD/src/spot.py:316: RuntimeWarning: divide by zero encountered in divide
[HAI:TranAD]   return np.mean(1 / s)
[HAI:TranAD] /root/TranAD/src/spot.py:329: RuntimeWarning: divide by zero encountered in divide
[HAI:TranAD]   jac_vs = (1 / t) * (-vs + np.mean(1 / s ** 2))
[HAI:TranAD] /root/TranAD/src/spot.py:329: RuntimeWarning: invalid value encountered in scalar add
[HAI:TranAD]   jac_vs = (1 / t) * (-vs + np.mean(1 / s ** 2))
[gpu] SWaT:GDN heartbeat t+1020s alloc=0.00G
[HAI:TranAD] /root/TranAD/src/spot.py:313: RuntimeWarning: divide by zero encountered in log
[HAI:TranAD]   return 1 + np.log(s).mean()
[HAI:TranAD] /root/TranAD/src/spot.py:316: RuntimeWarning: divide by zero encountered in divide
[HAI:TranAD]   return np.mean(1 / s)
[HAI:TranAD] /root/TranAD/src/spot.py:329: RuntimeWarning: divide by zero encountered in divide
[HAI:TranAD]   jac_vs = (1 / t) * (-vs + np.mean(1 / s ** 2))
[HAI:TranAD] /root/TranAD/src/spot.py:329: RuntimeWarning: invalid value encountered in scalar add
[HAI:TranAD]   jac_vs = (1 / t) * (-vs + np.mean(1 / s ** 2))
[HAI:USAD]           f1  precision    recall  ...       FN   ROC/AUC  threshold[HAI:TranAD] /root/TranAD/src/spot.py:313: RuntimeWarning: divide by zero encountered in log
[HAI:USAD] 0   0.000000   0.000000  0.000000  ...  17527.0  0.500000   5.849237
[HAI:USAD] 1   0.058920   0.348794  0.032179  ...  16963.0  0.514857   3.757807
[HAI:USAD] 2   0.124377   0.082390  0.253666  ...  13081.0  0.568860   8.040619
[HAI:USAD] 3   0.025227   0.017716  0.043818  ...  16759.0  0.472055  14.973829
[HAI:USAD] 4   0.239707   0.203247  0.292121  ...  12407.0  0.622562  17.829485
[HAI:USAD] 5   0.384892   0.832006  0.250357  ...  13139.0  0.624141   1.460755
[HAI:USAD] 6   0.206433   0.787443  0.118788  ...  15445.0  0.558736   2.002384
[HAI:USAD] 7   0.274894   0.259595  0.292121  ...  12407.0  0.628964  16.337152
[HAI:USAD] 8   0.483936   0.863910  0.336110  ...  11636.0  0.666969   0.900195
[HAI:USAD] 9   0.396740   0.645327  0.286415  ...  12507.0  0.639977   1.333939
[HAI:USAD] 10  0.121919   0.066413  0.742454  ...   4514.0  0.657064   1.148689
[HAI:USAD] 11  0.000000   0.000000  0.000000  ...  17527.0  0.499723   1.554766
[HAI:USAD] 12  0.324861   0.204591  0.788270  ...   3711.0  0.831249   7.079845
[HAI:USAD] 13  0.333105   0.211173  0.788270  ...   3711.0  0.833713   7.182048
[HAI:USAD] 14  0.731063   0.680841  0.789297  ...   3693.0  0.887056   7.196947
[HAI:USAD] 15  0.752027   0.718127  0.789297  ...   3693.0  0.888291   9.552745
[HAI:USAD] 16  0.553794   0.969325  0.387631  ...  10733.0  0.693564   1.051177
[HAI:USAD] 17  0.253506   0.790323  0.150967  ...  14881.0  0.574662   1.892966
[HAI:USAD] 18  0.183632   0.130603  0.309180  ...  12108.0  0.612357  14.439238
[HAI:USAD] 19  0.183918   0.130894  0.309180  ...  12108.0  0.612465  15.267840
[HAI:USAD] 20  0.532062   0.401288  0.789297  ...   3693.0  0.870484   8.737095
[HAI:USAD] 21  0.565514   0.440601  0.789297  ...   3693.0  0.874085   8.841763
[HAI:USAD] 22  0.507162   0.446163  0.587494  ...   7230.0  0.778782  10.494732
[HAI:USAD] 23  0.341629   0.252510  0.527985  ...   8273.0  0.731921   2.083983
[HAI:USAD] 24  0.351298   0.263219  0.527985  ...   8273.0  0.733666   2.059770
[HAI:USAD] 25  0.421516   0.814748  0.284304  ...  12544.0  0.640826   0.000035
[HAI:USAD] 26  0.063383   0.035430  0.300451  ...  12261.0  0.482377   1.381524
[HAI:USAD] 27  0.786802   0.852012  0.730872  ...   4717.0  0.862831   4.949732
[HAI:USAD] 28  0.235171   0.317042  0.186912  ...  14251.0  0.585194   8.136878
[HAI:USAD] 29  0.323302   0.409536  0.267074  ...  12846.0  0.625635   5.472375
[HAI:USAD] 30  0.245262   0.366108  0.184401  ...  14295.0  0.585649   7.835929
[HAI:USAD] 31  0.880015   0.838483  0.925886  ...   1299.0  0.959283   6.503817
[HAI:USAD] 32  0.217944   0.676069  0.129914  ...  15250.0  0.563680   0.000027
[HAI:USAD] 33  0.217154   0.661150  0.129914  ...  15250.0  0.563591   0.000060
[HAI:USAD] 34  0.263174   0.699237  0.162093  ...  14686.0  0.579616   0.000070
[HAI:USAD] 35  0.306389   0.220708  0.500827  ...   8749.0  0.714127   1.397827
[HAI:USAD] 36  0.579996   0.416741  0.953557  ...    814.0  0.949393   1.708394
[HAI:USAD] 37  0.092580   0.479701  0.051235  ...  16629.0  0.524477   0.000022
[HAI:USAD] 38  0.476865   0.369046  0.673703  ...   5719.0  0.813216   3.547089
[HAI:USAD] 39  0.592775   0.956301  0.429509  ...   9999.0  0.714352   4.707370
[HAI:USAD] 40  0.628168   0.900597  0.482284  ...   9074.0  0.740050   4.659033
[HAI:USAD] 41  0.540325   1.000000  0.370172  ...  11039.0  0.685086   5.019891
[HAI:USAD] 42  0.574867   0.687331  0.494038  ...   8868.0  0.742407   4.098604
[HAI:USAD] 43  0.444944   0.460557  0.430365  ...   9984.0  0.704839   2.975389
[HAI:USAD] 44  0.305098   0.271948  0.347464  ...  11437.0  0.654644   4.000204
[HAI:USAD] 45  0.141021   0.582677  0.080219  ...  16121.0  0.538931   0.000009
[HAI:USAD] 46  0.217434   0.666374  0.129914  ...  15250.0  0.563622   0.000235
[HAI:USAD] 47  0.486252   0.714982  0.368403  ...  11070.0  0.681188   3.584794
[HAI:USAD] 48  0.888452   0.804892  0.991385  ...    151.0  0.990761  20.755922
[HAI:USAD] 49  0.317774   0.286401  0.356878  ...  11272.0  0.660193   3.869097
[HAI:USAD] 50  0.310987   0.281449  0.347464  ...  11437.0  0.655529   4.008456
[HAI:USAD] 51  0.140485   0.564885  0.080219  ...  16121.0  0.538842   0.000029
[HAI:USAD] 52  0.458650   0.495074  0.427227  ...  10039.0  0.704672   5.642496
[HAI:USAD] 53  0.828911   0.917937  0.755634  ...   4283.0  0.876431   7.809098
[HAI:USAD] 54  0.399537   0.487903  0.338278  ...  11598.0  0.661853   6.068668
[HAI:USAD] 55  0.351278   0.442060  0.291436  ...  12419.0  0.638170   7.101560
[HAI:USAD] 56  0.000000   0.000000  0.000000  ...  17527.0  0.500000   3.063440
[HAI:USAD] 57  0.781879   0.840551  0.730872  ...   4717.0  0.862591   4.763020
[HAI:USAD] 58  0.378728   0.416433  0.347293  ...  11440.0  0.663660   9.899238
[HAI:USAD] 
[HAI:USAD] [59 rows x 9 columns]
[HAI:USAD] {'FN': 509,
[HAI:USAD]  'FP': 44544,
[HAI:USAD]  'Hit@100%': 1.0,
[HAI:USAD]  'Hit@150%': 1.0,
[HAI:USAD]  'NDCG@100%': 1.0000000000000002,
[HAI:USAD]  'NDCG@150%': 1.0000000000000002,
[HAI:USAD]  'ROC/AUC': 0.9333292108891099,
[HAI:USAD]  'TN': 382529,
[HAI:USAD]  'TP': 17018,
[HAI:USAD]  'f1': 0.43034716758505015,
[HAI:USAD]  'precision': 0.27643676289327235,
[HAI:USAD]  'recall': 0.9709590911331323,
[HAI:USAD]  'threshold': 2.3999368389513513}

[HAI:TranAD]   return 1 + np.log(s).mean()
[HAI:TranAD] /root/TranAD/src/spot.py:316: RuntimeWarning: divide by zero encountered in divide
[HAI:TranAD]   return np.mean(1 / s)
[HAI:TranAD] /root/TranAD/src/spot.py:329: RuntimeWarning: divide by zero encountered in divide
[HAI:TranAD]   jac_vs = (1 / t) * (-vs + np.mean(1 / s ** 2))
[HAI:TranAD] /root/TranAD/src/spot.py:329: RuntimeWarning: invalid value encountered in scalar add
[HAI:TranAD]   jac_vs = (1 / t) * (-vs + np.mean(1 / s ** 2))
[HAI:TranAD] /root/TranAD/src/spot.py:313: RuntimeWarning: divide by zero encountered in log
[HAI:TranAD]   return 1 + np.log(s).mean()
[HAI:TranAD] /root/TranAD/src/spot.py:316: RuntimeWarning: divide by zero encountered in divide
[HAI:TranAD]   return np.mean(1 / s)
[HAI:TranAD] /root/TranAD/src/spot.py:329: RuntimeWarning: divide by zero encountered in divide
[HAI:TranAD]   jac_vs = (1 / t) * (-vs + np.mean(1 / s ** 2))
[HAI:TranAD] /root/TranAD/src/spot.py:329: RuntimeWarning: invalid value encountered in scalar add
[HAI:TranAD]   jac_vs = (1 / t) * (-vs + np.mean(1 / s ** 2))
[HAI:TranAD]           f1  precision    recall  ...       FN   ROC/AUC     threshold
[HAI:TranAD] 0   0.133822   0.998411  0.071718  ...  16270.0  0.535857  3.248453e+00
[HAI:TranAD] 1   0.000000   0.000000  0.000000  ...  17527.0  0.500000  1.320923e+01
[HAI:TranAD] 2   0.204578   0.171415  0.253666  ...  13081.0  0.601672  4.962177e+00
[HAI:TranAD] 3   0.038124   0.026731  0.066469  ...  16362.0  0.483574  1.406526e+01
[HAI:TranAD] 4   0.042426   0.576981  0.022023  ...  17141.0  0.510680  6.774898e+01
[HAI:TranAD] 5   0.000000   0.000000  0.000000  ...  17527.0  0.500000  3.616212e+13
[HAI:TranAD] 6   0.458353   0.404487  0.528784  ...   8259.0  0.748417  1.898187e+00
[HAI:TranAD] 7   0.294746   0.767403  0.182404  ...  14330.0  0.590068  4.456796e+01
[HAI:TranAD] 8   0.334739   0.302539  0.374622  ...  10961.0  0.669589  9.711667e-01
[HAI:TranAD] 9   0.385935   0.397964  0.374622  ...  10961.0  0.675682  1.270189e+00
[HAI:TranAD] 10  0.404749   0.895972  0.261425  ...  12945.0  0.630090  2.751885e+00
[HAI:TranAD] 11  0.449003   0.356097  0.607520  ...   6879.0  0.781218  1.547084e+00
[HAI:TranAD] 12  0.369512   0.241319  0.788270  ...   3711.0  0.843282  7.126972e+00
[HAI:TranAD] 13  0.345738   0.221432  0.788270  ...   3711.0  0.837262  6.813441e+00
[HAI:TranAD] 14  0.828750   0.911149  0.760027  ...   4206.0  0.878493  1.562786e+01
[HAI:TranAD] 15  0.841100   0.941547  0.760027  ...   4206.0  0.879045  1.945354e+01
[HAI:TranAD] 16  0.514038   0.417227  0.669367  ...   5795.0  0.815498  1.889830e+00
[HAI:TranAD] 17  0.331579   0.319801  0.344269  ...  11493.0  0.657109  1.999670e+00
[HAI:TranAD] 18  0.184994   0.133621  0.300565  ...  12259.0  0.610293  1.531887e+01
[HAI:TranAD] 19  0.172942   0.125301  0.279055  ...  12636.0  0.599554  1.677808e+01
[HAI:TranAD] 20  0.712390   0.649148  0.789297  ...   3693.0  0.885894  9.616818e+00
[HAI:TranAD] 21  0.763082   0.738562  0.789297  ...   3693.0  0.888915  9.789419e+00
[HAI:TranAD] 22  0.524037   0.407181  0.734980  ...   4645.0  0.845533  6.008144e+00
[HAI:TranAD] 23  0.841852   0.871883  0.813830  ...   3263.0  0.904461  1.149285e+00
[HAI:TranAD] 24  0.867948   0.878868  0.857306  ...   2501.0  0.926228  1.169019e+00
[HAI:TranAD] 25  0.423473   1.000000  0.268614  ...  12819.0  0.634307  3.327438e-02
[HAI:TranAD] 26  0.092297   0.051454  0.447595  ...   9682.0  0.554482  1.075191e+00
[HAI:TranAD] 27  0.821017   0.936540  0.730872  ...   4717.0  0.864420  1.018021e+01
[HAI:TranAD] 28  0.361463   0.896116  0.226394  ...  13559.0  0.612658  5.386095e+00
[HAI:TranAD] 29  0.358420   0.306427  0.431677  ...   9961.0  0.695789  3.474058e+00
[HAI:TranAD] 30  0.309388   0.479177  0.228448  ...  13523.0  0.609129  4.828676e+00
[HAI:TranAD] 31  0.583017   0.901504  0.430821  ...   9976.0  0.714445  9.297899e+00
[HAI:TranAD] 32  0.300410   1.000000  0.176756  ...  14429.0  0.588378  8.543537e-02
[HAI:TranAD] 33  0.413915   1.000000  0.260969  ...  12953.0  0.630484  4.931843e-02
[HAI:TranAD] 34  0.491389   1.000000  0.325726  ...  11818.0  0.662863  2.508880e-02
[HAI:TranAD] 35  0.477179   0.556527  0.417641  ...  10207.0  0.701992  1.286279e+00
[HAI:TranAD] 36  0.000000   0.000000  0.000000  ...  17527.0  0.500000  2.628876e+27
[HAI:TranAD] 37  0.396209   1.000000  0.247047  ...  13197.0  0.623524  3.543024e-02
[HAI:TranAD] 38  0.661611   0.756386  0.587950  ...   7222.0  0.790089  3.924756e+00
[HAI:TranAD] 39  0.652778   0.731652  0.589262  ...   7199.0  0.790196  4.123575e+00
[HAI:TranAD] 40  0.623100   0.838025  0.495921  ...   8835.0  0.745993  4.469965e+00
[HAI:TranAD] 41  0.717877   0.990266  0.563017  ...   7659.0  0.781395  3.804691e+00
[HAI:TranAD] 42  0.732549   0.788183  0.684259  ...   5534.0  0.838356  3.988144e+00
[HAI:TranAD] 43  0.879497   0.997539  0.786444  ...   3743.0  0.893182  2.542444e+00
[HAI:TranAD] 44  0.861226   0.901798  0.824157  ...   3082.0  0.910237  1.379833e+00
[HAI:TranAD] 45  0.449758   1.000000  0.290124  ...  12442.0  0.645062  4.755397e-02
[HAI:TranAD] 46  0.357799   0.999738  0.217892  ...  13708.0  0.608945  2.997474e-02
[HAI:TranAD] 47  0.527180   0.846261  0.382838  ...  10817.0  0.689992  3.656945e+00
[HAI:TranAD] 48  0.691151   0.959935  0.539967  ...   8063.0  0.769521  1.254168e+02
[HAI:TranAD] 49  0.000000   0.000000  0.000000  ...  17527.0  0.500000  2.559478e+17
[HAI:TranAD] 50  0.892663   0.928395  0.859588  ...   2461.0  0.928434  1.327153e+00
[HAI:TranAD] 51  0.449758   1.000000  0.290124  ...  12442.0  0.645062  3.963931e-02
[HAI:TranAD] 52  0.461387   0.983796  0.301364  ...  12245.0  0.650580  4.416274e+00[HAI:TranAD] /root/TranAD/src/spot.py:313: RuntimeWarning: divide by zero encountered in log
[HAI:TranAD] 53  0.127047   0.940898  0.068123  ...  16333.0  0.533974  1.351823e+01
[HAI:TranAD] 54  0.312692   0.972884  0.186284  ...  14262.0  0.593035  7.162613e+00
[HAI:TranAD] 55  0.041849   0.769388  0.021510  ...  17150.0  0.510623  8.226756e+00
[HAI:TranAD] 56  0.728007   0.955671  0.587950  ...   7222.0  0.793415  8.415137e-01
[HAI:TranAD] 57  0.802855   0.938273  0.701603  ...   5230.0  0.849854  1.183876e+01
[HAI:TranAD] 58  0.056334   1.000000  0.028984  ...  17019.0  0.514492  5.499834e+01
[HAI:TranAD] 
[HAI:TranAD] [59 rows x 9 columns]
[HAI:TranAD] {'FN': 2095,
[HAI:TranAD]  'FP': 31476,
[HAI:TranAD]  'Hit@100%': 1.0,
[HAI:TranAD]  'Hit@150%': 1.0,
[HAI:TranAD]  'NDCG@100%': 1.0000000000000002,
[HAI:TranAD]  'NDCG@150%': 1.0000000000000002,
[HAI:TranAD]  'ROC/AUC': 0.9033842230681798,
[HAI:TranAD]  'TN': 395597,
[HAI:TranAD]  'TP': 15432,
[HAI:TranAD]  'f1': 0.4789903748445619,
[HAI:TranAD]  'precision': 0.3289843949157959,
[HAI:TranAD]  'recall': 0.8804701312943058,
[HAI:TranAD]  'threshold': 2.7989589185257384}

[HAI:TranAD]   return 1 + np.log(s).mean()
[HAI:TranAD] /root/TranAD/src/spot.py:316: RuntimeWarning: divide by zero encountered in divide
[HAI:TranAD]   return np.mean(1 / s)
[HAI:TranAD] /root/TranAD/src/spot.py:329: RuntimeWarning: divide by zero encountered in divide
[HAI:TranAD]   jac_vs = (1 / t) * (-vs + np.mean(1 / s ** 2))
[HAI:TranAD] /root/TranAD/src/spot.py:329: RuntimeWarning: invalid value encountered in scalar add
[HAI:TranAD]   jac_vs = (1 / t) * (-vs + np.mean(1 / s ** 2))
[sota] DONE USAD_HAI_s3 rc=0 1063.8s raw_ALL={'AUROC': 0.847, 'bestF1': 0.691, 'F1_at5pctFPR': 0.435, 'TPR_at5pctFPR': 0.617} raw_HARD={'AUROC': 0.671, 'bestF1': 0.201, 'F1_at5pctFPR': 0.096, 'TPR_at5pctFPR': 0.186}
[gpu] HAI:TranAD heartbeat t+1080s alloc=0.00G
[gpu] HAI:USAD heartbeat t+1080s alloc=0.00G
[gpu] HAI:USAD heartbeat t+1080s alloc=0.00G
[gpu] HAI:TranAD heartbeat t+1080s alloc=0.00G
[gpu] HAI:TranAD heartbeat t+1080s alloc=0.00G
[sota] DONE TranAD_HAI_s3 rc=0 1071.6s raw_ALL={'AUROC': 0.835, 'bestF1': 0.687, 'F1_at5pctFPR': 0.433, 'TPR_at5pctFPR': 0.613} raw_HARD={'AUROC': 0.645, 'bestF1': 0.194, 'F1_at5pctFPR': 0.092, 'TPR_at5pctFPR': 0.178}
[gpu] HAI:TranAD heartbeat t+1080s alloc=0.00G
[HAI:TranAD]           f1  precision    recall  ...       FN   ROC/AUC     threshold
[HAI:TranAD] 0   0.201085   0.991907  0.111885  ...  15566.0  0.555924  3.252299e+00
[HAI:TranAD] 1   0.000000   0.000000  0.000000  ...  17527.0  0.500000  7.032799e+01
[HAI:TranAD] 2   0.207302   0.175274  0.253666  ...  13081.0  0.602341  4.962191e+00
[HAI:TranAD] 3   0.038124   0.026731  0.066469  ...  16362.0  0.483574  1.406508e+01
[HAI:TranAD] 4   0.042373   0.557803  0.022023  ...  17141.0  0.510653  6.774967e+01
[HAI:TranAD] 5   0.606739   0.809869  0.485080  ...   9025.0  0.740203  1.101973e+00
[HAI:TranAD] 6   0.593155   0.744890  0.492783  ...   8890.0  0.742928  1.651985e+00
[HAI:TranAD] 7   0.324676   0.788512  0.204427  ...  13944.0  0.601089  4.456796e+01
[HAI:TranAD] 8   0.223903   0.970678  0.126548  ...  15309.0  0.563195  3.403398e+00
[HAI:TranAD] 9   0.193373   0.871912  0.108747  ...  15621.0  0.554045  3.341641e+00
[HAI:TranAD] 10  0.342116   0.217356  0.803104  ...   3451.0  0.842213  9.827660e-01
[HAI:TranAD] 11  0.648686   0.552651  0.785132  ...   3766.0  0.879525  1.311447e+00
[HAI:TranAD] 12  0.337580   0.218725  0.739374  ...   4568.0  0.815493  7.127078e+00
[HAI:TranAD] 13  0.327087   0.209995  0.739374  ...   4568.0  0.812610  6.813452e+00
[HAI:TranAD] 14  0.828673   0.910962  0.760027  ...   4206.0  0.878489  1.562592e+01
[HAI:TranAD] 15  0.841180   0.941746  0.760027  ...   4206.0  0.879049  1.945840e+01
[HAI:TranAD] 16  0.645245   0.834450  0.525988  ...   8308.0  0.760853  2.782290e+00
[HAI:TranAD] 17  0.480777   0.812076  0.341473  ...  11542.0  0.669115  1.799170e+00
[HAI:TranAD] 18  0.184702   0.133316  0.300565  ...  12259.0  0.610187  1.519205e+01
[HAI:TranAD] 19  0.172798   0.125150  0.279055  ...  12636.0  0.599499  1.677807e+01
[HAI:TranAD] 20  0.712207   0.648844  0.789297  ...   3693.0  0.885883  9.616800e+00
[HAI:TranAD] 21  0.762493   0.737459  0.789297  ...   3693.0  0.888882  9.789420e+00
[HAI:TranAD] 22  0.523899   0.407014  0.734980  ...   4645.0  0.845517  6.008121e+00
[HAI:TranAD] 23  0.621678   0.501381  0.817938  ...   3191.0  0.892277  1.268127e+00
[HAI:TranAD] 24  0.566524   0.433334  0.817938  ...   3191.0  0.887021  1.204010e+00
[HAI:TranAD] 25  0.462864   0.967344  0.304216  ...  12195.0  0.651897  5.774354e-03
[HAI:TranAD] 26  0.063383   0.035430  0.300451  ...  12261.0  0.482377  3.070186e+00
[HAI:TranAD] 27  0.820807   0.935993  0.730872  ...   4717.0  0.864411  1.018025e+01
[HAI:TranAD] 28  0.351100   0.781718  0.226394  ...  13559.0  0.611900  5.420292e+00
[HAI:TranAD] 29  0.422079   0.385833  0.465853  ...   9362.0  0.717710  3.474707e+00
[HAI:TranAD] 30  0.327111   0.668075  0.216580  ...  13731.0  0.606082  5.869315e+00
[HAI:TranAD] 31  0.650534   0.914702  0.504764  ...   8680.0  0.751416  9.297644e+00
[HAI:TranAD] 32  0.448648   0.997836  0.289382  ...  12455.0  0.644678  1.396799e-02
[HAI:TranAD] 33  0.533229   0.995632  0.364124  ...  11145.0  0.682029  8.266636e-03
[HAI:TranAD] 34  0.473210   0.989650  0.310949  ...  12077.0  0.655408  5.530834e-03
[HAI:TranAD] 35  0.538072   0.748931  0.419866  ...  10168.0  0.707045  1.286166e+00
[HAI:TranAD] 36  0.000000   0.000000  0.000000  ...  17527.0  0.500000  1.607882e+30
[HAI:TranAD] 37  0.473889   0.995616  0.310949  ...  12077.0  0.655446  5.095683e-03
[HAI:TranAD] 38  0.584354   0.706201  0.498374  ...   8792.0  0.744932  3.912746e+00
[HAI:TranAD] 39  0.675938   0.741735  0.620871  ...   6645.0  0.805999  4.123575e+00
[HAI:TranAD] 40  0.634075   0.858898  0.502539  ...   8719.0  0.749575  4.502106e+00
[HAI:TranAD] 41  0.677432   0.991750  0.514406  ...   8511.0  0.757115  3.804445e+00
[HAI:TranAD] 42  0.674185   0.790079  0.587950  ...   7222.0  0.790769  4.011866e+00
[HAI:TranAD] 43  0.844674   0.892062  0.802077  ...   3469.0  0.899047  2.604295e+00
[HAI:TranAD] 44  0.840206   0.940619  0.759172  ...   4221.0  0.878602  1.379809e+00
[HAI:TranAD] 45  0.454522   0.986842  0.295259  ...  12352.0  0.647549  6.413703e-03
[HAI:TranAD] 46  0.470753   0.975772  0.310207  ...  12090.0  0.654946  1.158710e-02
[HAI:TranAD] 47  0.545762   0.863137  0.399041  ...  10533.0  0.698222  3.653279e+00
[HAI:TranAD] 48  0.684668   0.959379  0.532265  ...   8198.0  0.765670  1.254168e+02
[HAI:TranAD] 49  0.000000   0.000000  0.000000  ...  17527.0  0.500000  3.578815e+18
[HAI:TranAD] 50  0.798001   0.974254  0.675757  ...   5683.0  0.837512  1.327686e+00
[HAI:TranAD] 51  0.497239   0.991982  0.331774  ...  11712.0  0.665832  1.169265e-02
[HAI:TranAD] 52  0.562914   0.988111  0.393564  ...  10629.0  0.696685  4.416278e+00
[HAI:TranAD] 53  0.198176   0.962705  0.110458  ...  15591.0  0.555141  1.351779e+01
[HAI:TranAD] 54  0.450165   0.969434  0.293148  ...  12389.0  0.646384  6.863074e+00
[HAI:TranAD] 55  0.077589   0.861985  0.040623  ...  16815.0  0.520178  8.225686e+00
[HAI:TranAD] 56  0.774483   0.937931  0.659554  ...   5967.0  0.828881  7.790292e-01
[HAI:TranAD] 57  0.785805   0.945367  0.672334  ...   5743.0  0.835370  1.183733e+01
[HAI:TranAD] 58  0.056334   1.000000  0.028984  ...  17019.0  0.514492  5.499753e+01
[HAI:TranAD] 
[HAI:TranAD] [59 rows x 9 columns]
[HAI:TranAD] {'FN': 2825,
[HAI:TranAD]  'FP': 30978,
[HAI:TranAD]  'Hit@100%': 1.0,
[HAI:TranAD]  'Hit@150%': 1.0,
[HAI:TranAD]  'NDCG@100%': 0.9999999999999998,
[HAI:TranAD]  'NDCG@150%': 0.9999999999999998,
[HAI:TranAD]  'ROC/AUC': 0.8831422487277747,
[HAI:TranAD]  'TN': 396095,
[HAI:TranAD]  'TP': 14702,
[HAI:TranAD]  'f1': 0.4651976308945324,
[HAI:TranAD]  'precision': 0.32184763565633806,
[HAI:TranAD]  'recall': 0.8388201056433958,
[HAI:TranAD]  'threshold': 2.8056222472360837}
[HAI:TranAD]           f1  precision    recall  ...       FN   ROC/AUC     threshold
[HAI:TranAD] 0   0.199865   1.000000  0.111029  ...  15581.0  0.555514  3.247337e+00
[HAI:TranAD] 1   0.000000   0.000000  0.000000  ...  17527.0  0.500000  6.729009e+01
[HAI:TranAD] 2   0.201368   0.166955  0.253666  ...  13081.0  0.600861  4.962231e+00
[HAI:TranAD] 3   0.038124   0.026731  0.066469  ...  16362.0  0.483574  1.406528e+01
[HAI:TranAD] 4   0.042876   0.807531  0.022023  ...  17141.0  0.510904  6.836626e+01
[HAI:TranAD] 5   0.319082   0.289321  0.355680  ...  11293.0  0.659912  1.547640e+00
[HAI:TranAD] 6   0.261243   0.246964  0.277286  ...  12667.0  0.621294  2.810431e+00
[HAI:TranAD] 7   0.295591   0.778996  0.182404  ...  14330.0  0.590140  4.456796e+01
[HAI:TranAD] 8   0.117034   0.197347  0.083186  ...  16069.0  0.534650  3.368748e+00
[HAI:TranAD] 9   0.073076   0.127049  0.051292  ...  16628.0  0.518414  3.399273e+00
[HAI:TranAD] 10  0.720806   0.653816  0.803104  ...   3451.0  0.892826  1.058936e+00
[HAI:TranAD] 11  0.337211   0.218123  0.742740  ...   4509.0  0.816738  1.370954e+00
[HAI:TranAD] 12  0.358071   0.234307  0.759000  ...   4224.0  0.828604  7.127077e+00
[HAI:TranAD] 13  0.345686   0.223813  0.759000  ...   4224.0  0.825487  6.813429e+00
[HAI:TranAD] 14  0.828750   0.911149  0.760027  ...   4206.0  0.878493  1.562708e+01
[HAI:TranAD] 15  0.841339   0.942146  0.760027  ...   4206.0  0.879056  1.945467e+01
[HAI:TranAD] 16  0.277542   0.239539  0.329891  ...  11745.0  0.643455  2.923958e+00
[HAI:TranAD] 17  0.247594   0.236612  0.259657  ...  12976.0  0.612638  2.855852e+00
[HAI:TranAD] 18  0.184951   0.133577  0.300565  ...  12259.0  0.610278  1.531876e+01
[HAI:TranAD] 19  0.172881   0.125237  0.279055  ...  12636.0  0.599531  1.677822e+01
[HAI:TranAD] 20  0.709031   0.643592  0.789297  ...   3693.0  0.885679  9.616818e+00
[HAI:TranAD] 21  0.763040   0.738483  0.789297  ...   3693.0  0.888913  9.789420e+00
[HAI:TranAD] 22  0.532838   0.417908  0.734980  ...   4645.0  0.846483  6.008165e+00
[HAI:TranAD] 23  0.730663   0.764413  0.699777  ...   5262.0  0.845463  1.155627e+00
[HAI:TranAD] 24  0.754098   0.860382  0.671193  ...   5763.0  0.833362  1.169969e+00
[HAI:TranAD] 25  0.446286   0.988070  0.288241  ...  12475.0  0.644049  5.734940e-02
[HAI:TranAD] 26  0.063383   0.035430  0.300451  ...  12261.0  0.482377  1.723605e+00
[HAI:TranAD] 27  0.821044   0.936609  0.730872  ...   4717.0  0.864421  1.018020e+01
[HAI:TranAD] 28  0.324975   0.748970  0.207508  ...  13890.0  0.602327  5.386222e+00
[HAI:TranAD] 29  0.395113   0.349561  0.454328  ...   9564.0  0.709817  3.474460e+00
[HAI:TranAD] 30  0.349720   0.503810  0.267815  ...  12833.0  0.628495  4.750802e+00
[HAI:TranAD] 31  0.619027   0.908950  0.469333  ...   9301.0  0.733702  9.288695e+00
[HAI:TranAD] 32  0.395204   0.995622  0.246534  ...  13206.0  0.623245  3.540812e-02
[HAI:TranAD] 33  0.365724   0.975996  0.225024  ...  13583.0  0.612399  5.053114e-02
[HAI:TranAD] 34  0.510949   0.998175  0.343356  ...  11509.0  0.671665  1.117210e-02
[HAI:TranAD] 35  0.546888   0.585755  0.512866  ...   8538.0  0.748990  1.288911e+00
[HAI:TranAD] 36  0.000000   0.000000  0.000000  ...  17527.0  0.500000  1.671872e+29
[HAI:TranAD] 37  0.366199   0.982806  0.225024  ...  13583.0  0.612431  6.699685e-02
[HAI:TranAD] 38  0.697572   0.761147  0.643807  ...   6243.0  0.817758  3.918044e+00
[HAI:TranAD] 39  0.598272   0.688317  0.529069  ...   8254.0  0.759619  4.100252e+00
[HAI:TranAD] 40  0.571625   0.811523  0.441205  ...   9794.0  0.718500  4.453433e+00
[HAI:TranAD] 41  0.797889   0.986144  0.669995  ...   5784.0  0.834804  3.763490e+00
[HAI:TranAD] 42  0.648822   0.768042  0.561648  ...   7683.0  0.777343  3.999129e+00
[HAI:TranAD] 43  0.800170   0.976807  0.677640  ...   5650.0  0.838490  2.818517e+00
[HAI:TranAD] 44  0.851493   0.941836  0.776973  ...   3909.0  0.887502  1.379955e+00
[HAI:TranAD] 45  0.393809   0.995603  0.245450  ...  13225.0  0.622703  2.317913e-02
[HAI:TranAD] 46  0.396118   0.998847  0.247047  ...  13197.0  0.623518  7.283634e-02
[HAI:TranAD] 47  0.680239   0.858858  0.563131  ...   7657.0  0.779667  3.638996e+00
[HAI:TranAD] 48  0.666166   0.957736  0.510698  ...   8576.0  0.754886  1.254168e+02
[HAI:TranAD] 49  0.000000   0.000000  0.000000  ...  17527.0  0.500000  3.143944e+12
[HAI:TranAD] 50  0.835184   0.975969  0.729902  ...   4734.0  0.864582  1.328865e+00
[HAI:TranAD] 51  0.389486   0.927054  0.246534  ...  13206.0  0.622869  4.154372e-02
[HAI:TranAD] 52  0.191057   0.961718  0.106065  ...  15668.0  0.552946  4.416271e+00
[HAI:TranAD] 53  0.228549   0.968031  0.129572  ...  15256.0  0.564698  1.352044e+01
[HAI:TranAD] 54  0.361756   0.977633  0.221943  ...  13637.0  0.610867  7.164608e+00
[HAI:TranAD] 55  0.077432   0.825029  0.040623  ...  16815.0  0.520135  8.123005e+00
[HAI:TranAD] 56  0.558970   0.477722  0.673532  ...   5722.0  0.821656  8.483544e-01
[HAI:TranAD] 57  0.785098   0.943324  0.672334  ...   5743.0  0.835338  1.183762e+01
[HAI:TranAD] 58  0.056334   1.000000  0.028984  ...  17019.0  0.514492  5.477902e+01
[HAI:TranAD] 
[HAI:TranAD] [59 rows x 9 columns]
[HAI:TranAD] {'FN': 2095,
[HAI:TranAD]  'FP': 32213,
[HAI:TranAD]  'Hit@100%': 1.0,
[HAI:TranAD]  'Hit@150%': 1.0,
[HAI:TranAD]  'NDCG@100%': 1.0000000000000002,
[HAI:TranAD]  'NDCG@150%': 1.0000000000000002,
[HAI:TranAD]  'ROC/AUC': 0.9025213729231226,
[HAI:TranAD]  'TN': 394860,
[HAI:TranAD]  'TP': 15432,
[HAI:TranAD]  'f1': 0.4735736777290855,
[HAI:TranAD]  'precision': 0.32389547689707304,
[HAI:TranAD]  'recall': 0.8804701312943058,
[HAI:TranAD]  'threshold': 2.805611053751785}
[gpu] WADI:GDN heartbeat t+1080s alloc=0.00G
[gpu] HAI:GDN heartbeat t+1080s alloc=0.00G
[sota] DONE TranAD_HAI_s1 rc=0 1100.3s raw_ALL={'AUROC': 0.837, 'bestF1': 0.688, 'F1_at5pctFPR': 0.431, 'TPR_at5pctFPR': 0.61} raw_HARD={'AUROC': 0.649, 'bestF1': 0.191, 'F1_at5pctFPR': 0.09, 'TPR_at5pctFPR': 0.174}
[gpu] SWaT:GDN heartbeat t+1080s alloc=0.00G
[gpu] HAI:USAD heartbeat t+1140s alloc=0.00G
[gpu] HAI:USAD heartbeat t+1140s alloc=0.00G
[gpu] HAI:TranAD heartbeat t+1140s alloc=0.00G
[sota] DONE TranAD_HAI_s0 rc=0 1094.3s raw_ALL={'AUROC': 0.835, 'bestF1': 0.693, 'F1_at5pctFPR': 0.433, 'TPR_at5pctFPR': 0.613} raw_HARD={'AUROC': 0.643, 'bestF1': 0.204, 'F1_at5pctFPR': 0.092, 'TPR_at5pctFPR': 0.178}
[HAI:USAD] /root/TranAD/src/spot.py:313: RuntimeWarning: divide by zero encountered in log
[HAI:USAD]   return 1 + np.log(s).mean()
[HAI:USAD] /root/TranAD/src/spot.py:316: RuntimeWarning: divide by zero encountered in divide
[HAI:USAD]   return np.mean(1 / s)
[HAI:USAD] /root/TranAD/src/spot.py:329: RuntimeWarning: divide by zero encountered in divide
[HAI:USAD]   jac_vs = (1 / t) * (-vs + np.mean(1 / s ** 2))
[HAI:USAD] /root/TranAD/src/spot.py:329: RuntimeWarning: invalid value encountered in scalar add
[HAI:USAD]   jac_vs = (1 / t) * (-vs + np.mean(1 / s ** 2))
[HAI:USAD] /root/TranAD/src/spot.py:313: RuntimeWarning: divide by zero encountered in log
[HAI:USAD]   return 1 + np.log(s).mean()
[HAI:USAD] /root/TranAD/src/spot.py:316: RuntimeWarning: divide by zero encountered in divide
[HAI:USAD]   return np.mean(1 / s)
[HAI:USAD] /root/TranAD/src/spot.py:329: RuntimeWarning: divide by zero encountered in divide
[HAI:USAD]   jac_vs = (1 / t) * (-vs + np.mean(1 / s ** 2))
[HAI:USAD] /root/TranAD/src/spot.py:329: RuntimeWarning: invalid value encountered in scalar add
[HAI:USAD]   jac_vs = (1 / t) * (-vs + np.mean(1 / s ** 2))
[gpu] WADI:GDN heartbeat t+1140s alloc=0.00G
[HAI:TranAD]  80%|████████  | 4/5 [15:25<03:47, 227.62s/it]
[HAI:TranAD] 
[HAI:TranAD] Epoch 4,   L1 = 0.4964693014658849
[HAI:TranAD] 
[HAI:TranAD]  80%|████████  | 4/5 [19:00<03:47, 227.62s/it]
[HAI:TranAD] 100%|██████████| 5/5 [19:00<00:00, 223.21s/it]
[HAI:TranAD] 100%|██████████| 5/5 [19:00<00:00, 228.16s/it]
[HAI:TranAD] [1mTraining time:  1140.7825 s[0m
[HAI:TranAD] [95mTesting TranAD on WADI[0m
[gpu] HAI:GDN heartbeat t+1140s alloc=0.00G
[HAI:USAD] /root/TranAD/src/spot.py:329: RuntimeWarning: overflow encountered in square
[HAI:USAD]   jac_vs = (1 / t) * (-vs + np.mean(1 / s ** 2))
[HAI:USAD] /root/TranAD/src/spot.py:329: RuntimeWarning: overflow encountered in square
[HAI:USAD]   jac_vs = (1 / t) * (-vs + np.mean(1 / s ** 2))
[HAI:USAD] /root/TranAD/src/spot.py:329: RuntimeWarning: overflow encountered in square
[HAI:USAD]   jac_vs = (1 / t) * (-vs + np.mean(1 / s ** 2))
[HAI:USAD] /root/TranAD/src/spot.py:329: RuntimeWarning: overflow encountered in square
[HAI:USAD]   jac_vs = (1 / t) * (-vs + np.mean(1 / s ** 2))
[HAI:USAD] /root/TranAD/src/spot.py:329: RuntimeWarning: overflow encountered in square
[HAI:USAD]   jac_vs = (1 / t) * (-vs + np.mean(1 / s ** 2))
[HAI:USAD] /root/TranAD/src/spot.py:313: RuntimeWarning: divide by zero encountered in log
[HAI:USAD]   return 1 + np.log(s).mean()
[HAI:USAD] /root/TranAD/src/spot.py:316: RuntimeWarning: divide by zero encountered in divide
[HAI:USAD]   return np.mean(1 / s)
[HAI:USAD] /root/TranAD/src/spot.py:329: RuntimeWarning: divide by zero encountered in divide
[HAI:USAD]   jac_vs = (1 / t) * (-vs + np.mean(1 / s ** 2))
[HAI:USAD] /root/TranAD/src/spot.py:329: RuntimeWarning: invalid value encountered in scalar add
[HAI:USAD]   jac_vs = (1 / t) * (-vs + np.mean(1 / s ** 2))
[HAI:USAD] /root/TranAD/src/spot.py:313: RuntimeWarning: divide by zero encountered in log
[HAI:USAD]   return 1 + np.log(s).mean()
[HAI:USAD] /root/TranAD/src/spot.py:316: RuntimeWarning: divide by zero encountered in divide
[HAI:USAD]   return np.mean(1 / s)
[HAI:USAD] /root/TranAD/src/spot.py:329: RuntimeWarning: divide by zero encountered in divide
[HAI:USAD]   jac_vs = (1 / t) * (-vs + np.mean(1 / s ** 2))
[HAI:USAD] /root/TranAD/src/spot.py:329: RuntimeWarning: invalid value encountered in scalar add
[HAI:USAD]   jac_vs = (1 / t) * (-vs + np.mean(1 / s ** 2))
[HAI:USAD] /root/TranAD/src/spot.py:313: RuntimeWarning: divide by zero encountered in log
[HAI:USAD]   return 1 + np.log(s).mean()
[HAI:USAD] /root/TranAD/src/spot.py:316: RuntimeWarning: divide by zero encountered in divide
[HAI:USAD]   return np.mean(1 / s)
[HAI:USAD] /root/TranAD/src/spot.py:329: RuntimeWarning: divide by zero encountered in divide
[HAI:USAD]   jac_vs = (1 / t) * (-vs + np.mean(1 / s ** 2))
[HAI:USAD] /root/TranAD/src/spot.py:329: RuntimeWarning: invalid value encountered in scalar add
[HAI:USAD]   jac_vs = (1 / t) * (-vs + np.mean(1 / s ** 2))
[HAI:USAD] /root/TranAD/src/spot.py:313: RuntimeWarning: divide by zero encountered in log
[HAI:USAD]   return 1 + np.log(s).mean()
[HAI:USAD] /root/TranAD/src/spot.py:316: RuntimeWarning: divide by zero encountered in divide
[HAI:USAD]   return np.mean(1 / s)
[HAI:USAD] /root/TranAD/src/spot.py:329: RuntimeWarning: divide by zero encountered in divide
[HAI:USAD]   jac_vs = (1 / t) * (-vs + np.mean(1 / s ** 2))
[HAI:USAD] /root/TranAD/src/spot.py:329: RuntimeWarning: invalid value encountered in scalar add
[HAI:USAD]   jac_vs = (1 / t) * (-vs + np.mean(1 / s ** 2))
[gpu] SWaT:GDN heartbeat t+1140s alloc=0.00G
[HAI:USAD] /root/TranAD/src/spot.py:329: RuntimeWarning: overflow encountered in square
[HAI:USAD]   jac_vs = (1 / t) * (-vs + np.mean(1 / s ** 2))
[HAI:USAD] /root/TranAD/src/spot.py:329: RuntimeWarning: overflow encountered in square
[HAI:USAD]   jac_vs = (1 / t) * (-vs + np.mean(1 / s ** 2))
[HAI:USAD] /root/TranAD/src/spot.py:329: RuntimeWarning: overflow encountered in square
[HAI:USAD]   jac_vs = (1 / t) * (-vs + np.mean(1 / s ** 2))
[HAI:USAD] /root/TranAD/src/spot.py:313: RuntimeWarning: divide by zero encountered in log
[HAI:USAD]   return 1 + np.log(s).mean()
[HAI:USAD] /root/TranAD/src/spot.py:316: RuntimeWarning: divide by zero encountered in divide
[HAI:USAD]   return np.mean(1 / s)
[HAI:USAD] /root/TranAD/src/spot.py:329: RuntimeWarning: divide by zero encountered in divide
[HAI:USAD]   jac_vs = (1 / t) * (-vs + np.mean(1 / s ** 2))
[HAI:USAD] /root/TranAD/src/spot.py:329: RuntimeWarning: invalid value encountered in scalar add
[HAI:USAD]   jac_vs = (1 / t) * (-vs + np.mean(1 / s ** 2))
[SWaT:GDN]  40%|████      | 2/5 [12:43<19:04, 381.40s/it]
[SWaT:GDN] 
[SWaT:GDN] Epoch 2,     MSE = 0.8316695068198583
[SWaT:GDN] 
[SWaT:GDN]  40%|████      | 2/5 [19:05<19:04, 381.40s/it]
[HAI:USAD]           f1  precision    recall  ...       FN   ROC/AUC     threshold
[HAI:USAD] 0   0.037070   1.000000  0.018885  ...  17196.0  0.509443  5.113508e+00
[HAI:USAD] 1   0.297552   0.629889  0.194785  ...  14113.0  0.595044  3.700143e+00
[HAI:USAD] 2   0.124221   0.175691  0.096080  ...  15843.0  0.538790  1.035922e+01
[HAI:USAD] 3   0.038124   0.026731  0.066469  ...  16362.0  0.483574  1.419073e+01
[HAI:USAD] 4   0.239707   0.203247  0.292121  ...  12407.0  0.622562  1.753717e+01
[HAI:USAD] 5   0.249309   0.224747  0.279911  ...  12621.0  0.620143  3.248476e+00
[HAI:USAD] 6   0.227364   0.208051  0.250642  ...  13134.0  0.605743  3.409583e+00
[HAI:USAD] 7   0.278870   0.266778  0.292121  ...  12407.0  0.629585  1.713071e+01
[HAI:USAD] 8   0.289439   0.985743  0.169624  ...  14554.0  0.584762  2.888717e+00
[HAI:USAD] 9   0.166798   0.329572  0.111656  ...  15570.0  0.551167  2.882486e+00
[HAI:USAD] 10  0.121971   0.066444  0.742454  ...   4514.0  0.657170  1.148688e+00
[HAI:USAD] 11  0.000000   0.000000  0.000000  ...  17527.0  0.499723  1.554766e+00
[HAI:USAD] 12  0.301614   0.189451  0.739374  ...   4568.0  0.804775  6.807135e+00
[HAI:USAD] 13  0.289285   0.178173  0.768643  ...   4055.0  0.811570  6.618473e+00
[HAI:USAD] 14  0.744559   0.704630  0.789297  ...   3693.0  0.887859  6.929629e+00
[HAI:USAD] 15  0.771809   0.755090  0.789297  ...   3693.0  0.889395  9.092247e+00
[HAI:USAD] 16  0.267631   0.230314  0.319393  ...  11929.0  0.637794  2.829672e+00
[HAI:USAD] 17  0.228428   0.209840  0.250642  ...  13134.0  0.605954  3.562502e+00
[HAI:USAD] 18  0.184394   0.131376  0.309180  ...  12108.0  0.612643  1.402502e+01
[HAI:USAD] 19  0.183691   0.130663  0.309180  ...  12108.0  0.612379  1.493438e+01
[HAI:USAD] 20  0.495430   0.361022  0.789297  ...   3693.0  0.865982  8.503145e+00
[HAI:USAD] 21  0.505865   0.372212  0.789297  ...   3693.0  0.867331  8.631163e+00
[HAI:USAD] 22  0.619299   0.575786  0.669938  ...   5785.0  0.824841  6.549503e+00
[HAI:USAD] 23  0.390163   0.309405  0.527985  ...   8273.0  0.739811  2.124806e+00
[HAI:USAD] 24  0.437574   0.352594  0.576539  ...   7422.0  0.766547  2.072431e+00
[HAI:USAD] 25  0.000000   0.000000  0.000000  ...  17527.0  0.500000  3.146021e+74
[HAI:USAD] 26  0.090914   0.050707  0.439151  ...   9830.0  0.550871  9.071071e-01
[HAI:USAD] 27  0.779074   0.834093  0.730872  ...   4717.0  0.862453  4.926425e+00
[HAI:USAD] 28  0.228596   0.437419  0.154733  ...  14815.0  0.573283  1.015404e+01
[HAI:USAD] 29  0.324941   0.414835  0.267074  ...  12846.0  0.625806  5.592848e+00
[HAI:USAD] 30  0.245262   0.366108  0.184401  ...  14295.0  0.585649  7.835927e+00
[HAI:USAD] 31  0.891006   0.832730  0.958065  ...    735.0  0.975083  6.370695e+00
[HAI:USAD] 32  0.000000   0.000000  0.000000  ...  17527.0  0.500000  1.596904e+89
[HAI:USAD] 33  0.000000   0.000000  0.000000  ...  17527.0  0.500000  2.164790e+89
[HAI:USAD] 34  0.000000   0.000000  0.000000  ...  17527.0  0.500000  2.297406e+80
[HAI:USAD] 35  0.301446   0.208422  0.544474  ...   7984.0  0.729804  1.362612e+00
[HAI:USAD] 36  0.000000   0.000000  0.000000  ...  17527.0  0.500000  3.586227e+46
[HAI:USAD] 37  0.000000   0.000000  0.000000  ...  17527.0  0.500000  1.738905e+73
[HAI:USAD] 38  0.571568   0.513116  0.645062  ...   6221.0  0.809971  3.690410e+00
[HAI:USAD] 39  0.630352   0.891148  0.487648  ...   8980.0  0.742602  4.430048e+00
[HAI:USAD] 40  0.626281   0.986986  0.458664  ...   9488.0  0.729208  4.997867e+00
[HAI:USAD] 41  0.558977   0.999559  0.387973  ...  10727.0  0.693983  4.539546e+00
[HAI:USAD] 42  0.569173   0.741909  0.461688  ...   9435.0  0.727548  4.022123e+00
[HAI:USAD] 43  0.444944   0.460557  0.430365  ...   9984.0  0.704839  2.975389e+00
[HAI:USAD] 44  0.365787   0.295571  0.479774  ...   9118.0  0.716424  3.996935e+00
[HAI:USAD] 45  0.000000   0.000000  0.000000  ...  17527.0  0.500000  2.744661e+72
[HAI:USAD] 46  0.000000   0.000000  0.000000  ...  17527.0  0.500000  3.101532e+74
[HAI:USAD] 47  0.356859   0.999475  0.217208  ...  13720.0  0.608602  3.816979e+00
[HAI:USAD] 48  0.891438   0.809806  0.991385  ...    151.0  0.990914  2.238505e+01
[HAI:USAD] 49  0.302626   0.265003  0.352713  ...  11345.0  0.656283  3.907729e+00
[HAI:USAD] 50  0.360577   0.368810  0.352713  ...  11345.0  0.663970  4.172232e+00
[HAI:USAD] 51  0.000000   0.000000  0.000000  ...  17527.0  0.500000  6.213455e+64
[HAI:USAD] 52  0.144408   0.390103  0.088606  ...  15974.0  0.541460  6.277638e+00
[HAI:USAD] 53  0.816140   0.921223  0.732584  ...   4687.0  0.865007  7.715288e+00
[HAI:USAD] 54  0.407856   0.599491  0.309066  ...  12110.0  0.650296  6.519867e+00
[HAI:USAD] 55  0.429253   0.618082  0.328807  ...  11764.0  0.660234  7.010476e+00
[HAI:USAD] 56  0.148718   1.000000  0.080333  ...  16119.0  0.540167  2.964779e+00
[HAI:USAD] 57  0.766946   0.806777  0.730872  ...   4717.0  0.861844  4.587433e+00
[HAI:USAD] 58  0.370082   0.396083  0.347293  ...  11440.0  0.662781  9.043867e+00
[HAI:USAD] 
[HAI:USAD] [59 rows x 9 columns]
[HAI:USAD] {'FN': 764,
[HAI:USAD]  'FP': 44052,
[HAI:USAD]  'Hit@100%': 1.0,
[HAI:USAD]  'Hit@150%': 1.0,
[HAI:USAD]  'NDCG@100%': 1.0000000000000002,
[HAI:USAD]  'NDCG@150%': 1.0000000000000002,
[HAI:USAD]  'ROC/AUC': 0.9266307340401924,
[HAI:USAD]  'TN': 383021,
[HAI:USAD]  'TP': 16763,
[HAI:USAD]  'f1': 0.42794066883568244,
[HAI:USAD]  'precision': 0.27563923369635135,
[HAI:USAD]  'recall': 0.9564101095701432,
[HAI:USAD]  'threshold': 2.4889493649320653}
[gpu] HAI:USAD heartbeat t+1200s alloc=0.00G
[gpu] HAI:USAD heartbeat t+1200s alloc=0.00G
[gpu] HAI:TranAD heartbeat t+1200s alloc=0.00G
[sota] DONE USAD_HAI_s0 rc=0 1203.2s raw_ALL={'AUROC': 0.839, 'bestF1': 0.69, 'F1_at5pctFPR': 0.436, 'TPR_at5pctFPR': 0.619} raw_HARD={'AUROC': 0.653, 'bestF1': 0.19, 'F1_at5pctFPR': 0.098, 'TPR_at5pctFPR': 0.189}
[gpu] WADI:GDN heartbeat t+1200s alloc=0.00G
[gpu] HAI:GDN heartbeat t+1200s alloc=0.00G
[gpu] SWaT:GDN heartbeat t+1200s alloc=0.00G
[HAI:USAD] /root/TranAD/src/spot.py:313: RuntimeWarning: divide by zero encountered in log
[HAI:USAD]   return 1 + np.log(s).mean()
[HAI:USAD] /root/TranAD/src/spot.py:316: RuntimeWarning: divide by zero encountered in divide
[HAI:USAD]   return np.mean(1 / s)
[HAI:USAD] /root/TranAD/src/spot.py:329: RuntimeWarning: divide by zero encountered in divide
[HAI:USAD]   jac_vs = (1 / t) * (-vs + np.mean(1 / s ** 2))
[HAI:USAD] /root/TranAD/src/spot.py:329: RuntimeWarning: invalid value encountered in scalar add
[HAI:USAD]   jac_vs = (1 / t) * (-vs + np.mean(1 / s ** 2))
[gpu] HAI:USAD heartbeat t+1260s alloc=0.00G
[gpu] HAI:TranAD heartbeat t+1260s alloc=0.00G
[gpu] WADI:GDN heartbeat t+1260s alloc=0.00G
[gpu] HAI:GDN heartbeat t+1260s alloc=0.00G
[gpu] SWaT:GDN heartbeat t+1260s alloc=0.00G
[HAI:USAD]           f1  precision    recall  ...       FN   ROC/AUC     threshold
[HAI:USAD] 0   0.037070   1.000000  0.018885  ...  17196.0  0.509443  4.417275e+00
[HAI:USAD] 1   0.236612   0.416967  0.165174  ...  14632.0  0.577848  3.632703e+00
[HAI:USAD] 2   0.128993   0.196225  0.096080  ...  15843.0  0.539964  1.166236e+01
[HAI:USAD] 3   0.025296   0.017784  0.043818  ...  16759.0  0.472250  1.497933e+01
[HAI:USAD] 4   0.239684   0.203215  0.292121  ...  12407.0  0.622557  1.719840e+01
[HAI:USAD] 5   0.258493   0.253808  0.263365  ...  12911.0  0.615794  3.696533e+00
[HAI:USAD] 6   0.196459   0.180043  0.216181  ...  13738.0  0.587888  3.751160e+00
[HAI:USAD] 7   0.264666   0.257386  0.272380  ...  12753.0  0.620064  1.960853e+01
[HAI:USAD] 8   0.254445   0.284126  0.230387  ...  13489.0  0.603282  3.116061e+00
[HAI:USAD] 9   0.239185   0.248691  0.230387  ...  13489.0  0.600912  3.101066e+00
[HAI:USAD] 10  0.121467   0.066145  0.742454  ...   4514.0  0.656133  1.083884e+00
[HAI:USAD] 11  0.000000   0.000000  0.000000  ...  17527.0  0.499723  1.554767e+00
[HAI:USAD] 12  0.332849   0.209524  0.809095  ...   3346.0  0.841910  7.017007e+00
[HAI:USAD] 13  0.300263   0.185455  0.788270  ...   3711.0  0.823091  6.435387e+00
[HAI:USAD] 14  0.727545   0.674763  0.789297  ...   3693.0  0.886842  6.838859e+00
[HAI:USAD] 15  0.757130   0.727493  0.789297  ...   3693.0  0.888581  9.088744e+00
[HAI:USAD] 16  0.212831   0.187078  0.246819  ...  13201.0  0.601402  3.162487e+00
[HAI:USAD] 17  0.207469   0.199442  0.216181  ...  13738.0  0.590284  3.760051e+00
[HAI:USAD] 18  0.184112   0.131090  0.309180  ...  12108.0  0.612538  1.420675e+01
[HAI:USAD] 19  0.184034   0.131011  0.309180  ...  12108.0  0.612508  1.532330e+01
[HAI:USAD] 20  0.531888   0.401090  0.789297  ...   3693.0  0.870464  8.606638e+00
[HAI:USAD] 21  0.576448   0.454020  0.789297  ...   3693.0  0.875171  8.832054e+00
[HAI:USAD] 22  0.554686   0.525357  0.587494  ...   7230.0  0.782855  9.479018e+00
[HAI:USAD] 23  0.338033   0.262405  0.474924  ...   9203.0  0.710069  2.251861e+00
[HAI:USAD] 24  0.349977   0.267178  0.507160  ...   8638.0  0.725036  2.242608e+00
[HAI:USAD] 25  0.306792   0.295646  0.318822  ...  11939.0  0.643825  1.064183e-06
[HAI:USAD] 26  0.082410   0.045988  0.396303  ...  10581.0  0.529452  9.872845e-01
[HAI:USAD] 27  0.773943   0.822419  0.730872  ...   4717.0  0.862198  5.026670e+00
[HAI:USAD] 28  0.228596   0.437419  0.154733  ...  14815.0  0.573283  1.015404e+01
[HAI:USAD] 29  0.324941   0.414835  0.267074  ...  12846.0  0.625806  5.592850e+00
[HAI:USAD] 30  0.245262   0.366108  0.184401  ...  14295.0  0.585649  7.835927e+00
[HAI:USAD] 31  0.872254   0.808955  0.946311  ...    941.0  0.968570  6.320774e+00
[HAI:USAD] 32  0.206341   0.209438  0.203343  ...  13963.0  0.585921  1.373478e-07
[HAI:USAD] 33  0.193476   0.204341  0.183717  ...  14307.0  0.577179  8.911707e-08
[HAI:USAD] 34  0.194357   0.206318  0.183717  ...  14307.0  0.577356  1.798380e-07
[HAI:USAD] 35  0.282385   0.206333  0.447253  ...   9688.0  0.688324  1.784590e+00
[HAI:USAD] 36  0.521170   0.375185  0.853141  ...   2574.0  0.897416  1.711983e+00
[HAI:USAD] 37  0.188829   0.194245  0.183717  ...  14307.0  0.576220  6.859210e-07
[HAI:USAD] 38  0.482758   0.373281  0.683117  ...   5554.0  0.818024  3.533635e+00
[HAI:USAD] 39  0.606321   0.745773  0.510812  ...   8574.0  0.751833  4.192464e+00
[HAI:USAD] 40  0.515138   0.553408  0.481828  ...   9082.0  0.732935  4.060565e+00
[HAI:USAD] 41  0.540325   1.000000  0.370172  ...  11039.0  0.685086  5.158364e+00
[HAI:USAD] 42  0.632366   0.736463  0.554059  ...   7816.0  0.772961  3.994741e+00
[HAI:USAD] 43  0.444944   0.460557  0.430365  ...   9984.0  0.704839  2.975389e+00
[HAI:USAD] 44  0.397467   0.306048  0.566783  ...   7593.0  0.757020  4.234600e+00
[HAI:USAD] 45  0.203060   0.226968  0.183717  ...  14307.0  0.579019  3.854600e-08
[HAI:USAD] 46  0.195692   0.209349  0.183717  ...  14307.0  0.577621  2.060298e-07
[HAI:USAD] 47  0.461003   0.672908  0.350602  ...  11382.0  0.671804  3.546716e+00
[HAI:USAD] 48  0.892995   0.812380  0.991385  ...    151.0  0.990994  2.173403e+01
[HAI:USAD] 49  0.375065   0.620994  0.268671  ...  12818.0  0.630971  4.013494e+00
[HAI:USAD] 50  0.329093   0.639131  0.221601  ...  13643.0  0.608233  4.281531e+00
[HAI:USAD] 51  0.205529   0.233232  0.183717  ...  14307.0  0.579465  3.153751e-10
[HAI:USAD] 52  0.107636   0.552910  0.059622  ...  16482.0  0.528822  7.475250e+00
[HAI:USAD] 53  0.815907   0.920628  0.732584  ...   4687.0  0.864996  7.713129e+00
[HAI:USAD] 54  0.143013   0.602798  0.081132  ...  16105.0  0.539469  9.200622e+00
[HAI:USAD] 55  0.140630   0.527448  0.081132  ...  16105.0  0.539074  9.847804e+00
[HAI:USAD] 56  0.326855   1.000000  0.195356  ...  14103.0  0.597678  1.926185e+00
[HAI:USAD] 57  0.761951   0.795800  0.730872  ...   4717.0  0.861588  4.734692e+00
[HAI:USAD] 58  0.367157   0.389443  0.347293  ...  11440.0  0.662474  8.958695e+00
[HAI:USAD] 
[HAI:USAD] [59 rows x 9 columns]
[HAI:USAD] {'FN': 358,
[HAI:USAD]  'FP': 44911,
[HAI:USAD]  'Hit@100%': 1.0,
[HAI:USAD]  'Hit@150%': 1.0,
[HAI:USAD]  'NDCG@100%': 1.0000000000000002,
[HAI:USAD]  'NDCG@150%': 1.0000000000000002,
[HAI:USAD]  'ROC/AUC': 0.937207181598328,
[HAI:USAD]  'TN': 382162,
[HAI:USAD]  'TP': 17169,
[HAI:USAD]  'f1': 0.4313405433142659,
[HAI:USAD]  'precision': 0.2765624999554506,
[HAI:USAD]  'recall': 0.9795743704116082,
[HAI:USAD]  'threshold': 2.544683822978051}
[sota] DONE USAD_HAI_s2 rc=0 1297.0s raw_ALL={'AUROC': 0.85, 'bestF1': 0.692, 'F1_at5pctFPR': 0.436, 'TPR_at5pctFPR': 0.618} raw_HARD={'AUROC': 0.678, 'bestF1': 0.198, 'F1_at5pctFPR': 0.097, 'TPR_at5pctFPR': 0.188}
[HAI:TranAD] /root/TranAD/src/spot.py:313: RuntimeWarning: divide by zero encountered in log
[HAI:TranAD]   return 1 + np.log(s).mean()
[HAI:TranAD] /root/TranAD/src/spot.py:316: RuntimeWarning: divide by zero encountered in divide
[HAI:TranAD]   return np.mean(1 / s)
[HAI:TranAD] /root/TranAD/src/spot.py:329: RuntimeWarning: divide by zero encountered in divide
[HAI:TranAD]   jac_vs = (1 / t) * (-vs + np.mean(1 / s ** 2))
[HAI:TranAD] /root/TranAD/src/spot.py:329: RuntimeWarning: invalid value encountered in scalar add
[HAI:TranAD]   jac_vs = (1 / t) * (-vs + np.mean(1 / s ** 2))
[HAI:TranAD] /root/TranAD/src/spot.py:313: RuntimeWarning: divide by zero encountered in log
[HAI:TranAD]   return 1 + np.log(s).mean()
[HAI:TranAD] /root/TranAD/src/spot.py:316: RuntimeWarning: divide by zero encountered in divide
[HAI:TranAD]   return np.mean(1 / s)
[HAI:TranAD] /root/TranAD/src/spot.py:329: RuntimeWarning: divide by zero encountered in divide
[HAI:TranAD]   jac_vs = (1 / t) * (-vs + np.mean(1 / s ** 2))
[HAI:TranAD] /root/TranAD/src/spot.py:329: RuntimeWarning: invalid value encountered in scalar add
[HAI:TranAD]   jac_vs = (1 / t) * (-vs + np.mean(1 / s ** 2))
[HAI:TranAD] /root/TranAD/src/spot.py:313: RuntimeWarning: divide by zero encountered in log
[HAI:TranAD]   return 1 + np.log(s).mean()
[HAI:TranAD] /root/TranAD/src/spot.py:316: RuntimeWarning: divide by zero encountered in divide
[HAI:TranAD]   return np.mean(1 / s)
[HAI:TranAD] /root/TranAD/src/spot.py:329: RuntimeWarning: divide by zero encountered in divide
[HAI:TranAD]   jac_vs = (1 / t) * (-vs + np.mean(1 / s ** 2))
[HAI:TranAD] /root/TranAD/src/spot.py:329: RuntimeWarning: invalid value encountered in scalar add
[HAI:TranAD]   jac_vs = (1 / t) * (-vs + np.mean(1 / s ** 2))
[gpu] HAI:TranAD heartbeat t+1320s alloc=0.00G
[gpu] WADI:GDN heartbeat t+1320s alloc=0.00G
[HAI:TranAD]           f1  precision    recall  ...       FN   ROC/AUC     threshold
[HAI:TranAD] 0   0.201034   0.989405  0.111885  ...  15566.0  0.555918  3.248844e+00
[HAI:TranAD] 1   0.000000   0.000000  0.000000  ...  17527.0  0.500000  6.729730e+01
[HAI:TranAD] 2   0.197547   0.161767  0.253666  ...  13081.0  0.599861  4.962294e+00
[HAI:TranAD] 3   0.038124   0.026731  0.066469  ...  16362.0  0.483574  1.406530e+01
[HAI:TranAD] 4   0.042431   0.578711  0.022023  ...  17141.0  0.510683  6.774937e+01
[HAI:TranAD] 5   0.234453   0.174424  0.357506  ...  11261.0  0.644030  1.021893e+00
[HAI:TranAD] 6   0.332488   0.251994  0.488561  ...   8964.0  0.714522  1.283227e+00
[HAI:TranAD] 7   0.294678   0.766483  0.182404  ...  14330.0  0.590062  4.456796e+01
[HAI:TranAD] 8   0.191855   0.128950  0.374622  ...  10961.0  0.635384  8.892329e-01
[HAI:TranAD] 9   0.180000   0.120923  0.351971  ...  11358.0  0.623481  8.929415e-01
[HAI:TranAD] 10  0.747014   0.683242  0.823929  ...   3086.0  0.904126  1.013231e+00
[HAI:TranAD] 11  0.481714   0.430438  0.546871  ...   7942.0  0.758587  1.287886e+00
[HAI:TranAD] 12  0.369537   0.241340  0.788270  ...   3711.0  0.843287  7.127056e+00
[HAI:TranAD] 13  0.358161   0.231727  0.788270  ...   3711.0  0.840507  6.813457e+00
[HAI:TranAD] 14  0.828776   0.911211  0.760027  ...   4206.0  0.878494  1.562695e+01
[HAI:TranAD] 15  0.841366   0.942212  0.760027  ...   4206.0  0.879057  1.945457e+01
[HAI:TranAD] 16  0.319907   0.227183  0.540537  ...   8053.0  0.732537  1.316305e+00
[HAI:TranAD] 17  0.401230   0.349604  0.470759  ...   9276.0  0.717409  1.383735e+00
[HAI:TranAD] 18  0.184955   0.133580  0.300565  ...  12259.0  0.610279  1.531869e+01
[HAI:TranAD] 19  0.172875   0.125230  0.279055  ...  12636.0  0.599529  1.677802e+01
[HAI:TranAD] 20  0.711987   0.648479  0.789297  ...   3693.0  0.885869  9.616808e+00
[HAI:TranAD] 21  0.762724   0.737892  0.789297  ...   3693.0  0.888895  9.789419e+00
[HAI:TranAD] 22  0.524550   0.407800  0.734980  ...   4645.0  0.845589  6.008106e+00
[HAI:TranAD] 23  0.896969   0.917079  0.877731  ...   2143.0  0.937237  1.169845e+00
[HAI:TranAD] 24  0.871927   0.887065  0.857306  ...   2501.0  0.926413  1.166757e+00
[HAI:TranAD] 25  0.473026   0.995605  0.310207  ...  12090.0  0.655075  3.921512e-02
[HAI:TranAD] 26  0.063383   0.035430  0.300451  ...  12261.0  0.482377  1.748614e+00
[HAI:TranAD] 27  0.820649   0.935583  0.730872  ...   4717.0  0.864404  1.018020e+01
[HAI:TranAD] 28  0.336647   0.891422  0.207508  ...  13890.0  0.603236  5.386086e+00
[HAI:TranAD] 29  0.404579   0.347823  0.483483  ...   9053.0  0.723139  3.474191e+00
[HAI:TranAD] 30  0.329435   0.590473  0.228448  ...  13523.0  0.610973  4.873284e+00
[HAI:TranAD] 31  0.637054   0.912262  0.489416  ...   8949.0  0.743742  9.297520e+00
[HAI:TranAD] 32  0.573546   0.992419  0.403321  ...  10458.0  0.701597  2.879384e-02
[HAI:TranAD] 33  0.533759   0.998905  0.364181  ...  11144.0  0.682082  2.077092e-02
[HAI:TranAD] 34  0.321636   0.998217  0.191704  ...  14167.0  0.595845  4.323610e-02
[HAI:TranAD] 35  0.406600   0.374531  0.444685  ...   9733.0  0.707104  1.287147e+00
[HAI:TranAD] 36  0.000000   0.000000  0.000000  ...  17527.0  0.500000  2.710352e+22
[HAI:TranAD] 37  0.395052   0.985435  0.247047  ...  13197.0  0.623449  3.970619e-02
[HAI:TranAD] 38  0.663626   0.738140  0.602784  ...   6962.0  0.797004  3.902908e+00
[HAI:TranAD] 39  0.595297   0.704460  0.515433  ...   8493.0  0.753279  4.123616e+00
[HAI:TranAD] 40  0.553407   0.803345  0.422092  ...  10129.0  0.708926  4.452823e+00
[HAI:TranAD] 41  0.603416   0.990620  0.433845  ...   9923.0  0.716838  3.804956e+00
[HAI:TranAD] 42  0.673041   0.786942  0.587950  ...   7222.0  0.790709  4.010219e+00
[HAI:TranAD] 43  0.793958   0.992131  0.661779  ...   5928.0  0.830782  2.920177e+00
[HAI:TranAD] 44  0.000000   0.000000  0.000000  ...  17527.0  0.500000  7.411147e+15
[HAI:TranAD] 45  0.537273   0.999534  0.367376  ...  11088.0  0.683685  6.042061e-02
[HAI:TranAD] 46  0.537229   0.999224  0.367376  ...  11088.0  0.683682  5.602836e-02
[HAI:TranAD] 47  0.549235   0.818860  0.413191  ...  10285.0  0.704720  3.642713e+00
[HAI:TranAD] 48  0.681474   0.959101  0.528499  ...   8264.0  0.763787  1.254168e+02
[HAI:TranAD] 49  0.000000   0.000000  0.000000  ...  17527.0  0.500000  2.427670e+20
[HAI:TranAD] 50  0.000000   0.000000  0.000000  ...  17527.0  0.500000  1.390638e+06
[HAI:TranAD] 51  0.514655   0.999506  0.346551  ...  11453.0  0.673272  4.028516e-02
[HAI:TranAD] 52  0.108842   0.931923  0.057797  ...  16514.0  0.528812  4.416281e+00
[HAI:TranAD] 53  0.093060   0.919700  0.049010  ...  16668.0  0.524417  1.352091e+01
[HAI:TranAD] 54  0.312692   0.972884  0.186284  ...  14262.0  0.593035  7.163607e+00
[HAI:TranAD] 55  0.041747   0.705992  0.021510  ...  17150.0  0.510571  8.123005e+00
[HAI:TranAD] 56  0.474366   0.602939  0.390997  ...  10674.0  0.690215  9.908019e-01
[HAI:TranAD] 57  0.785490   0.944458  0.672334  ...   5743.0  0.835356  1.184626e+01
[HAI:TranAD] 58  0.056334   1.000000  0.028984  ...  17019.0  0.514492  5.499828e+01
[HAI:TranAD] 
[HAI:TranAD] [59 rows x 9 columns]
[HAI:TranAD] {'FN': 2460,
[HAI:TranAD]  'FP': 32291,
[HAI:TranAD]  'Hit@100%': 1.0,
[HAI:TranAD]  'Hit@150%': 1.0,
[HAI:TranAD]  'NDCG@100%': 1.0000000000000002,
[HAI:TranAD]  'NDCG@150%': 1.0000000000000002,
[HAI:TranAD]  'ROC/AUC': 0.8920175472218024,
[HAI:TranAD]  'TN': 394782,
[HAI:TranAD]  'TP': 15067,
[HAI:TranAD]  'f1': 0.4644177258561109,
[HAI:TranAD]  'precision': 0.318151104286889,
[HAI:TranAD]  'recall': 0.8596451184688508,
[HAI:TranAD]  'threshold': 2.797972144097966}
[gpu] HAI:GDN heartbeat t+1320s alloc=0.00G
[gpu] SWaT:GDN heartbeat t+1320s alloc=0.00G
[sota] DONE TranAD_HAI_s2 rc=0 1342.6s raw_ALL={'AUROC': 0.836, 'bestF1': 0.691, 'F1_at5pctFPR': 0.433, 'TPR_at5pctFPR': 0.613} raw_HARD={'AUROC': 0.646, 'bestF1': 0.195, 'F1_at5pctFPR': 0.092, 'TPR_at5pctFPR': 0.178}
[gpu] WADI:GDN heartbeat t+1380s alloc=0.00G
[gpu] HAI:GDN heartbeat t+1380s alloc=0.00G
[gpu] SWaT:GDN heartbeat t+1380s alloc=0.00G
[gpu] WADI:GDN heartbeat t+1440s alloc=0.00G
[gpu] HAI:GDN heartbeat t+1440s alloc=0.00G
[gpu] SWaT:GDN heartbeat t+1440s alloc=0.00G
[gpu] WADI:GDN heartbeat t+1500s alloc=0.00G
[gpu] HAI:GDN heartbeat t+1500s alloc=0.00G
[gpu] SWaT:GDN heartbeat t+1500s alloc=0.00G
[SWaT:GDN]  60%|██████    | 3/5 [19:05<12:43, 381.78s/it]
[SWaT:GDN] 
[SWaT:GDN] Epoch 3,     MSE = 0.8314057097715772
[SWaT:GDN] 
[SWaT:GDN]  60%|██████    | 3/5 [25:38<12:43, 381.78s/it]
[gpu] WADI:GDN heartbeat t+1560s alloc=0.00G
[gpu] HAI:GDN heartbeat t+1560s alloc=0.00G
[gpu] SWaT:GDN heartbeat t+1560s alloc=0.00G
[gpu] WADI:GDN heartbeat t+1620s alloc=0.00G
[gpu] HAI:GDN heartbeat t+1620s alloc=0.00G
[gpu] SWaT:GDN heartbeat t+1620s alloc=0.00G
[gpu] WADI:GDN heartbeat t+1680s alloc=0.00G
[gpu] HAI:GDN heartbeat t+1680s alloc=0.00G
[gpu] SWaT:GDN heartbeat t+1680s alloc=0.00G
[gpu] WADI:GDN heartbeat t+1740s alloc=0.00G
[gpu] HAI:GDN heartbeat t+1740s alloc=0.00G
[WADI:GDN]   0%|          | 0/5 [00:00<?, ?it/s]
[WADI:GDN] 
[WADI:GDN] Epoch 0,     MSE = 0.6573941799874908
[WADI:GDN] 
[WADI:GDN]   0%|          | 0/5 [29:02<?, ?it/s]
[gpu] SWaT:GDN heartbeat t+1740s alloc=0.00G
[gpu] WADI:GDN heartbeat t+1800s alloc=0.00G
[gpu] HAI:GDN heartbeat t+1800s alloc=0.00G
[gpu] SWaT:GDN heartbeat t+1800s alloc=0.00G
[gpu] WADI:GDN heartbeat t+1860s alloc=0.00G
[gpu] HAI:GDN heartbeat t+1860s alloc=0.00G
[gpu] SWaT:GDN heartbeat t+1860s alloc=0.00G
[gpu] WADI:GDN heartbeat t+1920s alloc=0.00G
[gpu] HAI:GDN heartbeat t+1920s alloc=0.00G
[gpu] SWaT:GDN heartbeat t+1920s alloc=0.00G
[SWaT:GDN]  80%|████████  | 4/5 [25:38<06:26, 386.33s/it]
[SWaT:GDN] 
[SWaT:GDN] Epoch 4,     MSE = 0.8312659340333021
[SWaT:GDN] 
[SWaT:GDN]  80%|████████  | 4/5 [32:03<06:26, 386.33s/it]
[SWaT:GDN] 100%|██████████| 5/5 [32:03<00:00, 385.83s/it]
[SWaT:GDN] 100%|██████████| 5/5 [32:03<00:00, 384.74s/it]
[SWaT:GDN] [1mTraining time:  1923.6900 s[0m
[SWaT:GDN] [95mTesting GDN on WADI[0m
[gpu] WADI:GDN heartbeat t+1980s alloc=0.00G
[gpu] HAI:GDN heartbeat t+1980s alloc=0.00G
[gpu] SWaT:GDN heartbeat t+1980s alloc=0.00G
[gpu] WADI:GDN heartbeat t+2040s alloc=0.00G
[gpu] HAI:GDN heartbeat t+2040s alloc=0.00G
[gpu] SWaT:GDN heartbeat t+2040s alloc=0.00G
[gpu] WADI:GDN heartbeat t+2100s alloc=0.00G
[gpu] HAI:GDN heartbeat t+2100s alloc=0.00G
[gpu] SWaT:GDN heartbeat t+2100s alloc=0.00G
[SWaT:GDN]           f1  precision  recall      TP  ...     FP      FN   ROC/AUC   threshold
[SWaT:GDN] 0   0.000000   0.000000     0.0     0.0  ...    0.0  5463.0  0.500000    3.037355
[SWaT:GDN] 1   0.000000   0.000000     0.0     0.0  ...    0.0  5463.0  0.500000   20.734475
[SWaT:GDN] 2   0.999995   1.000000     1.0  5463.0  ...    0.0     0.0  1.000000   41.826554
[SWaT:GDN] 3   0.999720   0.999451     1.0  5463.0  ...    3.0     0.0  0.999945    3.034597
[SWaT:GDN] 4   0.999995   1.000000     1.0  5463.0  ...    0.0     0.0  1.000000  244.087802
[SWaT:GDN] 5   0.999995   1.000000     1.0  5463.0  ...    0.0     0.0  1.000000    9.328158
[SWaT:GDN] 6   0.999995   1.000000     1.0  5463.0  ...    0.0     0.0  1.000000   21.225373
[SWaT:GDN] 7   0.000000   0.000000     0.0     0.0  ...    0.0  5463.0  0.500000   25.062738
[SWaT:GDN] 8   0.996075   0.992190     1.0  5463.0  ...   43.0     0.0  0.999209    3.034551
[SWaT:GDN] 9   0.999995   1.000000     1.0  5463.0  ...    0.0     0.0  1.000000   40.448996
[SWaT:GDN] 10  0.999995   1.000000     1.0  5463.0  ...    0.0     0.0  1.000000    3.486831
[SWaT:GDN] 11  0.999995   1.000000     1.0  5463.0  ...    0.0     0.0  1.000000    0.151325
[SWaT:GDN] 12  0.997439   0.994901     1.0  5463.0  ...   28.0     0.0  0.999485    3.089050
[SWaT:GDN] 13  0.999995   1.000000     1.0  5463.0  ...    0.0     0.0  1.000000    0.074279
[SWaT:GDN] 14  0.000000   0.000000     0.0     0.0  ...    0.0  5463.0  0.500000    3.005191
[SWaT:GDN] 15  0.999995   1.000000     1.0  5463.0  ...    0.0     0.0  1.000000    0.089013
[SWaT:GDN] 16  0.977276   0.955571     1.0  5463.0  ...  254.0     0.0  0.995329    6.095900
[SWaT:GDN] 17  0.972319   0.946138     1.0  5463.0  ...  311.0     0.0  0.994281    5.319977
[SWaT:GDN] 18  0.000000   0.000000     0.0     0.0  ...    0.0  5463.0  0.500000  167.126063
[SWaT:GDN] 19  0.981225   0.963152     1.0  5463.0  ...  209.0     0.0  0.996156   74.696275
[SWaT:GDN] 20  0.982107   0.964853     1.0  5463.0  ...  199.0     0.0  0.996340    5.100639
[SWaT:GDN] 21  0.000000   0.000000     0.0     0.0  ...    0.0  5463.0  0.500000  119.868335
[SWaT:GDN] 22  0.982726   0.966048     1.0  5463.0  ...  192.0     0.0  0.996469   24.051508
[SWaT:GDN] 23  0.000000   0.000000     0.0     0.0  ...    0.0  5463.0  0.500000  588.816067
[SWaT:GDN] 24  0.966385   0.934965     1.0  5463.0  ...  380.0     0.0  0.993012    4.925331
[SWaT:GDN] 25  0.000000   0.000000     0.0     0.0  ...    0.0  5463.0  0.500000    9.489395
[SWaT:GDN] 26  0.999995   1.000000     1.0  5463.0  ...    0.0     0.0  1.000000   39.733218
[SWaT:GDN] 27  0.000000   0.000000     0.0     0.0  ...    0.0  5463.0  0.500000  568.462736
[SWaT:GDN] 28  0.000000   0.000000     0.0     0.0  ...    0.0  5463.0  0.500000  118.964420
[SWaT:GDN] 29  0.999446   0.998903     1.0  5463.0  ...    6.0     0.0  0.999890    0.086247
[SWaT:GDN] 30  0.999995   1.000000     1.0  5463.0  ...    0.0     0.0  1.000000    7.526226
[SWaT:GDN] 31  0.000000   0.000000     0.0     0.0  ...    0.0  5463.0  0.500000  175.601996
[SWaT:GDN] 32  0.999995   1.000000     1.0  5463.0  ...    0.0     0.0  1.000000    0.614740
[SWaT:GDN] 33  0.000000   0.000000     0.0     0.0  ...    0.0  5463.0  0.500000  581.534726
[SWaT:GDN] 34  0.000000   0.000000     0.0     0.0  ...    0.0  5463.0  0.500000  149.395147
[SWaT:GDN] 35  0.999995   1.000000     1.0  5463.0  ...    0.0     0.0  1.000000   35.465698
[SWaT:GDN] 36  0.999995   1.000000     1.0  5463.0  ...    0.0     0.0  1.000000    8.696742
[SWaT:GDN] 37  0.999995   1.000000     1.0  5463.0  ...    0.0     0.0  1.000000    7.515310
[SWaT:GDN] 38  0.000000   0.000000     0.0     0.0  ...    0.0  5463.0  0.500000  428.594303
[SWaT:GDN] 39  0.999995   1.000000     1.0  5463.0  ...    0.0     0.0  1.000000   15.757275
[SWaT:GDN] 40  0.000000   0.000000     0.0     0.0  ...    0.0  5463.0  0.500000  240.232679
[SWaT:GDN] 41  0.999995   1.000000     1.0  5463.0  ...    0.0     0.0  1.000000   62.301144
[SWaT:GDN] 42  0.000000   0.000000     0.0     0.0  ...    0.0  5463.0  0.500000  575.319271
[SWaT:GDN] 43  0.000000   0.000000     0.0     0.0  ...    0.0  5463.0  0.500000    0.072956
[SWaT:GDN] 44  0.000000   0.000000     0.0     0.0  ...    0.0  5463.0  0.500000  243.547951
[SWaT:GDN] 45  0.000000   0.000000     0.0     0.0  ...    0.0  5463.0  0.500000   54.549678
[SWaT:GDN] 46  0.000000   0.000000     0.0     0.0  ...    0.0  5463.0  0.500000  540.434490
[SWaT:GDN] 47  0.978852   0.958589     1.0  5463.0  ...  236.0     0.0  0.995660   12.786297
[SWaT:GDN] 48  0.000000   0.000000     0.0     0.0  ...    0.0  5463.0  0.500000    0.078822
[SWaT:GDN] 49  0.980873   0.962474     1.0  5463.0  ...  213.0     0.0  0.996083    7.673194
[SWaT:GDN] 50  0.999995   1.000000     1.0  5463.0  ...    0.0     0.0  1.000000    0.089013
[SWaT:GDN] 
[SWaT:GDN] [51 rows x 9 columns]
[SWaT:GDN] {'FN': 0,
[SWaT:GDN]  'FP': 0,
[SWaT:GDN]  'Hit@100%': 1.0,
[SWaT:GDN]  'Hit@150%': 1.0,
[SWaT:GDN]  'NDCG@100%': 1.0,
[SWaT:GDN]  'NDCG@150%': 1.0,
[SWaT:GDN]  'ROC/AUC': 1.0,
[SWaT:GDN]  'TN': 27188,
[SWaT:GDN]  'TP': 5463,
[SWaT:GDN]  'f1': 0.9999949981945039,
[SWaT:GDN]  'precision': 0.999999998169504,
[SWaT:GDN]  'recall': 0.999999998169504,
[SWaT:GDN]  'threshold': 150.16793792663688}
[sota] DONE GDN_SWaT_s0 rc=0 2125.7s raw_ALL={'AUROC': 0.961, 'bestF1': 0.851, 'F1_at5pctFPR': 0.817, 'TPR_at5pctFPR': 0.863} raw_HARD={'AUROC': 0.879, 'bestF1': 0.516, 'F1_at5pctFPR': 0.483, 'TPR_at5pctFPR': 0.569}
[gpu] WADI:GDN heartbeat t+2160s alloc=0.00G
[gpu] HAI:GDN heartbeat t+2160s alloc=0.00G
[gpu] WADI:GDN heartbeat t+2220s alloc=0.00G
[gpu] HAI:GDN heartbeat t+2220s alloc=0.00G
[gpu] WADI:GDN heartbeat t+2280s alloc=0.00G
[gpu] HAI:GDN heartbeat t+2280s alloc=0.00G
[gpu] WADI:GDN heartbeat t+2340s alloc=0.00G
[gpu] HAI:GDN heartbeat t+2340s alloc=0.00G
[gpu] WADI:GDN heartbeat t+2400s alloc=0.00G
[gpu] HAI:GDN heartbeat t+2400s alloc=0.00G
[gpu] WADI:GDN heartbeat t+2460s alloc=0.00G
[gpu] HAI:GDN heartbeat t+2460s alloc=0.00G
[gpu] WADI:GDN heartbeat t+2520s alloc=0.00G
[gpu] HAI:GDN heartbeat t+2520s alloc=0.00G
[gpu] WADI:GDN heartbeat t+2580s alloc=0.00G
[gpu] HAI:GDN heartbeat t+2580s alloc=0.00G
[gpu] WADI:GDN heartbeat t+2640s alloc=0.00G
[gpu] HAI:GDN heartbeat t+2640s alloc=0.00G
[HAI:GDN]   0%|          | 0/5 [00:00<?, ?it/s]
[HAI:GDN] 
[HAI:GDN] Epoch 0,      MSE = 0.8454212875662069
[HAI:GDN] 
[HAI:GDN]   0%|          | 0/5 [44:42<?, ?it/s]
[gpu] WADI:GDN heartbeat t+2700s alloc=0.00G
[gpu] HAI:GDN heartbeat t+2700s alloc=0.00G
[gpu] WADI:GDN heartbeat t+2760s alloc=0.00G
[gpu] HAI:GDN heartbeat t+2760s alloc=0.00G
[gpu] WADI:GDN heartbeat t+2820s alloc=0.00G
[gpu] HAI:GDN heartbeat t+2820s alloc=0.00G
[gpu] WADI:GDN heartbeat t+2880s alloc=0.00G
[gpu] HAI:GDN heartbeat t+2880s alloc=0.00G
[gpu] WADI:GDN heartbeat t+2940s alloc=0.00G
[gpu] HAI:GDN heartbeat t+2940s alloc=0.00G
[gpu] WADI:GDN heartbeat t+3000s alloc=0.00G
[gpu] HAI:GDN heartbeat t+3000s alloc=0.00G
[gpu] WADI:GDN heartbeat t+3060s alloc=0.00G
[gpu] HAI:GDN heartbeat t+3060s alloc=0.00G
[gpu] WADI:GDN heartbeat t+3120s alloc=0.00G
[gpu] HAI:GDN heartbeat t+3120s alloc=0.00G
[gpu] WADI:GDN heartbeat t+3180s alloc=0.00G
[gpu] HAI:GDN heartbeat t+3180s alloc=0.00G
[gpu] WADI:GDN heartbeat t+3240s alloc=0.00G
[gpu] HAI:GDN heartbeat t+3240s alloc=0.00G
[gpu] WADI:GDN heartbeat t+3300s alloc=0.00G
[gpu] HAI:GDN heartbeat t+3300s alloc=0.00G
[gpu] WADI:GDN heartbeat t+3360s alloc=0.00G
[gpu] HAI:GDN heartbeat t+3360s alloc=0.00G
[gpu] WADI:GDN heartbeat t+3420s alloc=0.00G
[gpu] HAI:GDN heartbeat t+3420s alloc=0.00G
[gpu] WADI:GDN heartbeat t+3480s alloc=0.00G
[gpu] HAI:GDN heartbeat t+3480s alloc=0.00G
[gpu] WADI:GDN heartbeat t+3540s alloc=0.00G
[gpu] HAI:GDN heartbeat t+3540s alloc=0.00G
[gpu] WADI:GDN heartbeat t+3600s alloc=0.00G
[gpu] HAI:GDN heartbeat t+3600s alloc=0.00G
[WADI:GDN]  20%|██        | 1/5 [29:02<1:56:10, 1742.52s/it]
[WADI:GDN] 
[WADI:GDN] Epoch 1,     MSE = 0.6548999775832679
[WADI:GDN] 
[WADI:GDN]  20%|██        | 1/5 [1:00:37<1:56:10, 1742.52s/it]
[gpu] WADI:GDN heartbeat t+3660s alloc=0.00G
[gpu] HAI:GDN heartbeat t+3660s alloc=0.00G
[gpu] WADI:GDN heartbeat t+3720s alloc=0.00G
[gpu] HAI:GDN heartbeat t+3720s alloc=0.00G
[gpu] WADI:GDN heartbeat t+3780s alloc=0.00G
[gpu] HAI:GDN heartbeat t+3780s alloc=0.00G
[gpu] WADI:GDN heartbeat t+3840s alloc=0.00G
[gpu] HAI:GDN heartbeat t+3840s alloc=0.00G
[gpu] WADI:GDN heartbeat t+3900s alloc=0.00G
[gpu] HAI:GDN heartbeat t+3900s alloc=0.00G
[gpu] WADI:GDN heartbeat t+3960s alloc=0.00G
[gpu] HAI:GDN heartbeat t+3960s alloc=0.00G
[gpu] WADI:GDN heartbeat t+4020s alloc=0.00G
[gpu] HAI:GDN heartbeat t+4020s alloc=0.00G
[gpu] WADI:GDN heartbeat t+4080s alloc=0.00G
[gpu] HAI:GDN heartbeat t+4080s alloc=0.00G
[gpu] WADI:GDN heartbeat t+4140s alloc=0.00G
[gpu] HAI:GDN heartbeat t+4140s alloc=0.00G
[gpu] WADI:GDN heartbeat t+4200s alloc=0.00G
[gpu] HAI:GDN heartbeat t+4200s alloc=0.00G
[gpu] WADI:GDN heartbeat t+4260s alloc=0.00G
[gpu] HAI:GDN heartbeat t+4260s alloc=0.00G
[gpu] WADI:GDN heartbeat t+4320s alloc=0.00G
[gpu] HAI:GDN heartbeat t+4320s alloc=0.00G
[gpu] WADI:GDN heartbeat t+4380s alloc=0.00G
[gpu] HAI:GDN heartbeat t+4380s alloc=0.00G
[gpu] WADI:GDN heartbeat t+4440s alloc=0.00G
[gpu] HAI:GDN heartbeat t+4440s alloc=0.00G
[gpu] WADI:GDN heartbeat t+4500s alloc=0.00G
[gpu] HAI:GDN heartbeat t+4500s alloc=0.00G
[gpu] WADI:GDN heartbeat t+4560s alloc=0.00G
[gpu] HAI:GDN heartbeat t+4560s alloc=0.00G
[gpu] WADI:GDN heartbeat t+4620s alloc=0.00G
[gpu] HAI:GDN heartbeat t+4620s alloc=0.00G
[gpu] WADI:GDN heartbeat t+4680s alloc=0.00G
[gpu] HAI:GDN heartbeat t+4680s alloc=0.00G
[gpu] WADI:GDN heartbeat t+4740s alloc=0.00G
[gpu] HAI:GDN heartbeat t+4740s alloc=0.00G
[gpu] WADI:GDN heartbeat t+4800s alloc=0.00G
[gpu] HAI:GDN heartbeat t+4800s alloc=0.00G
[gpu] WADI:GDN heartbeat t+4860s alloc=0.00G
[gpu] HAI:GDN heartbeat t+4860s alloc=0.00G
[gpu] WADI:GDN heartbeat t+4920s alloc=0.00G
[gpu] HAI:GDN heartbeat t+4920s alloc=0.00G
[gpu] WADI:GDN heartbeat t+4980s alloc=0.00G
[gpu] HAI:GDN heartbeat t+4980s alloc=0.00G
[gpu] WADI:GDN heartbeat t+5040s alloc=0.00G
[gpu] HAI:GDN heartbeat t+5040s alloc=0.00G
[gpu] WADI:GDN heartbeat t+5100s alloc=0.00G
[gpu] HAI:GDN heartbeat t+5100s alloc=0.00G
[gpu] WADI:GDN heartbeat t+5160s alloc=0.00G
[gpu] HAI:GDN heartbeat t+5160s alloc=0.00G
[gpu] WADI:GDN heartbeat t+5220s alloc=0.00G
[gpu] HAI:GDN heartbeat t+5220s alloc=0.00G
[HAI:GDN]  20%|██        | 1/5 [44:42<2:58:48, 2682.06s/it]
[HAI:GDN] 
[HAI:GDN] Epoch 1,      MSE = 0.8437261936643154
[HAI:GDN] 
[HAI:GDN]  20%|██        | 1/5 [1:27:04<2:58:48, 2682.06s/it]
[gpu] WADI:GDN heartbeat t+5280s alloc=0.00G
[gpu] HAI:GDN heartbeat t+5280s alloc=0.00G
[gpu] WADI:GDN heartbeat t+5340s alloc=0.00G
[gpu] HAI:GDN heartbeat t+5340s alloc=0.00G
[WADI:GDN]  40%|████      | 2/5 [1:00:37<1:31:37, 1832.36s/it]
[WADI:GDN] 
[WADI:GDN] Epoch 2,     MSE = 0.6546861580362324
[WADI:GDN] 
[WADI:GDN]  40%|████      | 2/5 [1:29:28<1:31:37, 1832.36s/it]
[gpu] WADI:GDN heartbeat t+5400s alloc=0.00G
[gpu] HAI:GDN heartbeat t+5400s alloc=0.00G
[gpu] WADI:GDN heartbeat t+5460s alloc=0.00G
[gpu] HAI:GDN heartbeat t+5460s alloc=0.00G
[gpu] WADI:GDN heartbeat t+5520s alloc=0.00G
[gpu] HAI:GDN heartbeat t+5520s alloc=0.00G
[gpu] WADI:GDN heartbeat t+5580s alloc=0.00G
[gpu] HAI:GDN heartbeat t+5580s alloc=0.00G
[gpu] WADI:GDN heartbeat t+5640s alloc=0.00G
[gpu] HAI:GDN heartbeat t+5640s alloc=0.00G
[gpu] WADI:GDN heartbeat t+5700s alloc=0.00G
[gpu] HAI:GDN heartbeat t+5700s alloc=0.00G
[gpu] WADI:GDN heartbeat t+5760s alloc=0.00G
[gpu] HAI:GDN heartbeat t+5760s alloc=0.00G
[gpu] WADI:GDN heartbeat t+5820s alloc=0.00G
[gpu] HAI:GDN heartbeat t+5820s alloc=0.00G
[gpu] WADI:GDN heartbeat t+5880s alloc=0.00G
[gpu] HAI:GDN heartbeat t+5880s alloc=0.00G
[gpu] WADI:GDN heartbeat t+5940s alloc=0.00G
[gpu] HAI:GDN heartbeat t+5940s alloc=0.00G
[gpu] WADI:GDN heartbeat t+6000s alloc=0.00G
[gpu] HAI:GDN heartbeat t+6000s alloc=0.00G
[gpu] WADI:GDN heartbeat t+6060s alloc=0.00G
[gpu] HAI:GDN heartbeat t+6060s alloc=0.00G
[gpu] WADI:GDN heartbeat t+6120s alloc=0.00G
[gpu] HAI:GDN heartbeat t+6120s alloc=0.00G
[gpu] WADI:GDN heartbeat t+6180s alloc=0.00G
[gpu] HAI:GDN heartbeat t+6180s alloc=0.00G
[gpu] WADI:GDN heartbeat t+6240s alloc=0.00G
[gpu] HAI:GDN heartbeat t+6240s alloc=0.00G
[gpu] WADI:GDN heartbeat t+6300s alloc=0.00G
[gpu] HAI:GDN heartbeat t+6300s alloc=0.00G
[gpu] WADI:GDN heartbeat t+6360s alloc=0.00G
[gpu] HAI:GDN heartbeat t+6360s alloc=0.00G
[gpu] WADI:GDN heartbeat t+6420s alloc=0.00G
[gpu] HAI:GDN heartbeat t+6420s alloc=0.00G
[gpu] WADI:GDN heartbeat t+6480s alloc=0.00G
[gpu] HAI:GDN heartbeat t+6480s alloc=0.00G
[gpu] WADI:GDN heartbeat t+6540s alloc=0.00G
[gpu] HAI:GDN heartbeat t+6540s alloc=0.00G
[gpu] WADI:GDN heartbeat t+6600s alloc=0.00G
[sota] WADI:GDN WATCHDOG kill 6600s
[gpu] HAI:GDN heartbeat t+6600s alloc=0.00G
[sota] HAI:GDN WATCHDOG kill 6600s
[WADI:GDN]  60%|██████    | 3/5 [1:29:28<59:31, 1785.86s/it]
[WADI:GDN] 
[WADI:GDN] Epoch 3,     MSE = 0.6543539198181325
[WADI:GDN] 
[WADI:GDN]  60%|██████    | 3/5 [1:56:52<59:31, 1785.86s/it]
[HAI:GDN]  40%|████      | 2/5 [1:27:04<2:09:59, 2599.92s/it]
[HAI:GDN] 
[HAI:GDN] Epoch 2,      MSE = 0.8406203733072951
[HAI:GDN] 
[HAI:GDN]  40%|████      | 2/5 [2:09:19<2:09:59, 2599.92s/it]
[WADI:GDN]  80%|████████  | 4/5 [1:56:52<28:50, 1730.04s/it]
[WADI:GDN] 
[WADI:GDN] Epoch 4,     MSE = 0.6540411896582966
[WADI:GDN] 
[WADI:GDN]  80%|████████  | 4/5 [2:24:23<28:50, 1730.04s/it]
[WADI:GDN] 100%|██████████| 5/5 [2:24:23<00:00, 1701.62s/it]
[WADI:GDN] 100%|██████████| 5/5 [2:24:23<00:00, 1732.80s/it]
[WADI:GDN] [1mTraining time:  8663.9784 s[0m
[WADI:GDN] [95mTesting GDN on WADI[0m
[WADI:GDN]            f1  precision    recall     TP  ...      FP     FN   ROC/AUC  threshold
[WADI:GDN] 0    0.296926   0.994286  0.174524  174.0  ...     1.0  823.0  0.587231  10.289515
[WADI:GDN] 1    0.124998   0.569106  0.070211   70.0  ...    53.0  927.0  0.533478   8.525903
[WADI:GDN] 2    0.462393   0.404511  0.539619  538.0  ...   792.0  459.0  0.745491   2.108243
[WADI:GDN] 3    0.255599   0.160010  0.634905  633.0  ...  3323.0  364.0  0.715420   8.165302
[WADI:GDN] 4    0.000000   0.000000  0.000000    0.0  ...     2.0  997.0  0.499939   4.819885
[WADI:GDN] ..        ...        ...       ...    ...  ...     ...    ...       ...        ...
[WADI:GDN] 118  0.460541   0.808564  0.321966  321.0  ...    76.0  676.0  0.658649   0.292102
[WADI:GDN] 119  0.000000   0.000000  0.000000    0.0  ...    40.0  997.0  0.498772   0.117877
[WADI:GDN] 120  0.472747   0.684411  0.361083  360.0  ...   166.0  637.0  0.675445  11.966128
[WADI:GDN] 121  0.239216   0.633621  0.147442  147.0  ...    85.0  850.0  0.571111   0.257751
[WADI:GDN] 122  0.152328   0.714286  0.085256   85.0  ...    34.0  912.0  0.541584  11.564248
[WADI:GDN] 
[WADI:GDN] [123 rows x 9 columns]
[WADI:GDN] {'FN': 351,
[WADI:GDN]  'FP': 237,
[WADI:GDN]  'Hit@100%': 1.0,
[WADI:GDN]  'Hit@150%': 1.0,
[WADI:GDN]  'NDCG@100%': 1.0000000000000004,
[WADI:GDN]  'NDCG@150%': 1.0000000000000004,
[WADI:GDN]  'ROC/AUC': 0.8166948339491577,
[WADI:GDN]  'TN': 16047,
[WADI:GDN]  'TP': 646,
[WADI:GDN]  'f1': 0.6872290536633169,
[WADI:GDN]  'precision': 0.7315968207067178,
[WADI:GDN]  'recall': 0.6479438249955484,
[WADI:GDN]  'threshold': 3.080327384720021}
[sota] DONE GDN_WADI_s0 rc=124 9777.6s raw_ALL={'AUROC': 0.739, 'bestF1': 0.398, 'F1_at5pctFPR': 0.371, 'TPR_at5pctFPR': 0.413} raw_HARD={'AUROC': 0.521, 'bestF1': 0.212, 'F1_at5pctFPR': 0.14, 'TPR_at5pctFPR': 0.216}
[HAI:GDN]  60%|██████    | 3/5 [2:09:19<1:25:40, 2570.35s/it]
[HAI:GDN] 
[HAI:GDN] Epoch 3,      MSE = 0.8404072059405265
[HAI:GDN] 
[HAI:GDN]  60%|██████    | 3/5 [2:49:24<1:25:40, 2570.35s/it]
Task's current input(s) ["in-01KZH7YV6NWMXN26VWCX1152G7:1786211429590-0"] cancelled because: Task's current input in-01KZH7YV6NWMXN26VWCX1152G7:1786211429590-0 hit its timeout of 10800s
[modal-client] 2026-08-08T20:50:38+0000 Received a cancellation signal while processing input ('in-01KZH7YV6NWMXN26VWCX1152G7:1786211429590-0',)
[modal-client] 2026-08-08T20:50:38+0000 Successfully canceled input ('in-01KZH7YV6NWMXN26VWCX1152G7:1786211429590-0',)
FunctionTimeoutError exception in shielded future
future: <Future finished exception=FunctionTimeoutError("Task's current input in-01KZH7YV6NWMXN26VWCX1152G7:1786211429590-0 hit its timeout of 10800s")>
Traceback (most recent call last):
  File "C:\Users\apart\AppData\Roaming\Python\Python314\site-packages\synchronicity\synchronizer.py", line 485, in wrapper_coro
    return await inner_task
           ^^^^^^^^^^^^^^^^
  File "C:\Users\apart\AppData\Roaming\Python\Python314\site-packages\synchronicity\synchronizer.py", line 315, in coro_wrapped
    value = await coro
            ^^^^^^^^^^
  File "C:\Users\apart\AppData\Roaming\Python\Python314\site-packages\synchronicity\exceptions.py", line 31, in coro_wrapped
    return await coro
           ^^^^^^^^^^
  File "C:\Users\apart\AppData\Roaming\Python\Python314\site-packages\modal\_object.py", line 56, in wrapped
    async for item in stream:
        yield item
  File "C:\Users\apart\AppData\Roaming\Python\Python314\site-packages\modal\_functions.py", line 1590, in _map
    async for item in stream:
        yield item
  File "C:\Users\apart\AppData\Roaming\Python\Python314\site-packages\modal\parallel_map.py", line 966, in _map_invocation_inputplane
    async for maybe_output in merged:
        if maybe_output is not None:  # ignore None sentinels
            yield maybe_output.value
  File "C:\Users\apart\AppData\Roaming\Python\Python314\site-packages\modal\_utils\async_utils.py", line 1113, in async_merge
    raise item.value
  File "C:\Users\apart\AppData\Roaming\Python\Python314\site-packages\modal\_utils\async_utils.py", line 1075, in producer
    async for item in stream:
        await queue.put(ValueWrapper(item))
  File "C:\Users\apart\AppData\Roaming\Python\Python314\site-packages\modal\parallel_map.py", line 922, in poll_outputs
    async for idx, output in streamer:
    ...<15 lines>...
                output_idx += 1
  File "C:\Users\apart\AppData\Roaming\Python\Python314\site-packages\modal\_utils\async_utils.py", line 1225, in async_map_ordered
    async for output_idx, output_item in stream:
    ...<6 lines>...
            next_idx += 1
  File "C:\Users\apart\AppData\Roaming\Python\Python314\site-packages\modal\_utils\async_utils.py", line 1201, in async_map
    async for item in stream:
        yield item
  File "C:\Users\apart\AppData\Roaming\Python\Python314\site-packages\modal\_utils\async_utils.py", line 1096, in async_merge
    raise item.value
  File "C:\Users\apart\AppData\Roaming\Python\Python314\site-packages\modal\_utils\async_utils.py", line 1075, in producer
    async for item in stream:
        await queue.put(ValueWrapper(item))
  File "C:\Users\apart\AppData\Roaming\Python\Python314\site-packages\modal\_utils\async_utils.py", line 1190, in worker
    res = await prevent_cancellation_abortion(async_mapper_func(item.value))
          ^^^^^^^^^^^^^^^^^^^^^^^^^^^^^^^^^^^^^^^^^^^^^^^^^^^^^^^^^^^^^^^^^^
  File "C:\Users\apart\AppData\Roaming\Python\Python314\site-packages\modal\_utils\async_utils.py", line 1155, in prevent_cancellation_abortion
    return await asyncio.shield(t)
           ^^^^^^^^^^^^^^^^^^^^^^^
  File "C:\Users\apart\AppData\Roaming\Python\Python314\site-packages\modal\_utils\async_utils.py", line 1214, in mapper_func_wrapper
    return (tup[0], await async_mapper_func(tup[1]))
                    ^^^^^^^^^^^^^^^^^^^^^^^^^^^^^^^
  File "C:\Users\apart\AppData\Roaming\Python\Python314\site-packages\modal\parallel_map.py", line 911, in fetch_output
    raise e
  File "C:\Users\apart\AppData\Roaming\Python\Python314\site-packages\modal\parallel_map.py", line 906, in fetch_output
    output = await _process_result(item.result, item.data_format, input_plane_stub, client)
             ^^^^^^^^^^^^^^^^^^^^^^^^^^^^^^^^^^^^^^^^^^^^^^^^^^^^^^^^^^^^^^^^^^^^^^^^^^^^^^
  File "C:\Users\apart\AppData\Roaming\Python\Python314\site-packages\modal\_utils\function_utils.py", line 489, in _process_result
    raise FunctionTimeoutError(result.exception)
modal.exception.FunctionTimeoutError: Task's current input in-01KZH7YV6NWMXN26VWCX1152G7:1786211429590-0 hit its timeout of 10800s
Stopping app - uncaught exception raised locally: FunctionTimeoutError("Task's current input in-01KZH7YV6NWMXN26VWCX1152G7:1786211429590-0 hit its timeout of 10800s").
┌───────────────────── Traceback (most recent call last) ─────────────────────┐
│ E:\Projects\Backlog\LatAD\poc\sota_bundle\modal_sota.py:267 in main         │
│                                                                             │
│   266 │   print(f"[sota] launching {len(matrix)} parallel jobs: {[(d,m,s) f │
│ > 267 │   results = list(run_one.starmap(matrix))             # parallel: o │
│   268 │   (HERE / "results").mkdir(exist_ok=True)                           │
│                                                                             │
│ C:\Users\apart\AppData\Roaming\Python\Python314\site-packages\modal\_utils\ │
│ async_utils.py:844 in __iter__                                              │
│                                                                             │
│    843 │   │   │   with Runner() as runner:                                 │
│ >  844 │   │   │   │   yield from run_async_gen(runner, self._async_iterabl │
│    845 │   │   except NestedEventLoops:                                     │
│                                                                             │
│ C:\Users\apart\AppData\Roaming\Python\Python314\site-packages\modal\_utils\ │
│ async_utils.py:922 in run_async_gen                                         │
│                                                                             │
│    921 │   │   │   else:                                                    │
│ >  922 │   │   │   │   next_yield = runner.run(gen.asend(next_send))  # typ │
│    923 │   │   except KeyboardInterrupt as e:                               │
│                                                                             │
│ C:\Users\apart\AppData\Roaming\Python\Python314\site-packages\synchronicity │
│ \async_utils.py:85 in run                                                   │
│                                                                             │
│ C:\Python314\Lib\asyncio\base_events.py:719 in run_until_complete           │
│                                                                             │
│    718 │   │                                                                │
│ >  719 │   │   return future.result()                                       │
│    720                                                                      │
│                                                                             │
│ C:\Users\apart\AppData\Roaming\Python\Python314\site-packages\synchronicity │
│ \async_utils.py:51 in wrapper_coro                                          │
│                                                                             │
│ C:\Users\apart\AppData\Roaming\Python\Python314\site-packages\modal\_utils\ │
│ async_utils.py:754 in asend                                                 │
│                                                                             │
│    753 │   │   self.iterated = True                                         │
│ >  754 │   │   return await self.gen.asend(value)                           │
│    755                                                                      │
│                                                                             │
│ C:\Users\apart\AppData\Roaming\Python\Python314\site-packages\modal\paralle │
│ l_map.py:1060 in _starmap_async                                             │
│                                                                             │
│   1059 │   _maybe_warn_about_wrap_exceptions("starmap.aio", wrap_returned_e │
│ > 1060 │   async for output in _map_helper(                                 │
│   1061 │   │   self,                                                        │
│                                                                             │
│ C:\Users\apart\AppData\Roaming\Python\Python314\site-packages\modal\paralle │
│ l_map.py:1010 in _map_helper                                                │
│                                                                             │
│   1009 │   ) as map_output_stream:                                          │
│ > 1010 │   │   async for output in map_output_stream:                       │
│   1011 │   │   │   yield output                                             │
│                                                                             │
│ C:\Users\apart\AppData\Roaming\Python\Python314\site-packages\modal\_utils\ │
│ async_utils.py:1096 in async_merge                                          │
│                                                                             │
│   1095 │   │   │   │   │   assert_type(item, ExceptionWrapper)              │
│ > 1096 │   │   │   │   │   raise item.value                                 │
│   1097                                                                      │
│                                                                             │
│ C:\Users\apart\AppData\Roaming\Python\Python314\site-packages\modal\_utils\ │
│ async_utils.py:1075 in producer                                             │
│                                                                             │
│   1074 │   │   │   async with aclosing(generator) as stream:                │
│ > 1075 │   │   │   │   async for item in stream:                            │
│   1076 │   │   │   │   │   await queue.put(ValueWrapper(item))              │
│                                                                             │
│ C:\Users\apart\AppData\Roaming\Python\Python314\site-packages\modal\_object │
│ .py:56 in wrapped                                                           │
│                                                                             │
│    55 │   │   async with aclosing(method(self, *args, **kwargs)) as stream: │
│ >  56 │   │   │   async for item in stream:                                 │
│    57 │   │   │   │   yield item                                            │
│                                                                             │
│ C:\Users\apart\AppData\Roaming\Python\Python314\site-packages\modal\_functi │
│ ons.py:1590 in _map                                                         │
│                                                                             │
│   1589 │   │   │   ) as stream:                                             │
│ > 1590 │   │   │   │   async for item in stream:                            │
│   1591 │   │   │   │   │   yield item                                       │
│                                                                             │
│ C:\Users\apart\AppData\Roaming\Python\Python314\site-packages\modal\paralle │
│ l_map.py:966 in _map_invocation_inputplane                                  │
│                                                                             │
│    965 │   ) as merged:                                                     │
│ >  966 │   │   async for maybe_output in merged:                            │
│    967 │   │   │   if maybe_output is not None:  # ignore None sentinels    │
│                                                                             │
│ C:\Users\apart\AppData\Roaming\Python\Python314\site-packages\modal\_utils\ │
│ async_utils.py:1113 in async_merge                                          │
│                                                                             │
│   1112 │   │   │   │   assert_type(item, ExceptionWrapper)                  │
│ > 1113 │   │   │   │   raise item.value                                     │
│   1114                                                                      │
│                                                                             │
│ C:\Users\apart\AppData\Roaming\Python\Python314\site-packages\modal\_utils\ │
│ async_utils.py:1075 in producer                                             │
│                                                                             │
│   1074 │   │   │   async with aclosing(generator) as stream:                │
│ > 1075 │   │   │   │   async for item in stream:                            │
│   1076 │   │   │   │   │   await queue.put(ValueWrapper(item))              │
│                                                                             │
│ C:\Users\apart\AppData\Roaming\Python\Python314\site-packages\modal\paralle │
│ l_map.py:922 in poll_outputs                                                │
│                                                                             │
│    921 │   │   ) as streamer:                                               │
│ >  922 │   │   │   async for idx, output in streamer:                       │
│    923 │   │   │   │   if not order_outputs:                                │
│                                                                             │
│ C:\Users\apart\AppData\Roaming\Python\Python314\site-packages\modal\_utils\ │
│ async_utils.py:1225 in async_map_ordered                                    │
│                                                                             │
│   1224 │   async with aclosing(async_map(async_zip(counter(), input_generat │
│ > 1225 │   │   async for output_idx, output_item in stream:                 │
│   1226 │   │   │   buffer[output_idx] = output_item                         │
│                                                                             │
│ C:\Users\apart\AppData\Roaming\Python\Python314\site-packages\modal\_utils\ │
│ async_utils.py:1201 in async_map                                            │
│                                                                             │
│   1200 │   ) as stream:                                                     │
│ > 1201 │   │   async for item in stream:                                    │
│   1202 │   │   │   yield item                                               │
│                                                                             │
│ C:\Users\apart\AppData\Roaming\Python\Python314\site-packages\modal\_utils\ │
│ async_utils.py:1096 in async_merge                                          │
│                                                                             │
│   1095 │   │   │   │   │   assert_type(item, ExceptionWrapper)              │
│ > 1096 │   │   │   │   │   raise item.value                                 │
│   1097                                                                      │
│                                                                             │
│ C:\Users\apart\AppData\Roaming\Python\Python314\site-packages\modal\_utils\ │
│ async_utils.py:1075 in producer                                             │
│                                                                             │
│   1074 │   │   │   async with aclosing(generator) as stream:                │
│ > 1075 │   │   │   │   async for item in stream:                            │
│   1076 │   │   │   │   │   await queue.put(ValueWrapper(item))              │
│                                                                             │
│ C:\Users\apart\AppData\Roaming\Python\Python314\site-packages\modal\_utils\ │
│ async_utils.py:1190 in worker                                               │
│                                                                             │
│   1189 │   │   │   if isinstance(item, ValueWrapper):                       │
│ > 1190 │   │   │   │   res = await prevent_cancellation_abortion(async_mapp │
│   1191 │   │   │   │   yield res                                            │
│                                                                             │
│ C:\Users\apart\AppData\Roaming\Python\Python314\site-packages\modal\_utils\ │
│ async_utils.py:1155 in prevent_cancellation_abortion                        │
│                                                                             │
│   1154 │   try:                                                             │
│ > 1155 │   │   return await asyncio.shield(t)                               │
│   1156 │   except asyncio.CancelledError:                                   │
│                                                                             │
│ C:\Users\apart\AppData\Roaming\Python\Python314\site-packages\modal\_utils\ │
│ async_utils.py:1214 in mapper_func_wrapper                                  │
│                                                                             │
│   1213 │   async def mapper_func_wrapper(tup: tuple[int, T]) -> tuple[int,  │
│ > 1214 │   │   return (tup[0], await async_mapper_func(tup[1]))             │
│   1215                                                                      │
│                                                                             │
│ C:\Users\apart\AppData\Roaming\Python\Python314\site-packages\modal\paralle │
│ l_map.py:911 in fetch_output                                                │
│                                                                             │
│    910 │   │   │   else:                                                    │
│ >  911 │   │   │   │   raise e                                              │
│    912 │   │   return (item.idx, output)                                    │
│                                                                             │
│ C:\Users\apart\AppData\Roaming\Python\Python314\site-packages\modal\paralle │
│ l_map.py:906 in fetch_output                                                │
│                                                                             │
│    905 │   │   try:                                                         │
│ >  906 │   │   │   output = await _process_result(item.result, item.data_fo │
│    907 │   │   except Exception as e:                                       │
│                                                                             │
│ C:\Users\apart\AppData\Roaming\Python\Python314\site-packages\modal\_utils\ │
│ function_utils.py:489 in _process_result                                    │
│                                                                             │
│   488 │   if result.status == api_pb2.GenericResult.GENERIC_STATUS_TIMEOUT: │
│ > 489 │   │   raise FunctionTimeoutError(result.exception)                  │
│   490 │   elif result.status == api_pb2.GenericResult.GENERIC_STATUS_INTERN │
└─────────────────────────────────────────────────────────────────────────────┘
FunctionTimeoutError: Task's current input 
in-01KZH7YV6NWMXN26VWCX1152G7:1786211429590-0 hit its timeout of 10800s
