C:\Users\apart\AppData\Roaming\Python\Python314\site-packages\modal\_utils\async_utils.py:45: DeprecationWarning: 'asyncio.WindowsSelectorEventLoopPolicy' is deprecated and slated for removal in Python 3.16
  asyncio.set_event_loop_policy(asyncio.WindowsSelectorEventLoopPolicy())
C:\Users\apart\AppData\Roaming\Python\Python314\site-packages\modal\_utils\async_utils.py:45: DeprecationWarning: 'asyncio.set_event_loop_policy' is deprecated and slated for removal in Python 3.16
  asyncio.set_event_loop_policy(asyncio.WindowsSelectorEventLoopPolicy())
Note that running a local entrypoint in detached mode only keeps the last triggered Modal function alive after the parent process has been killed or disconnected.
✓ Initialized. View run at 
https://modal.com/apps/apersteiny/main/ap-i0cJrUtMguqSlfLVfZGggm
✓ Created objects.
├── 🔨 Created mount 
│   E:\Projects\Backlog\LatAD\poc\sota_bundle\SWaT_canon_triv_thr.npy
├── 🔨 Created mount E:\Projects\Backlog\LatAD\poc\sota_bundle\modal_sota.py
├── 🔨 Created mount 
│   E:\Projects\Backlog\LatAD\poc\sota_bundle\SWaT_canon_triv_test.npy
├── 🔨 Created mount 
│   E:\Projects\Backlog\LatAD\poc\sota_bundle\SWaT_canon_test.npy
├── 🔨 Created mount 
│   E:\Projects\Backlog\LatAD\poc\sota_bundle\SWaT_canon_train.npy
├── 🔨 Created mount 
│   E:\Projects\Backlog\LatAD\poc\sota_bundle\SWaT_canon_labels.npy
├── 🔨 Created mount 
│   E:\Projects\Backlog\LatAD\poc\sota_bundle\SWaT_triv_test.npy
├── 🔨 Created mount 
│   E:\Projects\Backlog\LatAD\poc\sota_bundle\SWaT_triv_thr.npy
├── 🔨 Created mount E:\Projects\Backlog\LatAD\poc\sota_bundle\SWaT_labels.npy
├── 🔨 Created mount E:\Projects\Backlog\LatAD\poc\sota_bundle\SWaT_test.npy
├── 🔨 Created mount E:\Projects\Backlog\LatAD\poc\sota_bundle\SWaT_train.npy
├── 🔨 Created mount E:\Projects\Backlog\LatAD\poc\sota_bundle\HAI_triv_thr.npy
├── 🔨 Created mount E:\Projects\Backlog\LatAD\poc\sota_bundle\HAI_labels.npy
├── 🔨 Created mount 
│   E:\Projects\Backlog\LatAD\poc\sota_bundle\HAI_triv_test.npy
├── 🔨 Created mount E:\Projects\Backlog\LatAD\poc\sota_bundle\HAI_test.npy
├── 🔨 Created mount E:\Projects\Backlog\LatAD\poc\sota_bundle\HAI_train.npy
├── 🔨 Created mount 
│   E:\Projects\Backlog\LatAD\poc\sota_bundle\wadi_clean_triv_thr.npy
├── 🔨 Created mount 
│   E:\Projects\Backlog\LatAD\poc\sota_bundle\wadi_clean_triv_test.npy
├── 🔨 Created mount 
│   E:\Projects\Backlog\LatAD\poc\sota_bundle\wadi_clean_labels.npy
├── 🔨 Created mount E:\Projects\Backlog\LatAD\poc\sota_bundle\wadi_labels.npy
├── 🔨 Created mount 
│   E:\Projects\Backlog\LatAD\poc\sota_bundle\wadi_clean_test.npy
├── 🔨 Created mount 
│   E:\Projects\Backlog\LatAD\poc\sota_bundle\wadi_clean_train.npy
├── 🔨 Created mount 
│   E:\Projects\Backlog\LatAD\poc\sota_bundle\wadi_triv_thr.npy
├── 🔨 Created mount 
│   E:\Projects\Backlog\LatAD\poc\sota_bundle\wadi_triv_test.npy
├── 🔨 Created mount E:\Projects\Backlog\LatAD\poc\sota_bundle\wadi_test.npy
├── 🔨 Created mount E:\Projects\Backlog\LatAD\poc\sota_bundle\wadi_train.npy
└── 🔨 Created function run_one.
[sota] launching 20 parallel jobs: [('WADI_clean', 'USAD', 0), ('WADI_clean', 'USAD', 1), ('WADI_clean', 'USAD', 2), ('WADI_clean', 'USAD', 3), ('WADI_clean', 'USAD', 4), ('WADI_clean', 'TranAD', 0), ('WADI_clean', 'TranAD', 1), ('WADI_clean', 'TranAD', 2), ('WADI_clean', 'TranAD', 3), ('WADI_clean', 'TranAD', 4), ('SWaT_canon', 'USAD', 0), ('SWaT_canon', 'USAD', 1), ('SWaT_canon', 'USAD', 2), ('SWaT_canon', 'USAD', 3), ('SWaT_canon', 'USAD', 4), ('SWaT_canon', 'TranAD', 0), ('SWaT_canon', 'TranAD', 1), ('SWaT_canon', 'TranAD', 2), ('SWaT_canon', 'TranAD', 3), ('SWaT_canon', 'TranAD', 4)]

==========
== CUDA ==
==========

CUDA Version 12.4.0

Container image Copyright (c) 2016-2023, NVIDIA CORPORATION & AFFILIATES. All rights reserved.

This container image and its contents are governed by the NVIDIA Deep Learning Container License.
By pulling and using the container, you accept the terms and conditions of this license:
https://developer.nvidia.com/ngc/nvidia-deep-learning-container-license

A copy of this license is made available in this container at /NGC-DL-CONTAINER-LICENSE for your convenience.

WARNING: The NVIDIA Driver was not detected.  GPU functionality will not be available.
   Use the NVIDIA Container Toolkit to start this container with GPU support; see
   https://docs.nvidia.com/datacenter/cloud-native/ .


==========
== CUDA ==
==========


CUDA Version 12.4.0

Container image Copyright (c) 2016-2023, NVIDIA CORPORATION & AFFILIATES. All rights reserved.

This container image and its contents are governed by the NVIDIA Deep Learning Container License.
By pulling and using the container, you accept the terms and conditions of this license:
https://developer.nvidia.com/ngc/nvidia-deep-learning-container-license

A copy of this license is made available in this container at /NGC-DL-CONTAINER-LICENSE for your convenience.
==========
== CUDA ==
==========

CUDA Version 12.4.0

Container image Copyright (c) 2016-2023, NVIDIA CORPORATION & AFFILIATES. All rights reserved.

This container image and its contents are governed by the NVIDIA Deep Learning Container License.
By pulling and using the container, you accept the terms and conditions of this license:
https://developer.nvidia.com/ngc/nvidia-deep-learning-container-license

A copy of this license is made available in this container at /NGC-DL-CONTAINER-LICENSE for your convenience.

WARNING: The NVIDIA Driver was not detected.  GPU functionality will not be available.
   Use the NVIDIA Container Toolkit to start this container with GPU support; see

WARNING: The NVIDIA Driver was not detected.  GPU functionality will not be available.
   Use the NVIDIA Container Toolkit to start this container with GPU support; see
   https://docs.nvidia.com/datacenter/cloud-native/ .

   https://docs.nvidia.com/datacenter/cloud-native/ .


==========
== CUDA ==
==========

CUDA Version 12.4.0

Container image Copyright (c) 2016-2023, NVIDIA CORPORATION & AFFILIATES. All rights reserved.

This container image and its contents are governed by the NVIDIA Deep Learning Container License.
By pulling and using the container, you accept the terms and conditions of this license:
https://developer.nvidia.com/ngc/nvidia-deep-learning-container-license

A copy of this license is made available in this container at /NGC-DL-CONTAINER-LICENSE for your convenience.

WARNING: The NVIDIA Driver was not detected.  GPU functionality will not be available.
   Use the NVIDIA Container Toolkit to start this container with GPU support; see
   https://docs.nvidia.com/datacenter/cloud-native/ .


==========
== CUDA ==
==========

CUDA Version 12.4.0

Container image Copyright (c) 2016-2023, NVIDIA CORPORATION & AFFILIATES. All rights reserved.

This container image and its contents are governed by the NVIDIA Deep Learning Container License.
By pulling and using the container, you accept the terms and conditions of this license:
https://developer.nvidia.com/ngc/nvidia-deep-learning-container-license

A copy of this license is made available in this container at /NGC-DL-CONTAINER-LICENSE for your convenience.

WARNING: The NVIDIA Driver was not detected.  GPU functionality will not be available.
   Use the NVIDIA Container Toolkit to start this container with GPU support; see
   https://docs.nvidia.com/datacenter/cloud-native/ .


==========
== CUDA ==
==========

CUDA Version 12.4.0

Container image Copyright (c) 2016-2023, NVIDIA CORPORATION & AFFILIATES. All rights reserved.

This container image and its contents are governed by the NVIDIA Deep Learning Container License.
By pulling and using the container, you accept the terms and conditions of this license:
https://developer.nvidia.com/ngc/nvidia-deep-learning-container-license

A copy of this license is made available in this container at /NGC-DL-CONTAINER-LICENSE for your convenience.

WARNING: The NVIDIA Driver was not detected.  GPU functionality will not be available.
   Use the NVIDIA Container Toolkit to start this container with GPU support; see
   https://docs.nvidia.com/datacenter/cloud-native/ .



==========
== CUDA ==
==========

CUDA Version 12.4.0

Container image Copyright (c) 2016-2023, NVIDIA CORPORATION & AFFILIATES. All rights reserved.

This container image and its contents are governed by the NVIDIA Deep Learning Container License.
By pulling and using the container, you accept the terms and conditions of this license:
https://developer.nvidia.com/ngc/nvidia-deep-learning-container-license

A copy of this license is made available in this container at /NGC-DL-CONTAINER-LICENSE for your convenience.
==========
== CUDA ==
==========

CUDA Version 12.4.0

Container image Copyright (c) 2016-2023, NVIDIA CORPORATION & AFFILIATES. All rights reserved.

This container image and its contents are governed by the NVIDIA Deep Learning Container License.
By pulling and using the container, you accept the terms and conditions of this license:
https://developer.nvidia.com/ngc/nvidia-deep-learning-container-license

A copy of this license is made available in this container at /NGC-DL-CONTAINER-LICENSE for your convenience.
[sota] $ git clone --depth 1 https://github.com/imperial-qore/TranAD.git
WARNING: The NVIDIA Driver was not detected.  GPU functionality will not be available.
   Use the NVIDIA Container Toolkit to start this container with GPU support; see
   https://docs.nvidia.com/datacenter/cloud-native/ .



WARNING: The NVIDIA Driver was not detected.  GPU functionality will not be available.
   Use the NVIDIA Container Toolkit to start this container with GPU support; see
   https://docs.nvidia.com/datacenter/cloud-native/ .


==========
== CUDA ==
==========

CUDA Version 12.4.0

Container image Copyright (c) 2016-2023, NVIDIA CORPORATION & AFFILIATES. All rights reserved.

This container image and its contents are governed by the NVIDIA Deep Learning Container License.
By pulling and using the container, you accept the terms and conditions of this license:
https://developer.nvidia.com/ngc/nvidia-deep-learning-container-license

A copy of this license is made available in this container at /NGC-DL-CONTAINER-LICENSE for your convenience.

WARNING: The NVIDIA Driver was not detected.  GPU functionality will not be available.
   Use the NVIDIA Container Toolkit to start this container with GPU support; see
   https://docs.nvidia.com/datacenter/cloud-native/ .


==========
== CUDA ==
==========

CUDA Version 12.4.0

Container image Copyright (c) 2016-2023, NVIDIA CORPORATION & AFFILIATES. All rights reserved.

This container image and its contents are governed by the NVIDIA Deep Learning Container License.
By pulling and using the container, you accept the terms and conditions of this license:
https://developer.nvidia.com/ngc/nvidia-deep-learning-container-license

A copy of this license is made available in this container at /NGC-DL-CONTAINER-LICENSE for your convenience.

WARNING: The NVIDIA Driver was not detected.  GPU functionality will not be available.
   Use the NVIDIA Container Toolkit to start this container with GPU support; see
   https://docs.nvidia.com/datacenter/cloud-native/ .


==========
== CUDA ==
==========

CUDA Version 12.4.0

Container image Copyright (c) 2016-2023, NVIDIA CORPORATION & AFFILIATES. All rights reserved.

This container image and its contents are governed by the NVIDIA Deep Learning Container License.
By pulling and using the container, you accept the terms and conditions of this license:
https://developer.nvidia.com/ngc/nvidia-deep-learning-container-license

A copy of this license is made available in this container at /NGC-DL-CONTAINER-LICENSE for your convenience.

WARNING: The NVIDIA Driver was not detected.  GPU functionality will not be available.
   Use the NVIDIA Container Toolkit to start this container with GPU support; see
   https://docs.nvidia.com/datacenter/cloud-native/ .


==========
== CUDA ==
==========

CUDA Version 12.4.0

Container image Copyright (c) 2016-2023, NVIDIA CORPORATION & AFFILIATES. All rights reserved.

This container image and its contents are governed by the NVIDIA Deep Learning Container License.
By pulling and using the container, you accept the terms and conditions of this license:
https://developer.nvidia.com/ngc/nvidia-deep-learning-container-license

A copy of this license is made available in this container at /NGC-DL-CONTAINER-LICENSE for your convenience.

WARNING: The NVIDIA Driver was not detected.  GPU functionality will not be available.
   Use the NVIDIA Container Toolkit to start this container with GPU support; see
   https://docs.nvidia.com/datacenter/cloud-native/ .


==========
== CUDA ==
==========

CUDA Version 12.4.0

Container image Copyright (c) 2016-2023, NVIDIA CORPORATION & AFFILIATES. All rights reserved.

This container image and its contents are governed by the NVIDIA Deep Learning Container License.
By pulling and using the container, you accept the terms and conditions of this license:
https://developer.nvidia.com/ngc/nvidia-deep-learning-container-license

A copy of this license is made available in this container at /NGC-DL-CONTAINER-LICENSE for your convenience.

WARNING: The NVIDIA Driver was not detected.  GPU functionality will not be available.
   Use the NVIDIA Container Toolkit to start this container with GPU support; see
   https://docs.nvidia.com/datacenter/cloud-native/ .


==========
== CUDA ==
==========

CUDA Version 12.4.0

Container image Copyright (c) 2016-2023, NVIDIA CORPORATION & AFFILIATES. All rights reserved.

This container image and its contents are governed by the NVIDIA Deep Learning Container License.
By pulling and using the container, you accept the terms and conditions of this license:
https://developer.nvidia.com/ngc/nvidia-deep-learning-container-license

A copy of this license is made available in this container at /NGC-DL-CONTAINER-LICENSE for your convenience.

WARNING: The NVIDIA Driver was not detected.  GPU functionality will not be available.
   Use the NVIDIA Container Toolkit to start this container with GPU support; see
   https://docs.nvidia.com/datacenter/cloud-native/ .

[sota] $ git clone --depth 1 https://github.com/imperial-qore/TranAD.git

==========
== CUDA ==
==========

CUDA Version 12.4.0

Container image Copyright (c) 2016-2023, NVIDIA CORPORATION & AFFILIATES. All rights reserved.

This container image and its contents are governed by the NVIDIA Deep Learning Container License.
By pulling and using the container, you accept the terms and conditions of this license:
https://developer.nvidia.com/ngc/nvidia-deep-learning-container-license

A copy of this license is made available in this container at /NGC-DL-CONTAINER-LICENSE for your convenience.

WARNING: The NVIDIA Driver was not detected.  GPU functionality will not be available.
   Use the NVIDIA Container Toolkit to start this container with GPU support; see
   https://docs.nvidia.com/datacenter/cloud-native/ .

[sota] $ git clone --depth 1 https://github.com/imperial-qore/TranAD.git
[sota] $ git clone --depth 1 https://github.com/imperial-qore/TranAD.git
[sota] $ git clone --depth 1 https://github.com/imperial-qore/TranAD.git
[sota] $ git clone --depth 1 https://github.com/imperial-qore/TranAD.git

[sota] $ git clone --depth 1 https://github.com/imperial-qore/TranAD.git
==========
== CUDA ==
==========

CUDA Version 12.4.0

Container image Copyright (c) 2016-2023, NVIDIA CORPORATION & AFFILIATES. All rights reserved.

This container image and its contents are governed by the NVIDIA Deep Learning Container License.
By pulling and using the container, you accept the terms and conditions of this license:
https://developer.nvidia.com/ngc/nvidia-deep-learning-container-license

A copy of this license is made available in this container at /NGC-DL-CONTAINER-LICENSE for your convenience.

WARNING: The NVIDIA Driver was not detected.  GPU functionality will not be available.
   Use the NVIDIA Container Toolkit to start this container with GPU support; see
   https://docs.nvidia.com/datacenter/cloud-native/ .


==========
== CUDA ==
==========

CUDA Version 12.4.0

Container image Copyright (c) 2016-2023, NVIDIA CORPORATION & AFFILIATES. All rights reserved.

This container image and its contents are governed by the NVIDIA Deep Learning Container License.
By pulling and using the container, you accept the terms and conditions of this license:
https://developer.nvidia.com/ngc/nvidia-deep-learning-container-license

A copy of this license is made available in this container at /NGC-DL-CONTAINER-LICENSE for your convenience.

==========
== CUDA ==
==========

CUDA Version 12.4.0

Container image Copyright (c) 2016-2023, NVIDIA CORPORATION & AFFILIATES. All rights reserved.

This container image and its contents are governed by the NVIDIA Deep Learning Container License.
By pulling and using the container, you accept the terms and conditions of this license:
https://developer.nvidia.com/ngc/nvidia-deep-learning-container-license

A copy of this license is made available in this container at /NGC-DL-CONTAINER-LICENSE for your convenience.

WARNING: The NVIDIA Driver was not detected.  GPU functionality will not be available.
   Use the NVIDIA Container Toolkit to start this container with GPU support; see
   https://docs.nvidia.com/datacenter/cloud-native/ .



WARNING: The NVIDIA Driver was not detected.  GPU functionality will not be available.
   Use the NVIDIA Container Toolkit to start this container with GPU support; see
   https://docs.nvidia.com/datacenter/cloud-native/ .

==========
== CUDA ==
==========

CUDA Version 12.4.0

Container image Copyright (c) 2016-2023, NVIDIA CORPORATION & AFFILIATES. All rights reserved.

This container image and its contents are governed by the NVIDIA Deep Learning Container License.
By pulling and using the container, you accept the terms and conditions of this license:
https://developer.nvidia.com/ngc/nvidia-deep-learning-container-license

A copy of this license is made available in this container at /NGC-DL-CONTAINER-LICENSE for your convenience.

WARNING: The NVIDIA Driver was not detected.  GPU functionality will not be available.
   Use the NVIDIA Container Toolkit to start this container with GPU support; see
   https://docs.nvidia.com/datacenter/cloud-native/ .


==========
== CUDA ==
==========

CUDA Version 12.4.0

Container image Copyright (c) 2016-2023, NVIDIA CORPORATION & AFFILIATES. All rights reserved.

This container image and its contents are governed by the NVIDIA Deep Learning Container License.
By pulling and using the container, you accept the terms and conditions of this license:
https://developer.nvidia.com/ngc/nvidia-deep-learning-container-license

A copy of this license is made available in this container at /NGC-DL-CONTAINER-LICENSE for your convenience.
[sota] $ git clone --depth 1 https://github.com/imperial-qore/TranAD.git
WARNING: The NVIDIA Driver was not detected.  GPU functionality will not be available.
   Use the NVIDIA Container Toolkit to start this container with GPU support; see
   https://docs.nvidia.com/datacenter/cloud-native/ .


[sota] $ git clone --depth 1 https://github.com/imperial-qore/TranAD.git
[sota] $ git clone --depth 1 https://github.com/imperial-qore/TranAD.git
[sota] $ git clone --depth 1 https://github.com/imperial-qore/TranAD.git
[sota] $ git clone --depth 1 https://github.com/imperial-qore/TranAD.git
[sota] $ git clone --depth 1 https://github.com/imperial-qore/TranAD.git
[sota] $ git clone --depth 1 https://github.com/imperial-qore/TranAD.git
[sota] $ git clone --depth 1 https://github.com/imperial-qore/TranAD.git
[sota] $ git clone --depth 1 https://github.com/imperial-qore/TranAD.git
[sota] $ git clone --depth 1 https://github.com/imperial-qore/TranAD.git
[sota] $ git clone --depth 1 https://github.com/imperial-qore/TranAD.git
[sota] $ git clone --depth 1 https://github.com/imperial-qore/TranAD.git
[sota] $ git clone --depth 1 https://github.com/imperial-qore/TranAD.git
[sota] patched ds=WADI_clean model=USAD fp32=True dump=ok
[sota] WADI_clean train(78458, 122) test(17281, 122) anom=0.058
[sota] === training WADI_clean:USAD (NEPOCHS=30, fp32=True) ===
[sota] patched ds=WADI_clean model=TranAD fp32=True dump=ok
[sota] WADI_clean train(78458, 122) test(17281, 122) anom=0.058
[sota] === training WADI_clean:TranAD (NEPOCHS=5, fp32=True) ===
[sota] patched ds=SWaT_canon model=USAD fp32=True dump=ok
[sota] SWaT_canon train(135936, 51) test(44992, 51) anom=0.122
[sota] === training SWaT_canon:USAD (NEPOCHS=30, fp32=True) ===
[sota] patched ds=WADI_clean model=USAD fp32=True dump=ok
[sota] WADI_clean train(78458, 122) test(17281, 122) anom=0.058
[sota] === training WADI_clean:USAD (NEPOCHS=30, fp32=True) ===
[sota] patched ds=WADI_clean model=USAD fp32=True dump=ok
[sota] WADI_clean train(78458, 122) test(17281, 122) anom=0.058
[sota] === training WADI_clean:USAD (NEPOCHS=30, fp32=True) ===
[sota] patched ds=WADI_clean model=USAD fp32=True dump=ok[sota] patched ds=WADI_clean model=USAD fp32=True dump=ok

[sota] WADI_clean train(78458, 122) test(17281, 122) anom=0.058
[sota] === training WADI_clean:USAD (NEPOCHS=30, fp32=True) ===
[sota] WADI_clean train(78458, 122) test(17281, 122) anom=0.058
[sota] === training WADI_clean:USAD (NEPOCHS=30, fp32=True) ===
[WADI_clean:USAD] [92mCreating new model: USAD[0m
[WADI_clean:USAD] [95mTraining USAD on WADI[0m
[WADI_clean:USAD] 
[WADI_clean:TranAD] /opt/conda/lib/python3.11/site-packages/torch/nn/modules/transformer.py:307: UserWarning: enable_nested_tensor is True, but self.use_nested_tensor is False because encoder_layer was not TransformerEncoderLayer
[WADI_clean:TranAD]   warnings.warn(f"enable_nested_tensor is True, but self.use_nested_tensor is False because {why_not_sparsity_fast_path}")
[sota] patched ds=WADI_clean model=TranAD fp32=True dump=ok
[sota] patched ds=SWaT_canon model=TranAD fp32=True dump=ok
[sota] SWaT_canon train(135936, 51) test(44992, 51) anom=0.122
[WADI_clean:TranAD] [92mCreating new model: TranAD[0m
[sota] WADI_clean train(78458, 122) test(17281, 122) anom=0.058
[sota] === training SWaT_canon:TranAD (NEPOCHS=5, fp32=True) ===
[sota] === training WADI_clean:TranAD (NEPOCHS=5, fp32=True) ===
[sota] patched ds=SWaT_canon model=TranAD fp32=True dump=ok
[sota] SWaT_canon train(135936, 51) test(44992, 51) anom=0.122
[sota] === training SWaT_canon:TranAD (NEPOCHS=5, fp32=True) ===
[sota] patched ds=SWaT_canon model=TranAD fp32=True dump=ok[SWaT_canon:USAD] [92mCreating new model: USAD[0m

[sota] SWaT_canon train(135936, 51) test(44992, 51) anom=0.122
[sota] === training SWaT_canon:TranAD (NEPOCHS=5, fp32=True) ===
[WADI_clean:TranAD] [95mTraining TranAD on WADI[0m
[WADI_clean:TranAD] 
[sota] patched ds=SWaT_canon model=USAD fp32=True dump=ok[sota] patched ds=WADI_clean model=TranAD fp32=True dump=ok

[sota] WADI_clean train(78458, 122) test(17281, 122) anom=0.058
[sota] === training WADI_clean:TranAD (NEPOCHS=5, fp32=True) ===
[sota] SWaT_canon train(135936, 51) test(44992, 51) anom=0.122
[sota] === training SWaT_canon:USAD (NEPOCHS=30, fp32=True) ===
[sota] patched ds=SWaT_canon model=USAD fp32=True dump=ok
[sota] SWaT_canon train(135936, 51) test(44992, 51) anom=0.122
[sota] === training SWaT_canon:USAD (NEPOCHS=30, fp32=True) ===
[sota] patched ds=SWaT_canon model=USAD fp32=True dump=ok
[sota] SWaT_canon train(135936, 51) test(44992, 51) anom=0.122
[sota] === training SWaT_canon:USAD (NEPOCHS=30, fp32=True) ===
[WADI_clean:USAD]   0%|          | 0/30 [00:00<?, ?it/s]
[WADI_clean:USAD] 
[WADI_clean:USAD] Epoch 0,      L1 = 0.8875203674224617,        L2 = 0.8878344769967905
[WADI_clean:USAD] 
[WADI_clean:USAD]   0%|          | 0/30 [00:03<?, ?it/s]
[sota] patched ds=WADI_clean model=TranAD fp32=True dump=ok
[sota] WADI_clean train(78458, 122) test(17281, 122) anom=0.058
[sota] === training WADI_clean:TranAD (NEPOCHS=5, fp32=True) ===
[sota] patched ds=WADI_clean model=TranAD fp32=True dump=ok
[WADI_clean:USAD] [92mCreating new model: USAD[0m
[sota] WADI_clean train(78458, 122) test(17281, 122) anom=0.058
[sota] === training WADI_clean:TranAD (NEPOCHS=5, fp32=True) ===
[WADI_clean:USAD] [92mCreating new model: USAD[0m
[sota] patched ds=SWaT_canon model=USAD fp32=True dump=ok
[sota] SWaT_canon train(135936, 51) test(44992, 51) anom=0.122
[sota] === training SWaT_canon:USAD (NEPOCHS=30, fp32=True) ===
[WADI_clean:USAD] [92mCreating new model: USAD[0m
[SWaT_canon:USAD] [95mTraining USAD on WADI[0m
[SWaT_canon:USAD] 
[WADI_clean:USAD] [95mTraining USAD on WADI[0m
[WADI_clean:USAD] [95mTraining USAD on WADI[0m
[WADI_clean:USAD] 
[WADI_clean:USAD] 
[WADI_clean:USAD] [95mTraining USAD on WADI[0m
[WADI_clean:USAD] 
[WADI_clean:TranAD] /opt/conda/lib/python3.11/site-packages/torch/nn/modules/transformer.py:307: UserWarning: enable_nested_tensor is True, but self.use_nested_tensor is False because encoder_layer was not TransformerEncoderLayer
[WADI_clean:TranAD]   warnings.warn(f"enable_nested_tensor is True, but self.use_nested_tensor is False because {why_not_sparsity_fast_path}")
[SWaT_canon:TranAD] /opt/conda/lib/python3.11/site-packages/torch/nn/modules/transformer.py:307: UserWarning: enable_nested_tensor is True, but self.use_nested_tensor is False because encoder_layer was not TransformerEncoderLayer
[SWaT_canon:TranAD]   warnings.warn(f"enable_nested_tensor is True, but self.use_nested_tensor is False because {why_not_sparsity_fast_path}")
[sota] patched ds=SWaT_canon model=TranAD fp32=True dump=ok
[WADI_clean:USAD] [92mCreating new model: USAD[0m
[sota] SWaT_canon train(135936, 51) test(44992, 51) anom=0.122
[sota] === training SWaT_canon:TranAD (NEPOCHS=5, fp32=True) ===
[WADI_clean:USAD]   3%|▎         | 1/30 [00:03<01:44,  3.61s/it]
[SWaT_canon:TranAD] /opt/conda/lib/python3.11/site-packages/torch/nn/modules/transformer.py:307: UserWarning: enable_nested_tensor is True, but self.use_nested_tensor is False because encoder_layer was not TransformerEncoderLayer
[SWaT_canon:TranAD]   warnings.warn(f"enable_nested_tensor is True, but self.use_nested_tensor is False because {why_not_sparsity_fast_path}")
[WADI_clean:USAD] 
[WADI_clean:USAD] Epoch 1,      L1 = 0.7808908811401193,        L2 = -0.05795909443393131
[WADI_clean:USAD] 
[WADI_clean:USAD]   3%|▎         | 1/30 [00:07<01:44,  3.61s/it]
[WADI_clean:TranAD] [92mCreating new model: TranAD[0m
[SWaT_canon:TranAD] /opt/conda/lib/python3.11/site-packages/torch/nn/modules/transformer.py:307: UserWarning: enable_nested_tensor is True, but self.use_nested_tensor is False because encoder_layer was not TransformerEncoderLayer
[SWaT_canon:TranAD]   warnings.warn(f"enable_nested_tensor is True, but self.use_nested_tensor is False because {why_not_sparsity_fast_path}")
[sota] patched ds=SWaT_canon model=TranAD fp32=True dump=ok
[SWaT_canon:TranAD] [92mCreating new model: TranAD[0m
[sota] SWaT_canon train(135936, 51) test(44992, 51) anom=0.122
[sota] === training SWaT_canon:TranAD (NEPOCHS=5, fp32=True) ===
[WADI_clean:USAD] [95mTraining USAD on WADI[0m
[WADI_clean:USAD] 
[SWaT_canon:TranAD] [92mCreating new model: TranAD[0m
[WADI_clean:TranAD] /opt/conda/lib/python3.11/site-packages/torch/nn/modules/transformer.py:307: UserWarning: enable_nested_tensor is True, but self.use_nested_tensor is False because encoder_layer was not TransformerEncoderLayer[WADI_clean:TranAD] [95mTraining TranAD on WADI[0m

[WADI_clean:TranAD]   warnings.warn(f"enable_nested_tensor is True, but self.use_nested_tensor is False because {why_not_sparsity_fast_path}")
[WADI_clean:TranAD] 
[SWaT_canon:TranAD] [92mCreating new model: TranAD[0m
[WADI_clean:TranAD] [92mCreating new model: TranAD[0m
[SWaT_canon:TranAD] [95mTraining TranAD on WADI[0m
[SWaT_canon:TranAD] 
[SWaT_canon:USAD]   0%|          | 0/30 [00:00<?, ?it/s][WADI_clean:USAD]   0%|          | 0/30 [00:00<?, ?it/s]

[SWaT_canon:USAD] 
[SWaT_canon:USAD] Epoch 0,      L1 = 1.0038064638128164,        L2 = 0.9993817879065956
[SWaT_canon:USAD] 
[SWaT_canon:USAD]   0%|          | 0/30 [00:04<?, ?it/s]
[WADI_clean:TranAD] /opt/conda/lib/python3.11/site-packages/torch/nn/modules/transformer.py:307: UserWarning: enable_nested_tensor is True, but self.use_nested_tensor is False because encoder_layer was not TransformerEncoderLayer
[WADI_clean:USAD] 
[WADI_clean:USAD] Epoch 0,      L1 = 0.8620344758714392,        L2 = 0.8750043576537687
[WADI_clean:USAD] 
[WADI_clean:USAD]   0%|          | 0/30 [00:04<?, ?it/s]
[WADI_clean:TranAD]   warnings.warn(f"enable_nested_tensor is True, but self.use_nested_tensor is False because {why_not_sparsity_fast_path}")
[WADI_clean:USAD]   0%|          | 0/30 [00:00<?, ?it/s]
[WADI_clean:USAD] 
[WADI_clean:USAD] Epoch 0,      L1 = 0.8765075328299505,        L2 = 0.8883935497985579
[WADI_clean:USAD] 
[WADI_clean:USAD]   0%|          | 0/30 [00:04<?, ?it/s]
[SWaT_canon:TranAD] [95mTraining TranAD on WADI[0m
[WADI_clean:USAD]   7%|▋         | 2/30 [00:07<01:37,  3.50s/it][SWaT_canon:TranAD]

[WADI_clean:USAD] 
[WADI_clean:USAD] Epoch 2,      L1 = 0.7571501983223303,        L2 = -0.319591481256835
[WADI_clean:USAD] 
[WADI_clean:USAD]   7%|▋         | 2/30 [00:10<01:37,  3.50s/it]
[WADI_clean:USAD]   0%|          | 0/30 [00:00<?, ?it/s]
[WADI_clean:USAD] 
[WADI_clean:USAD] Epoch 0,      L1 = 0.8798551951788767,        L2 = 0.8779813554897589
[WADI_clean:USAD] 
[WADI_clean:USAD]   0%|          | 0/30 [00:04<?, ?it/s]
[WADI_clean:TranAD] [95mTraining TranAD on WADI[0m[WADI_clean:TranAD] /opt/conda/lib/python3.11/site-packages/torch/nn/modules/transformer.py:307: UserWarning: enable_nested_tensor is True, but self.use_nested_tensor is False because encoder_layer was not TransformerEncoderLayer
[SWaT_canon:TranAD] [95mTraining TranAD on WADI[0m

[WADI_clean:TranAD] 
[WADI_clean:TranAD]   warnings.warn(f"enable_nested_tensor is True, but self.use_nested_tensor is False because {why_not_sparsity_fast_path}")
[SWaT_canon:TranAD] 
[SWaT_canon:USAD] [92mCreating new model: USAD[0m
[SWaT_canon:USAD] [92mCreating new model: USAD[0m
[WADI_clean:TranAD] [92mCreating new model: TranAD[0m
[SWaT_canon:USAD] [92mCreating new model: USAD[0m
[WADI_clean:TranAD] [92mCreating new model: TranAD[0m
[WADI_clean:TranAD] [95mTraining TranAD on WADI[0m
[WADI_clean:TranAD] 
[SWaT_canon:TranAD] /opt/conda/lib/python3.11/site-packages/torch/nn/modules/transformer.py:307: UserWarning: enable_nested_tensor is True, but self.use_nested_tensor is False because encoder_layer was not TransformerEncoderLayer[SWaT_canon:TranAD] /opt/conda/lib/python3.11/site-packages/torch/nn/modules/transformer.py:307: UserWarning: enable_nested_tensor is True, but self.use_nested_tensor is False because encoder_layer was not TransformerEncoderLayer
[SWaT_canon:TranAD]   warnings.warn(f"enable_nested_tensor is True, but self.use_nested_tensor is False because {why_not_sparsity_fast_path}")

[SWaT_canon:TranAD]   warnings.warn(f"enable_nested_tensor is True, but self.use_nested_tensor is False because {why_not_sparsity_fast_path}")
[SWaT_canon:USAD] [95mTraining USAD on WADI[0m
[WADI_clean:TranAD] [95mTraining TranAD on WADI[0m
[WADI_clean:TranAD] 
[SWaT_canon:USAD] 
[WADI_clean:USAD]   0%|          | 0/30 [00:00<?, ?it/s][WADI_clean:USAD]   3%|▎         | 1/30 [00:04<02:07,  4.40s/it]
[SWaT_canon:USAD] [92mCreating new model: USAD[0m
[SWaT_canon:USAD] [95mTraining USAD on WADI[0m[WADI_clean:USAD] 
[WADI_clean:USAD] Epoch 1,      L1 = 0.7809681657087939,        L2 = -0.08188083705376448
[WADI_clean:USAD] 
[WADI_clean:USAD]   3%|▎         | 1/30 [00:08<02:07,  4.40s/it]

[WADI_clean:USAD] 
[WADI_clean:USAD] Epoch 0,      L1 = 0.8802044811684389,        L2 = 0.8736172716633142
[WADI_clean:USAD] 
[WADI_clean:USAD]   0%|          | 0/30 [00:06<?, ?it/s]
[WADI_clean:USAD]  10%|█         | 3/30 [00:10<01:33,  3.48s/it]
[WADI_clean:USAD] 
[WADI_clean:USAD]   3%|▎         | 1/30 [00:04<02:08,  4.43s/it][WADI_clean:USAD] Epoch 3,      L1 = 0.7434618599457609,        L2 = -0.4269283679336747
[WADI_clean:USAD] 
[WADI_clean:USAD]  10%|█         | 3/30 [00:14<01:33,  3.48s/it]

[SWaT_canon:USAD] 

[WADI_clean:USAD] 
[WADI_clean:USAD] Epoch 1,      L1 = 0.7729192793272059,        L2 = -0.051835172524034585
[WADI_clean:USAD] 
[WADI_clean:USAD]   3%|▎         | 1/30 [00:08<02:08,  4.43s/it]
[SWaT_canon:USAD]   3%|▎         | 1/30 [00:04<02:21,  4.87s/it][SWaT_canon:TranAD] [92mCreating new model: TranAD[0m
[SWaT_canon:USAD] [95mTraining USAD on WADI[0m
[SWaT_canon:USAD] 
[SWaT_canon:USAD] Epoch 1,      L1 = 0.8939680195362667,        L2 = -0.045530519903994045
[SWaT_canon:USAD] 
[SWaT_canon:USAD]   3%|▎         | 1/30 [00:09<02:21,  4.87s/it]

[SWaT_canon:USAD] 
[SWaT_canon:TranAD] [92mCreating new model: TranAD[0m
[WADI_clean:USAD]   3%|▎         | 1/30 [00:04<02:07,  4.38s/it]
[WADI_clean:USAD] 
[WADI_clean:USAD] Epoch 1,      L1 = 0.7745389901891618,        L2 = -0.057214982404170764
[WADI_clean:USAD] 
[WADI_clean:USAD]   3%|▎         | 1/30 [00:08<02:07,  4.38s/it]
[SWaT_canon:TranAD] [95mTraining TranAD on WADI[0m
[SWaT_canon:TranAD] 
[SWaT_canon:USAD] [95mTraining USAD on WADI[0m
[SWaT_canon:USAD] 
[SWaT_canon:TranAD] [95mTraining TranAD on WADI[0m
[SWaT_canon:TranAD] 
[WADI_clean:USAD]  13%|█▎        | 4/30 [00:14<01:34,  3.65s/it]
[WADI_clean:USAD] 
[WADI_clean:USAD] Epoch 4,      L1 = 0.7215806979923031,        L2 = -0.4744983574597326
[WADI_clean:USAD] 
[WADI_clean:USAD]  13%|█▎        | 4/30 [00:18<01:34,  3.65s/it]
[WADI_clean:USAD]   7%|▋         | 2/30 [00:08<02:00,  4.30s/it]
[WADI_clean:USAD] 
[WADI_clean:USAD] Epoch 2,      L1 = 0.7760516256823237,        L2 = -0.33477588501101024
[WADI_clean:USAD] 
[WADI_clean:USAD]   7%|▋         | 2/30 [00:12<02:00,  4.30s/it]
[WADI_clean:USAD]   7%|▋         | 2/30 [00:08<02:02,  4.37s/it][SWaT_canon:USAD]   0%|          | 0/30 [00:00<?, ?it/s]
[WADI_clean:USAD] 
[WADI_clean:USAD] Epoch 2,      L1 = 0.7552779616870071,        L2 = -0.3165618481196548
[WADI_clean:USAD] 
[WADI_clean:USAD]   7%|▋         | 2/30 [00:13<02:02,  4.37s/it]

[SWaT_canon:USAD] 
[SWaT_canon:USAD] Epoch 0,      L1 = 1.0057212757665783,        L2 = 1.012705621844519
[SWaT_canon:USAD] 
[SWaT_canon:USAD]   0%|          | 0/30 [00:05<?, ?it/s]
[WADI_clean:USAD]   3%|▎         | 1/30 [00:06<02:54,  6.02s/it]
[WADI_clean:USAD] 
[WADI_clean:USAD] Epoch 1,      L1 = 0.7779571036238461,        L2 = -0.06036380021077038
[WADI_clean:USAD] 
[WADI_clean:USAD]   3%|▎         | 1/30 [00:11<02:54,  6.02s/it]
[SWaT_canon:USAD]   7%|▋         | 2/30 [00:09<02:15,  4.82s/it]
[SWaT_canon:USAD] 
[SWaT_canon:USAD] Epoch 2,      L1 = 0.9019775063627296,        L2 = -0.34896850531566503
[SWaT_canon:USAD] 
[SWaT_canon:USAD]   7%|▋         | 2/30 [00:14<02:15,  4.82s/it]
[WADI_clean:USAD]   7%|▋         | 2/30 [00:08<02:04,  4.46s/it]
[WADI_clean:USAD] 
[WADI_clean:USAD] Epoch 2,      L1 = 0.7658855728379665,        L2 = -0.324601694576892
[WADI_clean:USAD] 
[WADI_clean:USAD]   7%|▋         | 2/30 [00:14<02:04,  4.46s/it]
[SWaT_canon:USAD]   0%|          | 0/30 [00:00<?, ?it/s]
[SWaT_canon:USAD] 
[SWaT_canon:USAD] Epoch 0,      L1 = 1.0261635262512105,        L2 = 1.0179844774137445
[SWaT_canon:USAD] 
[SWaT_canon:USAD]   0%|          | 0/30 [00:05<?, ?it/s]
[SWaT_canon:USAD]   0%|          | 0/30 [00:00<?, ?it/s]
[SWaT_canon:USAD] 
[SWaT_canon:USAD] Epoch 0,      L1 = 1.023102286922449, L2 = 1.0201924421005442
[SWaT_canon:USAD] 
[SWaT_canon:USAD]   0%|          | 0/30 [00:06<?, ?it/s]
[WADI_clean:USAD]  17%|█▋        | 5/30 [00:18<01:33,  3.73s/it]
[WADI_clean:USAD] 
[WADI_clean:USAD] Epoch 5,      L1 = 0.7017630627454786,        L2 = -0.4994353573240619
[WADI_clean:USAD] 
[WADI_clean:USAD]  17%|█▋        | 5/30 [00:22<01:33,  3.73s/it]
[WADI_clean:USAD]  10%|█         | 3/30 [00:12<01:55,  4.29s/it]
[WADI_clean:USAD] 
[WADI_clean:USAD] Epoch 3,      L1 = 0.7779229504540928,        L2 = -0.45160822791532046
[WADI_clean:USAD] 
[WADI_clean:USAD]  10%|█         | 3/30 [00:17<01:55,  4.29s/it]
[WADI_clean:USAD]  10%|█         | 3/30 [00:13<02:00,  4.46s/it][SWaT_canon:USAD]   0%|          | 0/30 [00:00<?, ?it/s]
[SWaT_canon:USAD] 
[SWaT_canon:USAD] Epoch 0,      L1 = 0.9998427891924893,        L2 = 1.0087966360432392
[SWaT_canon:USAD] 
[SWaT_canon:USAD]   0%|          | 0/30 [00:06<?, ?it/s]

[WADI_clean:USAD] 
[WADI_clean:USAD] Epoch 3,      L1 = 0.7581326990687633,        L2 = -0.43831263149543065
[WADI_clean:USAD] 
[WADI_clean:USAD]  10%|█         | 3/30 [00:18<02:00,  4.46s/it]
[SWaT_canon:USAD]   3%|▎         | 1/30 [00:05<02:36,  5.39s/it]
[SWaT_canon:USAD] 
[SWaT_canon:USAD] Epoch 1,      L1 = 0.8913302132175804,        L2 = -0.049007187255798744
[SWaT_canon:USAD] 
[SWaT_canon:USAD]   3%|▎         | 1/30 [00:10<02:36,  5.39s/it]
[SWaT_canon:USAD]  10%|█         | 3/30 [00:14<02:13,  4.95s/it]
[WADI_clean:USAD]   7%|▋         | 2/30 [00:11<02:34,  5.52s/it][SWaT_canon:USAD]
[SWaT_canon:USAD] Epoch 3,      L1 = 0.9015773817503968,        L2 = -0.49114343911942565
[SWaT_canon:USAD] 
[SWaT_canon:USAD]  10%|█         | 3/30 [00:19<02:13,  4.95s/it]

[WADI_clean:USAD] 
[WADI_clean:USAD] Epoch 2,      L1 = 0.7489301046967312,        L2 = -0.3145319818964207
[WADI_clean:USAD] 
[WADI_clean:USAD]   7%|▋         | 2/30 [00:16<02:34,  5.52s/it]
[WADI_clean:USAD]  10%|█         | 3/30 [00:14<02:08,  4.76s/it]
[WADI_clean:USAD] 
[WADI_clean:USAD] Epoch 3,      L1 = 0.7788270171275925,        L2 = -0.45649511113057906
[WADI_clean:USAD] 
[WADI_clean:USAD]  10%|█         | 3/30 [00:19<02:08,  4.76s/it]
[WADI_clean:USAD]  20%|██        | 6/30 [00:22<01:30,  3.79s/it]
[WADI_clean:USAD] 
[WADI_clean:USAD] Epoch 6,      L1 = 0.6866079248961967,        L2 = -0.5151893206025804
[WADI_clean:USAD] 
[WADI_clean:USAD]  20%|██        | 6/30 [00:26<01:30,  3.79s/it]
[SWaT_canon:USAD]   3%|▎         | 1/30 [00:05<02:52,  5.95s/it]
[SWaT_canon:USAD] 
[SWaT_canon:USAD] Epoch 1,      L1 = 0.886931909427131, L2 = -0.024460567060190622
[SWaT_canon:USAD] 
[SWaT_canon:USAD]   3%|▎         | 1/30 [00:12<02:52,  5.95s/it]
[WADI_clean:USAD]  13%|█▎        | 4/30 [00:17<01:53,  4.35s/it]
[WADI_clean:USAD] 
[WADI_clean:USAD] Epoch 4,      L1 = 0.7806685991330015,        L2 = -0.5225914424531417
[WADI_clean:USAD] 
[WADI_clean:USAD]  13%|█▎        | 4/30 [00:21<01:53,  4.35s/it]
[WADI_clean:USAD]  13%|█▎        | 4/30 [00:18<01:59,  4.60s/it]
[WADI_clean:USAD] 
[WADI_clean:USAD] Epoch 4,      L1 = 0.7498273643350524,        L2 = -0.49924073853267154
[WADI_clean:USAD] 
[WADI_clean:USAD]  13%|█▎        | 4/30 [00:22<01:59,  4.60s/it]
[SWaT_canon:USAD]   3%|▎         | 1/30 [00:06<03:02,  6.30s/it]
[SWaT_canon:USAD] 
[SWaT_canon:USAD] Epoch 1,      L1 = 0.8842218164179172,        L2 = -0.037411168314284676
[SWaT_canon:USAD] 
[SWaT_canon:USAD]   3%|▎         | 1/30 [00:14<03:02,  6.30s/it]
[SWaT_canon:USAD]   7%|▋         | 2/30 [00:10<02:31,  5.40s/it][WADI_clean:USAD]  23%|██▎       | 7/30 [00:26<01:28,  3.85s/it][SWaT_canon:USAD]  13%|█▎        | 4/30 [00:19<02:11,  5.04s/it]
[WADI_clean:USAD] 
[WADI_clean:USAD] Epoch 7,      L1 = 0.6753558581649381,        L2 = -0.5266751128979648
[WADI_clean:USAD] 
[WADI_clean:USAD]  23%|██▎       | 7/30 [00:30<01:28,  3.85s/it]

[SWaT_canon:USAD] 
[SWaT_canon:USAD] Epoch 2,      L1 = 0.8734645937094132,        L2 = -0.32789290847568975
[SWaT_canon:USAD] 
[SWaT_canon:USAD]   7%|▋         | 2/30 [00:16<02:31,  5.40s/it]

[SWaT_canon:USAD] 
[SWaT_canon:USAD] Epoch 4,      L1 = 0.8983532849439682,        L2 = -0.5719582513535988
[SWaT_canon:USAD] 
[SWaT_canon:USAD]  13%|█▎        | 4/30 [00:25<02:11,  5.04s/it]
[WADI_clean:USAD]  10%|█         | 3/30 [00:16<02:30,  5.56s/it]
[WADI_clean:USAD]  13%|█▎        | 4/30 [00:19<02:09,  5.00s/it]
[WADI_clean:USAD] 
[WADI_clean:USAD] Epoch 3,      L1 = 0.7310269504639686,        L2 = -0.41957804200894294
[WADI_clean:USAD] 
[WADI_clean:USAD]  10%|█         | 3/30 [00:22<02:30,  5.56s/it]
[WADI_clean:USAD] 
[WADI_clean:USAD] Epoch 4,      L1 = 0.775852290199398, L2 = -0.5236979937378384
[WADI_clean:USAD] 
[WADI_clean:USAD]  13%|█▎        | 4/30 [00:24<02:09,  5.00s/it]
[WADI_clean:USAD]  17%|█▋        | 5/30 [00:21<01:48,  4.33s/it]
[WADI_clean:USAD] 
[WADI_clean:USAD] Epoch 5,      L1 = 0.7775214117561234,        L2 = -0.5654664012386204
[WADI_clean:USAD] 
[WADI_clean:USAD]  17%|█▋        | 5/30 [00:26<01:48,  4.33s/it]
[SWaT_canon:USAD]   3%|▎         | 1/30 [00:06<03:16,  6.78s/it]
[SWaT_canon:USAD] 
[SWaT_canon:USAD] Epoch 1,      L1 = 0.888162601598856, L2 = -0.04369945832707853
[SWaT_canon:USAD] 
[SWaT_canon:USAD]   3%|▎         | 1/30 [00:15<03:16,  6.78s/it]
[SWaT_canon:USAD]   7%|▋         | 2/30 [00:12<02:49,  6.04s/it]
[SWaT_canon:USAD] 
[SWaT_canon:USAD] Epoch 2,      L1 = 0.8879160643283369,        L2 = -0.3325061834717201
[SWaT_canon:USAD] 
[SWaT_canon:USAD]   7%|▋         | 2/30 [00:18<02:49,  6.04s/it]
[WADI_clean:USAD]  17%|█▋        | 5/30 [00:22<01:56,  4.67s/it]
[WADI_clean:USAD] 
[WADI_clean:USAD] Epoch 5,      L1 = 0.7340152580625275,        L2 = -0.5289471617141711
[WADI_clean:USAD] 
[WADI_clean:USAD]  17%|█▋        | 5/30 [00:27<01:56,  4.67s/it]
[WADI_clean:USAD]  27%|██▋       | 8/30 [00:30<01:25,  3.87s/it]
[WADI_clean:USAD] 
[WADI_clean:USAD] Epoch 8,      L1 = 0.6666415674068021,        L2 = -0.5353432146993391
[WADI_clean:USAD] 
[WADI_clean:USAD]  27%|██▋       | 8/30 [00:33<01:25,  3.87s/it]
[SWaT_canon:USAD]  17%|█▋        | 5/30 [00:25<02:06,  5.06s/it]
[SWaT_canon:USAD] 
[SWaT_canon:USAD] Epoch 5,      L1 = 0.8938276544353607,        L2 = -0.6230435083793887
[SWaT_canon:USAD] 
[SWaT_canon:USAD]  17%|█▋        | 5/30 [00:29<02:06,  5.06s/it]
[WADI_clean:USAD]  13%|█▎        | 4/30 [00:22<02:25,  5.58s/it]
[WADI_clean:USAD] 
[WADI_clean:USAD] Epoch 4,      L1 = 0.7122431068786012,        L2 = -0.46954163388754766
[WADI_clean:USAD] 
[WADI_clean:USAD]  13%|█▎        | 4/30 [00:27<02:25,  5.58s/it]
[SWaT_canon:USAD]  10%|█         | 3/30 [00:16<02:27,  5.47s/it][SWaT_canon:USAD]   7%|▋         | 2/30 [00:14<03:28,  7.44s/it]
[SWaT_canon:USAD] 
[SWaT_canon:USAD] Epoch 2,      L1 = 0.8893499330752538,        L2 = -0.33742065611251554
[SWaT_canon:USAD] 
[SWaT_canon:USAD]   7%|▋         | 2/30 [00:21<03:28,  7.44s/it]

[SWaT_canon:USAD] 
[SWaT_canon:USAD] Epoch 3,      L1 = 0.85717072946821,  L2 = -0.45268229386732406
[SWaT_canon:USAD] 
[SWaT_canon:USAD]  10%|█         | 3/30 [00:22<02:27,  5.47s/it]
[WADI_clean:USAD]  17%|█▋        | 5/30 [00:24<02:06,  5.06s/it][WADI_clean:USAD]  20%|██        | 6/30 [00:26<01:44,  4.36s/it]

[WADI_clean:USAD] 
[WADI_clean:USAD] Epoch 5,      L1 = 0.7503486351029519,        L2 = -0.545257729428044
[WADI_clean:USAD] 
[WADI_clean:USAD]  17%|█▋        | 5/30 [00:29<02:06,  5.06s/it]
[WADI_clean:USAD] 
[WADI_clean:USAD] Epoch 6,      L1 = 0.7627668605834781,        L2 = -0.5840206892513723
[WADI_clean:USAD] 
[WADI_clean:USAD]  20%|██        | 6/30 [00:30<01:44,  4.36s/it]
[WADI_clean:USAD]  30%|███       | 9/30 [00:33<01:21,  3.88s/it]
[WADI_clean:USAD] 
[WADI_clean:USAD] Epoch 9,      L1 = 0.6601529384903962,        L2 = -0.542733012365867
[WADI_clean:USAD] 
[WADI_clean:USAD]  30%|███       | 9/30 [00:38<01:21,  3.88s/it]
[WADI_clean:USAD]  20%|██        | 6/30 [00:27<01:53,  4.71s/it]
[WADI_clean:USAD] 
[WADI_clean:USAD] Epoch 6,      L1 = 0.7139959269207804,        L2 = -0.5410742799570666
[WADI_clean:USAD] 
[WADI_clean:USAD]  20%|██        | 6/30 [00:32<01:53,  4.71s/it]
[SWaT_canon:USAD]  10%|█         | 3/30 [00:18<02:49,  6.29s/it]
[SWaT_canon:USAD] 
[SWaT_canon:USAD] Epoch 3,      L1 = 0.8877227451448836,        L2 = -0.4783493680932091
[SWaT_canon:USAD] 
[SWaT_canon:USAD]  10%|█         | 3/30 [00:25<02:49,  6.29s/it]
[SWaT_canon:USAD]  20%|██        | 6/30 [00:29<02:00,  5.00s/it]
[SWaT_canon:USAD] 
[SWaT_canon:USAD] Epoch 6,      L1 = 0.8880963884855282,        L2 = -0.656961113337266
[SWaT_canon:USAD] 
[SWaT_canon:USAD]  20%|██        | 6/30 [00:34<02:00,  5.00s/it]
[WADI_clean:USAD]  17%|█▋        | 5/30 [00:27<02:14,  5.40s/it]
[WADI_clean:USAD] 
[WADI_clean:USAD] Epoch 5,      L1 = 0.6969369702879795,        L2 = -0.498140074397767
[WADI_clean:USAD] 
[WADI_clean:USAD]  17%|█▋        | 5/30 [00:32<02:14,  5.40s/it]
[WADI_clean:USAD]  23%|██▎       | 7/30 [00:30<01:40,  4.38s/it]
[WADI_clean:USAD] 
[WADI_clean:USAD] Epoch 7,      L1 = 0.7393156877349679,        L2 = -0.5857953816700915
[WADI_clean:USAD] 
[WADI_clean:USAD]  23%|██▎       | 7/30 [00:34<01:40,  4.38s/it]
[WADI_clean:USAD]  20%|██        | 6/30 [00:29<02:03,  5.16s/it]
[SWaT_canon:USAD]  13%|█▎        | 4/30 [00:22<02:25,  5.61s/it][WADI_clean:USAD]
[WADI_clean:USAD] Epoch 6,      L1 = 0.721248411140473, L2 = -0.5487587089736933
[WADI_clean:USAD] 
[WADI_clean:USAD]  20%|██        | 6/30 [00:35<02:03,  5.16s/it]

[SWaT_canon:USAD] 
[SWaT_canon:USAD] Epoch 4,      L1 = 0.849212722982615, L2 = -0.5281337285291565
[SWaT_canon:USAD] 
[SWaT_canon:USAD]  13%|█▎        | 4/30 [00:27<02:25,  5.61s/it]
[WADI_clean:USAD]  33%|███▎      | 10/30 [00:38<01:18,  3.93s/it][SWaT_canon:USAD]   7%|▋         | 2/30 [00:15<03:45,  8.05s/it]

[WADI_clean:USAD] 
[WADI_clean:USAD] Epoch 10,     L1 = 0.6554777883297078,        L2 = -0.5492157581920142
[WADI_clean:USAD] 
[WADI_clean:USAD]  33%|███▎      | 10/30 [00:41<01:18,  3.93s/it]
[SWaT_canon:USAD] 
[SWaT_canon:USAD] Epoch 2,      L1 = 0.885966701878554, L2 = -0.3362242904300547
[SWaT_canon:USAD] 
[SWaT_canon:USAD]   7%|▋         | 2/30 [00:24<03:45,  8.05s/it]
[WADI_clean:USAD]  23%|██▎       | 7/30 [00:32<01:48,  4.73s/it]
[SWaT_canon:USAD]  10%|█         | 3/30 [00:21<03:10,  7.05s/it]
[SWaT_canon:USAD] 
[SWaT_canon:USAD] Epoch 3,      L1 = 0.8902988907040962,        L2 = -0.48009651424731575
[SWaT_canon:USAD] 
[SWaT_canon:USAD]  10%|█         | 3/30 [00:28<03:10,  7.05s/it]
[WADI_clean:USAD] 
[WADI_clean:USAD] Epoch 7,      L1 = 0.6965654860896349,        L2 = -0.5473318830691581
[WADI_clean:USAD] 
[WADI_clean:USAD]  23%|██▎       | 7/30 [00:37<01:48,  4.73s/it]
[SWaT_canon:USAD]  23%|██▎       | 7/30 [00:34<01:54,  4.96s/it]
[SWaT_canon:USAD] 
[SWaT_canon:USAD] Epoch 7,      L1 = 0.8825926127336681,        L2 = -0.681137911372041
[SWaT_canon:USAD] 
[SWaT_canon:USAD]  23%|██▎       | 7/30 [00:39<01:54,  4.96s/it]
[WADI_clean:USAD]  20%|██        | 6/30 [00:32<02:03,  5.14s/it][WADI_clean:USAD]  27%|██▋       | 8/30 [00:34<01:37,  4.42s/it]

[WADI_clean:USAD] 
[WADI_clean:USAD] Epoch 6,      L1 = 0.6842182824117713,        L2 = -0.5157109722616622
[WADI_clean:USAD] 
[WADI_clean:USAD]  20%|██        | 6/30 [00:36<02:03,  5.14s/it]
[WADI_clean:USAD] 
[WADI_clean:USAD] Epoch 8,      L1 = 0.7170306471879875,        L2 = -0.5829373810555768
[WADI_clean:USAD] 
[WADI_clean:USAD]  27%|██▋       | 8/30 [00:39<01:37,  4.42s/it]
[WADI_clean:USAD]  37%|███▋      | 11/30 [00:41<01:14,  3.91s/it]
[WADI_clean:USAD] 
[WADI_clean:USAD] Epoch 11,     L1 = 0.6517561400889572,        L2 = -0.554694839782077
[WADI_clean:USAD] 
[WADI_clean:USAD]  37%|███▋      | 11/30 [00:45<01:14,  3.91s/it]
[SWaT_canon:USAD]  13%|█▎        | 4/30 [00:25<02:46,  6.39s/it]
[SWaT_canon:USAD] 
[SWaT_canon:USAD] Epoch 4,      L1 = 0.8823237612759326,        L2 = -0.5586735190308026
[SWaT_canon:USAD] 
[SWaT_canon:USAD]  13%|█▎        | 4/30 [00:31<02:46,  6.39s/it]
[WADI_clean:USAD]  23%|██▎       | 7/30 [00:35<02:00,  5.24s/it]
[WADI_clean:USAD] 
[WADI_clean:USAD] Epoch 7,      L1 = 0.700478496257866, L2 = -0.5515738545292548
[WADI_clean:USAD] 
[WADI_clean:USAD]  23%|██▎       | 7/30 [00:40<02:00,  5.24s/it]
[SWaT_canon:USAD]  17%|█▋        | 5/30 [00:27<02:20,  5.63s/it]
[SWaT_canon:USAD] 
[SWaT_canon:USAD] Epoch 5,      L1 = 0.8404533381936914,        L2 = -0.5750826698484113
[SWaT_canon:USAD] 
[SWaT_canon:USAD]  17%|█▋        | 5/30 [00:33<02:20,  5.63s/it]
[WADI_clean:USAD]  27%|██▋       | 8/30 [00:37<01:46,  4.86s/it]
[WADI_clean:USAD] 
[WADI_clean:USAD] Epoch 8,      L1 = 0.6828567287466849,        L2 = -0.5514582551128518
[WADI_clean:USAD] 
[WADI_clean:USAD]  27%|██▋       | 8/30 [00:42<01:46,  4.86s/it]
[WADI_clean:TranAD]   0%|          | 0/5 [00:00<?, ?it/s]
[WADI_clean:TranAD] 
[WADI_clean:TranAD] Epoch 0,    L1 = 0.5089753884670202
[WADI_clean:TranAD] 
[WADI_clean:TranAD]   0%|          | 0/5 [00:45<?, ?it/s]
[WADI_clean:USAD]  40%|████      | 12/30 [00:45<01:09,  3.88s/it]
[WADI_clean:USAD] 
[WADI_clean:USAD] Epoch 12,     L1 = 0.6487170474369802,        L2 = -0.5594697539948328
[WADI_clean:USAD] 
[WADI_clean:USAD]  40%|████      | 12/30 [00:49<01:09,  3.88s/it]
[WADI_clean:USAD]  30%|███       | 9/30 [00:39<01:32,  4.42s/it][WADI_clean:TranAD]   0%|          | 0/5 [00:00<?, ?it/s]
[WADI_clean:TranAD] 
[WADI_clean:TranAD] Epoch 0,    L1 = 0.5109943443906249
[WADI_clean:TranAD] 
[WADI_clean:TranAD]   0%|          | 0/5 [00:40<?, ?it/s]

[WADI_clean:USAD] 
[WADI_clean:USAD] Epoch 9,      L1 = 0.7006087660011615,        L2 = -0.5814070083674949
[WADI_clean:USAD] 
[WADI_clean:USAD]  30%|███       | 9/30 [00:43<01:32,  4.42s/it]
[SWaT_canon:USAD]  27%|██▋       | 8/30 [00:39<01:49,  4.99s/it]
[SWaT_canon:USAD] 
[SWaT_canon:USAD] Epoch 8,      L1 = 0.8781261228642333,        L2 = -0.6996358421660974
[SWaT_canon:USAD] 
[SWaT_canon:USAD]  27%|██▋       | 8/30 [00:44<01:49,  4.99s/it]
[WADI_clean:USAD]  23%|██▎       | 7/30 [00:36<01:54,  4.98s/it]
[WADI_clean:USAD] 
[WADI_clean:USAD] Epoch 7,      L1 = 0.6736048596620948,        L2 = -0.5275671457048341
[WADI_clean:USAD] 
[WADI_clean:USAD]  23%|██▎       | 7/30 [00:41<01:54,  4.98s/it]
[SWaT_canon:USAD]  13%|█▎        | 4/30 [00:28<03:07,  7.21s/it]
[SWaT_canon:USAD] 
[SWaT_canon:USAD] Epoch 4,      L1 = 0.8877624814414372,        L2 = -0.5616011326034639
[SWaT_canon:USAD] 
[SWaT_canon:USAD]  13%|█▎        | 4/30 [00:36<03:07,  7.21s/it]
[WADI_clean:USAD]  27%|██▋       | 8/30 [00:40<01:55,  5.27s/it]
[SWaT_canon:USAD]  17%|█▋        | 5/30 [00:31<02:38,  6.33s/it][WADI_clean:TranAD]   0%|          | 0/5 [00:00<?, ?it/s]
[WADI_clean:TranAD] 
[WADI_clean:USAD] 
[WADI_clean:USAD] Epoch 8,      L1 = 0.686967174439018, L2 = -0.5558801941926095
[WADI_clean:USAD] 
[WADI_clean:USAD]  27%|██▋       | 8/30 [00:46<01:55,  5.27s/it]

[SWaT_canon:USAD] 
[SWaT_canon:USAD] Epoch 5,      L1 = 0.8771871026963164,        L2 = -0.6096899137076293
[SWaT_canon:USAD] 
[SWaT_canon:USAD]  17%|█▋        | 5/30 [00:37<02:38,  6.33s/it]
[WADI_clean:TranAD] Epoch 0,    L1 = 0.5110968702866242
[WADI_clean:TranAD] 
[WADI_clean:TranAD]   0%|          | 0/5 [00:41<?, ?it/s]
[WADI_clean:USAD]  30%|███       | 9/30 [00:42<01:41,  4.83s/it]
[WADI_clean:USAD] 
[WADI_clean:USAD] Epoch 9,      L1 = 0.6725501302404855,        L2 = -0.5550278647397121
[WADI_clean:USAD] 
[WADI_clean:USAD]  30%|███       | 9/30 [00:47<01:41,  4.83s/it]
[SWaT_canon:TranAD]   0%|          | 0/5 [00:00<?, ?it/s][SWaT_canon:TranAD]   0%|          | 0/5 [00:00<?, ?it/s]
[SWaT_canon:TranAD] [SWaT_canon:USAD]  10%|█         | 3/30 [00:24<03:50,  8.53s/it]
[SWaT_canon:TranAD] Epoch 0,    L1 = 0.7817046188498565
[SWaT_canon:TranAD] 
[SWaT_canon:TranAD]   0%|          | 0/5 [00:42<?, ?it/s]

[SWaT_canon:TranAD] 
[SWaT_canon:TranAD] Epoch 0,    L1 = 0.7796170290475343
[SWaT_canon:TranAD] 
[SWaT_canon:TranAD]   0%|          | 0/5 [00:43<?, ?it/s]

[SWaT_canon:USAD] 
[SWaT_canon:USAD] Epoch 3,      L1 = 0.8872943785525648,        L2 = -0.4789798797727361
[SWaT_canon:USAD] 
[SWaT_canon:USAD]  10%|█         | 3/30 [00:36<03:50,  8.53s/it]
[SWaT_canon:USAD]  20%|██        | 6/30 [00:33<02:18,  5.77s/it][WADI_clean:USAD]  33%|███▎      | 10/30 [00:43<01:27,  4.39s/it]

[SWaT_canon:USAD] 
[SWaT_canon:USAD] Epoch 6,      L1 = 0.830837560189702, L2 = -0.6050886215884134
[SWaT_canon:USAD] 
[SWaT_canon:USAD]  20%|██        | 6/30 [00:40<02:18,  5.77s/it]
[WADI_clean:USAD] 
[WADI_clean:USAD] Epoch 10,     L1 = 0.6898035095916487,        L2 = -0.5823514869901524
[WADI_clean:USAD] 
[WADI_clean:USAD]  33%|███▎      | 10/30 [00:48<01:27,  4.39s/it]
[SWaT_canon:USAD]  30%|███       | 9/30 [00:44<01:44,  4.96s/it]
[WADI_clean:USAD]  27%|██▋       | 8/30 [00:41<01:48,  4.94s/it]
[WADI_clean:USAD]  43%|████▎     | 13/30 [00:49<01:03,  3.75s/it][SWaT_canon:USAD]
[SWaT_canon:USAD] Epoch 9,      L1 = 0.8762370221730735,        L2 = -0.7160579498204808
[SWaT_canon:USAD] 
[SWaT_canon:USAD]  30%|███       | 9/30 [00:49<01:44,  4.96s/it]

[WADI_clean:USAD] 
[WADI_clean:USAD] Epoch 13,     L1 = 0.6452498986806605,        L2 = -0.5626936602553575
[WADI_clean:USAD] 
[WADI_clean:USAD]  43%|████▎     | 13/30 [00:53<01:03,  3.75s/it]
[WADI_clean:USAD] 
[WADI_clean:USAD] Epoch 8,      L1 = 0.6653870471052789,        L2 = -0.536486485386556
[WADI_clean:USAD] 
[WADI_clean:USAD]  27%|██▋       | 8/30 [00:46<01:48,  4.94s/it]
[gpu] WADI_clean:USAD heartbeat t+60s alloc=0.00G
[WADI_clean:USAD]  47%|████▋     | 14/30 [00:53<01:00,  3.79s/it]
[WADI_clean:USAD] 
[WADI_clean:USAD] Epoch 14,     L1 = 0.6419832051578198,        L2 = -0.5651788852537631
[WADI_clean:USAD] 
[WADI_clean:USAD]  47%|████▋     | 14/30 [00:57<01:00,  3.79s/it]
[SWaT_canon:TranAD]   0%|          | 0/5 [00:00<?, ?it/s]
[SWaT_canon:USAD]  20%|██        | 6/30 [00:37<02:33,  6.40s/it]
[SWaT_canon:TranAD] 
[SWaT_canon:TranAD] Epoch 0,    L1 = 0.7748211478488257
[SWaT_canon:TranAD] 
[SWaT_canon:TranAD]   0%|          | 0/5 [00:48<?, ?it/s]
[SWaT_canon:USAD] 
[SWaT_canon:USAD] Epoch 6,      L1 = 0.8735846187252895,        L2 = -0.6456924199587938
[SWaT_canon:USAD] 
[SWaT_canon:USAD]  20%|██        | 6/30 [00:44<02:33,  6.40s/it]
[gpu] WADI_clean:TranAD heartbeat t+60s alloc=0.00G
[SWaT_canon:USAD]  17%|█▋        | 5/30 [00:36<03:09,  7.58s/it]
[SWaT_canon:USAD] 
[SWaT_canon:USAD] Epoch 5,      L1 = 0.8848899707001706,        L2 = -0.61426085845099
[SWaT_canon:USAD] 
[SWaT_canon:USAD]  17%|█▋        | 5/30 [00:43<03:09,  7.58s/it]
[WADI_clean:USAD]  33%|███▎      | 10/30 [00:47<01:35,  4.78s/it][SWaT_canon:USAD]  23%|██▎       | 7/30 [00:40<02:15,  5.89s/it]
[SWaT_canon:USAD] 
[SWaT_canon:USAD] Epoch 7,      L1 = 0.8264423597414615,        L2 = -0.630030730791853
[WADI_clean:USAD] 
[WADI_clean:USAD] Epoch 10,     L1 = 0.6643922457298291,        L2 = -0.558070584912868
[WADI_clean:USAD] 
[WADI_clean:USAD]  33%|███▎      | 10/30 [00:52<01:35,  4.78s/it]
[WADI_clean:USAD]  37%|███▋      | 11/30 [00:48<01:23,  4.39s/it]
[SWaT_canon:USAD] 
[SWaT_canon:USAD]  23%|██▎       | 7/30 [00:45<02:15,  5.89s/it]

[WADI_clean:USAD] 
[WADI_clean:USAD] Epoch 11,     L1 = 0.6809103106791199,        L2 = -0.5830412905231774
[WADI_clean:USAD] 
[WADI_clean:USAD]  37%|███▋      | 11/30 [00:53<01:23,  4.39s/it]
[WADI_clean:USAD]  30%|███       | 9/30 [00:46<01:51,  5.31s/it][gpu] SWaT_canon:USAD heartbeat t+60s alloc=0.00G
[WADI_clean:USAD] 
[WADI_clean:USAD] Epoch 9,      L1 = 0.6778458481317243,        L2 = -0.5606206891295572
[WADI_clean:USAD] 
[WADI_clean:USAD]  30%|███       | 9/30 [00:51<01:51,  5.31s/it]

[SWaT_canon:USAD]  33%|███▎      | 10/30 [00:49<01:38,  4.93s/it]
[SWaT_canon:USAD] 
[SWaT_canon:USAD] Epoch 10,     L1 = 0.87553597149034,  L2 = -0.7303482571585198
[SWaT_canon:USAD] 
[SWaT_canon:USAD]  33%|███▎      | 10/30 [00:55<01:38,  4.93s/it]
[WADI_clean:USAD]  50%|█████     | 15/30 [00:57<00:59,  3.98s/it]
[WADI_clean:USAD] 
[WADI_clean:USAD] Epoch 15,     L1 = 0.6391939623418096,        L2 = -0.5674108708274306
[WADI_clean:USAD] 
[WADI_clean:USAD]  50%|█████     | 15/30 [01:01<00:59,  3.98s/it]
[gpu] WADI_clean:USAD heartbeat t+60s alloc=0.00G[gpu] WADI_clean:USAD heartbeat t+60s alloc=0.00G

[WADI_clean:USAD]  30%|███       | 9/30 [00:46<01:43,  4.92s/it]
[WADI_clean:USAD] 
[WADI_clean:USAD] Epoch 9,      L1 = 0.6597736038352693,        L2 = -0.544338357925026
[WADI_clean:USAD] 
[WADI_clean:USAD]  30%|███       | 9/30 [00:53<01:43,  4.92s/it]
[SWaT_canon:TranAD]   0%|          | 0/5 [00:00<?, ?it/s]
[SWaT_canon:TranAD] 
[SWaT_canon:TranAD] Epoch 0,    L1 = 0.7866975798248795
[SWaT_canon:TranAD] 
[SWaT_canon:TranAD]   0%|          | 0/5 [00:45<?, ?it/s]
[gpu] WADI_clean:USAD heartbeat t+60s alloc=0.00G
[WADI_clean:USAD]  37%|███▋      | 11/30 [00:52<01:33,  4.93s/it]
[WADI_clean:USAD] 
[WADI_clean:USAD] Epoch 11,     L1 = 0.6588425106850573,        L2 = -0.5616776242633433
[WADI_clean:USAD] 
[WADI_clean:USAD]  37%|███▋      | 11/30 [00:57<01:33,  4.93s/it]
[gpu] WADI_clean:TranAD heartbeat t+60s alloc=0.00G[gpu] WADI_clean:USAD heartbeat t+60s alloc=0.00G

[WADI_clean:USAD]  33%|███▎      | 10/30 [00:51<01:46,  5.32s/it]
[WADI_clean:USAD] 
[WADI_clean:USAD] Epoch 10,     L1 = 0.6727015995473691,        L2 = -0.5666192214066986
[WADI_clean:USAD] 
[WADI_clean:USAD]  33%|███▎      | 10/30 [00:57<01:46,  5.32s/it]
[SWaT_canon:USAD]  13%|█▎        | 4/30 [00:36<04:13,  9.76s/it]
[SWaT_canon:USAD] [WADI_clean:USAD]  40%|████      | 12/30 [00:53<01:22,  4.58s/it]
[WADI_clean:USAD] 
[WADI_clean:USAD] Epoch 12,     L1 = 0.6736077446046894,        L2 = -0.5837152025147324
[SWaT_canon:USAD] Epoch 4,      L1 = 0.8869322925146578,        L2 = -0.5623244707614689
[SWaT_canon:USAD] 
[SWaT_canon:USAD]  13%|█▎        | 4/30 [00:46<04:13,  9.76s/it]

[WADI_clean:USAD] 
[WADI_clean:USAD]  40%|████      | 12/30 [00:58<01:22,  4.58s/it]
[gpu] SWaT_canon:TranAD heartbeat t+60s alloc=0.00G
[WADI_clean:USAD]  53%|█████▎    | 16/30 [01:01<00:55,  3.99s/it]
[WADI_clean:USAD] 
[WADI_clean:USAD] Epoch 16,     L1 = 0.6369257923732186,        L2 = -0.5695552113929347
[WADI_clean:USAD] 
[WADI_clean:USAD]  53%|█████▎    | 16/30 [01:05<00:55,  3.99s/it]
[SWaT_canon:USAD]  37%|███▋      | 11/30 [00:55<01:39,  5.23s/it]
[SWaT_canon:USAD] 
[SWaT_canon:USAD] Epoch 11,     L1 = 0.874910724582589, L2 = -0.7423442796946077
[SWaT_canon:USAD] 
[SWaT_canon:USAD]  37%|███▋      | 11/30 [01:00<01:39,  5.23s/it]
[gpu] SWaT_canon:TranAD heartbeat t+60s alloc=0.00G
[WADI_clean:TranAD]   0%|          | 0/5 [00:00<?, ?it/s]
[WADI_clean:TranAD] 
[WADI_clean:TranAD] Epoch 0,    L1 = 0.5108918528912701
[WADI_clean:TranAD] 
[WADI_clean:TranAD]   0%|          | 0/5 [00:50<?, ?it/s]
[gpu] WADI_clean:TranAD heartbeat t+60s alloc=0.00G
[gpu] SWaT_canon:TranAD heartbeat t+60s alloc=0.00G
[SWaT_canon:USAD]  27%|██▋       | 8/30 [00:45<02:09,  5.86s/it]
[SWaT_canon:USAD] 
[SWaT_canon:USAD] Epoch 8,      L1 = 0.8255205359380068,        L2 = -0.6516828491210432
[SWaT_canon:USAD] 
[SWaT_canon:USAD]  27%|██▋       | 8/30 [00:51<02:09,  5.86s/it]
[SWaT_canon:USAD]  23%|██▎       | 7/30 [00:44<02:26,  6.37s/it]
[SWaT_canon:USAD] 
[SWaT_canon:USAD] Epoch 7,      L1 = 0.870930951232487, L2 = -0.6724733147707026
[SWaT_canon:USAD] 
[SWaT_canon:USAD]  23%|██▎       | 7/30 [00:51<02:26,  6.37s/it]
[gpu] WADI_clean:TranAD heartbeat t+60s alloc=0.00G
[SWaT_canon:USAD]  20%|██        | 6/30 [00:43<02:58,  7.43s/it]
[SWaT_canon:USAD] 
[SWaT_canon:USAD] Epoch 6,      L1 = 0.8827691022341759,        L2 = -0.6515866784543753
[SWaT_canon:USAD] 
[SWaT_canon:USAD]  20%|██        | 6/30 [00:52<02:58,  7.43s/it]
[WADI_clean:USAD]  40%|████      | 12/30 [00:57<01:31,  5.07s/it]
[WADI_clean:USAD] 
[WADI_clean:USAD] Epoch 12,     L1 = 0.6543133778050907,        L2 = -0.5648983670292242
[WADI_clean:USAD] 
[WADI_clean:USAD]  40%|████      | 12/30 [01:02<01:31,  5.07s/it]
[WADI_clean:USAD]  33%|███▎      | 10/30 [00:53<01:52,  5.61s/it]
[gpu] WADI_clean:TranAD heartbeat t+60s alloc=0.00G
[gpu] SWaT_canon:USAD heartbeat t+60s alloc=0.00G
[WADI_clean:USAD] 
[WADI_clean:USAD] Epoch 10,     L1 = 0.6558278387755787,        L2 = -0.5512985559651358
[WADI_clean:USAD] 
[WADI_clean:USAD]  33%|███▎      | 10/30 [01:00<01:52,  5.61s/it]
[WADI_clean:USAD]  43%|████▎     | 13/30 [00:58<01:21,  4.80s/it]
[WADI_clean:USAD] 
[WADI_clean:USAD] Epoch 13,     L1 = 0.6673439680363187,        L2 = -0.5842255229467669[WADI_clean:USAD]  57%|█████▋    | 17/30 [01:05<00:50,  3.87s/it][gpu] SWaT_canon:USAD heartbeat t+60s alloc=0.00G

[WADI_clean:USAD] 
[WADI_clean:USAD] Epoch 17,     L1 = 0.634843717148409, L2 = -0.5713703594190261
[WADI_clean:USAD] 
[WADI_clean:USAD]  57%|█████▋    | 17/30 [01:08<00:50,  3.87s/it]

[WADI_clean:USAD] 
[WADI_clean:USAD]  43%|████▎     | 13/30 [01:03<01:21,  4.80s/it]
[WADI_clean:USAD]  37%|███▋      | 11/30 [00:57<01:46,  5.59s/it]
[WADI_clean:USAD] 
[WADI_clean:USAD] Epoch 11,     L1 = 0.6686028987412351,        L2 = -0.5717806233181261
[WADI_clean:USAD] 
[WADI_clean:USAD]  37%|███▋      | 11/30 [01:02<01:46,  5.59s/it]
[gpu] SWaT_canon:USAD heartbeat t+60s alloc=0.00G
[SWaT_canon:USAD]  40%|████      | 12/30 [01:00<01:31,  5.10s/it]
[SWaT_canon:USAD] 
[SWaT_canon:USAD] Epoch 12,     L1 = 0.8729816663820865,        L2 = -0.7513363241426745
[SWaT_canon:USAD] 
[SWaT_canon:USAD]  40%|████      | 12/30 [01:05<01:31,  5.10s/it]
[gpu] SWaT_canon:TranAD heartbeat t+60s alloc=0.00G
[gpu] SWaT_canon:USAD heartbeat t+60s alloc=0.00G
[SWaT_canon:USAD]  30%|███       | 9/30 [00:51<02:05,  5.96s/it][SWaT_canon:USAD]  27%|██▋       | 8/30 [00:51<02:23,  6.51s/it]

[SWaT_canon:USAD] 
[SWaT_canon:USAD] Epoch 9,      L1 = 0.8257176010341518,        L2 = -0.6697587414334217
[SWaT_canon:USAD] 
[SWaT_canon:USAD]  30%|███       | 9/30 [00:58<02:05,  5.96s/it]
[SWaT_canon:USAD] 
[SWaT_canon:USAD] Epoch 8,      L1 = 0.8692592517832354,        L2 = -0.6936957746982687
[SWaT_canon:USAD] 
[SWaT_canon:USAD]  27%|██▋       | 8/30 [00:57<02:23,  6.51s/it]
[SWaT_canon:TranAD]   0%|          | 0/5 [00:00<?, ?it/s]
[SWaT_canon:TranAD] 
[SWaT_canon:TranAD] Epoch 0,    L1 = 0.7834549982963646
[SWaT_canon:TranAD] 
[SWaT_canon:TranAD]   0%|          | 0/5 [00:54<?, ?it/s]
[gpu] SWaT_canon:TranAD heartbeat t+60s alloc=0.00G
[WADI_clean:USAD]  60%|██████    | 18/30 [01:08<00:45,  3.83s/it]
[WADI_clean:USAD] 
[WADI_clean:USAD] Epoch 18,     L1 = 0.6329841294111669,        L2 = -0.5729745240429291
[WADI_clean:USAD] 
[WADI_clean:USAD]  60%|██████    | 18/30 [01:12<00:45,  3.83s/it]
[WADI_clean:USAD]  43%|████▎     | 13/30 [01:02<01:24,  4.97s/it]
[WADI_clean:USAD] 
[WADI_clean:USAD] Epoch 13,     L1 = 0.6501603946211287,        L2 = -0.5674688702063304
[WADI_clean:USAD] 
[WADI_clean:USAD]  43%|████▎     | 13/30 [01:07<01:24,  4.97s/it]
[WADI_clean:TranAD]   0%|          | 0/5 [00:00<?, ?it/s]
[WADI_clean:TranAD] 
[WADI_clean:TranAD] Epoch 0,    L1 = 0.5108718376661397
[WADI_clean:TranAD] 
[WADI_clean:TranAD]   0%|          | 0/5 [00:59<?, ?it/s]
[WADI_clean:USAD]  47%|████▋     | 14/30 [01:03<01:16,  4.76s/it]
[WADI_clean:USAD] 
[WADI_clean:USAD] Epoch 14,     L1 = 0.6615406438149208,        L2 = -0.5842855507796585
[WADI_clean:USAD] 
[WADI_clean:USAD]  47%|████▋     | 14/30 [01:07<01:16,  4.76s/it]
[WADI_clean:USAD]  37%|███▋      | 11/30 [01:00<01:52,  5.90s/it]
[WADI_clean:USAD] 
[WADI_clean:USAD] Epoch 11,     L1 = 0.652759316500404, L2 = -0.5572788043959495
[WADI_clean:USAD] 
[WADI_clean:USAD]  37%|███▋      | 11/30 [01:05<01:52,  5.90s/it]
[SWaT_canon:USAD]  17%|█▋        | 5/30 [00:46<04:10, 10.01s/it]
[SWaT_canon:USAD] 
[SWaT_canon:USAD] Epoch 5,      L1 = 0.8846170989947355,        L2 = -0.6152845722449533
[SWaT_canon:USAD] 
[SWaT_canon:USAD]  17%|█▋        | 5/30 [00:56<04:10, 10.01s/it]
[WADI_clean:USAD]  40%|████      | 12/30 [01:02<01:38,  5.46s/it]
[WADI_clean:USAD] 
[WADI_clean:USAD] Epoch 12,     L1 = 0.6643310027838142,        L2 = -0.5754063988490361
[WADI_clean:USAD] 
[WADI_clean:USAD]  40%|████      | 12/30 [01:08<01:38,  5.46s/it]
[SWaT_canon:USAD]  43%|████▎     | 13/30 [01:05<01:25,  5.06s/it]
[SWaT_canon:USAD] 
[SWaT_canon:USAD] Epoch 13,     L1 = 0.8704025579928623,        L2 = -0.7582371198167067
[SWaT_canon:USAD] 
[SWaT_canon:USAD]  43%|████▎     | 13/30 [01:10<01:25,  5.06s/it]
[WADI_clean:USAD]  63%|██████▎   | 19/30 [01:12<00:42,  3.84s/it]
[WADI_clean:USAD] 
[WADI_clean:USAD] Epoch 19,     L1 = 0.6312832678220012,        L2 = -0.5744031338814227
[WADI_clean:USAD] 
[WADI_clean:USAD]  63%|██████▎   | 19/30 [01:16<00:42,  3.84s/it]
[SWaT_canon:USAD]  23%|██▎       | 7/30 [00:52<03:01,  7.90s/it]
[SWaT_canon:USAD] 
[SWaT_canon:USAD] Epoch 7,      L1 = 0.8808796501625504,        L2 = -0.6792175952492461
[SWaT_canon:USAD] 
[SWaT_canon:USAD]  23%|██▎       | 7/30 [01:02<03:01,  7.90s/it]
[WADI_clean:USAD]  47%|████▋     | 14/30 [01:07<01:18,  4.91s/it]
[WADI_clean:USAD] [WADI_clean:USAD]  50%|█████     | 15/30 [01:07<01:10,  4.68s/it]

[WADI_clean:USAD] Epoch 14,     L1 = 0.6460049785369761,        L2 = -0.5691069610550586
[WADI_clean:USAD] 
[WADI_clean:USAD]  47%|████▋     | 14/30 [01:11<01:18,  4.91s/it]
[WADI_clean:USAD] 
[WADI_clean:USAD] Epoch 15,     L1 = 0.6569758893323372,        L2 = -0.584780105831767
[WADI_clean:USAD] 
[WADI_clean:USAD]  50%|█████     | 15/30 [01:12<01:10,  4.68s/it]
[SWaT_canon:USAD]  33%|███▎      | 10/30 [00:58<02:02,  6.12s/it]
[SWaT_canon:USAD] 
[SWaT_canon:USAD] Epoch 10,     L1 = 0.8260942697454868,        L2 = -0.6846048582254044
[SWaT_canon:USAD] 
[SWaT_canon:USAD]  33%|███▎      | 10/30 [01:04<02:02,  6.12s/it]
[SWaT_canon:USAD]  30%|███       | 9/30 [00:57<02:18,  6.61s/it]
[SWaT_canon:USAD] 
[SWaT_canon:USAD] Epoch 9,      L1 = 0.867146279943472, L2 = -0.7099174923858064
[SWaT_canon:USAD] 
[SWaT_canon:USAD]  30%|███       | 9/30 [01:04<02:18,  6.61s/it]
[WADI_clean:USAD]  43%|████▎     | 13/30 [01:08<01:32,  5.43s/it]
[WADI_clean:USAD] 
[WADI_clean:USAD] Epoch 13,     L1 = 0.6607038698130292,        L2 = -0.5785020331671343
[WADI_clean:USAD] 
[WADI_clean:USAD]  43%|████▎     | 13/30 [01:13<01:32,  5.43s/it]
[WADI_clean:USAD]  40%|████      | 12/30 [01:05<01:43,  5.72s/it]
[WADI_clean:USAD] 
[WADI_clean:USAD] Epoch 12,     L1 = 0.6494897673511194,        L2 = -0.5616890999076806
[WADI_clean:USAD] 
[WADI_clean:USAD]  40%|████      | 12/30 [01:11<01:43,  5.72s/it]
[WADI_clean:USAD]  67%|██████▋   | 20/30 [01:16<00:38,  3.82s/it][SWaT_canon:USAD]  47%|████▋     | 14/30 [01:10<01:20,  5.03s/it]

[WADI_clean:USAD] 
[WADI_clean:USAD] Epoch 20,     L1 = 0.6296479471793571,        L2 = -0.5755930514018648
[WADI_clean:USAD] 
[WADI_clean:USAD]  67%|██████▋   | 20/30 [01:20<00:38,  3.82s/it]
[SWaT_canon:USAD] 
[SWaT_canon:USAD] Epoch 14,     L1 = 0.8661085479487639,        L2 = -0.7620978033250784
[SWaT_canon:USAD] 
[SWaT_canon:USAD]  47%|████▋     | 14/30 [01:15<01:20,  5.03s/it]
[SWaT_canon:USAD]  20%|██        | 6/30 [00:56<04:00, 10.00s/it]
[SWaT_canon:USAD] 
[SWaT_canon:USAD] Epoch 6,      L1 = 0.8817985295589922,        L2 = -0.6518730134045505
[SWaT_canon:USAD] 
[SWaT_canon:USAD]  20%|██        | 6/30 [01:03<04:00, 10.00s/it]
[WADI_clean:USAD]  50%|█████     | 15/30 [01:11<01:12,  4.83s/it][WADI_clean:USAD]  53%|█████▎    | 16/30 [01:12<01:04,  4.60s/it]

[WADI_clean:USAD] 
[WADI_clean:USAD] Epoch 15,     L1 = 0.6425472780405794,        L2 = -0.5706547307151372
[WADI_clean:USAD] 
[WADI_clean:USAD]  50%|█████     | 15/30 [01:16<01:12,  4.83s/it]
[WADI_clean:USAD] 
[WADI_clean:USAD] Epoch 16,     L1 = 0.6536516422256949,        L2 = -0.5858695478365433
[WADI_clean:USAD] 
[WADI_clean:USAD]  53%|█████▎    | 16/30 [01:16<01:04,  4.60s/it]
[WADI_clean:USAD]  70%|███████   | 21/30 [01:20<00:34,  3.79s/it]
[WADI_clean:USAD] 
[WADI_clean:USAD] Epoch 21,     L1 = 0.6281560623431867,        L2 = -0.5766425076598639
[WADI_clean:USAD] 
[WADI_clean:USAD]  70%|███████   | 21/30 [01:23<00:34,  3.79s/it]
[SWaT_canon:USAD]  37%|███▋      | 11/30 [01:04<01:55,  6.07s/it]
[WADI_clean:USAD]  47%|████▋     | 14/30 [01:13<01:25,  5.32s/it]
[WADI_clean:USAD] 
[WADI_clean:USAD] Epoch 14,     L1 = 0.6571685862871796,        L2 = -0.5807786233127603
[SWaT_canon:USAD] 
[SWaT_canon:USAD] Epoch 11,     L1 = 0.8270198747045633,        L2 = -0.6975859694828309
[SWaT_canon:USAD] 
[SWaT_canon:USAD]  37%|███▋      | 11/30 [01:10<01:55,  6.07s/it]
[WADI_clean:USAD] 
[WADI_clean:USAD]  47%|████▋     | 14/30 [01:18<01:25,  5.32s/it]
[WADI_clean:USAD]  43%|████▎     | 13/30 [01:11<01:37,  5.73s/it]
[WADI_clean:USAD] 
[WADI_clean:USAD] Epoch 13,     L1 = 0.6464149091410987,        L2 = -0.5651265315675036
[WADI_clean:USAD] 
[WADI_clean:USAD]  43%|████▎     | 13/30 [01:16<01:37,  5.73s/it]
[SWaT_canon:USAD]  27%|██▋       | 8/30 [01:02<03:04,  8.39s/it]
[SWaT_canon:USAD] 
[SWaT_canon:USAD] Epoch 8,      L1 = 0.8797365955573466,        L2 = -0.7010082543710082
[SWaT_canon:USAD] 
[SWaT_canon:USAD]  27%|██▋       | 8/30 [01:09<03:04,  8.39s/it]
[SWaT_canon:USAD]  33%|███▎      | 10/30 [01:04<02:09,  6.50s/it][SWaT_canon:USAD]  50%|█████     | 15/30 [01:15<01:14,  5.00s/it]
[SWaT_canon:USAD] 
[SWaT_canon:USAD] Epoch 10,     L1 = 0.8655678608617877,        L2 = -0.7233674431784454
[SWaT_canon:USAD] 
[SWaT_canon:USAD]  33%|███▎      | 10/30 [01:10<02:09,  6.50s/it]

[SWaT_canon:USAD] 
[SWaT_canon:USAD] Epoch 15,     L1 = 0.8620828583822524,        L2 = -0.7650683754546438
[SWaT_canon:USAD] 
[SWaT_canon:USAD]  50%|█████     | 15/30 [01:20<01:14,  5.00s/it]
[WADI_clean:USAD]  53%|█████▎    | 16/30 [01:16<01:06,  4.73s/it]
[WADI_clean:USAD] 
[WADI_clean:USAD] Epoch 16,     L1 = 0.6406079508838218,        L2 = -0.5731012291027321
[WADI_clean:USAD] 
[WADI_clean:USAD]  53%|█████▎    | 16/30 [01:21<01:06,  4.73s/it]
[SWaT_canon:USAD]  23%|██▎       | 7/30 [01:03<03:26,  8.99s/it]
[SWaT_canon:USAD] 
[SWaT_canon:USAD] Epoch 7,      L1 = 0.8775098733709189,        L2 = -0.6774458085763814
[SWaT_canon:USAD] 
[SWaT_canon:USAD]  23%|██▎       | 7/30 [01:10<03:26,  8.99s/it]
[WADI_clean:USAD]  57%|█████▋    | 17/30 [01:16<00:59,  4.55s/it]
[WADI_clean:USAD] 
[WADI_clean:USAD] Epoch 17,     L1 = 0.6509338918751254,        L2 = -0.5870689660991385
[WADI_clean:USAD] 
[WADI_clean:USAD]  57%|█████▋    | 17/30 [01:21<00:59,  4.55s/it]
[WADI_clean:USAD]  73%|███████▎  | 22/30 [01:23<00:30,  3.80s/it]
[WADI_clean:USAD] 
[WADI_clean:USAD] Epoch 22,     L1 = 0.6264827159304798,        L2 = -0.577300689567555
[WADI_clean:USAD] 
[WADI_clean:USAD]  73%|███████▎  | 22/30 [01:27<00:30,  3.80s/it]
[WADI_clean:USAD]  50%|█████     | 15/30 [01:18<01:17,  5.17s/it]
[WADI_clean:USAD]  47%|████▋     | 14/30 [01:16<01:27,  5.44s/it][WADI_clean:USAD]
[WADI_clean:USAD] Epoch 15,     L1 = 0.6541498757983888,        L2 = -0.5828132462151482
[WADI_clean:USAD] 
[WADI_clean:USAD]  50%|█████     | 15/30 [01:22<01:17,  5.17s/it]

[WADI_clean:USAD] 
[WADI_clean:USAD] Epoch 14,     L1 = 0.6439805941908433,        L2 = -0.5683146922030223
[WADI_clean:USAD] 
[WADI_clean:USAD]  47%|████▋     | 14/30 [01:20<01:27,  5.44s/it]
[SWaT_canon:USAD]  53%|█████▎    | 16/30 [01:20<01:09,  4.96s/it]
[SWaT_canon:USAD] 
[SWaT_canon:USAD] Epoch 16,     L1 = 0.8591513193007243,        L2 = -0.768167924342884
[SWaT_canon:USAD] [SWaT_canon:USAD]  40%|████      | 12/30 [01:10<01:48,  6.05s/it]
[SWaT_canon:USAD] 
[SWaT_canon:USAD] Epoch 12,     L1 = 0.8278266214774378,        L2 = -0.7085611595230251
[SWaT_canon:USAD] 
[SWaT_canon:USAD]  40%|████      | 12/30 [01:16<01:48,  6.05s/it]

[SWaT_canon:USAD]  53%|█████▎    | 16/30 [01:24<01:09,  4.96s/it]
[WADI_clean:USAD]  57%|█████▋    | 17/30 [01:21<01:01,  4.76s/it]
[WADI_clean:USAD]  77%|███████▋  | 23/30 [01:27<00:26,  3.76s/it]
[WADI_clean:USAD] 
[WADI_clean:USAD] Epoch 23,     L1 = 0.6250413628522957,        L2 = -0.5779908499991914
[WADI_clean:USAD] 
[WADI_clean:USAD]  77%|███████▋  | 23/30 [01:31<00:26,  3.76s/it]
[WADI_clean:USAD] 
[WADI_clean:USAD] Epoch 17,     L1 = 0.6387889742559555,        L2 = -0.5751769365241438
[WADI_clean:USAD] 
[WADI_clean:USAD]  57%|█████▋    | 17/30 [01:25<01:01,  4.76s/it]
[SWaT_canon:USAD]  37%|███▋      | 11/30 [01:10<02:03,  6.51s/it]
[SWaT_canon:USAD] 
[SWaT_canon:USAD] Epoch 11,     L1 = 0.8639019055856767,        L2 = -0.7341879632450261
[SWaT_canon:USAD] 
[SWaT_canon:USAD]  37%|███▋      | 11/30 [01:17<02:03,  6.51s/it]
[WADI_clean:USAD]  60%|██████    | 18/30 [01:21<00:57,  4.78s/it]
[WADI_clean:USAD] 
[WADI_clean:USAD] Epoch 18,     L1 = 0.6483417377483592,        L2 = -0.5879858630370549
[WADI_clean:USAD] 
[WADI_clean:USAD]  60%|██████    | 18/30 [01:26<00:57,  4.78s/it]
[SWaT_canon:USAD]  30%|███       | 9/30 [01:09<02:50,  8.14s/it]
[SWaT_canon:USAD] 
[SWaT_canon:USAD] Epoch 9,      L1 = 0.8800199891663316,        L2 = -0.7196183876921958
[SWaT_canon:USAD] 
[SWaT_canon:USAD]  30%|███       | 9/30 [01:18<02:50,  8.14s/it]
[SWaT_canon:USAD]  27%|██▋       | 8/30 [01:10<02:59,  8.15s/it]
[SWaT_canon:USAD] 
[SWaT_canon:USAD] Epoch 8,      L1 = 0.8716976897029834,        L2 = -0.694740884665491
[SWaT_canon:USAD] 
[SWaT_canon:USAD]  27%|██▋       | 8/30 [01:16<02:59,  8.15s/it]
[WADI_clean:USAD]  53%|█████▎    | 16/30 [01:22<01:11,  5.11s/it][WADI_clean:TranAD]  20%|██        | 1/5 [00:40<02:43, 40.83s/it]

[WADI_clean:USAD] 
[WADI_clean:USAD] Epoch 16,     L1 = 0.6517778641345255,        L2 = -0.5848095383233776
[WADI_clean:USAD] 
[WADI_clean:USAD]  53%|█████▎    | 16/30 [01:28<01:11,  5.11s/it]
[WADI_clean:USAD]  50%|█████     | 15/30 [01:20<01:19,  5.27s/it][WADI_clean:TranAD]
[WADI_clean:TranAD] Epoch 1,    L1 = 0.4949440930348625
[WADI_clean:TranAD] 
[WADI_clean:TranAD]  20%|██        | 1/5 [01:25<02:43, 40.83s/it]

[WADI_clean:USAD] 
[WADI_clean:USAD] Epoch 15,     L1 = 0.6417657212273721,        L2 = -0.5710091468366091
[WADI_clean:USAD] 
[WADI_clean:USAD]  50%|█████     | 15/30 [01:26<01:19,  5.27s/it]
[SWaT_canon:USAD]  57%|█████▋    | 17/30 [01:24<01:03,  4.92s/it]
[SWaT_canon:USAD] 
[SWaT_canon:USAD] Epoch 17,     L1 = 0.8572863049685899,        L2 = -0.7715769212784179
[SWaT_canon:USAD] 
[SWaT_canon:USAD]  57%|█████▋    | 17/30 [01:29<01:03,  4.92s/it]
[WADI_clean:USAD]  80%|████████  | 24/30 [01:31<00:22,  3.78s/it]
[WADI_clean:USAD] 
[WADI_clean:USAD] Epoch 24,     L1 = 0.6239930325435387,        L2 = -0.5788941211743223
[WADI_clean:USAD] 
[WADI_clean:USAD]  80%|████████  | 24/30 [01:35<00:22,  3.78s/it]
[SWaT_canon:USAD]  43%|████▎     | 13/30 [01:16<01:41,  5.96s/it]
[SWaT_canon:USAD] 
[SWaT_canon:USAD] Epoch 13,     L1 = 0.8285649480673497,        L2 = -0.7180041647647734
[SWaT_canon:USAD] 
[SWaT_canon:USAD]  43%|████▎     | 13/30 [01:21<01:41,  5.96s/it]
[WADI_clean:USAD]  60%|██████    | 18/30 [01:25<00:56,  4.70s/it][WADI_clean:TranAD]  20%|██        | 1/5 [00:45<03:03, 45.86s/it]
[SWaT_canon:TranAD]  20%|██        | 1/5 [00:43<02:55, 43.87s/it]
[WADI_clean:TranAD] 
[WADI_clean:TranAD] Epoch 1,    L1 = 0.4990101252450056
[WADI_clean:TranAD] 
[WADI_clean:TranAD]  20%|██        | 1/5 [01:33<03:03, 45.86s/it]

[WADI_clean:USAD] 
[WADI_clean:USAD] Epoch 18,     L1 = 0.6365995302577586,        L2 = -0.5764618535172104
[WADI_clean:USAD] 
[WADI_clean:USAD]  60%|██████    | 18/30 [01:30<00:56,  4.70s/it]
[SWaT_canon:TranAD] 
[SWaT_canon:TranAD] Epoch 1,    L1 = 0.7356346958753585
[SWaT_canon:TranAD] 
[SWaT_canon:TranAD]  20%|██        | 1/5 [01:26<02:55, 43.87s/it]
[WADI_clean:USAD]  63%|██████▎   | 19/30 [01:26<00:52,  4.75s/it]
[WADI_clean:USAD] 
[WADI_clean:USAD] Epoch 19,     L1 = 0.6461774411248149,        L2 = -0.5889379875840799
[WADI_clean:USAD] 
[WADI_clean:USAD]  63%|██████▎   | 19/30 [01:30<00:52,  4.75s/it]
[SWaT_canon:TranAD]  20%|██        | 1/5 [00:42<02:51, 42.79s/it]
[SWaT_canon:TranAD] 
[SWaT_canon:TranAD] Epoch 1,    L1 = 0.7385253125868331
[SWaT_canon:TranAD] 
[SWaT_canon:TranAD]  20%|██        | 1/5 [01:26<02:51, 42.79s/it]
[SWaT_canon:USAD]  40%|████      | 12/30 [01:17<01:57,  6.54s/it]
[SWaT_canon:USAD] 
[SWaT_canon:USAD] Epoch 12,     L1 = 0.8621908822631825,        L2 = -0.7429433473422702
[SWaT_canon:USAD] 
[SWaT_canon:USAD]  40%|████      | 12/30 [01:23<01:57,  6.54s/it]
[WADI_clean:USAD]  83%|████████▎ | 25/30 [01:35<00:18,  3.75s/it]
[WADI_clean:USAD] 
[WADI_clean:USAD] Epoch 25,     L1 = 0.6231838012354215,        L2 = -0.5798767078759036
[WADI_clean:USAD] 
[WADI_clean:USAD]  83%|████████▎ | 25/30 [01:38<00:18,  3.75s/it]
[WADI_clean:USAD]  53%|█████▎    | 16/30 [01:26<01:13,  5.22s/it][WADI_clean:USAD]  57%|█████▋    | 17/30 [01:28<01:06,  5.09s/it]
[WADI_clean:USAD] 
[WADI_clean:USAD] Epoch 16,     L1 = 0.6394983037066498,        L2 = -0.5730780852414655
[WADI_clean:USAD] 
[WADI_clean:USAD]  53%|█████▎    | 16/30 [01:30<01:13,  5.22s/it]

[WADI_clean:USAD] 
[WADI_clean:USAD] Epoch 17,     L1 = 0.6499563471139158,        L2 = -0.5868561185689773
[WADI_clean:USAD] 
[WADI_clean:USAD]  57%|█████▋    | 17/30 [01:33<01:06,  5.09s/it]
[WADI_clean:TranAD]  20%|██        | 1/5 [00:41<02:45, 41.48s/it]
[WADI_clean:TranAD] 
[WADI_clean:TranAD] Epoch 1,    L1 = 0.49386534870254273
[WADI_clean:TranAD] 
[WADI_clean:TranAD]  20%|██        | 1/5 [01:28<02:45, 41.48s/it]
[SWaT_canon:USAD]  60%|██████    | 18/30 [01:29<00:58,  4.90s/it]
[SWaT_canon:USAD] 
[SWaT_canon:USAD] Epoch 18,     L1 = 0.8562652650736483,        L2 = -0.7752426902951213
[SWaT_canon:USAD] 
[SWaT_canon:USAD]  60%|██████    | 18/30 [01:34<00:58,  4.90s/it]
[SWaT_canon:USAD]  30%|███       | 9/30 [01:16<02:41,  7.70s/it]
[SWaT_canon:USAD] 
[SWaT_canon:USAD] Epoch 9,      L1 = 0.8705153769187335,        L2 = -0.7116891519568173
[SWaT_canon:USAD] 
[SWaT_canon:USAD]  30%|███       | 9/30 [01:22<02:41,  7.70s/it]
[WADI_clean:USAD]  63%|██████▎   | 19/30 [01:30<00:51,  4.66s/it]
[WADI_clean:USAD] 
[WADI_clean:USAD] Epoch 19,     L1 = 0.6346903678643567,        L2 = -0.577656514565863
[WADI_clean:USAD] 
[WADI_clean:USAD]  63%|██████▎   | 19/30 [01:35<00:51,  4.66s/it]
[SWaT_canon:USAD]  33%|███▎      | 10/30 [01:18<02:46,  8.30s/it]
[SWaT_canon:USAD] 
[SWaT_canon:USAD] Epoch 10,     L1 = 0.8823800721432025,        L2 = -0.7369984286800448
[SWaT_canon:USAD] 
[SWaT_canon:USAD]  33%|███▎      | 10/30 [01:26<02:46,  8.30s/it]
[WADI_clean:USAD]  67%|██████▋   | 20/30 [01:30<00:46,  4.65s/it]
[WADI_clean:USAD] 
[WADI_clean:USAD] Epoch 20,     L1 = 0.6443754815257976,        L2 = -0.5899481014219428
[WADI_clean:USAD] 
[WADI_clean:USAD]  67%|██████▋   | 20/30 [01:35<00:46,  4.65s/it]
[SWaT_canon:USAD]  47%|████▋     | 14/30 [01:21<01:33,  5.86s/it]
[SWaT_canon:USAD] 
[SWaT_canon:USAD] Epoch 14,     L1 = 0.8294218693265302,        L2 = -0.7263882325088742
[SWaT_canon:USAD] 
[SWaT_canon:USAD]  47%|████▋     | 14/30 [01:27<01:33,  5.86s/it]
[WADI_clean:USAD]  87%|████████▋ | 26/30 [01:38<00:14,  3.67s/it]
[WADI_clean:USAD] 
[WADI_clean:USAD] Epoch 26,     L1 = 0.6223800499083362,        L2 = -0.5807363176763933
[WADI_clean:USAD] 
[WADI_clean:USAD]  87%|████████▋ | 26/30 [01:42<00:14,  3.67s/it]
[SWaT_canon:TranAD]  20%|██        | 1/5 [00:48<03:12, 48.15s/it]
[SWaT_canon:TranAD] 
[SWaT_canon:TranAD] Epoch 1,    L1 = 0.7297410357133144
[SWaT_canon:TranAD] 
[SWaT_canon:TranAD]  20%|██        | 1/5 [01:32<03:12, 48.15s/it]
[WADI_clean:USAD]  57%|█████▋    | 17/30 [01:30<01:06,  5.13s/it]
[WADI_clean:USAD]  60%|██████    | 18/30 [01:33<01:01,  5.09s/it]
[WADI_clean:USAD] 
[WADI_clean:USAD] Epoch 17,     L1 = 0.6372875176479532,        L2 = -0.5746925099347194
[WADI_clean:USAD] 
[WADI_clean:USAD]  57%|█████▋    | 17/30 [01:35<01:06,  5.13s/it]
[SWaT_canon:USAD]  63%|██████▎   | 19/30 [01:34<00:54,  4.92s/it]
[SWaT_canon:USAD] [WADI_clean:USAD] 
[WADI_clean:USAD] Epoch 18,     L1 = 0.6482771275288518,        L2 = -0.5886288744201473
[WADI_clean:USAD] 
[WADI_clean:USAD]  60%|██████    | 18/30 [01:38<01:01,  5.09s/it]

[SWaT_canon:USAD] Epoch 19,     L1 = 0.8555560214953627,        L2 = -0.7787370436181176
[SWaT_canon:USAD] 
[SWaT_canon:USAD]  63%|██████▎   | 19/30 [01:39<00:54,  4.92s/it]
[SWaT_canon:USAD]  43%|████▎     | 13/30 [01:23<01:51,  6.54s/it]
[SWaT_canon:USAD] 
[SWaT_canon:USAD] Epoch 13,     L1 = 0.8611418438791218,        L2 = -0.7507497813559634
[SWaT_canon:USAD] 
[SWaT_canon:USAD]  43%|████▎     | 13/30 [01:30<01:51,  6.54s/it]
[WADI_clean:USAD]  67%|██████▋   | 20/30 [01:35<00:46,  4.68s/it]
[WADI_clean:USAD] 
[WADI_clean:USAD] Epoch 20,     L1 = 0.6333746539389329,        L2 = -0.5791457683625851
[WADI_clean:USAD] 
[WADI_clean:USAD]  67%|██████▋   | 20/30 [01:39<00:46,  4.68s/it]
[WADI_clean:USAD]  70%|███████   | 21/30 [01:35<00:41,  4.62s/it]
[WADI_clean:USAD] 
[WADI_clean:USAD] Epoch 21,     L1 = 0.6428353793274909,        L2 = -0.5909543970621041
[WADI_clean:USAD] 
[WADI_clean:USAD]  70%|███████   | 21/30 [01:39<00:41,  4.62s/it]
[WADI_clean:USAD]  90%|█████████ | 27/30 [01:42<00:10,  3.62s/it]
[WADI_clean:USAD] 
[WADI_clean:USAD] Epoch 27,     L1 = 0.6208739395437194,        L2 = -0.5807760316775246
[WADI_clean:USAD] 
[WADI_clean:USAD]  90%|█████████ | 27/30 [01:45<00:10,  3.62s/it]
[SWaT_canon:USAD]  37%|███▋      | 11/30 [01:26<02:33,  8.07s/it]
[SWaT_canon:USAD] 
[SWaT_canon:USAD] Epoch 11,     L1 = 0.8852681795524507,        L2 = -0.7525133890697905
[SWaT_canon:USAD] 
[SWaT_canon:USAD]  37%|███▋      | 11/30 [01:31<02:33,  8.07s/it]
[SWaT_canon:USAD]  33%|███▎      | 10/30 [01:22<02:24,  7.21s/it]
[SWaT_canon:USAD] 
[SWaT_canon:USAD] Epoch 10,     L1 = 0.8711853471467107,        L2 = -0.7271432043272448
[SWaT_canon:USAD] 
[SWaT_canon:USAD]  33%|███▎      | 10/30 [01:29<02:24,  7.21s/it]
[SWaT_canon:USAD]  50%|█████     | 15/30 [01:27<01:28,  5.87s/it]
[SWaT_canon:USAD] 
[SWaT_canon:USAD] Epoch 15,     L1 = 0.8304312372450382,        L2 = -0.7339529218730954
[SWaT_canon:USAD] 
[SWaT_canon:USAD]  50%|█████     | 15/30 [01:33<01:28,  5.87s/it]
[WADI_clean:USAD]  60%|██████    | 18/30 [01:35<01:00,  5.08s/it][SWaT_canon:USAD]  67%|██████▋   | 20/30 [01:39<00:48,  4.86s/it]
[WADI_clean:USAD] 
[WADI_clean:USAD] Epoch 18,     L1 = 0.6351606607145431,        L2 = -0.5759833562043518
[WADI_clean:USAD] 
[WADI_clean:USAD]  60%|██████    | 18/30 [01:40<01:00,  5.08s/it]

[SWaT_canon:USAD] 
[SWaT_canon:USAD] Epoch 20,     L1 = 0.8565571713006991,        L2 = -0.7835151575568874
[SWaT_canon:USAD] 
[SWaT_canon:USAD]  67%|██████▋   | 20/30 [01:44<00:48,  4.86s/it]
[WADI_clean:USAD]  93%|█████████▎| 28/30 [01:45<00:07,  3.66s/it]
[WADI_clean:USAD] 
[WADI_clean:USAD] Epoch 28,     L1 = 0.619949435623785, L2 = -0.5812842196391418
[WADI_clean:USAD] 
[WADI_clean:USAD]  93%|█████████▎| 28/30 [01:49<00:07,  3.66s/it]
[WADI_clean:USAD]  63%|██████▎   | 19/30 [01:38<00:55,  5.06s/it]
[WADI_clean:USAD] 
[WADI_clean:USAD] Epoch 19,     L1 = 0.6468190754510061,        L2 = -0.5902569609015061
[WADI_clean:USAD] 
[WADI_clean:USAD]  63%|██████▎   | 19/30 [01:43<00:55,  5.06s/it]
[WADI_clean:USAD]  70%|███████   | 21/30 [01:39<00:41,  4.65s/it]
[WADI_clean:USAD] 
[WADI_clean:USAD] Epoch 21,     L1 = 0.6319537589639473,        L2 = -0.5802989132447111
[WADI_clean:USAD] 
[WADI_clean:USAD]  70%|███████   | 21/30 [01:44<00:41,  4.65s/it]
[WADI_clean:USAD]  73%|███████▎  | 22/30 [01:39<00:36,  4.57s/it]
[WADI_clean:USAD] 
[WADI_clean:USAD] Epoch 22,     L1 = 0.6414676153056967,        L2 = -0.5919167364158988
[WADI_clean:USAD] 
[WADI_clean:USAD]  73%|███████▎  | 22/30 [01:44<00:36,  4.57s/it]
[SWaT_canon:USAD]  47%|████▋     | 14/30 [01:30<01:44,  6.52s/it]
[SWaT_canon:USAD] 
[SWaT_canon:USAD] Epoch 14,     L1 = 0.8609005251404761,        L2 = -0.7581161755801875
[SWaT_canon:USAD] 
[SWaT_canon:USAD]  47%|████▋     | 14/30 [01:36<01:44,  6.52s/it]
[SWaT_canon:TranAD]  20%|██        | 1/5 [00:45<03:00, 45.17s/it]
[SWaT_canon:TranAD] 
[SWaT_canon:TranAD] Epoch 1,    L1 = 0.7397947551054694
[SWaT_canon:TranAD] 
[SWaT_canon:TranAD]  20%|██        | 1/5 [01:34<03:00, 45.17s/it]
[SWaT_canon:USAD]  37%|███▋      | 11/30 [01:29<02:13,  7.03s/it][SWaT_canon:USAD]  53%|█████▎    | 16/30 [01:33<01:22,  5.90s/it]
[SWaT_canon:USAD] 
[SWaT_canon:USAD] Epoch 11,     L1 = 0.8712712041928438,        L2 = -0.7396048778727679
[SWaT_canon:USAD] 
[SWaT_canon:USAD]  37%|███▋      | 11/30 [01:35<02:13,  7.03s/it]

[SWaT_canon:USAD] 
[SWaT_canon:USAD] Epoch 16,     L1 = 0.8315006766727864,        L2 = -0.7408142790317591
[SWaT_canon:USAD] 
[SWaT_canon:USAD]  53%|█████▎    | 16/30 [01:39<01:22,  5.90s/it]
[WADI_clean:USAD]  97%|█████████▋| 29/30 [01:49<00:03,  3.65s/it]
[WADI_clean:USAD] 
[WADI_clean:USAD] Epoch 29,     L1 = 0.6193819191628919,        L2 = -0.5820473565995012
[WADI_clean:USAD] 
[WADI_clean:USAD]  97%|█████████▋| 29/30 [01:53<00:03,  3.65s/it]
[WADI_clean:USAD] 100%|██████████| 30/30 [01:53<00:00,  3.67s/it]
[WADI_clean:USAD] 100%|██████████| 30/30 [01:53<00:00,  3.77s/it]
[WADI_clean:USAD] [1mTraining time:   113.2025 s[0m
[WADI_clean:USAD] [95mTesting USAD on WADI[0m
[SWaT_canon:USAD]  70%|███████   | 21/30 [01:44<00:43,  4.83s/it]
[SWaT_canon:USAD] 
[SWaT_canon:USAD] Epoch 21,     L1 = 0.8561780030704095,        L2 = -0.7865700804840654
[SWaT_canon:USAD] 
[SWaT_canon:USAD]  70%|███████   | 21/30 [01:48<00:43,  4.83s/it]
[WADI_clean:USAD]  63%|██████▎   | 19/30 [01:40<00:55,  5.04s/it]
[WADI_clean:USAD] 
[WADI_clean:USAD] Epoch 19,     L1 = 0.633101582332692, L2 = -0.5770028775123359
[WADI_clean:USAD] 
[WADI_clean:USAD]  63%|██████▎   | 19/30 [01:46<00:55,  5.04s/it]
[WADI_clean:USAD]  77%|███████▋  | 23/30 [01:44<00:32,  4.63s/it]
[WADI_clean:USAD]  73%|███████▎  | 22/30 [01:44<00:37,  4.68s/it]
[WADI_clean:USAD] 
[WADI_clean:USAD] Epoch 23,     L1 = 0.6400262878244503,        L2 = -0.5926091173393302
[WADI_clean:USAD] 
[WADI_clean:USAD]  77%|███████▋  | 23/30 [01:48<00:32,  4.63s/it]
[WADI_clean:USAD] 
[WADI_clean:USAD] Epoch 22,     L1 = 0.6300720764266337,        L2 = -0.5807713382249944
[WADI_clean:USAD] 
[WADI_clean:USAD]  73%|███████▎  | 22/30 [01:48<00:37,  4.68s/it]
[WADI_clean:USAD]  67%|██████▋   | 20/30 [01:43<00:51,  5.20s/it]
[WADI_clean:USAD] 
[WADI_clean:USAD] Epoch 20,     L1 = 0.6454670595986614,        L2 = -0.5916791940153521
[WADI_clean:USAD] 
[WADI_clean:USAD]  67%|██████▋   | 20/30 [01:49<00:51,  5.20s/it]
[SWaT_canon:USAD]  40%|████      | 12/30 [01:31<02:12,  7.38s/it]
[SWaT_canon:USAD] 
[SWaT_canon:USAD] Epoch 12,     L1 = 0.8850025537471145,        L2 = -0.7629514427859119
[SWaT_canon:USAD] 
[SWaT_canon:USAD]  40%|████      | 12/30 [01:41<02:12,  7.38s/it]
[gpu] WADI_clean:USAD heartbeat t+120s alloc=0.00G
[SWaT_canon:USAD]  50%|█████     | 15/30 [01:36<01:38,  6.54s/it]
[SWaT_canon:USAD] 
[SWaT_canon:USAD] Epoch 15,     L1 = 0.8609823557511393,        L2 = -0.7647965559718355
[SWaT_canon:USAD] 
[SWaT_canon:USAD]  50%|█████     | 15/30 [01:43<01:38,  6.54s/it]
[WADI_clean:TranAD]  20%|██        | 1/5 [00:50<03:20, 50.24s/it]
[WADI_clean:TranAD] 
[WADI_clean:TranAD] Epoch 1,    L1 = 0.4913846820009474
[WADI_clean:TranAD] 
[WADI_clean:TranAD]  20%|██        | 1/5 [01:44<03:20, 50.24s/it]
[gpu] WADI_clean:TranAD heartbeat t+120s alloc=0.00G[SWaT_canon:USAD]  73%|███████▎  | 22/30 [01:48<00:38,  4.82s/it]

[SWaT_canon:USAD] 
[SWaT_canon:USAD] Epoch 22,     L1 = 0.8561972986254315,        L2 = -0.7897155474618835
[SWaT_canon:USAD] 
[SWaT_canon:USAD]  73%|███████▎  | 22/30 [01:53<00:38,  4.82s/it]
[SWaT_canon:USAD]  57%|█████▋    | 17/30 [01:39<01:15,  5.81s/it][SWaT_canon:USAD]  40%|████      | 12/30 [01:35<02:02,  6.78s/it]
[WADI_clean:USAD]  77%|███████▋  | 23/30 [01:48<00:32,  4.65s/it][WADI_clean:USAD]  80%|████████  | 24/30 [01:48<00:27,  4.55s/it]

[SWaT_canon:USAD] 
[SWaT_canon:USAD] Epoch 17,     L1 = 0.8318013859081403,        L2 = -0.7462601860259044
[SWaT_canon:USAD] 
[SWaT_canon:USAD]  57%|█████▋    | 17/30 [01:45<01:15,  5.81s/it]
[SWaT_canon:USAD] 
[SWaT_canon:USAD] Epoch 12,     L1 = 0.87071816320838,  L2 = -0.7494908854989738
[SWaT_canon:USAD] 
[SWaT_canon:USAD]  40%|████      | 12/30 [01:41<02:02,  6.78s/it]

[WADI_clean:USAD] 
[WADI_clean:USAD] Epoch 23,     L1 = 0.6286363636932015,        L2 = -0.5814816640601851
[WADI_clean:USAD] 
[WADI_clean:USAD]  77%|███████▋  | 23/30 [01:53<00:32,  4.65s/it]
[WADI_clean:USAD]  67%|██████▋   | 20/30 [01:46<00:50,  5.08s/it]
[WADI_clean:USAD] [WADI_clean:USAD] 
[WADI_clean:USAD] Epoch 24,     L1 = 0.6386240474502959,        L2 = -0.59315665515951
[WADI_clean:USAD] 
[WADI_clean:USAD]  80%|████████  | 24/30 [01:53<00:27,  4.55s/it]

[WADI_clean:USAD] Epoch 20,     L1 = 0.631438983668122, L2 = -0.5780964764549137
[WADI_clean:USAD] 
[WADI_clean:USAD]  67%|██████▋   | 20/30 [01:50<00:50,  5.08s/it]
[gpu] SWaT_canon:USAD heartbeat t+120s alloc=0.00G
[WADI_clean:USAD]  70%|███████   | 21/30 [01:49<00:48,  5.35s/it]
[WADI_clean:USAD] 
[WADI_clean:USAD] Epoch 21,     L1 = 0.6442242357606406,        L2 = -0.5929540947298436
[WADI_clean:USAD] 
[WADI_clean:USAD]  70%|███████   | 21/30 [01:54<00:48,  5.35s/it]
[gpu] WADI_clean:USAD heartbeat t+120s alloc=0.00G
[gpu] WADI_clean:USAD heartbeat t+120s alloc=0.00G
[gpu] WADI_clean:USAD heartbeat t+120s alloc=0.00G
[WADI_clean:USAD]  80%|████████  | 24/30 [01:53<00:27,  4.55s/it]
[WADI_clean:USAD] 
[WADI_clean:USAD] Epoch 24,     L1 = 0.627188423645438, L2 = -0.5820164612173839
[WADI_clean:USAD] 
[SWaT_canon:USAD]  77%|███████▋  | 23/30 [01:53<00:33,  4.80s/it][WADI_clean:USAD]  80%|████████  | 24/30 [01:57<00:27,  4.55s/it]
[WADI_clean:USAD]  83%|████████▎ | 25/30 [01:53<00:22,  4.49s/it]

[SWaT_canon:USAD] 
[SWaT_canon:USAD] Epoch 23,     L1 = 0.8556925410092606,        L2 = -0.7920701071206067
[SWaT_canon:USAD] 
[SWaT_canon:USAD]  77%|███████▋  | 23/30 [01:58<00:33,  4.80s/it]
[WADI_clean:USAD] 
[WADI_clean:USAD] Epoch 25,     L1 = 0.6375984746178834,        L2 = -0.5939290965702172
[WADI_clean:USAD] 
[WADI_clean:USAD]  83%|████████▎ | 25/30 [01:57<00:22,  4.49s/it]
[gpu] WADI_clean:TranAD heartbeat t+120s alloc=0.00G[gpu] WADI_clean:USAD heartbeat t+120s alloc=0.00G

[SWaT_canon:USAD]  53%|█████▎    | 16/30 [01:43<01:32,  6.57s/it]
[SWaT_canon:USAD] 
[SWaT_canon:USAD] Epoch 16,     L1 = 0.8605395004209376,        L2 = -0.7701649494125401
[SWaT_canon:USAD] 
[SWaT_canon:USAD]  53%|█████▎    | 16/30 [01:49<01:32,  6.57s/it]
[SWaT_canon:USAD]  43%|████▎     | 13/30 [01:41<02:14,  7.92s/it]
[SWaT_canon:USAD] 
[SWaT_canon:USAD] Epoch 13,     L1 = 0.8830732030692298,        L2 = -0.7702729611319057
[SWaT_canon:USAD] 
[gpu] SWaT_canon:TranAD heartbeat t+120s alloc=0.00G
[WADI_clean:USAD]  70%|███████   | 21/30 [01:50<00:45,  5.02s/it]
[SWaT_canon:USAD]  43%|████▎     | 13/30 [01:49<02:14,  7.92s/it]
[WADI_clean:USAD] 
[WADI_clean:USAD] Epoch 21,     L1 = 0.6300278849547294,        L2 = -0.5791907321424702
[WADI_clean:USAD] 
[WADI_clean:USAD]  70%|███████   | 21/30 [01:56<00:45,  5.02s/it]
[SWaT_canon:USAD]  60%|██████    | 18/30 [01:45<01:10,  5.84s/it]
[SWaT_canon:USAD] 
[SWaT_canon:USAD] Epoch 18,     L1 = 0.832114468849564, L2 = -0.7511775195738915
[SWaT_canon:USAD] 
[SWaT_canon:USAD]  60%|██████    | 18/30 [01:51<01:10,  5.84s/it]
[SWaT_canon:USAD]  43%|████▎     | 13/30 [01:41<01:51,  6.55s/it]
[SWaT_canon:USAD] 
[SWaT_canon:USAD] Epoch 13,     L1 = 0.8689213324611806,        L2 = -0.7566719856569211
[SWaT_canon:USAD] 
[SWaT_canon:USAD]  43%|████▎     | 13/30 [01:47<01:51,  6.55s/it]
[gpu] SWaT_canon:TranAD heartbeat t+120s alloc=0.00G
[gpu] WADI_clean:TranAD heartbeat t+120s alloc=0.00G
[WADI_clean:USAD]  73%|███████▎  | 22/30 [01:54<00:42,  5.33s/it]
[WADI_clean:USAD] 
[WADI_clean:USAD] Epoch 22,     L1 = 0.6428908584897709,        L2 = -0.5939230927878453
[WADI_clean:USAD] 
[WADI_clean:USAD]  73%|███████▎  | 22/30 [01:59<00:42,  5.33s/it]
[gpu] SWaT_canon:TranAD heartbeat t+120s alloc=0.00G
[gpu] WADI_clean:TranAD heartbeat t+120s alloc=0.00G[WADI_clean:USAD]  83%|████████▎ | 25/30 [01:57<00:22,  4.43s/it]
[WADI_clean:USAD] 

[WADI_clean:USAD] Epoch 25,     L1 = 0.6260145991359994,        L2 = -0.5826494133929444
[WADI_clean:USAD] 
[WADI_clean:USAD]  83%|████████▎ | 25/30 [02:01<00:22,  4.43s/it]
[WADI_clean:USAD]  87%|████████▋ | 26/30 [01:57<00:17,  4.49s/it]
[WADI_clean:USAD] 
[WADI_clean:USAD] Epoch 26,     L1 = 0.6367040414357069,        L2 = -0.5946936576975111
[WADI_clean:USAD] 
[WADI_clean:USAD]  87%|████████▋ | 26/30 [02:02<00:17,  4.49s/it]
[SWaT_canon:USAD]  80%|████████  | 24/30 [01:58<00:28,  4.78s/it]
[SWaT_canon:USAD] 
[SWaT_canon:USAD] Epoch 24,     L1 = 0.8550022284091642,        L2 = -0.7940005971445033
[SWaT_canon:USAD] 
[SWaT_canon:USAD]  80%|████████  | 24/30 [02:03<00:28,  4.78s/it]
[SWaT_canon:TranAD]  20%|██        | 1/5 [00:54<03:39, 54.78s/it]
[SWaT_canon:TranAD] 
[SWaT_canon:TranAD] Epoch 1,    L1 = 0.7354674739815757
[SWaT_canon:TranAD] 
[SWaT_canon:TranAD]  20%|██        | 1/5 [01:50<03:39, 54.78s/it]
[gpu] WADI_clean:TranAD heartbeat t+120s alloc=0.00G
[gpu] SWaT_canon:USAD heartbeat t+120s alloc=0.00G
[gpu] SWaT_canon:USAD heartbeat t+120s alloc=0.00G
[gpu] SWaT_canon:USAD heartbeat t+120s alloc=0.00G[WADI_clean:USAD]  73%|███████▎  | 22/30 [01:56<00:41,  5.14s/it]

[WADI_clean:USAD] 
[WADI_clean:USAD] Epoch 22,     L1 = 0.6285480246506935,        L2 = -0.5799997388149747
[WADI_clean:USAD] 
[WADI_clean:USAD]  73%|███████▎  | 22/30 [02:01<00:41,  5.14s/it]
[SWaT_canon:USAD]  47%|████▋     | 14/30 [01:49<02:10,  8.15s/it]
[SWaT_canon:USAD] 
[SWaT_canon:USAD] Epoch 14,     L1 = 0.879604064840157, L2 = -0.7749407188809019
[SWaT_canon:USAD] 
[SWaT_canon:USAD]  47%|████▋     | 14/30 [01:55<02:10,  8.15s/it]
[SWaT_canon:USAD]  63%|██████▎   | 19/30 [01:51<01:04,  5.85s/it][SWaT_canon:USAD]  57%|█████▋    | 17/30 [01:49<01:24,  6.50s/it]

[SWaT_canon:USAD] 
[SWaT_canon:USAD] Epoch 19,     L1 = 0.8329154270369623,        L2 = -0.7561133071646908
[SWaT_canon:USAD] 
[SWaT_canon:USAD]  63%|██████▎   | 19/30 [01:56<01:04,  5.85s/it]
[SWaT_canon:USAD] 
[SWaT_canon:USAD] Epoch 17,     L1 = 0.8602360761750721,        L2 = -0.7750108450679232
[SWaT_canon:USAD] 
[SWaT_canon:USAD]  57%|█████▋    | 17/30 [01:56<01:24,  6.50s/it]
[SWaT_canon:USAD]  47%|████▋     | 14/30 [01:47<01:42,  6.40s/it]
[SWaT_canon:USAD] 
[SWaT_canon:USAD] Epoch 14,     L1 = 0.865889185278373, L2 = -0.7614385591900562
[SWaT_canon:USAD] 
[SWaT_canon:USAD]  47%|████▋     | 14/30 [01:54<01:42,  6.40s/it]
[WADI_clean:USAD]  77%|███████▋  | 23/30 [01:59<00:37,  5.31s/it]
[WADI_clean:USAD] 
[WADI_clean:USAD] Epoch 23,     L1 = 0.6407294056300822,        L2 = -0.5938830349904289
[WADI_clean:TranAD]  20%|██        | 1/5 [00:59<03:57, 59.33s/it]
[WADI_clean:USAD] 
[WADI_clean:USAD]  77%|███████▋  | 23/30 [02:05<00:37,  5.31s/it]
[gpu] SWaT_canon:TranAD heartbeat t+120s alloc=0.00G[WADI_clean:TranAD] 
[WADI_clean:TranAD] Epoch 1,    L1 = 0.5014962134411829
[WADI_clean:TranAD] 
[WADI_clean:TranAD]  20%|██        | 1/5 [01:57<03:57, 59.33s/it]

[WADI_clean:USAD]  87%|████████▋ | 26/30 [02:01<00:17,  4.40s/it]
[WADI_clean:USAD] 
[WADI_clean:USAD] Epoch 26,     L1 = 0.6251873552167202,        L2 = -0.5834732056879491
[WADI_clean:USAD] 
[WADI_clean:USAD]  87%|████████▋ | 26/30 [02:06<00:17,  4.40s/it]
[gpu] SWaT_canon:USAD heartbeat t+120s alloc=0.00G[WADI_clean:USAD]  90%|█████████ | 27/30 [02:02<00:13,  4.41s/it]

[WADI_clean:USAD] 
[WADI_clean:USAD] Epoch 27,     L1 = 0.635931480524007, L2 = -0.5954571392077217
[WADI_clean:USAD] 
[WADI_clean:USAD]  90%|█████████ | 27/30 [02:06<00:13,  4.41s/it]
[gpu] SWaT_canon:TranAD heartbeat t+120s alloc=0.00G
[SWaT_canon:USAD]  83%|████████▎ | 25/30 [02:03<00:23,  4.77s/it]
[SWaT_canon:USAD] 
[SWaT_canon:USAD] Epoch 25,     L1 = 0.8547007345301564,        L2 = -0.7960903291571219
[SWaT_canon:USAD] 
[SWaT_canon:USAD]  83%|████████▎ | 25/30 [02:07<00:23,  4.77s/it]
[WADI_clean:USAD]  77%|███████▋  | 23/30 [02:01<00:35,  5.08s/it]
[WADI_clean:USAD] 
[WADI_clean:USAD] Epoch 23,     L1 = 0.6271929944611685,        L2 = -0.580733480305695
[WADI_clean:USAD] 
[WADI_clean:USAD]  77%|███████▋  | 23/30 [02:06<00:35,  5.08s/it]
[WADI_clean:USAD]  90%|█████████ | 27/30 [02:06<00:13,  4.43s/it]
[WADI_clean:USAD]  93%|█████████▎| 28/30 [02:06<00:08,  4.44s/it]
[SWaT_canon:USAD]  67%|██████▋   | 20/30 [01:56<00:58,  5.88s/it]
[SWaT_canon:USAD] 
[WADI_clean:USAD]  80%|████████  | 24/30 [02:05<00:31,  5.31s/it]
[WADI_clean:USAD] 
[WADI_clean:USAD] Epoch 27,     L1 = 0.6244589316903281,        L2 = -0.5842733548477074
[WADI_clean:USAD] 
[WADI_clean:USAD]  90%|█████████ | 27/30 [02:10<00:13,  4.43s/it]
[SWaT_canon:USAD] Epoch 20,     L1 = 0.8340117631167903,        L2 = -0.7609299714738422
[SWaT_canon:USAD] 
[SWaT_canon:USAD]  67%|██████▋   | 20/30 [02:02<00:58,  5.88s/it]
[WADI_clean:USAD] 
[WADI_clean:USAD] Epoch 24,     L1 = 0.639039737900163, L2 = -0.5941317108190857
[WADI_clean:USAD] 
[WADI_clean:USAD]  80%|████████  | 24/30 [02:10<00:31,  5.31s/it]
[SWaT_canon:TranAD]  40%|████      | 2/5 [01:26<02:09, 43.06s/it][WADI_clean:USAD]
[WADI_clean:USAD] Epoch 28,     L1 = 0.6352504869561405,        L2 = -0.5962111755938164
[WADI_clean:USAD] 
[WADI_clean:USAD]  93%|█████████▎| 28/30 [02:10<00:08,  4.44s/it]

[SWaT_canon:TranAD] 
[SWaT_canon:TranAD] Epoch 2,    L1 = 0.7166387697930839
[SWaT_canon:TranAD] 
[SWaT_canon:TranAD]  40%|████      | 2/5 [02:07<02:09, 43.06s/it]
[SWaT_canon:USAD]  50%|█████     | 15/30 [01:54<01:35,  6.34s/it]
[SWaT_canon:USAD] 
[SWaT_canon:USAD] Epoch 15,     L1 = 0.8626964152869532,        L2 = -0.7650365091425326
[SWaT_canon:USAD] 
[SWaT_canon:USAD]  50%|█████     | 15/30 [02:00<01:35,  6.34s/it]
[SWaT_canon:USAD]  60%|██████    | 18/30 [01:56<01:18,  6.53s/it]
[SWaT_canon:USAD] 
[SWaT_canon:USAD] Epoch 18,     L1 = 0.8598194173668737,        L2 = -0.779186829787779
[SWaT_canon:USAD] 
[SWaT_canon:USAD]  60%|██████    | 18/30 [02:03<01:18,  6.53s/it]
[SWaT_canon:USAD]  87%|████████▋ | 26/30 [02:07<00:19,  4.77s/it]
[SWaT_canon:USAD] 
[SWaT_canon:USAD] Epoch 26,     L1 = 0.854009051584479, L2 = -0.7976182487928317
[SWaT_canon:USAD] 
[SWaT_canon:USAD]  87%|████████▋ | 26/30 [02:12<00:19,  4.77s/it]
[WADI_clean:TranAD]  40%|████      | 2/5 [01:25<02:09, 43.21s/it]
[WADI_clean:TranAD] 
[WADI_clean:TranAD] Epoch 2,    L1 = 0.44736485572176304
[WADI_clean:TranAD] 
[WADI_clean:TranAD]  40%|████      | 2/5 [02:10<02:09, 43.21s/it]
[SWaT_canon:USAD]  50%|█████     | 15/30 [01:55<01:51,  7.42s/it]
[SWaT_canon:USAD] 
[SWaT_canon:USAD] Epoch 15,     L1 = 0.8767725719584472,        L2 = -0.7791912897705695
[SWaT_canon:USAD] 
[SWaT_canon:USAD]  50%|█████     | 15/30 [02:04<01:51,  7.42s/it]
[WADI_clean:USAD]  80%|████████  | 24/30 [02:06<00:30,  5.07s/it]
[WADI_clean:USAD] 
[WADI_clean:USAD] Epoch 24,     L1 = 0.6259823346215788,        L2 = -0.5814360122987925
[WADI_clean:USAD] 
[WADI_clean:USAD]  80%|████████  | 24/30 [02:11<00:30,  5.07s/it]
[WADI_clean:USAD]  93%|█████████▎| 28/30 [02:10<00:08,  4.47s/it]
[WADI_clean:USAD] 
[WADI_clean:USAD] Epoch 28,     L1 = 0.6237613811578486,        L2 = -0.5849987504970385
[WADI_clean:USAD] 
[WADI_clean:USAD]  93%|█████████▎| 28/30 [02:15<00:08,  4.47s/it]
[WADI_clean:USAD]  97%|█████████▋| 29/30 [02:10<00:04,  4.41s/it]
[WADI_clean:USAD] 
[WADI_clean:USAD] Epoch 29,     L1 = 0.6345948609014515,        L2 = -0.596904100932266
[WADI_clean:USAD] 
[WADI_clean:USAD]  97%|█████████▋| 29/30 [02:15<00:04,  4.41s/it]
[WADI_clean:USAD] 100%|██████████| 30/30 [02:15<00:00,  4.42s/it]
[WADI_clean:USAD] 100%|██████████| 30/30 [02:15<00:00,  4.51s/it]
[WADI_clean:USAD] [1mTraining time:   135.3533 s[0m
[WADI_clean:USAD] [95mTesting USAD on WADI[0m
[SWaT_canon:TranAD]  40%|████      | 2/5 [01:26<02:10, 43.44s/it]
[SWaT_canon:TranAD] 
[SWaT_canon:TranAD] Epoch 2,    L1 = 0.7218317585048422
[SWaT_canon:TranAD] 
[SWaT_canon:TranAD]  40%|████      | 2/5 [02:10<02:10, 43.44s/it]
[WADI_clean:USAD]  83%|████████▎ | 25/30 [02:10<00:26,  5.29s/it]
[WADI_clean:USAD] 
[WADI_clean:USAD] Epoch 25,     L1 = 0.637902326067548, L2 = -0.5947732846169059
[WADI_clean:USAD] 
[WADI_clean:USAD]  83%|████████▎ | 25/30 [02:15<00:26,  5.29s/it]
[SWaT_canon:USAD]  90%|█████████ | 27/30 [02:12<00:14,  4.75s/it][SWaT_canon:USAD]  70%|███████   | 21/30 [02:02<00:52,  5.87s/it]

[SWaT_canon:USAD] 
[SWaT_canon:USAD] Epoch 27,     L1 = 0.8531094353063744,        L2 = -0.7987765094051366
[SWaT_canon:USAD] 
[SWaT_canon:USAD]  90%|█████████ | 27/30 [02:17<00:14,  4.75s/it]
[SWaT_canon:USAD] 
[SWaT_canon:USAD] Epoch 21,     L1 = 0.8347804318208479,        L2 = -0.7650940798033598
[SWaT_canon:USAD] 
[SWaT_canon:USAD]  70%|███████   | 21/30 [02:08<00:52,  5.87s/it]
[WADI_clean:TranAD]  40%|████      | 2/5 [01:33<02:20, 46.76s/it]
[WADI_clean:TranAD] 
[WADI_clean:TranAD] Epoch 2,    L1 = 0.4452771449896095
[WADI_clean:TranAD] 
[WADI_clean:TranAD]  40%|████      | 2/5 [02:20<02:20, 46.76s/it]
[SWaT_canon:USAD]  53%|█████▎    | 16/30 [02:00<01:27,  6.24s/it]
[SWaT_canon:USAD] 
[SWaT_canon:USAD] Epoch 16,     L1 = 0.8597096443604222,        L2 = -0.7680539777204254
[SWaT_canon:USAD] 
[SWaT_canon:USAD]  53%|█████▎    | 16/30 [02:06<01:27,  6.24s/it]
[SWaT_canon:USAD]  63%|██████▎   | 19/30 [02:03<01:11,  6.54s/it]
[SWaT_canon:USAD] 
[WADI_clean:USAD]  83%|████████▎ | 25/30 [02:11<00:25,  5.00s/it][SWaT_canon:USAD] Epoch 19,    L1 = 0.8601617142628254,        L2 = -0.7836610196393313
[SWaT_canon:USAD] 
[SWaT_canon:USAD]  63%|██████▎   | 19/30 [02:09<01:11,  6.54s/it]

[WADI_clean:USAD] 
[WADI_clean:USAD] Epoch 25,     L1 = 0.6245780010353683,        L2 = -0.5817951794355184
[WADI_clean:USAD] 
[WADI_clean:USAD]  83%|████████▎ | 25/30 [02:16<00:25,  5.00s/it]
[WADI_clean:USAD]  97%|█████████▋| 29/30 [02:15<00:04,  4.41s/it]
[WADI_clean:USAD] 
[WADI_clean:USAD] Epoch 29,     L1 = 0.6230544914866738,        L2 = -0.585621988258004
[WADI_clean:USAD] 
[WADI_clean:USAD]  97%|█████████▋| 29/30 [02:19<00:04,  4.41s/it]
[WADI_clean:USAD] 100%|██████████| 30/30 [02:19<00:00,  4.39s/it]
[WADI_clean:USAD] 100%|██████████| 30/30 [02:19<00:00,  4.65s/it]
[WADI_clean:USAD] [1mTraining time:   139.4366 s[0m
[WADI_clean:USAD] [95mTesting USAD on WADI[0m
[SWaT_canon:TranAD]  40%|████      | 2/5 [01:32<02:17, 45.80s/it]
[SWaT_canon:TranAD] 
[SWaT_canon:TranAD] Epoch 2,    L1 = 0.7113455397036565
[SWaT_canon:TranAD] 
[SWaT_canon:TranAD]  40%|████      | 2/5 [02:14<02:17, 45.80s/it]
[WADI_clean:USAD] /root/TranAD/src/spot.py:313: RuntimeWarning: divide by zero encountered in log
[WADI_clean:USAD]   return 1 + np.log(s).mean()
[WADI_clean:USAD] /root/TranAD/src/spot.py:316: RuntimeWarning: divide by zero encountered in divide
[WADI_clean:USAD]   return np.mean(1 / s)
[WADI_clean:USAD] /root/TranAD/src/spot.py:329: RuntimeWarning: divide by zero encountered in divide
[WADI_clean:USAD]   jac_vs = (1 / t) * (-vs + np.mean(1 / s ** 2))
[WADI_clean:USAD] /root/TranAD/src/spot.py:329: RuntimeWarning: invalid value encountered in scalar add
[WADI_clean:USAD]   jac_vs = (1 / t) * (-vs + np.mean(1 / s ** 2))
[WADI_clean:TranAD]  40%|████      | 2/5 [01:28<02:14, 44.91s/it]
[WADI_clean:TranAD] 
[WADI_clean:TranAD] Epoch 2,    L1 = 0.44574993785598344
[WADI_clean:TranAD] 
[WADI_clean:TranAD]  40%|████      | 2/5 [02:16<02:14, 44.91s/it]
[WADI_clean:USAD] /root/TranAD/src/spot.py:313: RuntimeWarning: divide by zero encountered in log[WADI_clean:USAD]  87%|████████▋ | 26/30 [02:15<00:20,  5.23s/it]
[WADI_clean:USAD]   return 1 + np.log(s).mean()
[WADI_clean:USAD] /root/TranAD/src/spot.py:316: RuntimeWarning: divide by zero encountered in divide
[WADI_clean:USAD]   return np.mean(1 / s)
[WADI_clean:USAD] /root/TranAD/src/spot.py:329: RuntimeWarning: divide by zero encountered in divide
[WADI_clean:USAD]   jac_vs = (1 / t) * (-vs + np.mean(1 / s ** 2))
[WADI_clean:USAD] /root/TranAD/src/spot.py:329: RuntimeWarning: invalid value encountered in scalar add
[WADI_clean:USAD]   jac_vs = (1 / t) * (-vs + np.mean(1 / s ** 2))

[WADI_clean:USAD] 
[WADI_clean:USAD] Epoch 26,     L1 = 0.6369611615068955,        L2 = -0.5954801749201039
[WADI_clean:USAD] 
[WADI_clean:USAD]  87%|████████▋ | 26/30 [02:20<00:20,  5.23s/it]
[SWaT_canon:USAD]  93%|█████████▎| 28/30 [02:17<00:09,  4.76s/it]
[SWaT_canon:USAD] 
[SWaT_canon:USAD] Epoch 28,     L1 = 0.852278194995334, L2 = -0.7998553120939801
[SWaT_canon:USAD] 
[SWaT_canon:USAD]  93%|█████████▎| 28/30 [02:22<00:09,  4.76s/it]
[SWaT_canon:USAD]  73%|███████▎  | 22/30 [02:08<00:47,  5.88s/it]
[SWaT_canon:USAD] 
[SWaT_canon:USAD] Epoch 22,     L1 = 0.835406080137398, L2 = -0.768813890445339
[SWaT_canon:USAD] 
[SWaT_canon:USAD]  73%|███████▎  | 22/30 [02:14<00:47,  5.88s/it]
[WADI_clean:USAD]  87%|████████▋ | 26/30 [02:16<00:19,  4.96s/it]
[WADI_clean:USAD] /root/TranAD/src/spot.py:313: RuntimeWarning: divide by zero encountered in log
[SWaT_canon:USAD]  53%|█████▎    | 16/30 [02:04<01:49,  7.81s/it]
[WADI_clean:USAD] 
[WADI_clean:USAD] Epoch 26,     L1 = 0.6228020457857779,        L2 = -0.5816493569394698
[WADI_clean:USAD] 
[WADI_clean:USAD]  87%|████████▋ | 26/30 [02:20<00:19,  4.96s/it]
[SWaT_canon:USAD] 
[SWaT_canon:USAD] Epoch 16,     L1 = 0.8740529297849272,        L2 = -0.7826394280646761
[SWaT_canon:USAD] 
[SWaT_canon:USAD]  53%|█████▎    | 16/30 [02:14<01:49,  7.81s/it]
[WADI_clean:USAD]   return 1 + np.log(s).mean()
[WADI_clean:USAD] /root/TranAD/src/spot.py:316: RuntimeWarning: divide by zero encountered in divide
[WADI_clean:USAD]   return np.mean(1 / s)
[WADI_clean:USAD] /root/TranAD/src/spot.py:329: RuntimeWarning: divide by zero encountered in divide
[WADI_clean:USAD]   jac_vs = (1 / t) * (-vs + np.mean(1 / s ** 2))
[WADI_clean:USAD] /root/TranAD/src/spot.py:329: RuntimeWarning: invalid value encountered in scalar add
[WADI_clean:USAD]   jac_vs = (1 / t) * (-vs + np.mean(1 / s ** 2))
[WADI_clean:USAD]            f1  precision    recall     TP  ...      FP     FN   ROC/AUC  threshold
[WADI_clean:USAD] 0    0.296926   0.994286  0.174524  174.0  ...     1.0  823.0  0.587231  10.655240
[WADI_clean:USAD] 1    0.125110   0.573770  0.070211   70.0  ...    52.0  927.0  0.533509   8.706643
[WADI_clean:USAD] 2    0.000000   0.000000  0.000000    0.0  ...    10.0  997.0  0.499693   2.906445
[WADI_clean:USAD] 3    0.243899   0.155018  0.571715  570.0  ...  3107.0  427.0  0.690457   8.723919
[WADI_clean:USAD] 4    0.000000   0.000000  0.000000    0.0  ...   138.0  997.0  0.495763   5.148103
[WADI_clean:USAD] ..        ...        ...       ...    ...  ...     ...    ...       ...        ...
[WADI_clean:USAD] 117  0.137989   0.533784  0.079238   79.0  ...    69.0  918.0  0.537500   0.006130
[WADI_clean:USAD] 118  0.138594   0.552448  0.079238   79.0  ...    64.0  918.0  0.537654   0.003314
[WADI_clean:USAD] 119  0.472747   0.684411  0.361083  360.0  ...   166.0  637.0  0.675445   7.634985
[WADI_clean:USAD] 120  0.230516   0.604255  0.142427  142.0  ...    93.0  855.0  0.568358   0.004344
[WADI_clean:USAD] 121  0.149121   0.594406  0.085256   85.0  ...    58.0  912.0  0.540847   6.651511
[WADI_clean:USAD] 
[WADI_clean:USAD] [122 rows x 9 columns]
[WADI_clean:USAD] {'FN': 518,
[WADI_clean:USAD]  'FP': 195,
[WADI_clean:USAD]  'Hit@100%': 1.0,
[WADI_clean:USAD]  'Hit@150%': 1.0,
[WADI_clean:USAD]  'NDCG@100%': 1.0000000000000004,
[WADI_clean:USAD]  'NDCG@150%': 1.0000000000000004,
[WADI_clean:USAD]  'ROC/AUC': 0.7342331896204457,
[WADI_clean:USAD]  'TN': 16089,
[WADI_clean:USAD]  'TP': 479,
[WADI_clean:USAD]  'f1': 0.573304575569522,
[WADI_clean:USAD]  'precision': 0.710682482037352,
[WADI_clean:USAD]  'recall': 0.48044131915304594,
[WADI_clean:USAD]  'threshold': 2.7585312460793894}
[SWaT_canon:USAD]  67%|██████▋   | 20/30 [02:09<01:06,  6.62s/it]
[SWaT_canon:USAD]  57%|█████▋    | 17/30 [02:06<01:22,  6.31s/it]
[SWaT_canon:USAD] 
[SWaT_canon:USAD] Epoch 20,     L1 = 0.8606365466150131,        L2 = -0.7878362290217434
[SWaT_canon:USAD] 
[SWaT_canon:USAD]  67%|██████▋   | 20/30 [02:16<01:06,  6.62s/it]
[SWaT_canon:USAD] 
[SWaT_canon:USAD] Epoch 17,     L1 = 0.8572859428647603,        L2 = -0.7709596681140237
[SWaT_canon:USAD] 
[SWaT_canon:USAD]  57%|█████▋    | 17/30 [02:13<01:22,  6.31s/it]
[SWaT_canon:USAD]  97%|█████████▋| 29/30 [02:22<00:04,  4.80s/it]
[SWaT_canon:USAD] 
[SWaT_canon:USAD] Epoch 29,     L1 = 0.8517212073709781,        L2 = -0.8010784625838705
[SWaT_canon:USAD] 
[SWaT_canon:USAD]  97%|█████████▋| 29/30 [02:27<00:04,  4.80s/it]
[SWaT_canon:USAD] 100%|██████████| 30/30 [02:27<00:00,  4.84s/it]
[SWaT_canon:USAD] 100%|██████████| 30/30 [02:27<00:00,  4.91s/it]
[SWaT_canon:USAD] [1mTraining time:   147.2879 s[0m
[SWaT_canon:USAD] [95mTesting USAD on WADI[0m
[WADI_clean:USAD]  90%|█████████ | 27/30 [02:20<00:15,  5.25s/it]
[WADI_clean:USAD] 
[WADI_clean:USAD] Epoch 27,     L1 = 0.6360889095418022,        L2 = -0.596141172077683
[WADI_clean:USAD] 
[WADI_clean:USAD]  90%|█████████ | 27/30 [02:27<00:15,  5.25s/it]
[WADI_clean:USAD]  90%|█████████ | 27/30 [02:20<00:14,  4.89s/it]
[WADI_clean:USAD] 
[WADI_clean:USAD] Epoch 27,     L1 = 0.6215835831099195,        L2 = -0.5819333141478201
[WADI_clean:USAD] 
[WADI_clean:USAD]  90%|█████████ | 27/30 [02:25<00:14,  4.89s/it]
[sota] DONE USAD_WADI_clean_s0 rc=0 159.0s raw_ALL={'AUROC': 0.783, 'bestF1': 0.388, 'F1_at5pctFPR': 0.347, 'TPR_at5pctFPR': 0.382} raw_HARD={'AUROC': 0.697, 'bestF1': 0.23, 'F1_at5pctFPR': 0.156, 'TPR_at5pctFPR': 0.243}
[SWaT_canon:USAD]  77%|███████▋  | 23/30 [02:14<00:40,  5.86s/it]
[SWaT_canon:USAD] 
[SWaT_canon:USAD] Epoch 23,     L1 = 0.8359335868666737,        L2 = -0.7721747299217796
[SWaT_canon:USAD] 
[SWaT_canon:USAD]  77%|███████▋  | 23/30 [02:20<00:40,  5.86s/it]

==========
== CUDA ==
==========

CUDA Version 12.4.0

Container image Copyright (c) 2016-2023, NVIDIA CORPORATION & AFFILIATES. All rights reserved.

This container image and its contents are governed by the NVIDIA Deep Learning Container License.
By pulling and using the container, you accept the terms and conditions of this license:
https://developer.nvidia.com/ngc/nvidia-deep-learning-container-license

A copy of this license is made available in this container at /NGC-DL-CONTAINER-LICENSE for your convenience.

WARNING: The NVIDIA Driver was not detected.  GPU functionality will not be available.
   Use the NVIDIA Container Toolkit to start this container with GPU support; see
   https://docs.nvidia.com/datacenter/cloud-native/ .

[SWaT_canon:USAD]  57%|█████▋    | 17/30 [02:14<01:50,  8.54s/it]
[SWaT_canon:USAD]  60%|██████    | 18/30 [02:13<01:18,  6.57s/it]
[SWaT_canon:USAD] 
[SWaT_canon:USAD] 
[SWaT_canon:USAD] Epoch 17,     L1 = 0.8729850364649027,        L2 = -0.7869378239225084
[SWaT_canon:USAD] 
[SWaT_canon:USAD]  57%|█████▋    | 17/30 [02:22<01:50,  8.54s/it]
[SWaT_canon:USAD] Epoch 18,     L1 = 0.856700214025917, L2 = -0.775101892530862
[SWaT_canon:USAD] 
[SWaT_canon:USAD]  60%|██████    | 18/30 [02:19<01:18,  6.57s/it]
[SWaT_canon:USAD]  70%|███████   | 21/30 [02:16<00:59,  6.64s/it]
[SWaT_canon:USAD] 
[SWaT_canon:USAD] Epoch 21,     L1 = 0.859786749419295, L2 = -0.7904475386870109
[SWaT_canon:USAD] 
[SWaT_canon:USAD]  70%|███████   | 21/30 [02:23<00:59,  6.64s/it]
[WADI_clean:USAD]  93%|█████████▎| 28/30 [02:25<00:09,  4.78s/it]
[WADI_clean:USAD] 
[WADI_clean:USAD] Epoch 28,     L1 = 0.6207126471628761,        L2 = -0.5824594062557034
[WADI_clean:USAD] 
[WADI_clean:USAD]  93%|█████████▎| 28/30 [02:30<00:09,  4.78s/it]
[WADI_clean:USAD]  93%|█████████▎| 28/30 [02:27<00:11,  5.56s/it]
[WADI_clean:USAD] 
[WADI_clean:USAD] Epoch 28,     L1 = 0.6353303362504499,        L2 = -0.5967980809205897
[WADI_clean:USAD] 
[WADI_clean:USAD]  93%|█████████▎| 28/30 [02:33<00:11,  5.56s/it]
[SWaT_canon:USAD]  80%|████████  | 24/30 [02:20<00:35,  5.89s/it]
[SWaT_canon:USAD] 
[SWaT_canon:USAD] Epoch 24,     L1 = 0.8364740275162257,        L2 = -0.7753209354541845
[SWaT_canon:USAD] 
[SWaT_canon:USAD]  80%|████████  | 24/30 [02:27<00:35,  5.89s/it]
[SWaT_canon:TranAD]  40%|████      | 2/5 [01:34<02:23, 47.75s/it]
[SWaT_canon:TranAD] 
[SWaT_canon:TranAD] Epoch 2,    L1 = 0.718589707770562
[SWaT_canon:TranAD] 
[SWaT_canon:TranAD]  40%|████      | 2/5 [02:24<02:23, 47.75s/it]
[WADI_clean:USAD]  97%|█████████▋| 29/30 [02:30<00:04,  4.83s/it]
[SWaT_canon:USAD]  63%|██████▎   | 19/30 [02:19<01:10,  6.43s/it]
[WADI_clean:USAD] 
[WADI_clean:USAD] Epoch 29,     L1 = 0.6200450220514472,        L2 = -0.5830956432500438
[WADI_clean:USAD] 
[WADI_clean:USAD]  97%|█████████▋| 29/30 [02:34<00:04,  4.83s/it]
[WADI_clean:USAD] 100%|██████████| 30/30 [02:34<00:00,  4.76s/it]
[WADI_clean:USAD] 100%|██████████| 30/30 [02:34<00:00,  5.16s/it]
[WADI_clean:USAD] [1mTraining time:   154.8014 s[0m
[WADI_clean:USAD] [95mTesting USAD on WADI[0m
[SWaT_canon:USAD] 
[SWaT_canon:USAD] Epoch 19,     L1 = 0.8556660312191073,        L2 = -0.7782779425003771
[SWaT_canon:USAD] 
[SWaT_canon:USAD]  63%|██████▎   | 19/30 [02:25<01:10,  6.43s/it]
[SWaT_canon:USAD]  60%|██████    | 18/30 [02:22<01:39,  8.31s/it]
[SWaT_canon:USAD] 
[SWaT_canon:USAD] Epoch 18,     L1 = 0.8705771252856697,        L2 = -0.7893004321165229
[SWaT_canon:USAD] 
[SWaT_canon:USAD]  60%|██████    | 18/30 [02:28<01:39,  8.31s/it]
[SWaT_canon:USAD]  73%|███████▎  | 22/30 [02:23<00:53,  6.64s/it]
[SWaT_canon:USAD] 
[SWaT_canon:USAD] Epoch 22,     L1 = 0.8592345700888647,        L2 = -0.7929942650359173
[SWaT_canon:USAD] 
[SWaT_canon:USAD]  73%|███████▎  | 22/30 [02:29<00:53,  6.64s/it]
[WADI_clean:USAD]  97%|█████████▋| 29/30 [02:33<00:05,  5.73s/it]
[WADI_clean:USAD] 
[WADI_clean:USAD] Epoch 29,     L1 = 0.634676707632001, L2 = -0.5974626853016811
[WADI_clean:USAD] 
[WADI_clean:USAD]  97%|█████████▋| 29/30 [02:39<00:05,  5.73s/it]
[WADI_clean:USAD] 100%|██████████| 30/30 [02:39<00:00,  5.91s/it]
[WADI_clean:USAD] 100%|██████████| 30/30 [02:39<00:00,  5.32s/it]
[WADI_clean:USAD] [1mTraining time:   159.5569 s[0m
[WADI_clean:USAD] [95mTesting USAD on WADI[0m
[SWaT_canon:USAD]  83%|████████▎ | 25/30 [02:27<00:30,  6.08s/it]
[SWaT_canon:USAD] 
[SWaT_canon:USAD] Epoch 25,     L1 = 0.8370084788425775,        L2 = -0.7782471356194347
[SWaT_canon:USAD] 
[SWaT_canon:USAD]  83%|████████▎ | 25/30 [02:33<00:30,  6.08s/it]
[WADI_clean:TranAD]  40%|████      | 2/5 [01:44<02:38, 52.81s/it]
[WADI_clean:TranAD] 
[WADI_clean:TranAD] Epoch 2,    L1 = 0.4437107890844345
[WADI_clean:TranAD] 
[WADI_clean:TranAD]  40%|████      | 2/5 [02:34<02:38, 52.81s/it]
[SWaT_canon:USAD]  67%|██████▋   | 20/30 [02:25<01:03,  6.35s/it]
[SWaT_canon:USAD] 
[SWaT_canon:USAD] Epoch 20,     L1 = 0.8552015330537227,        L2 = -0.7816008149651484
[SWaT_canon:USAD] 
[SWaT_canon:USAD]  67%|██████▋   | 20/30 [02:32<01:03,  6.35s/it]
[SWaT_canon:USAD]  77%|███████▋  | 23/30 [02:29<00:46,  6.67s/it]
[SWaT_canon:USAD] 
[SWaT_canon:USAD] Epoch 23,     L1 = 0.8584822550654524,        L2 = -0.795060056519542
[SWaT_canon:USAD] 
[SWaT_canon:USAD]  77%|███████▋  | 23/30 [02:36<00:46,  6.67s/it]
[SWaT_canon:USAD]  63%|██████▎   | 19/30 [02:28<01:25,  7.74s/it]
[SWaT_canon:USAD] 
[SWaT_canon:USAD] Epoch 19,     L1 = 0.8690286722076309,        L2 = -0.7919464027982647
[SWaT_canon:USAD] 
[SWaT_canon:USAD]  63%|██████▎   | 19/30 [02:36<01:25,  7.74s/it]
[SWaT_canon:USAD]  87%|████████▋ | 26/30 [02:33<00:24,  6.17s/it]
[SWaT_canon:USAD] 
[SWaT_canon:USAD] Epoch 26,     L1 = 0.8374752751297253,        L2 = -0.7809379470487268
[SWaT_canon:USAD] 
[SWaT_canon:USAD]  87%|████████▋ | 26/30 [02:39<00:24,  6.17s/it]
[SWaT_canon:USAD]  70%|███████   | 21/30 [02:32<00:57,  6.39s/it]
[SWaT_canon:USAD] 
[SWaT_canon:USAD] Epoch 21,     L1 = 0.8548386519960708,        L2 = -0.7846710332502697
[SWaT_canon:USAD] 
[SWaT_canon:USAD]  70%|███████   | 21/30 [02:38<00:57,  6.39s/it]
[SWaT_canon:USAD]  80%|████████  | 24/30 [02:36<00:39,  6.66s/it]
[SWaT_canon:USAD] 
[SWaT_canon:USAD] Epoch 24,     L1 = 0.8580590339549405,        L2 = -0.7972256941457758
[SWaT_canon:USAD] 
[SWaT_canon:USAD]  80%|████████  | 24/30 [02:43<00:39,  6.66s/it]
[gpu] WADI_clean:TranAD heartbeat t+180s alloc=0.00G
[SWaT_canon:TranAD]  60%|██████    | 3/5 [02:07<01:23, 41.96s/it]
[SWaT_canon:USAD]  90%|█████████ | 27/30 [02:39<00:18,  6.14s/it]
[SWaT_canon:TranAD] 
[SWaT_canon:TranAD] Epoch 3,    L1 = 0.705379946017024
[SWaT_canon:TranAD] 
[SWaT_canon:TranAD]  60%|██████    | 3/5 [02:50<01:23, 41.96s/it]
[SWaT_canon:USAD] 
[SWaT_canon:USAD] Epoch 27,     L1 = 0.8379036044410786,        L2 = -0.7834281365960668
[SWaT_canon:USAD] 
[SWaT_canon:USAD]  90%|█████████ | 27/30 [02:46<00:18,  6.14s/it]
[gpu] SWaT_canon:USAD heartbeat t+180s alloc=0.00G
[SWaT_canon:USAD]  67%|██████▋   | 20/30 [02:36<01:17,  7.70s/it]
[SWaT_canon:USAD] 
[SWaT_canon:USAD] Epoch 20,     L1 = 0.8685655908697686,        L2 = -0.79525590365272
[SWaT_canon:USAD] 
[SWaT_canon:USAD]  67%|██████▋   | 20/30 [02:46<01:17,  7.70s/it]
[SWaT_canon:TranAD]  40%|████      | 2/5 [01:50<02:46, 55.47s/it]
[SWaT_canon:TranAD] 
[SWaT_canon:TranAD] Epoch 2,    L1 = 0.7140269351723252
[SWaT_canon:TranAD] 
[SWaT_canon:TranAD]  40%|████      | 2/5 [02:43<02:46, 55.47s/it]
[gpu] WADI_clean:USAD heartbeat t+180s alloc=0.00G[gpu] WADI_clean:USAD heartbeat t+180s alloc=0.00G

[gpu] WADI_clean:USAD heartbeat t+180s alloc=0.00G
[SWaT_canon:USAD]  73%|███████▎  | 22/30 [02:38<00:51,  6.42s/it]
[SWaT_canon:USAD] 
[SWaT_canon:USAD] Epoch 22,     L1 = 0.854895126285021, L2 = -0.7878458353247065
[SWaT_canon:USAD] 
[SWaT_canon:USAD]  73%|███████▎  | 22/30 [02:45<00:51,  6.42s/it]
[WADI_clean:TranAD]  60%|██████    | 3/5 [02:10<01:27, 43.80s/it]
[WADI_clean:TranAD] 
[WADI_clean:TranAD] Epoch 3,    L1 = 0.4323576366677759
[WADI_clean:TranAD] 
[WADI_clean:TranAD]  60%|██████    | 3/5 [02:54<01:27, 43.80s/it]
[gpu] WADI_clean:TranAD heartbeat t+180s alloc=0.00G
[gpu] WADI_clean:USAD heartbeat t+180s alloc=0.00G
[SWaT_canon:USAD]  83%|████████▎ | 25/30 [02:43<00:33,  6.66s/it]
[SWaT_canon:USAD] 
[SWaT_canon:USAD] Epoch 25,     L1 = 0.8579469327122086,        L2 = -0.7994850473285507
[SWaT_canon:USAD] 
[SWaT_canon:USAD]  83%|████████▎ | 25/30 [02:49<00:33,  6.66s/it]
[WADI_clean:TranAD]  40%|████      | 2/5 [01:57<02:56, 58.69s/it]
[WADI_clean:TranAD] 
[WADI_clean:TranAD] Epoch 2,    L1 = 0.44355426429729866
[WADI_clean:TranAD] 
[WADI_clean:TranAD]  40%|████      | 2/5 [02:50<02:56, 58.69s/it]
[gpu] SWaT_canon:TranAD heartbeat t+180s alloc=0.00G
[gpu] SWaT_canon:TranAD heartbeat t+180s alloc=0.00G
[gpu] WADI_clean:TranAD heartbeat t+180s alloc=0.00G
[SWaT_canon:USAD]  93%|█████████▎| 28/30 [02:46<00:12,  6.26s/it]
[SWaT_canon:USAD] 
[SWaT_canon:USAD] Epoch 28,     L1 = 0.8383438354165148,        L2 = -0.7857876664445
[SWaT_canon:USAD] 
[SWaT_canon:USAD]  93%|█████████▎| 28/30 [02:52<00:12,  6.26s/it]
[SWaT_canon:TranAD]  60%|██████    | 3/5 [02:10<01:27, 43.71s/it]
[gpu] SWaT_canon:TranAD heartbeat t+180s alloc=0.00G
[SWaT_canon:TranAD] 
[SWaT_canon:TranAD] Epoch 3,    L1 = 0.7080016957767827
[SWaT_canon:TranAD] 
[SWaT_canon:TranAD]  60%|██████    | 3/5 [02:55<01:27, 43.71s/it]
[gpu] WADI_clean:TranAD heartbeat t+180s alloc=0.00G
[WADI_clean:USAD] /root/TranAD/src/spot.py:313: RuntimeWarning: divide by zero encountered in log
[WADI_clean:USAD]   return 1 + np.log(s).mean()
[gpu] WADI_clean:TranAD heartbeat t+180s alloc=0.00G
[WADI_clean:USAD] /root/TranAD/src/spot.py:316: RuntimeWarning: divide by zero encountered in divide
[WADI_clean:USAD]   return np.mean(1 / s)
[WADI_clean:USAD] /root/TranAD/src/spot.py:329: RuntimeWarning: divide by zero encountered in divide
[WADI_clean:USAD]   jac_vs = (1 / t) * (-vs + np.mean(1 / s ** 2))
[WADI_clean:USAD] /root/TranAD/src/spot.py:329: RuntimeWarning: invalid value encountered in scalar add
[WADI_clean:USAD]   jac_vs = (1 / t) * (-vs + np.mean(1 / s ** 2))
[WADI_clean:USAD] /root/TranAD/src/spot.py:313: RuntimeWarning: divide by zero encountered in log
[WADI_clean:USAD]   return 1 + np.log(s).mean()
[WADI_clean:USAD] /root/TranAD/src/spot.py:316: RuntimeWarning: divide by zero encountered in divide
[WADI_clean:USAD]   return np.mean(1 / s)
[WADI_clean:USAD] /root/TranAD/src/spot.py:329: RuntimeWarning: divide by zero encountered in divide
[WADI_clean:USAD]   jac_vs = (1 / t) * (-vs + np.mean(1 / s ** 2))
[WADI_clean:USAD] /root/TranAD/src/spot.py:329: RuntimeWarning: invalid value encountered in scalar add
[WADI_clean:USAD]   jac_vs = (1 / t) * (-vs + np.mean(1 / s ** 2))
[gpu] SWaT_canon:USAD heartbeat t+180s alloc=0.00G
[gpu] SWaT_canon:USAD heartbeat t+180s alloc=0.00G
[SWaT_canon:TranAD]  60%|██████    | 3/5 [02:14<01:28, 44.35s/it]
[SWaT_canon:TranAD] 
[SWaT_canon:TranAD] Epoch 3,    L1 = 0.7016282297106085
[SWaT_canon:TranAD] 
[SWaT_canon:TranAD]  60%|██████    | 3/5 [02:58<01:28, 44.35s/it]
[gpu] SWaT_canon:USAD heartbeat t+180s alloc=0.00G
[SWaT_canon:USAD]  77%|███████▋  | 23/30 [02:45<00:45,  6.51s/it]
[SWaT_canon:USAD] 
[WADI_clean:TranAD]  60%|██████    | 3/5 [02:20<01:33, 46.92s/it]
[SWaT_canon:USAD] Epoch 23,     L1 = 0.8551441557081013,        L2 = -0.790946796494352
[SWaT_canon:USAD] 
[SWaT_canon:USAD]  77%|███████▋  | 23/30 [02:52<00:45,  6.51s/it]
[WADI_clean:TranAD] 
[WADI_clean:TranAD] Epoch 3,    L1 = 0.4317538845208496
[WADI_clean:TranAD] 
[WADI_clean:TranAD]  60%|██████    | 3/5 [03:07<01:33, 46.92s/it]
[SWaT_canon:USAD]  87%|████████▋ | 26/30 [02:49<00:26,  6.63s/it]
[SWaT_canon:USAD] 
[SWaT_canon:USAD] Epoch 26,     L1 = 0.8576972958633567,        L2 = -0.8014352590287641
[SWaT_canon:USAD] 
[SWaT_canon:USAD]  87%|████████▋ | 26/30 [02:56<00:26,  6.63s/it]
[WADI_clean:USAD] /root/TranAD/src/spot.py:313: RuntimeWarning: divide by zero encountered in log
[WADI_clean:USAD]   return 1 + np.log(s).mean()
[WADI_clean:USAD] /root/TranAD/src/spot.py:316: RuntimeWarning: divide by zero encountered in divide
[WADI_clean:USAD]   return np.mean(1 / s)
[WADI_clean:USAD] /root/TranAD/src/spot.py:329: RuntimeWarning: divide by zero encountered in divide
[WADI_clean:USAD]   jac_vs = (1 / t) * (-vs + np.mean(1 / s ** 2))
[WADI_clean:USAD] /root/TranAD/src/spot.py:329: RuntimeWarning: invalid value encountered in scalar add
[WADI_clean:USAD]   jac_vs = (1 / t) * (-vs + np.mean(1 / s ** 2))
[gpu] SWaT_canon:TranAD heartbeat t+180s alloc=0.00G
[SWaT_canon:USAD]  70%|███████   | 21/30 [02:46<01:15,  8.38s/it]
[SWaT_canon:USAD] 
[SWaT_canon:USAD] Epoch 21,     L1 = 0.8678899915352211,        L2 = -0.7979956917717295
[SWaT_canon:USAD] 
[SWaT_canon:USAD]  70%|███████   | 21/30 [02:56<01:15,  8.38s/it]
[WADI_clean:TranAD]  60%|██████    | 3/5 [02:16<01:32, 46.02s/it]
[WADI_clean:TranAD] 
[WADI_clean:TranAD] Epoch 3,    L1 = 0.43132413994235275
[WADI_clean:TranAD] 
[WADI_clean:TranAD]  60%|██████    | 3/5 [03:01<01:32, 46.02s/it]
[gpu] SWaT_canon:USAD heartbeat t+180s alloc=0.00G[WADI_clean:USAD] /root/TranAD/src/spot.py:313: RuntimeWarning: divide by zero encountered in log

[WADI_clean:USAD]   return 1 + np.log(s).mean()
[WADI_clean:USAD] /root/TranAD/src/spot.py:316: RuntimeWarning: divide by zero encountered in divide
[WADI_clean:USAD]   return np.mean(1 / s)
[WADI_clean:USAD] /root/TranAD/src/spot.py:329: RuntimeWarning: divide by zero encountered in divide
[WADI_clean:USAD]   jac_vs = (1 / t) * (-vs + np.mean(1 / s ** 2))
[WADI_clean:USAD] /root/TranAD/src/spot.py:329: RuntimeWarning: invalid value encountered in scalar add
[WADI_clean:USAD]   jac_vs = (1 / t) * (-vs + np.mean(1 / s ** 2))
[gpu] SWaT_canon:TranAD heartbeat t+180s alloc=0.00G
[SWaT_canon:USAD]  97%|█████████▋| 29/30 [02:52<00:06,  6.31s/it][WADI_clean:USAD] /root/TranAD/src/spot.py:313: RuntimeWarning: divide by zero encountered in log
[SWaT_canon:USAD] 
[SWaT_canon:USAD] Epoch 29,     L1 = 0.8388047844711726,        L2 = -0.7880401647212983
[SWaT_canon:USAD] 
[SWaT_canon:USAD]  97%|█████████▋| 29/30 [02:58<00:06,  6.31s/it]
[SWaT_canon:USAD] 100%|██████████| 30/30 [02:58<00:00,  6.32s/it]
[SWaT_canon:USAD] 100%|██████████| 30/30 [02:58<00:00,  5.96s/it]
[SWaT_canon:USAD] [1mTraining time:   178.7873 s[0m
[WADI_clean:USAD]            f1  precision    recall     TP  ...      FP     FN   ROC/AUC  threshold
[WADI_clean:USAD]   return 1 + np.log(s).mean()
[WADI_clean:USAD] /root/TranAD/src/spot.py:316: RuntimeWarning: divide by zero encountered in divide
[WADI_clean:USAD]   return np.mean(1 / s)
[WADI_clean:USAD] /root/TranAD/src/spot.py:329: RuntimeWarning: divide by zero encountered in divide
[WADI_clean:USAD]   jac_vs = (1 / t) * (-vs + np.mean(1 / s ** 2))
[WADI_clean:USAD] /root/TranAD/src/spot.py:329: RuntimeWarning: invalid value encountered in scalar add
[WADI_clean:USAD]   jac_vs = (1 / t) * (-vs + np.mean(1 / s ** 2))
[SWaT_canon:USAD] [95mTesting USAD on WADI[0m

[WADI_clean:USAD] 0    0.296926   0.994286  0.174524  174.0  ...     1.0  823.0  0.587231  10.471006
[WADI_clean:USAD] 1    0.125110   0.573770  0.070211   70.0  ...    52.0  927.0  0.533509   8.692390
[WADI_clean:USAD] 2    0.447518   0.818667  0.307924  307.0  ...    68.0  690.0  0.651874   2.538720
[WADI_clean:USAD] 3    0.242035   0.153515  0.571715  570.0  ...  3143.0  427.0  0.689352   8.676078
[WADI_clean:USAD] 4    0.000000   0.000000  0.000000    0.0  ...    24.0  997.0  0.499263   5.397241
[WADI_clean:USAD] ..        ...        ...       ...    ...  ...     ...    ...       ...        ...
[WADI_clean:USAD] 117  0.322798   0.511983  0.235707  235.0  ...   224.0  762.0  0.610976   0.001995
[WADI_clean:USAD] 118  0.323910   0.517621  0.235707  235.0  ...   219.0  762.0  0.611129   0.004160
[WADI_clean:USAD] 119  0.472436   0.683112  0.361083  360.0  ...   167.0  637.0  0.675414   7.808620
[WADI_clean:USAD] 120  0.322798   0.511983  0.235707  235.0  ...   224.0  762.0  0.610976   0.005192
[WADI_clean:USAD] 121  0.150440   0.639098  0.085256   85.0  ...    48.0  912.0  0.541154   6.623915
[WADI_clean:USAD] 
[WADI_clean:USAD] [122 rows x 9 columns]
[WADI_clean:USAD] {'FN': 518,
[WADI_clean:USAD]  'FP': 195,
[WADI_clean:USAD]  'Hit@100%': 1.0,
[WADI_clean:USAD]  'Hit@150%': 1.0,
[WADI_clean:USAD]  'NDCG@100%': 1.0000000000000004,
[WADI_clean:USAD]  'NDCG@150%': 1.0000000000000004,
[WADI_clean:USAD]  'ROC/AUC': 0.7342331896204457,
[WADI_clean:USAD]  'TN': 16089,
[WADI_clean:USAD]  'TP': 479,
[WADI_clean:USAD]  'f1': 0.573304575569522,
[WADI_clean:USAD]  'precision': 0.710682482037352,
[WADI_clean:USAD]  'recall': 0.48044131915304594,
[WADI_clean:USAD]  'threshold': 2.763200023081308}
[WADI_clean:USAD] /root/TranAD/src/spot.py:329: RuntimeWarning: overflow encountered in square
[WADI_clean:USAD]   jac_vs = (1 / t) * (-vs + np.mean(1 / s ** 2))
[sota] DONE USAD_WADI_clean_s1 rc=0 197.0s raw_ALL={'AUROC': 0.793, 'bestF1': 0.394, 'F1_at5pctFPR': 0.35, 'TPR_at5pctFPR': 0.385} raw_HARD={'AUROC': 0.729, 'bestF1': 0.232, 'F1_at5pctFPR': 0.159, 'TPR_at5pctFPR': 0.248}
[WADI_clean:USAD]            f1  precision    recall     TP  ...      FP     FN   ROC/AUC  threshold
[WADI_clean:USAD] 0    0.296926   0.994286  0.174524  174.0  ...     1.0  823.0  0.587231  10.446113
[WADI_clean:USAD] 1    0.125110   0.573770  0.070211   70.0  ...    52.0  927.0  0.533509   8.718397
[WADI_clean:USAD] 2    0.464093   0.941718  0.307924  307.0  ...    19.0  690.0  0.653378   2.770350
[WADI_clean:USAD] 3    0.238640   0.150794  0.571715  570.0  ...  3210.0  427.0  0.687295   8.427474
[WADI_clean:USAD] 4    0.000000   0.000000  0.000000    0.0  ...   178.0  997.0  0.494535   4.898549
[WADI_clean:USAD] ..        ...        ...       ...    ...  ...     ...    ...       ...        ...
[WADI_clean:USAD] 117  0.000000   0.000000  0.000000    0.0  ...     3.0  997.0  0.499908   0.001672
[WADI_clean:USAD] 118  0.124332   0.542636  0.070211   70.0  ...    59.0  927.0  0.533294   0.001438
[WADI_clean:USAD] 119  0.472436   0.683112  0.361083  360.0  ...   167.0  637.0  0.675414   7.608322
[WADI_clean:USAD] 120  0.000000   0.000000  0.000000    0.0  ...    55.0  997.0  0.498311   0.002340
[WADI_clean:USAD] 121  0.150440   0.639098  0.085256   85.0  ...    48.0  912.0  0.541154   6.645355
[WADI_clean:USAD] 
[WADI_clean:USAD] [122 rows x 9 columns]
[WADI_clean:USAD] {'FN': 450,
[WADI_clean:USAD]  'FP': 199,
[WADI_clean:USAD]  'Hit@100%': 1.0,
[WADI_clean:USAD]  'Hit@150%': 1.0,
[WADI_clean:USAD]  'NDCG@100%': 1.0000000000000004,
[WADI_clean:USAD]  'NDCG@150%': 1.0000000000000004,
[WADI_clean:USAD]  'ROC/AUC': 0.7682126765952487,
[WADI_clean:USAD]  'TN': 16085,
[WADI_clean:USAD]  'TP': 547,
[WADI_clean:USAD]  'f1': 0.6276485675497775,
[WADI_clean:USAD]  'precision': 0.7332439579994108,
[WADI_clean:USAD]  'recall': 0.5486459323104721,
[WADI_clean:USAD]  'threshold': 2.7457157540321044}
[SWaT_canon:USAD]  90%|█████████ | 27/30 [02:56<00:19,  6.59s/it]
[SWaT_canon:USAD] 
[SWaT_canon:USAD] Epoch 27,     L1 = 0.8577434601939219,        L2 = -0.8035205513196814
[SWaT_canon:USAD] 
[SWaT_canon:USAD]  90%|█████████ | 27/30 [03:02<00:19,  6.59s/it]
[SWaT_canon:USAD]  80%|████████  | 24/30 [02:52<00:40,  6.72s/it]
[SWaT_canon:USAD] 
[SWaT_canon:USAD] Epoch 24,     L1 = 0.8554397709492292,        L2 = -0.7938626250269667
[SWaT_canon:USAD] 
[SWaT_canon:USAD]  80%|████████  | 24/30 [03:01<00:40,  6.72s/it]
[sota] DONE USAD_WADI_clean_s3 rc=0 201.3s raw_ALL={'AUROC': 0.779, 'bestF1': 0.388, 'F1_at5pctFPR': 0.349, 'TPR_at5pctFPR': 0.384} raw_HARD={'AUROC': 0.694, 'bestF1': 0.23, 'F1_at5pctFPR': 0.159, 'TPR_at5pctFPR': 0.248}
[SWaT_canon:USAD]  73%|███████▎  | 22/30 [02:56<01:12,  9.10s/it]
[SWaT_canon:USAD] 
[SWaT_canon:USAD] Epoch 22,     L1 = 0.8675232052683775,        L2 = -0.8007239793653542
[SWaT_canon:USAD] 
[SWaT_canon:USAD]  73%|███████▎  | 22/30 [03:05<01:12,  9.10s/it]
[SWaT_canon:USAD] /root/TranAD/src/spot.py:329: RuntimeWarning: overflow encountered in square
[SWaT_canon:USAD]   jac_vs = (1 / t) * (-vs + np.mean(1 / s ** 2))
[SWaT_canon:USAD] /root/TranAD/src/spot.py:329: RuntimeWarning: overflow encountered in square
[SWaT_canon:USAD]   jac_vs = (1 / t) * (-vs + np.mean(1 / s ** 2))
[SWaT_canon:USAD] /root/TranAD/src/spot.py:329: RuntimeWarning: overflow encountered in square
[SWaT_canon:USAD]   jac_vs = (1 / t) * (-vs + np.mean(1 / s ** 2))
[SWaT_canon:USAD] /root/TranAD/src/spot.py:329: RuntimeWarning: overflow encountered in square
[SWaT_canon:USAD]   jac_vs = (1 / t) * (-vs + np.mean(1 / s ** 2))
[SWaT_canon:USAD] /root/TranAD/src/spot.py:329: RuntimeWarning: overflow encountered in square
[SWaT_canon:USAD]   jac_vs = (1 / t) * (-vs + np.mean(1 / s ** 2))
[SWaT_canon:USAD]  93%|█████████▎| 28/30 [03:02<00:12,  6.50s/it]
[SWaT_canon:USAD] 
[SWaT_canon:USAD] Epoch 28,     L1 = 0.8577489683899165,        L2 = -0.8054279329995371
[SWaT_canon:USAD] 
[SWaT_canon:USAD]  93%|█████████▎| 28/30 [03:08<00:12,  6.50s/it]
[SWaT_canon:USAD]  77%|███████▋  | 23/30 [03:05<01:01,  8.80s/it]
[SWaT_canon:USAD] 
[SWaT_canon:USAD] Epoch 23,     L1 = 0.8673525099553125,        L2 = -0.8033838836781386
[SWaT_canon:USAD] 
[SWaT_canon:USAD]  77%|███████▋  | 23/30 [03:11<01:01,  8.80s/it]
[SWaT_canon:USAD]  83%|████████▎ | 25/30 [03:01<00:36,  7.32s/it]
[SWaT_canon:USAD] 
[SWaT_canon:USAD] Epoch 25,     L1 = 0.8555574848434121,        L2 = -0.7963859426724091
[SWaT_canon:USAD] 
[SWaT_canon:USAD]  83%|████████▎ | 25/30 [03:10<00:36,  7.32s/it]
[SWaT_canon:USAD]           f1  precision    recall  ...      FN   ROC/AUC     threshold
[SWaT_canon:USAD] 0   0.033679   0.074468  0.021763  ...  5349.0  0.492171  4.409027e+00
[SWaT_canon:USAD] 1   0.071877   0.523573  0.038588  ...  5257.0  0.516865  5.856328e+00
[SWaT_canon:USAD] 2   0.852106   0.940787  0.778713  ...  1210.0  0.885966  1.419965e+01
[SWaT_canon:USAD] 3   0.861582   0.926183  0.805413  ...  1064.0  0.898266  4.632179e+00
[SWaT_canon:USAD] 4   0.109787   0.978462  0.058157  ...  5150.0  0.528990  4.697959e+00
[SWaT_canon:USAD] 5   0.124704   0.139651  0.112655  ...  4852.0  0.508319  1.053219e+01
[SWaT_canon:USAD] 6   0.007287   0.952380  0.003658  ...  5448.0  0.501816  1.897076e+01
[SWaT_canon:USAD] 7   0.000000   0.000000  0.000000  ...  5468.0  0.500000  2.183338e+01
[SWaT_canon:USAD] 8   0.868377   0.933909  0.811448  ...  1031.0  0.901752  4.956290e+00
[SWaT_canon:USAD] 9   0.874700   0.946170  0.813277  ...  1021.0  0.903438  1.581217e+01
[SWaT_canon:USAD] 10  0.824260   0.784310  0.868508  ...   719.0  0.917732  5.534469e+00
[SWaT_canon:USAD] 11  0.132598   0.572626  0.074982  ...  5058.0  0.533620  5.650890e-07
[SWaT_canon:USAD] 12  0.865432   0.922392  0.815106  ...  1011.0  0.902809  4.630007e+00
[SWaT_canon:USAD] 13  0.134299   0.867102  0.072787  ...  5070.0  0.535622  1.089874e-06
[SWaT_canon:USAD] 14  0.172053   0.285775  0.123080  ...  4795.0  0.540262  3.637144e+00
[SWaT_canon:USAD] 15  0.141596   0.570323  0.080834  ...  5026.0  0.536204  1.224587e-06
[SWaT_canon:USAD] 16  0.776853   0.799884  0.755121  ...  1339.0  0.864492  6.305887e+00
[SWaT_canon:USAD] 17  0.756005   0.783444  0.730432  ...  1474.0  0.851250  6.605099e+00
[SWaT_canon:USAD] 18  0.059950   0.994118  0.030907  ...  5299.0  0.515441  1.356447e+01
[SWaT_canon:USAD] 19  0.179738   0.624592  0.104974  ...  4894.0  0.548123  6.229613e+01
[SWaT_canon:USAD] 20  0.872565   0.920967  0.829005  ...   935.0  0.909581  5.619743e+00
[SWaT_canon:USAD] 21  0.229810   0.392920  0.162399  ...  4580.0  0.563843  5.191225e+00
[SWaT_canon:USAD] 22  0.856601   0.933362  0.791514  ...  1140.0  0.891848  2.431687e+01
[SWaT_canon:USAD] 23  0.000000   0.000000  0.000000  ...  5468.0  0.500000  1.152537e+00
[SWaT_canon:USAD] 24  0.778235   0.826650  0.735187  ...  1448.0  0.856929  6.516180e+00
[SWaT_canon:USAD] 25  0.000000   0.000000  0.000000  ...  5468.0  0.500000  7.527585e+00
[SWaT_canon:USAD] 26  0.815724   0.962917  0.707571  ...  1599.0  0.851901  5.700943e+00
[SWaT_canon:USAD] 27  0.815665   0.994997  0.691112  ...  1689.0  0.845316  2.330476e+01
[SWaT_canon:USAD] 28  0.000000   0.000000  0.000000  ...  5468.0  0.500000  9.365639e+01
[SWaT_canon:USAD] 29  0.829858   0.881869  0.783650  ...  1183.0  0.884564  2.935472e-06
[SWaT_canon:USAD] 30  0.801615   0.997821  0.669898  ...  1805.0  0.834848  1.171334e+00
[SWaT_canon:USAD] 31  0.000000   0.000000  0.000000  ...  5468.0  0.500000  7.266091e+59
[SWaT_canon:USAD] 32  0.832115   0.886980  0.783650  ...  1183.0  0.884918  6.146545e-07
[SWaT_canon:USAD] 33  0.810970   0.996270  0.683797  ...  1729.0  0.841721  4.717028e+00
[SWaT_canon:USAD] 34  0.787153   0.927331  0.683797  ...  1729.0  0.838192  1.893884e+01
[SWaT_canon:USAD] 35  0.814898   0.990835  0.692026  ...  1684.0  0.845570  5.543116e+00
[SWaT_canon:USAD] 36  0.021043   0.063361  0.012619  ...  5399.0  0.493406  6.100252e+00
[SWaT_canon:USAD] 37  0.014143   0.829787  0.007132  ...  5429.0  0.503465  2.306606e+01
[SWaT_canon:USAD] 38  0.801920   0.997551  0.670446  ...  1802.0  0.835109  2.358474e+01
[SWaT_canon:USAD] 39  0.816872   0.996315  0.692209  ...  1683.0  0.845928  1.356183e+01
[SWaT_canon:USAD] 40  0.816256   0.994482  0.692209  ...  1683.0  0.845839  5.374833e+00
[SWaT_canon:USAD] 41  0.816256   0.994482  0.692209  ...  1683.0  0.845839  2.434705e+01
[SWaT_canon:USAD] 42  0.810970   0.996270  0.683797  ...  1729.0  0.841721  7.243513e+00
[SWaT_canon:USAD] 43  0.137976   0.863158  0.074982  ...  5058.0  0.536669  1.816752e-06
[SWaT_canon:USAD] 44  0.816344   0.994744  0.692209  ...  1683.0  0.845852  1.787904e+01
[SWaT_canon:USAD] 45  0.784976   0.773147  0.797184  ...  1109.0  0.882412  4.405167e+00
[SWaT_canon:USAD] 46  0.816432   0.995005  0.692209  ...  1683.0  0.845864  1.895470e+01
[SWaT_canon:USAD] 47  0.170052   0.560901  0.100219  ...  4920.0  0.544683  6.831755e+00
[SWaT_canon:USAD] 48  0.179783   0.595067  0.105889  ...  4889.0  0.547960  7.249558e-07
[SWaT_canon:USAD] 49  0.171542   0.595005  0.100219  ...  4920.0  0.545391  5.226213e+00
[SWaT_canon:USAD] 50  0.000000   0.000000  0.000000  ...  5468.0  0.500000  5.394983e+32
[SWaT_canon:USAD] 
[SWaT_canon:USAD] [51 rows x 9 columns]
[SWaT_canon:USAD] {'FN': 989,
[SWaT_canon:USAD]  'FP': 360,
[SWaT_canon:USAD]  'Hit@100%': 1.0,
[SWaT_canon:USAD]  'Hit@150%': 1.0,
[SWaT_canon:USAD]  'NDCG@100%': 1.0,
[SWaT_canon:USAD]  'NDCG@150%': 1.0,
[SWaT_canon:USAD]  'ROC/AUC': 0.9050105453876996,
[SWaT_canon:USAD]  'TN': 39164,
[SWaT_canon:USAD]  'TP': 4479,
[SWaT_canon:USAD]  'f1': 0.8691130920578454,
[SWaT_canon:USAD]  'precision': 0.925604461819375,
[SWaT_canon:USAD]  'recall': 0.8191294791164421,
[SWaT_canon:USAD]  'threshold': 7.141188609849791}
[SWaT_canon:USAD]  97%|█████████▋| 29/30 [03:08<00:06,  6.49s/it]
[SWaT_canon:USAD] 
[SWaT_canon:USAD] Epoch 29,     L1 = 0.8577320496578001,        L2 = -0.8072010549223805
[SWaT_canon:USAD] 
[SWaT_canon:USAD]  97%|█████████▋| 29/30 [03:15<00:06,  6.49s/it]
[SWaT_canon:USAD] 100%|██████████| 30/30 [03:15<00:00,  6.54s/it]
[SWaT_canon:USAD] 100%|██████████| 30/30 [03:15<00:00,  6.52s/it]
[SWaT_canon:USAD] [1mTraining time:   195.6632 s[0m
[SWaT_canon:USAD] [95mTesting USAD on WADI[0m
[WADI_clean:USAD] /root/TranAD/src/spot.py:313: RuntimeWarning: divide by zero encountered in log
[WADI_clean:USAD]   return 1 + np.log(s).mean()
[WADI_clean:USAD] /root/TranAD/src/spot.py:316: RuntimeWarning: divide by zero encountered in divide
[WADI_clean:USAD]   return np.mean(1 / s)
[WADI_clean:USAD] /root/TranAD/src/spot.py:329: RuntimeWarning: divide by zero encountered in divide
[WADI_clean:USAD]   jac_vs = (1 / t) * (-vs + np.mean(1 / s ** 2))
[WADI_clean:USAD] /root/TranAD/src/spot.py:329: RuntimeWarning: invalid value encountered in scalar add
[WADI_clean:USAD]   jac_vs = (1 / t) * (-vs + np.mean(1 / s ** 2))
[SWaT_canon:USAD]  80%|████████  | 24/30 [03:11<00:48,  8.04s/it]
[SWaT_canon:USAD] 
[SWaT_canon:USAD] Epoch 24,     L1 = 0.8673651690880738,        L2 = -0.8059977632184319
[SWaT_canon:USAD] 
[SWaT_canon:USAD]  80%|████████  | 24/30 [03:17<00:48,  8.04s/it]
[WADI_clean:USAD] /root/TranAD/src/spot.py:313: RuntimeWarning: divide by zero encountered in log[sota] DONE USAD_SWaT_canon_s4 rc=0 214.1s raw_ALL={'AUROC': 0.898, 'bestF1': 0.803, 'F1_at5pctFPR': 0.715, 'TPR_at5pctFPR': 0.757} raw_HARD={'AUROC': 0.673, 'bestF1': 0.196, 'F1_at5pctFPR': 0.183, 'TPR_at5pctFPR': 0.218}

[WADI_clean:USAD]   return 1 + np.log(s).mean()
[WADI_clean:USAD] /root/TranAD/src/spot.py:316: RuntimeWarning: divide by zero encountered in divide
[WADI_clean:USAD]   return np.mean(1 / s)
[WADI_clean:USAD] /root/TranAD/src/spot.py:329: RuntimeWarning: divide by zero encountered in divide
[WADI_clean:USAD]   jac_vs = (1 / t) * (-vs + np.mean(1 / s ** 2))
[WADI_clean:USAD] /root/TranAD/src/spot.py:329: RuntimeWarning: invalid value encountered in scalar add
[WADI_clean:USAD]   jac_vs = (1 / t) * (-vs + np.mean(1 / s ** 2))
[SWaT_canon:TranAD]  60%|██████    | 3/5 [02:24<01:37, 48.86s/it]
[SWaT_canon:TranAD] 
[SWaT_canon:TranAD] Epoch 3,    L1 = 0.7068062021858331
[SWaT_canon:TranAD] 
[SWaT_canon:TranAD]  60%|██████    | 3/5 [03:16<01:37, 48.86s/it]
[WADI_clean:USAD] /root/TranAD/src/spot.py:313: RuntimeWarning: divide by zero encountered in log
[WADI_clean:USAD]   return 1 + np.log(s).mean()
[WADI_clean:USAD] /root/TranAD/src/spot.py:316: RuntimeWarning: divide by zero encountered in divide
[WADI_clean:USAD]   return np.mean(1 / s)
[WADI_clean:USAD] /root/TranAD/src/spot.py:329: RuntimeWarning: divide by zero encountered in divide
[WADI_clean:USAD]   jac_vs = (1 / t) * (-vs + np.mean(1 / s ** 2))
[WADI_clean:USAD] /root/TranAD/src/spot.py:329: RuntimeWarning: invalid value encountered in scalar add
[WADI_clean:USAD]   jac_vs = (1 / t) * (-vs + np.mean(1 / s ** 2))
[WADI_clean:USAD] /root/TranAD/src/spot.py:313: RuntimeWarning: divide by zero encountered in log
[WADI_clean:USAD]   return 1 + np.log(s).mean()
[WADI_clean:USAD] /root/TranAD/src/spot.py:316: RuntimeWarning: divide by zero encountered in divide
[WADI_clean:USAD]   return np.mean(1 / s)
[WADI_clean:USAD] /root/TranAD/src/spot.py:329: RuntimeWarning: divide by zero encountered in divide
[WADI_clean:USAD]   jac_vs = (1 / t) * (-vs + np.mean(1 / s ** 2))
[WADI_clean:USAD] /root/TranAD/src/spot.py:329: RuntimeWarning: invalid value encountered in scalar add
[WADI_clean:USAD]   jac_vs = (1 / t) * (-vs + np.mean(1 / s ** 2))
[WADI_clean:USAD]            f1  precision    recall     TP  ...      FP     FN   ROC/AUC  threshold[SWaT_canon:USAD]  87%|████████▋ | 26/30 [03:10<00:31,  7.85s/it]
[WADI_clean:USAD] 0    0.296926   0.994286  0.174524  174.0  ...     1.0  823.0  0.587231  10.417648
[WADI_clean:USAD] 1    0.125110   0.573770  0.070211   70.0  ...    52.0  927.0  0.533509   8.713335
[WADI_clean:USAD] 2    0.000000   0.000000  0.000000    0.0  ...     9.0  997.0  0.499724   2.985316
[WADI_clean:USAD] 3    0.233221   0.146492  0.571715  570.0  ...  3321.0  427.0  0.683886   8.382860
[WADI_clean:USAD] 4    0.000000   0.000000  0.000000    0.0  ...   339.0  997.0  0.489591   4.239683
[WADI_clean:USAD] ..        ...        ...       ...    ...  ...     ...    ...       ...        ...
[WADI_clean:USAD] 117  0.000000   0.000000  0.000000    0.0  ...    12.0  997.0  0.499632   0.009977
[WADI_clean:USAD] 118  0.000000   0.000000  0.000000    0.0  ...    11.0  997.0  0.499662   0.007022
[WADI_clean:USAD] 119  0.473057   0.685714  0.361083  360.0  ...   165.0  637.0  0.675475   7.622467
[WADI_clean:USAD] 120  0.000000   0.000000  0.000000    0.0  ...    13.0  997.0  0.499601   0.012756
[WADI_clean:USAD] 121  0.150440   0.639098  0.085256   85.0  ...    48.0  912.0  0.541154   6.637020
[WADI_clean:USAD] 
[WADI_clean:USAD] [122 rows x 9 columns]
[WADI_clean:USAD] {'FN': 518,
[WADI_clean:USAD]  'FP': 196,
[WADI_clean:USAD]  'Hit@100%': 1.0,
[WADI_clean:USAD]  'Hit@150%': 1.0,
[WADI_clean:USAD]  'NDCG@100%': 1.0000000000000004,
[WADI_clean:USAD]  'NDCG@150%': 1.0000000000000004,
[WADI_clean:USAD]  'ROC/AUC': 0.734202484633956,
[WADI_clean:USAD]  'TN': 16088,
[WADI_clean:USAD]  'TP': 479,
[WADI_clean:USAD]  'f1': 0.5729616858062878,
[WADI_clean:USAD]  'precision': 0.7096296191165983,
[WADI_clean:USAD]  'recall': 0.48044131915304594,
[WADI_clean:USAD]  'threshold': 2.7297704412240176}

[SWaT_canon:USAD] 
[SWaT_canon:USAD] Epoch 26,     L1 = 0.8558142286692018,        L2 = -0.79888006805209
[SWaT_canon:USAD] 
[SWaT_canon:USAD]  87%|████████▋ | 26/30 [03:18<00:31,  7.85s/it]
[WADI_clean:USAD] /root/TranAD/src/spot.py:313: RuntimeWarning: divide by zero encountered in log
[WADI_clean:USAD]   return 1 + np.log(s).mean()
[WADI_clean:USAD] /root/TranAD/src/spot.py:316: RuntimeWarning: divide by zero encountered in divide
[WADI_clean:USAD]   return np.mean(1 / s)
[WADI_clean:USAD] /root/TranAD/src/spot.py:329: RuntimeWarning: divide by zero encountered in divide
[WADI_clean:USAD]   jac_vs = (1 / t) * (-vs + np.mean(1 / s ** 2))
[WADI_clean:USAD] /root/TranAD/src/spot.py:329: RuntimeWarning: invalid value encountered in scalar add
[WADI_clean:USAD]   jac_vs = (1 / t) * (-vs + np.mean(1 / s ** 2))
[WADI_clean:TranAD]  60%|██████    | 3/5 [02:34<01:42, 51.35s/it]
[WADI_clean:TranAD] 
[WADI_clean:TranAD] Epoch 3,    L1 = 0.430053252380396
[WADI_clean:TranAD] 
[WADI_clean:TranAD]  60%|██████    | 3/5 [03:23<01:42, 51.35s/it]
[WADI_clean:USAD]            f1  precision    recall     TP  ...      FP     FN   ROC/AUC  threshold
[WADI_clean:USAD] 0    0.296926   0.994286  0.174524  174.0  ...     1.0  823.0  0.587231  10.274165
[WADI_clean:USAD] 1    0.380355   0.853147  0.244734  244.0  ...    42.0  753.0  0.621077   8.601046
[WADI_clean:USAD] 2    0.293668   0.925532  0.174524  174.0  ...    14.0  823.0  0.586832   2.849709
[WADI_clean:USAD] 3    0.235534   0.148322  0.571715  570.0  ...  3273.0  427.0  0.685360   8.188508
[WADI_clean:USAD] 4    0.000000   0.000000  0.000000    0.0  ...   195.0  997.0  0.494013   5.359498
[WADI_clean:USAD] ..        ...        ...       ...    ...  ...     ...    ...       ...        ...
[WADI_clean:USAD] 117  0.013864   0.029900  0.009027    9.0  ...   292.0  988.0  0.495548   0.003578
[WADI_clean:USAD] 118  0.107861   0.213018  0.072217   72.0  ...   266.0  925.0  0.527941   0.006277
[WADI_clean:USAD] 119  0.472436   0.683112  0.361083  360.0  ...   167.0  637.0  0.675414   7.620587
[WADI_clean:USAD] 120  0.017441   0.257143  0.009027    9.0  ...    26.0  988.0  0.503715   0.019867
[WADI_clean:USAD] 121  0.150440   0.639098  0.085256   85.0  ...    48.0  912.0  0.541154   6.654970
[WADI_clean:USAD] 
[WADI_clean:USAD] [122 rows x 9 columns]
[WADI_clean:USAD] {'FN': 518,
[WADI_clean:USAD]  'FP': 198,
[WADI_clean:USAD]  'Hit@100%': 1.0,
[WADI_clean:USAD]  'Hit@150%': 1.0,
[WADI_clean:USAD]  'NDCG@100%': 1.0000000000000004,
[WADI_clean:USAD]  'NDCG@150%': 1.0000000000000004,
[WADI_clean:USAD]  'ROC/AUC': 0.7341410746609762,
[WADI_clean:USAD]  'TN': 16086,
[WADI_clean:USAD]  'TP': 479,
[WADI_clean:USAD]  'f1': 0.5722771352906069,
[WADI_clean:USAD]  'precision': 0.7075332244086673,
[WADI_clean:USAD]  'recall': 0.48044131915304594,
[WADI_clean:USAD]  'threshold': 2.742896747956323}
[sota] DONE USAD_WADI_clean_s2 rc=0 219.4s raw_ALL={'AUROC': 0.786, 'bestF1': 0.388, 'F1_at5pctFPR': 0.349, 'TPR_at5pctFPR': 0.384} raw_HARD={'AUROC': 0.699, 'bestF1': 0.232, 'F1_at5pctFPR': 0.159, 'TPR_at5pctFPR': 0.248}
[SWaT_canon:USAD]  83%|████████▎ | 25/30 [03:17<00:36,  7.36s/it]
[SWaT_canon:USAD] 
[SWaT_canon:USAD] Epoch 25,     L1 = 0.8672907367566155,        L2 = -0.8083142431035442
[SWaT_canon:USAD] 
[SWaT_canon:USAD]  83%|████████▎ | 25/30 [03:23<00:36,  7.36s/it]
[sota] DONE USAD_WADI_clean_s4 rc=0 222.0s raw_ALL={'AUROC': 0.777, 'bestF1': 0.388, 'F1_at5pctFPR': 0.35, 'TPR_at5pctFPR': 0.385} raw_HARD={'AUROC': 0.69, 'bestF1': 0.23, 'F1_at5pctFPR': 0.16, 'TPR_at5pctFPR': 0.25}
[SWaT_canon:TranAD]  80%|████████  | 4/5 [02:50<00:42, 42.38s/it]
[SWaT_canon:TranAD] 
[SWaT_canon:TranAD] Epoch 4,    L1 = 0.7008213862573304
[SWaT_canon:TranAD] 
[SWaT_canon:TranAD]  80%|████████  | 4/5 [03:32<00:42, 42.38s/it]
[SWaT_canon:TranAD] 100%|██████████| 5/5 [03:32<00:00, 42.43s/it]
[SWaT_canon:TranAD] 100%|██████████| 5/5 [03:32<00:00, 42.51s/it]
[SWaT_canon:TranAD] [1mTraining time:   212.5682 s[0m
[SWaT_canon:USAD]  90%|█████████ | 27/30 [03:18<00:23,  7.77s/it]
[SWaT_canon:USAD] 
[SWaT_canon:TranAD] [95mTesting TranAD on WADI[0m
[SWaT_canon:USAD] Epoch 27,     L1 = 0.8557938675408422,        L2 = -0.8009335509029598
[SWaT_canon:USAD] 
[SWaT_canon:USAD]  90%|█████████ | 27/30 [03:25<00:23,  7.77s/it]
[WADI_clean:TranAD]  80%|████████  | 4/5 [02:54<00:44, 44.08s/it]
[WADI_clean:TranAD] 
[WADI_clean:TranAD] Epoch 4,    L1 = 0.4249800010470348
[WADI_clean:TranAD] 
[WADI_clean:TranAD]  80%|████████  | 4/5 [03:37<00:44, 44.08s/it]
[WADI_clean:TranAD] 100%|██████████| 5/5 [03:37<00:00, 43.77s/it]
[WADI_clean:TranAD] 100%|██████████| 5/5 [03:37<00:00, 43.59s/it]
[WADI_clean:TranAD] [1mTraining time:   217.9420 s[0m
[WADI_clean:TranAD] [95mTesting TranAD on WADI[0m
[SWaT_canon:USAD]  87%|████████▋ | 26/30 [03:23<00:28,  7.13s/it]
[SWaT_canon:USAD] 
[SWaT_canon:USAD] Epoch 26,     L1 = 0.8672370609920297,        L2 = -0.8104806554708945
[SWaT_canon:USAD] 
[SWaT_canon:USAD]  87%|████████▋ | 26/30 [03:33<00:28,  7.13s/it]
[SWaT_canon:USAD]  93%|█████████▎| 28/30 [03:25<00:15,  7.53s/it]
[SWaT_canon:USAD] 
[SWaT_canon:USAD] Epoch 28,     L1 = 0.8561379657269029,        L2 = -0.8032076764543121
[SWaT_canon:USAD] 
[SWaT_canon:USAD]  93%|█████████▎| 28/30 [03:31<00:15,  7.53s/it]
[SWaT_canon:TranAD]  80%|████████  | 4/5 [02:55<00:44, 44.14s/it]
[SWaT_canon:TranAD] 
[SWaT_canon:TranAD] Epoch 4,    L1 = 0.6999946705884741
[SWaT_canon:TranAD] 
[SWaT_canon:TranAD]  80%|████████  | 4/5 [03:39<00:44, 44.14s/it]
[SWaT_canon:TranAD] 100%|██████████| 5/5 [03:39<00:00, 44.26s/it]
[SWaT_canon:TranAD] 100%|██████████| 5/5 [03:39<00:00, 43.99s/it]
[SWaT_canon:TranAD] [1mTraining time:   219.9755 s[0m
[SWaT_canon:TranAD] [95mTesting TranAD on WADI[0m
[SWaT_canon:TranAD]  80%|████████  | 4/5 [02:58<00:44, 44.17s/it]
[SWaT_canon:TranAD] 
[SWaT_canon:TranAD] Epoch 4,    L1 = 0.6968345630707012
[SWaT_canon:TranAD] 
[SWaT_canon:TranAD]  80%|████████  | 4/5 [03:43<00:44, 44.17s/it]
[SWaT_canon:TranAD] 100%|██████████| 5/5 [03:43<00:00, 44.21s/it]
[SWaT_canon:TranAD] 100%|██████████| 5/5 [03:43<00:00, 44.62s/it]
[SWaT_canon:TranAD] [1mTraining time:   223.1182 s[0m
[SWaT_canon:TranAD] [95mTesting TranAD on WADI[0m
[SWaT_canon:USAD]  97%|█████████▋| 29/30 [03:31<00:07,  7.24s/it]
[SWaT_canon:USAD] 
[SWaT_canon:USAD] Epoch 29,     L1 = 0.8562517867698957,        L2 = -0.8051269419470244
[SWaT_canon:USAD] 
[SWaT_canon:USAD]  97%|█████████▋| 29/30 [03:37<00:07,  7.24s/it]
[SWaT_canon:USAD] 100%|██████████| 30/30 [03:37<00:00,  6.87s/it]
[SWaT_canon:USAD] 100%|██████████| 30/30 [03:37<00:00,  7.26s/it]
[SWaT_canon:USAD] [1mTraining time:   217.8169 s[0m
[SWaT_canon:USAD] [95mTesting USAD on WADI[0m
[WADI_clean:TranAD]  80%|████████  | 4/5 [03:01<00:45, 45.59s/it]
[WADI_clean:TranAD] 
[WADI_clean:TranAD] Epoch 4,    L1 = 0.4237147284759783
[WADI_clean:TranAD] 
[WADI_clean:TranAD]  80%|████████  | 4/5 [03:44<00:45, 45.59s/it]
[WADI_clean:TranAD] 100%|██████████| 5/5 [03:44<00:00, 44.87s/it]
[WADI_clean:TranAD] 100%|██████████| 5/5 [03:44<00:00, 44.93s/it]
[WADI_clean:TranAD] [1mTraining time:   224.6486 s[0m
[WADI_clean:TranAD] [95mTesting TranAD on WADI[0m
[SWaT_canon:TranAD]  60%|██████    | 3/5 [02:43<01:48, 54.19s/it]
[SWaT_canon:TranAD] 
[SWaT_canon:TranAD] Epoch 3,    L1 = 0.7019701073412729
[SWaT_canon:TranAD] 
[SWaT_canon:TranAD]  60%|██████    | 3/5 [03:38<01:48, 54.19s/it]
[WADI_clean:TranAD]  80%|████████  | 4/5 [03:07<00:46, 46.95s/it]
[WADI_clean:TranAD] 
[WADI_clean:TranAD] Epoch 4,    L1 = 0.42371329519332523
[WADI_clean:TranAD] 
[WADI_clean:TranAD]  80%|████████  | 4/5 [03:53<00:46, 46.95s/it]
[WADI_clean:TranAD] 100%|██████████| 5/5 [03:53<00:00, 46.73s/it]
[WADI_clean:TranAD] 100%|██████████| 5/5 [03:53<00:00, 46.74s/it]
[WADI_clean:TranAD] [1mTraining time:   233.6910 s[0m
[WADI_clean:TranAD] [95mTesting TranAD on WADI[0m
[SWaT_canon:USAD]  90%|█████████ | 27/30 [03:33<00:23,  7.90s/it]
[SWaT_canon:USAD] 
[SWaT_canon:USAD] Epoch 27,     L1 = 0.8673300603948351,        L2 = -0.8126210658661951
[SWaT_canon:USAD] 
[SWaT_canon:USAD]  90%|█████████ | 27/30 [03:42<00:23,  7.90s/it]
[WADI_clean:TranAD]  60%|██████    | 3/5 [02:50<01:52, 56.05s/it]
[WADI_clean:TranAD] 
[WADI_clean:TranAD] Epoch 3,    L1 = 0.4291304053334583
[WADI_clean:TranAD] 
[WADI_clean:TranAD]  60%|██████    | 3/5 [03:43<01:52, 56.05s/it]
[gpu] WADI_clean:TranAD heartbeat t+240s alloc=0.00G
[SWaT_canon:TranAD] /root/TranAD/src/spot.py:329: RuntimeWarning: overflow encountered in square
[SWaT_canon:TranAD]   jac_vs = (1 / t) * (-vs + np.mean(1 / s ** 2))
[gpu] WADI_clean:TranAD heartbeat t+240s alloc=0.00G
[SWaT_canon:USAD]  93%|█████████▎| 28/30 [03:42<00:16,  8.22s/it]
[SWaT_canon:USAD] 
[SWaT_canon:USAD] Epoch 28,     L1 = 0.8671206965860113,        L2 = -0.8143238183391577
[SWaT_canon:USAD] 
[SWaT_canon:USAD]  93%|█████████▎| 28/30 [03:49<00:16,  8.22s/it]
[gpu] SWaT_canon:TranAD heartbeat t+240s alloc=0.00G
[gpu] SWaT_canon:TranAD heartbeat t+240s alloc=0.00G
[gpu] WADI_clean:TranAD heartbeat t+240s alloc=0.00G
[gpu] SWaT_canon:TranAD heartbeat t+240s alloc=0.00G
[gpu] WADI_clean:TranAD heartbeat t+240s alloc=0.00G
[SWaT_canon:TranAD]           f1  precision    recall  ...      FN   ROC/AUC     threshold
[SWaT_canon:TranAD] 0   0.144158   0.936403  0.078091  ...  5041.0  0.538678  2.850768e+00
[SWaT_canon:TranAD] 1   0.000000   0.000000  0.000000  ...  5468.0  0.500000  1.538286e+01
[SWaT_canon:TranAD] 2   0.068763   0.573066  0.036576  ...  5268.0  0.516403  5.042269e+01
[SWaT_canon:TranAD] 3   0.036805   0.798450  0.018837  ...  5365.0  0.509090  3.859096e+00
[SWaT_canon:TranAD] 4   0.109787   0.978462  0.058157  ...  5150.0  0.528990  3.149571e+01
[SWaT_canon:TranAD] 5   0.113094   0.545024  0.063094  ...  5123.0  0.527904  1.024826e+01
[SWaT_canon:TranAD] 6   0.007287   0.952380  0.003658  ...  5448.0  0.501816  1.415867e+01
[SWaT_canon:TranAD] 7   0.000000   0.000000  0.000000  ...  5468.0  0.500000  2.087819e+01
[SWaT_canon:TranAD] 8   0.025608   0.922078  0.012985  ...  5397.0  0.506416  3.403171e+00
[SWaT_canon:TranAD] 9   0.000000   0.000000  0.000000  ...  5468.0  0.500000  5.668289e+01
[SWaT_canon:TranAD] 10  0.206662   0.833333  0.117959  ...  4823.0  0.557348  3.920079e+00
[SWaT_canon:TranAD] 11  0.000000   0.000000  0.000000  ...  5468.0  0.500000  1.700758e-03
[SWaT_canon:TranAD] 12  0.018803   0.825397  0.009510  ...  5416.0  0.504616  3.091480e+00
[SWaT_canon:TranAD] 13  0.058812   0.605735  0.030907  ...  5299.0  0.514062  4.057609e-03
[SWaT_canon:TranAD] 14  0.000000   0.000000  0.000000  ...  5468.0  0.499962  2.454700e+00
[SWaT_canon:TranAD] 15  0.011636   1.000000  0.005852  ...  5436.0  0.502926  8.388724e+07
[SWaT_canon:TranAD] 16  0.000000   0.000000  0.000000  ...  5468.0  0.500000  1.144953e+02
[SWaT_canon:TranAD] 17  0.046230   0.833333  0.023775  ...  5338.0  0.511558  5.170334e+00
[SWaT_canon:TranAD] 18  0.000000   0.000000  0.000000  ...  5468.0  0.500000  7.051553e+01
[SWaT_canon:TranAD] 19  0.000000   0.000000  0.000000  ...  5468.0  0.499962  7.836089e+01
[SWaT_canon:TranAD] 20  0.015841   0.505747  0.008047  ...  5424.0  0.503479  1.913393e+01
[SWaT_canon:TranAD] 21  0.250610   0.771698  0.149598  ...  4650.0  0.571737  8.631359e+01
[SWaT_canon:TranAD] 22  0.000000   0.000000  0.000000  ...  5468.0  0.500000  2.678621e+01
[SWaT_canon:TranAD] 23  0.000000   0.000000  0.000000  ...  5468.0  0.500000  4.858540e+02
[SWaT_canon:TranAD] 24  0.060850   0.793578  0.031639  ...  5295.0  0.515250  5.010166e+00
[SWaT_canon:TranAD] 25  0.000000   0.000000  0.000000  ...  5468.0  0.500000  7.593317e+00
[SWaT_canon:TranAD] 26  0.808648   0.989674  0.683614  ...  1730.0  0.841314  1.437325e+01
[SWaT_canon:TranAD] 27  0.809627   0.994935  0.682516  ...  1736.0  0.841018  2.489847e+01
[SWaT_canon:TranAD] 28  0.000000   0.000000  0.000000  ...  5468.0  0.500000  6.657427e+01
[SWaT_canon:TranAD] 29  0.000000   0.000000  0.000000  ...  5468.0  0.500000  1.543853e+12
[SWaT_canon:TranAD] 30  0.801615   0.997821  0.669898  ...  1805.0  0.834848  2.691598e+01
[SWaT_canon:TranAD] 31  0.000000   0.000000  0.000000  ...  5468.0  0.499924  2.294994e+01
[SWaT_canon:TranAD] 32  0.000000   0.000000  0.000000  ...  5468.0  0.500000  5.813809e+13
[SWaT_canon:TranAD] 33  0.810970   0.996270  0.683797  ...  1729.0  0.841721  2.489544e+01
[SWaT_canon:TranAD] 34  0.000000   0.000000  0.000000  ...  5468.0  0.500000  8.490771e+01
[SWaT_canon:TranAD] 35  0.809436   0.992038  0.683614  ...  1730.0  0.841427  1.275628e+01
[SWaT_canon:TranAD] 36  0.024355   0.348485  0.012619  ...  5399.0  0.504678  9.483924e+00
[SWaT_canon:TranAD] 37  0.014151   0.886363  0.007132  ...  5429.0  0.503503  3.647676e+02
[SWaT_canon:TranAD] 38  0.791965   0.997777  0.656547  ...  1878.0  0.828172  2.794782e+02
[SWaT_canon:TranAD] 39  0.792665   1.000000  0.656547  ...  1878.0  0.828274  2.642149e+02
[SWaT_canon:TranAD] 40  0.791965   0.997777  0.656547  ...  1878.0  0.828172  2.765882e+02
[SWaT_canon:TranAD] 41  0.816256   0.994482  0.692209  ...  1683.0  0.845839  2.477765e+01
[SWaT_canon:TranAD] 42  0.810970   0.996270  0.683797  ...  1729.0  0.841721  5.170923e+01
[SWaT_canon:TranAD] 43  0.000000   0.000000  0.000000  ...  5468.0  0.500000  2.392765e+16
[SWaT_canon:TranAD] 44  0.000000   0.000000  0.000000  ...  5468.0  0.500000  2.739641e+02
[SWaT_canon:TranAD] 45  0.000000   0.000000  0.000000  ...  5468.0  0.500000  1.396155e+02
[SWaT_canon:TranAD] 46  0.000000   0.000000  0.000000  ...  5468.0  0.500000  2.672957e+02
[SWaT_canon:TranAD] 47  0.129349   0.900709  0.069678  ...  5087.0  0.534308  1.057097e+02
[SWaT_canon:TranAD] 48  0.000000   0.000000  0.000000  ...  5468.0  0.499317  8.036766e-04
[SWaT_canon:TranAD] 49  0.171542   0.595005  0.100219  ...  4920.0  0.545391  5.298782e+00
[SWaT_canon:TranAD] 50  0.039978   0.485106  0.020849  ...  5354.0  0.508894  1.178120e-03
[SWaT_canon:TranAD] 
[SWaT_canon:TranAD] [51 rows x 9 columns]
[SWaT_canon:TranAD] {'FN': 5118,
[SWaT_canon:TranAD]  'FP': 13,
[SWaT_canon:TranAD]  'Hit@100%': 1.0,
[SWaT_canon:TranAD]  'Hit@150%': 1.0,
[SWaT_canon:TranAD]  'NDCG@100%': 1.0,
[SWaT_canon:TranAD]  'NDCG@150%': 1.0,
[SWaT_canon:TranAD]  'ROC/AUC': 0.531839932134611,
[SWaT_canon:TranAD]  'TN': 39511,
[SWaT_canon:TranAD]  'TP': 350,
[SWaT_canon:TranAD]  'f1': 0.12004685124769537,
[SWaT_canon:TranAD]  'precision': 0.9641873012620579,
[SWaT_canon:TranAD]  'recall': 0.06400877822968402,
[SWaT_canon:TranAD]  'threshold': 64.32068115671517}
[gpu] WADI_clean:TranAD heartbeat t+240s alloc=0.00G[gpu] SWaT_canon:USAD heartbeat t+240s alloc=0.00G

[gpu] SWaT_canon:USAD heartbeat t+240s alloc=0.00G
[gpu] SWaT_canon:USAD heartbeat t+240s alloc=0.00G
[SWaT_canon:USAD] /root/TranAD/src/spot.py:313: RuntimeWarning: divide by zero encountered in log
[SWaT_canon:USAD]   return 1 + np.log(s).mean()
[SWaT_canon:USAD] /root/TranAD/src/spot.py:316: RuntimeWarning: divide by zero encountered in divide
[SWaT_canon:USAD]   return np.mean(1 / s)
[SWaT_canon:USAD] /root/TranAD/src/spot.py:329: RuntimeWarning: divide by zero encountered in divide
[SWaT_canon:USAD]   jac_vs = (1 / t) * (-vs + np.mean(1 / s ** 2))
[SWaT_canon:USAD] /root/TranAD/src/spot.py:329: RuntimeWarning: invalid value encountered in scalar add
[SWaT_canon:USAD]   jac_vs = (1 / t) * (-vs + np.mean(1 / s ** 2))
[gpu] SWaT_canon:TranAD heartbeat t+240s alloc=0.00G
[gpu] SWaT_canon:USAD heartbeat t+240s alloc=0.00G
[gpu] SWaT_canon:TranAD heartbeat t+240s alloc=0.00G
[SWaT_canon:USAD]  97%|█████████▋| 29/30 [03:49<00:07,  7.91s/it]
[SWaT_canon:USAD] 
[SWaT_canon:USAD] Epoch 29,     L1 = 0.8671081117626188,        L2 = -0.8160918943492762
[SWaT_canon:USAD] 
[SWaT_canon:USAD]  97%|█████████▋| 29/30 [03:57<00:07,  7.91s/it]
[SWaT_canon:USAD] 100%|██████████| 30/30 [03:57<00:00,  8.02s/it]
[SWaT_canon:USAD] 100%|██████████| 30/30 [03:57<00:00,  7.93s/it]
[SWaT_canon:USAD] [1mTraining time:   237.7991 s[0m
[SWaT_canon:USAD] [95mTesting USAD on WADI[0m
[SWaT_canon:TranAD] /root/TranAD/src/spot.py:329: RuntimeWarning: overflow encountered in square
[SWaT_canon:TranAD]   jac_vs = (1 / t) * (-vs + np.mean(1 / s ** 2))
[sota] DONE TranAD_SWaT_canon_s0 rc=0 247.2s raw_ALL={'AUROC': 0.899, 'bestF1': 0.804, 'F1_at5pctFPR': 0.714, 'TPR_at5pctFPR': 0.756} raw_HARD={'AUROC': 0.678, 'bestF1': 0.21, 'F1_at5pctFPR': 0.181, 'TPR_at5pctFPR': 0.216}
[SWaT_canon:TranAD] /root/TranAD/src/spot.py:329: RuntimeWarning: overflow encountered in square
[SWaT_canon:TranAD]   jac_vs = (1 / t) * (-vs + np.mean(1 / s ** 2))
[SWaT_canon:USAD]           f1  precision    recall      TP  ...      FP      FN   ROC/AUC  threshold
[SWaT_canon:USAD] 0   0.062151   0.294118  0.034748   190.0  ...   456.0  5278.0  0.511605   4.114012
[SWaT_canon:USAD] 1   0.000000   0.000000  0.000000     0.0  ...     0.0  5468.0  0.500000  19.163063
[SWaT_canon:USAD] 2   0.830015   0.888564  0.778713  4258.0  ...   534.0  1210.0  0.882601  14.785174
[SWaT_canon:USAD] 3   0.135757   0.859275  0.073702   403.0  ...    66.0  5065.0  0.536016   4.756977
[SWaT_canon:USAD] 4   0.109787   0.978462  0.058157   318.0  ...     7.0  5150.0  0.528990   4.734400
[SWaT_canon:USAD] 5   0.124704   0.139651  0.112655   616.0  ...  3795.0  4852.0  0.508319  10.532192
[SWaT_canon:USAD] 6   0.007287   0.952380  0.003658    20.0  ...     1.0  5448.0  0.501816  15.610872
[SWaT_canon:USAD] 7   0.000000   0.000000  0.000000     0.0  ...     0.0  5468.0  0.500000  22.735002
[SWaT_canon:USAD] 8   0.127846   0.908213  0.068764   376.0  ...    38.0  5092.0  0.533901   4.135662
[SWaT_canon:USAD] 9   0.851014   0.892434  0.813277  4447.0  ...   536.0  1021.0  0.899858  15.095319
[SWaT_canon:USAD] 10  0.792853   0.763769  0.824250  4507.0  ...  1394.0   961.0  0.894490   5.697812
[SWaT_canon:USAD] 11  0.070558   0.995025  0.036576   200.0  ...     1.0  5268.0  0.518276   0.000045
[SWaT_canon:USAD] 12  0.174396   0.840442  0.097293   532.0  ...   101.0  4936.0  0.547369   4.370024
[SWaT_canon:USAD] 13  0.081388   0.995708  0.042429   232.0  ...     1.0  5236.0  0.521202   0.000060
[SWaT_canon:USAD] 14  0.133242   0.911833  0.071873   393.0  ...    38.0  5075.0  0.535456   3.223625
[SWaT_canon:USAD] 15  0.081388   0.995708  0.042429   232.0  ...     1.0  5236.0  0.521202   0.000114
[SWaT_canon:USAD] 16  0.787563   0.819909  0.757681  4143.0  ...   910.0  1325.0  0.867329   6.260352
[SWaT_canon:USAD] 17  0.839529   0.951576  0.751097  4107.0  ...   209.0  1361.0  0.872905   6.608866
[SWaT_canon:USAD] 18  0.059950   0.994118  0.030907   169.0  ...     1.0  5299.0  0.515441  13.845957
[SWaT_canon:USAD] 19  0.193495   0.665591  0.113204   619.0  ...   311.0  4849.0  0.552668  61.275339
[SWaT_canon:USAD] 20  0.872733   0.921341  0.829005  4533.0  ...   387.0   935.0  0.909607   5.530047
[SWaT_canon:USAD] 21  0.229810   0.392920  0.162399   888.0  ...  1372.0  4580.0  0.563843   5.287401
[SWaT_canon:USAD] 22  0.851513   0.906463  0.802853  4390.0  ...   453.0  1078.0  0.895696  18.203449
[SWaT_canon:USAD] 23  0.000000   0.000000  0.000000     0.0  ...     0.0  5468.0  0.500000   4.749511
[SWaT_canon:USAD] 24  0.834900   0.913138  0.769020  4205.0  ...   400.0  1263.0  0.879450   6.058617
[SWaT_canon:USAD] 25  0.000000   0.000000  0.000000     0.0  ...     0.0  5468.0  0.500000   7.401690
[SWaT_canon:USAD] 26  0.811936   0.988454  0.688917  3767.0  ...    44.0  1701.0  0.843902   6.099230
[SWaT_canon:USAD] 27  0.809627   0.994935  0.682516  3732.0  ...    19.0  1736.0  0.841018  24.218774
[SWaT_canon:USAD] 28  0.000000   0.000000  0.000000     0.0  ...     0.0  5468.0  0.500000  96.135043
[SWaT_canon:USAD] 29  0.070558   0.995025  0.036576   200.0  ...     1.0  5268.0  0.518276   0.000076
[SWaT_canon:USAD] 30  0.801615   0.997821  0.669898  3663.0  ...     8.0  1805.0  0.834848   4.786082
[SWaT_canon:USAD] 31  0.000000   0.000000  0.000000     0.0  ...     6.0  5468.0  0.499924   4.863852
[SWaT_canon:USAD] 32  0.070558   0.995025  0.036576   200.0  ...     1.0  5268.0  0.518276   0.000085
[SWaT_canon:USAD] 33  0.810970   0.996270  0.683797  3739.0  ...    14.0  1729.0  0.841721   4.774772
[SWaT_canon:USAD] 34  0.791150   0.938504  0.683797  3739.0  ...   245.0  1729.0  0.838799  19.514627
[SWaT_canon:USAD] 35  0.808037   0.987844  0.683614  3738.0  ...    46.0  1730.0  0.841225   5.683427
[SWaT_canon:USAD] 36  0.035772   0.109040  0.021397   117.0  ...   956.0  5351.0  0.498605   5.981813
[SWaT_canon:USAD] 37  0.014143   0.829787  0.007132    39.0  ...     8.0  5429.0  0.503465  23.064952
[SWaT_canon:USAD] 38  0.801920   0.997551  0.670446  3666.0  ...     9.0  1802.0  0.835109  23.734573
[SWaT_canon:USAD] 39  0.816872   0.996315  0.692209  3785.0  ...    14.0  1683.0  0.845928  13.562030
[SWaT_canon:USAD] 40  0.816256   0.994482  0.692209  3785.0  ...    21.0  1683.0  0.845839   5.281233
[SWaT_canon:USAD] 41  0.816256   0.994482  0.692209  3785.0  ...    21.0  1683.0  0.845839  24.236609
[SWaT_canon:USAD] 42  0.810970   0.996270  0.683797  3739.0  ...    14.0  1729.0  0.841721   4.775670
[SWaT_canon:USAD] 43  0.070558   0.995025  0.036576   200.0  ...     1.0  5268.0  0.518276   0.000076
[SWaT_canon:USAD] 44  0.816432   0.995005  0.692209  3785.0  ...    19.0  1683.0  0.845864  21.882098
[SWaT_canon:USAD] 45  0.788455   0.779925  0.797184  4359.0  ...  1230.0  1109.0  0.883032   4.631234
[SWaT_canon:USAD] 46  0.810970   0.996270  0.683797  3739.0  ...    14.0  1729.0  0.841721  24.219860
[SWaT_canon:USAD] 47  0.170052   0.560901  0.100219   548.0  ...   429.0  4920.0  0.544683   6.946160
[SWaT_canon:USAD] 48  0.070558   0.995025  0.036576   200.0  ...     1.0  5268.0  0.518276   0.000061
[SWaT_canon:USAD] 49  0.171542   0.595005  0.100219   548.0  ...   373.0  4920.0  0.545391   5.310128
[SWaT_canon:USAD] 50  0.070558   0.995025  0.036576   200.0  ...     1.0  5268.0  0.518276   0.000059
[SWaT_canon:USAD] 
[SWaT_canon:USAD] [51 rows x 9 columns]
[SWaT_canon:USAD] {'FN': 989,
[SWaT_canon:USAD]  'FP': 356,
[SWaT_canon:USAD]  'Hit@100%': 1.0,
[SWaT_canon:USAD]  'Hit@150%': 1.0,
[SWaT_canon:USAD]  'NDCG@100%': 1.0,
[SWaT_canon:USAD]  'NDCG@150%': 1.0,
[SWaT_canon:USAD]  'ROC/AUC': 0.9050611475534723,
[SWaT_canon:USAD]  'TN': 39168,
[SWaT_canon:USAD]  'TP': 4479,
[SWaT_canon:USAD]  'f1': 0.8694505156126847,
[SWaT_canon:USAD]  'precision': 0.926370215250527,
[SWaT_canon:USAD]  'recall': 0.8191294791164421,
[SWaT_canon:USAD]  'threshold': 7.127597954935541}
[WADI_clean:TranAD] /root/TranAD/src/spot.py:313: RuntimeWarning: divide by zero encountered in log
[WADI_clean:TranAD]   return 1 + np.log(s).mean()
[WADI_clean:TranAD] /root/TranAD/src/spot.py:316: RuntimeWarning: divide by zero encountered in divide
[WADI_clean:TranAD]   return np.mean(1 / s)
[WADI_clean:TranAD] /root/TranAD/src/spot.py:329: RuntimeWarning: divide by zero encountered in divide
[WADI_clean:TranAD]   jac_vs = (1 / t) * (-vs + np.mean(1 / s ** 2))
[WADI_clean:TranAD] /root/TranAD/src/spot.py:329: RuntimeWarning: invalid value encountered in scalar add
[WADI_clean:TranAD]   jac_vs = (1 / t) * (-vs + np.mean(1 / s ** 2))
[WADI_clean:TranAD] /root/TranAD/src/spot.py:313: RuntimeWarning: divide by zero encountered in log
[WADI_clean:TranAD]   return 1 + np.log(s).mean()
[WADI_clean:TranAD] /root/TranAD/src/spot.py:316: RuntimeWarning: divide by zero encountered in divide
[WADI_clean:TranAD]   return np.mean(1 / s)
[WADI_clean:TranAD] /root/TranAD/src/spot.py:329: RuntimeWarning: divide by zero encountered in divide
[WADI_clean:TranAD]   jac_vs = (1 / t) * (-vs + np.mean(1 / s ** 2))
[WADI_clean:TranAD] /root/TranAD/src/spot.py:329: RuntimeWarning: invalid value encountered in scalar add
[WADI_clean:TranAD]   jac_vs = (1 / t) * (-vs + np.mean(1 / s ** 2))
[SWaT_canon:TranAD]           f1  precision    recall  ...      FN   ROC/AUC     threshold
[SWaT_canon:TranAD] 0   0.128921   0.889930  0.069495  ...  5088.0  0.534153  2.998866e+00
[SWaT_canon:TranAD] 1   0.000000   0.000000  0.000000  ...  5468.0  0.500000  1.538286e+01
[SWaT_canon:TranAD] 2   0.129955   0.730337  0.071324  ...  5078.0  0.533840  5.042265e+01
[SWaT_canon:TranAD] 3   0.058032   0.891304  0.029993  ...  5304.0  0.514743  3.760175e+00
[SWaT_canon:TranAD] 4   0.109787   0.978462  0.058157  ...  5150.0  0.528990  3.148982e+01
[SWaT_canon:TranAD] 5   0.159544   0.578286  0.092538  ...  4962.0  0.541601  1.055105e+01
[SWaT_canon:TranAD] 6   0.007287   0.952380  0.003658  ...  5448.0  0.501816  1.350129e+01
[SWaT_canon:TranAD] 7   0.000000   0.000000  0.000000  ...  5468.0  0.500000  2.017119e+01
[SWaT_canon:TranAD] 8   0.091382   0.913194  0.048098  ...  5205.0  0.523733  3.129743e+00
[SWaT_canon:TranAD] 9   0.822549   0.965730  0.716350  ...  1551.0  0.856416  5.668289e+01
[SWaT_canon:TranAD] 10  0.186203   0.812147  0.105157  ...  4893.0  0.550896  4.775782e+00
[SWaT_canon:TranAD] 11  0.000000   0.000000  0.000000  ...  5468.0  0.500000  3.593387e-04
[SWaT_canon:TranAD] 12  0.098144   0.946488  0.051756  ...  5185.0  0.525675  3.118366e+00
[SWaT_canon:TranAD] 13  0.077557   0.956710  0.040417  ...  5247.0  0.520082  2.370164e-04
[SWaT_canon:TranAD] 14  0.053399   1.000000  0.027432  ...  5318.0  0.513716  4.400130e+00
[SWaT_canon:TranAD] 15  0.011636   1.000000  0.005852  ...  5436.0  0.502926  4.403498e-04
[SWaT_canon:TranAD] 16  0.000000   0.000000  0.000000  ...  5468.0  0.500000  1.781028e+02
[SWaT_canon:TranAD] 17  0.067090   0.969388  0.034748  ...  5278.0  0.517298  5.188341e+00
[SWaT_canon:TranAD] 18  0.000000   0.000000  0.000000  ...  5468.0  0.500000  7.051553e+01
[SWaT_canon:TranAD] 19  0.169528   0.745014  0.095647  ...  4945.0  0.545559  6.078292e+01
[SWaT_canon:TranAD] 20  0.815529   0.994214  0.691295  ...  1688.0  0.845369  1.911203e+01
[SWaT_canon:TranAD] 21  0.231760   0.775234  0.136247  ...  4723.0  0.565391  1.065295e+02
[SWaT_canon:TranAD] 22  0.000000   0.000000  0.000000  ...  5468.0  0.500000  2.727126e+01
[SWaT_canon:TranAD] 23  0.000000   0.000000  0.000000  ...  5468.0  0.500000  4.767016e+02
[SWaT_canon:TranAD] 24  0.792402   0.999165  0.656547  ...  1878.0  0.828236  5.494741e+00
[SWaT_canon:TranAD] 25  0.000000   0.000000  0.000000  ...  5468.0  0.500000  7.482763e+00
[SWaT_canon:TranAD] 26  0.808911   0.990461  0.683614  ...  1730.0  0.841351  1.444928e+01
[SWaT_canon:TranAD] 27  0.820899   0.993249  0.699525  ...  1643.0  0.849433  1.196987e+01
[SWaT_canon:TranAD] 28  0.000000   0.000000  0.000000  ...  5468.0  0.500000  6.657427e+01
[SWaT_canon:TranAD] 29  0.016989   0.723077  0.008595  ...  5421.0  0.504070  1.975053e-04
[SWaT_canon:TranAD] 30  0.801615   0.997821  0.669898  ...  1805.0  0.834848  5.292880e+01
[SWaT_canon:TranAD] 31  0.000000   0.000000  0.000000  ...  5468.0  0.499924  2.714814e+03
[SWaT_canon:TranAD] 32  0.000000   0.000000  0.000000  ...  5468.0  0.500000  7.481774e-04
[SWaT_canon:TranAD] 33  0.810970   0.996270  0.683797  ...  1729.0  0.841721  2.758685e+01
[SWaT_canon:TranAD] 34  0.000000   0.000000  0.000000  ...  5468.0  0.500000  9.995683e+01
[SWaT_canon:TranAD] 35  0.809612   0.992565  0.683614  ...  1730.0  0.841453  1.290578e+01
[SWaT_canon:TranAD] 36  0.024325   0.336585  0.012619  ...  5399.0  0.504589  9.479746e+00
[SWaT_canon:TranAD] 37  0.014151   0.886363  0.007132  ...  5429.0  0.503503  3.712461e+02
[SWaT_canon:TranAD] 38  0.791965   0.997777  0.656547  ...  1878.0  0.828172  2.794782e+02
[SWaT_canon:TranAD] 39  0.792665   1.000000  0.656547  ...  1878.0  0.828274  2.642149e+02
[SWaT_canon:TranAD] 40  0.791965   0.997777  0.656547  ...  1878.0  0.828172  2.765882e+02
[SWaT_canon:TranAD] 41  0.816256   0.994482  0.692209  ...  1683.0  0.845839  2.473703e+01
[SWaT_canon:TranAD] 42  0.810970   0.996270  0.683797  ...  1729.0  0.841721  5.241173e+01
[SWaT_canon:TranAD] 43  0.059875   0.954802  0.030907  ...  5299.0  0.515352  3.636437e-04
[SWaT_canon:TranAD] 44  0.000000   0.000000  0.000000  ...  5468.0  0.500000  2.739641e+02
[SWaT_canon:TranAD] 45  0.000000   0.000000  0.000000  ...  5468.0  0.500000  1.362019e+02
[SWaT_canon:TranAD] 46  0.000000   0.000000  0.000000  ...  5468.0  0.500000  2.672957e+02
[SWaT_canon:TranAD] 47  0.129349   0.900709  0.069678  ...  5087.0  0.534308  1.057097e+02
[SWaT_canon:TranAD] 48  0.000000   0.000000  0.000000  ...  5468.0  0.500000  1.523196e+13
[SWaT_canon:TranAD] 49  0.145737   0.993072  0.078639  ...  5038.0  0.539282  9.673153e+01
[SWaT_canon:TranAD] 50  0.000000   0.000000  0.000000  ...  5468.0  0.499924  2.776530e-03
[SWaT_canon:TranAD] 
[SWaT_canon:TranAD] [51 rows x 9 columns]
[SWaT_canon:TranAD] {'FN': 5118,
[SWaT_canon:TranAD]  'FP': 13,
[SWaT_canon:TranAD]  'Hit@100%': 1.0,
[SWaT_canon:TranAD]  'Hit@150%': 1.0,
[SWaT_canon:TranAD]  'NDCG@100%': 1.0,
[SWaT_canon:TranAD]  'NDCG@150%': 1.0,
[SWaT_canon:TranAD]  'ROC/AUC': 0.531839932134611,
[SWaT_canon:TranAD]  'TN': 39511,
[SWaT_canon:TranAD]  'TP': 350,
[SWaT_canon:TranAD]  'f1': 0.12004685124769537,
[SWaT_canon:TranAD]  'precision': 0.9641873012620579,
[SWaT_canon:TranAD]  'recall': 0.06400877822968402,
[SWaT_canon:TranAD]  'threshold': 64.38320175670056}
[sota] DONE USAD_SWaT_canon_s1 rc=0 255.7s raw_ALL={'AUROC': 0.897, 'bestF1': 0.803, 'F1_at5pctFPR': 0.713, 'TPR_at5pctFPR': 0.754} raw_HARD={'AUROC': 0.671, 'bestF1': 0.198, 'F1_at5pctFPR': 0.176, 'TPR_at5pctFPR': 0.21}
[WADI_clean:TranAD]            f1  precision    recall     TP  ...    FP     FN   ROC/AUC     threshold
[WADI_clean:TranAD] 0    0.296926   0.994286  0.174524  174.0  ...   1.0  823.0  0.587231  2.944301e+01
[WADI_clean:TranAD] 1    0.130962   0.972222  0.070211   70.0  ...   2.0  927.0  0.535044  9.354744e+01
[WADI_clean:TranAD] 2    0.000000   0.000000  0.000000    0.0  ...   1.0  997.0  0.499969  3.538799e+01
[WADI_clean:TranAD] 3    0.000000   0.000000  0.000000    0.0  ...   1.0  997.0  0.499969  2.677788e+01
[WADI_clean:TranAD] 4    0.000000   0.000000  0.000000    0.0  ...  36.0  997.0  0.498895  4.456131e+00
[WADI_clean:TranAD] ..        ...        ...       ...    ...  ...   ...    ...       ...           ...
[WADI_clean:TranAD] 117  0.000000   0.000000  0.000000    0.0  ...   0.0  997.0  0.500000  6.018029e+10
[WADI_clean:TranAD] 118  0.000000   0.000000  0.000000    0.0  ...   0.0  997.0  0.500000  4.115737e+06
[WADI_clean:TranAD] 119  0.000000   0.000000  0.000000    0.0  ...   4.0  997.0  0.499877  8.713960e+01
[WADI_clean:TranAD] 120  0.017892   0.999999  0.009027    9.0  ...   0.0  988.0  0.504514  5.545675e-06
[WADI_clean:TranAD] 121  0.398765   0.857616  0.259779  259.0  ...  43.0  738.0  0.628569  6.926117e+00
[WADI_clean:TranAD] 
[WADI_clean:TranAD] [122 rows x 9 columns]
[WADI_clean:TranAD] {'FN': 997,
[WADI_clean:TranAD]  'FP': 17,
[WADI_clean:TranAD]  'Hit@100%': 1.0,
[WADI_clean:TranAD]  'Hit@150%': 1.0,
[WADI_clean:TranAD]  'NDCG@100%': 1.0000000000000002,
[WADI_clean:TranAD]  'NDCG@150%': 1.0000000000000002,
[WADI_clean:TranAD]  'ROC/AUC': 0.4994780152296733,
[WADI_clean:TranAD]  'TN': 16267,
[WADI_clean:TranAD]  'TP': 0,
[WADI_clean:TranAD]  'f1': 0.0,
[WADI_clean:TranAD]  'precision': 0.0,
[WADI_clean:TranAD]  'recall': 0.0,
[WADI_clean:TranAD]  'threshold': 7.699090473718505}
[SWaT_canon:USAD] /root/TranAD/src/spot.py:329: RuntimeWarning: overflow encountered in square
[SWaT_canon:USAD]   jac_vs = (1 / t) * (-vs + np.mean(1 / s ** 2))
[SWaT_canon:TranAD]  80%|████████  | 4/5 [03:16<00:49, 49.85s/it]
[SWaT_canon:TranAD] 
[SWaT_canon:TranAD] Epoch 4,    L1 = 0.7020719089666329
[SWaT_canon:TranAD] 
[SWaT_canon:TranAD]  80%|████████  | 4/5 [04:08<00:49, 49.85s/it]
[SWaT_canon:TranAD] 100%|██████████| 5/5 [04:08<00:00, 50.71s/it]
[SWaT_canon:TranAD] 100%|██████████| 5/5 [04:08<00:00, 49.70s/it]
[SWaT_canon:TranAD] [1mTraining time:   248.5080 s[0m
[WADI_clean:TranAD] /root/TranAD/src/spot.py:313: RuntimeWarning: divide by zero encountered in log
[WADI_clean:TranAD]   return 1 + np.log(s).mean()
[WADI_clean:TranAD] /root/TranAD/src/spot.py:316: RuntimeWarning: divide by zero encountered in divide
[WADI_clean:TranAD]   return np.mean(1 / s)
[WADI_clean:TranAD] /root/TranAD/src/spot.py:329: RuntimeWarning: divide by zero encountered in divide
[WADI_clean:TranAD]   jac_vs = (1 / t) * (-vs + np.mean(1 / s ** 2))
[WADI_clean:TranAD] /root/TranAD/src/spot.py:329: RuntimeWarning: invalid value encountered in scalar add
[WADI_clean:TranAD]   jac_vs = (1 / t) * (-vs + np.mean(1 / s ** 2))
[SWaT_canon:TranAD] [95mTesting TranAD on WADI[0m
[SWaT_canon:TranAD]           f1  precision    recall  ...      FN   ROC/AUC     threshold
[SWaT_canon:TranAD] 0   0.015922   0.745763  0.008047  ...  5424.0  0.503834  4.671414e+00
[SWaT_canon:TranAD] 1   0.042210   0.959350  0.021580  ...  5350.0  0.510727  1.525269e+01
[SWaT_canon:TranAD] 2   0.797362   0.996435  0.664594  ...  1834.0  0.832133  5.042264e+01
[SWaT_canon:TranAD] 3   0.025116   0.660377  0.012802  ...  5398.0  0.505945  3.193682e+00
[SWaT_canon:TranAD] 4   0.109787   0.978462  0.058157  ...  5150.0  0.528990  3.148962e+01
[SWaT_canon:TranAD] 5   0.116395   0.437947  0.067118  ...  5101.0  0.527600  1.059973e+01
[SWaT_canon:TranAD] 6   0.007287   0.952380  0.003658  ...  5448.0  0.501816  1.365132e+01
[SWaT_canon:TranAD] 7   0.000000   0.000000  0.000000  ...  5468.0  0.500000  2.011050e+01
[SWaT_canon:TranAD] 8   0.000000   0.000000  0.000000  ...  5468.0  0.500000  7.704588e+11
[SWaT_canon:TranAD] 9   0.799735   0.979841  0.675567  ...  1774.0  0.836822  5.668287e+01
[SWaT_canon:TranAD] 10  0.057935   0.562290  0.030541  ...  5301.0  0.513626  3.725272e+00
[SWaT_canon:TranAD] 11  0.007287   0.952380  0.003658  ...  5448.0  0.501816  1.690270e-03
[SWaT_canon:TranAD] 12  0.024540   0.918919  0.012436  ...  5400.0  0.506142  3.034430e+00
[SWaT_canon:TranAD] 13  0.075827   0.612188  0.040417  ...  5247.0  0.518437  2.906680e-04
[SWaT_canon:TranAD] 14  0.017353   0.750000  0.008778  ...  5420.0  0.504187  2.778712e+00
[SWaT_canon:TranAD] 15  0.076536   0.719870  0.040417  ...  5247.0  0.519121  3.448506e-04
[SWaT_canon:TranAD] 16  0.000000   0.000000  0.000000  ...  5468.0  0.500000  6.042447e+02
[SWaT_canon:TranAD] 17  0.000000   0.000000  0.000000  ...  5468.0  0.500000  8.339492e+08
[SWaT_canon:TranAD] 18  0.000000   0.000000  0.000000  ...  5468.0  0.500000  7.051553e+01
[SWaT_canon:TranAD] 19  0.169171   0.731469  0.095647  ...  4945.0  0.545395  6.075569e+01
[SWaT_canon:TranAD] 20  0.790309   0.992535  0.656547  ...  1878.0  0.827932  1.912797e+01
[SWaT_canon:TranAD] 21  0.000000   0.000000  0.000000  ...  5468.0  0.500000  1.080103e+02
[SWaT_canon:TranAD] 22  0.000000   0.000000  0.000000  ...  5468.0  0.500000  2.679532e+01
[SWaT_canon:TranAD] 23  0.000000   0.000000  0.000000  ...  5468.0  0.500000  1.295671e+01
[SWaT_canon:TranAD] 24  0.025448   0.633929  0.012985  ...  5397.0  0.505974  5.103087e+00
[SWaT_canon:TranAD] 25  0.000000   0.000000  0.000000  ...  5468.0  0.500000  7.611039e+00
[SWaT_canon:TranAD] 26  0.808561   0.989412  0.683614  ...  1730.0  0.841301  1.454058e+01
[SWaT_canon:TranAD] 27  0.809627   0.994935  0.682516  ...  1736.0  0.841018  2.404153e+01
[SWaT_canon:TranAD] 28  0.000000   0.000000  0.000000  ...  5468.0  0.500000  6.657427e+01
[SWaT_canon:TranAD] 29  0.007274   0.645161  0.003658  ...  5448.0  0.501690  1.648485e-04
[SWaT_canon:TranAD] 30  0.801615   0.997821  0.669898  ...  1805.0  0.834848  1.140715e+01
[SWaT_canon:TranAD] 31  0.000000   0.000000  0.000000  ...  5468.0  0.499924  7.460734e+01
[SWaT_canon:TranAD] 32  0.091368   0.981273  0.047915  ...  5206.0  0.523894  6.180761e-04
[SWaT_canon:TranAD] 33  0.810970   0.996270  0.683797  ...  1729.0  0.841721  2.668193e+01
[SWaT_canon:TranAD] 34  0.000000   0.000000  0.000000  ...  5468.0  0.500000  8.503429e+01
[SWaT_canon:TranAD] 35  0.809436   0.992038  0.683614  ...  1730.0  0.841427  1.281381e+01
[SWaT_canon:TranAD] 36  0.024347   0.345000  0.012619  ...  5399.0  0.504652  9.486949e+00
[SWaT_canon:TranAD] 37  0.014151   0.886363  0.007132  ...  5429.0  0.503503  3.749432e+02
[SWaT_canon:TranAD] 38  0.791965   0.997777  0.656547  ...  1878.0  0.828172  2.794782e+02
[SWaT_canon:TranAD] 39  0.792665   1.000000  0.656547  ...  1878.0  0.828274  2.642149e+02
[SWaT_canon:TranAD] 40  0.791965   0.997777  0.656547  ...  1878.0  0.828172  2.765882e+02
[SWaT_canon:TranAD] 41  0.816256   0.994482  0.692209  ...  1683.0  0.845839  2.405786e+01
[SWaT_canon:TranAD] 42  0.810970   0.996270  0.683797  ...  1729.0  0.841721  1.260855e+01
[SWaT_canon:TranAD] 43  0.000000   0.000000  0.000000  ...  5468.0  0.500000  2.994015e+12
[SWaT_canon:TranAD] 44  0.000000   0.000000  0.000000  ...  5468.0  0.500000  2.739641e+02
[SWaT_canon:TranAD] 45  0.000000   0.000000  0.000000  ...  5468.0  0.500000  1.199949e+02
[SWaT_canon:TranAD] 46  0.000000   0.000000  0.000000  ...  5468.0  0.500000  2.672957e+02
[SWaT_canon:TranAD] 47  0.159678   0.921002  0.087418  ...  4990.0  0.543190  1.057372e+02
[SWaT_canon:TranAD] 48  0.007286   0.909090  0.003658  ...  5448.0  0.501804  2.096092e-04
[SWaT_canon:TranAD] 49  0.091749   0.992453  0.048098  ...  5205.0  0.524024  9.686176e+01
[SWaT_canon:TranAD] 50  0.000000   0.000000  0.000000  ...  5468.0  0.500000  2.347906e+15
[SWaT_canon:TranAD] 
[SWaT_canon:TranAD] [51 rows x 9 columns]
[SWaT_canon:TranAD] {'FN': 5118,
[SWaT_canon:TranAD]  'FP': 13,
[SWaT_canon:TranAD]  'Hit@100%': 1.0,
[SWaT_canon:TranAD]  'Hit@150%': 1.0,
[SWaT_canon:TranAD]  'NDCG@100%': 1.0,
[SWaT_canon:TranAD]  'NDCG@150%': 1.0,
[SWaT_canon:TranAD]  'ROC/AUC': 0.531839932134611,
[SWaT_canon:TranAD]  'TN': 39511,
[SWaT_canon:TranAD]  'TP': 350,
[SWaT_canon:TranAD]  'f1': 0.12004685124769537,
[SWaT_canon:TranAD]  'precision': 0.9641873012620579,
[SWaT_canon:TranAD]  'recall': 0.06400877822968402,
[SWaT_canon:TranAD]  'threshold': 64.38547884292717}
[SWaT_canon:USAD] /root/TranAD/src/spot.py:329: RuntimeWarning: overflow encountered in square
[SWaT_canon:USAD]   jac_vs = (1 / t) * (-vs + np.mean(1 / s ** 2))
[WADI_clean:TranAD] /root/TranAD/src/spot.py:313: RuntimeWarning: divide by zero encountered in log
[WADI_clean:TranAD]   return 1 + np.log(s).mean()[SWaT_canon:USAD] /root/TranAD/src/spot.py:329: RuntimeWarning: overflow encountered in square
[WADI_clean:TranAD] /root/TranAD/src/spot.py:316: RuntimeWarning: divide by zero encountered in divide
[WADI_clean:TranAD]   return np.mean(1 / s)
[WADI_clean:TranAD] /root/TranAD/src/spot.py:329: RuntimeWarning: divide by zero encountered in divide
[WADI_clean:TranAD]   jac_vs = (1 / t) * (-vs + np.mean(1 / s ** 2))
[WADI_clean:TranAD] /root/TranAD/src/spot.py:329: RuntimeWarning: invalid value encountered in scalar add
[WADI_clean:TranAD]   jac_vs = (1 / t) * (-vs + np.mean(1 / s ** 2))

[SWaT_canon:USAD]   jac_vs = (1 / t) * (-vs + np.mean(1 / s ** 2))
[SWaT_canon:USAD] /root/TranAD/src/spot.py:329: RuntimeWarning: overflow encountered in square
[SWaT_canon:USAD]   jac_vs = (1 / t) * (-vs + np.mean(1 / s ** 2))
[WADI_clean:TranAD] /root/TranAD/src/spot.py:313: RuntimeWarning: divide by zero encountered in log
[WADI_clean:TranAD]   return 1 + np.log(s).mean()
[WADI_clean:TranAD] /root/TranAD/src/spot.py:316: RuntimeWarning: divide by zero encountered in divide
[WADI_clean:TranAD]   return np.mean(1 / s)
[WADI_clean:TranAD] /root/TranAD/src/spot.py:329: RuntimeWarning: divide by zero encountered in divide
[WADI_clean:TranAD]   jac_vs = (1 / t) * (-vs + np.mean(1 / s ** 2))
[WADI_clean:TranAD] /root/TranAD/src/spot.py:329: RuntimeWarning: invalid value encountered in scalar add
[WADI_clean:TranAD]   jac_vs = (1 / t) * (-vs + np.mean(1 / s ** 2))
[sota] DONE TranAD_SWaT_canon_s2 rc=0 259.6s raw_ALL={'AUROC': 0.9, 'bestF1': 0.804, 'F1_at5pctFPR': 0.715, 'TPR_at5pctFPR': 0.758} raw_HARD={'AUROC': 0.679, 'bestF1': 0.21, 'F1_at5pctFPR': 0.186, 'TPR_at5pctFPR': 0.222}
[WADI_clean:TranAD]  80%|████████  | 4/5 [03:23<00:50, 50.60s/it]
[WADI_clean:TranAD] 
[WADI_clean:TranAD] Epoch 4,    L1 = 0.42225426683418127
[WADI_clean:TranAD] 
[WADI_clean:TranAD]  80%|████████  | 4/5 [04:14<00:50, 50.60s/it]
[WADI_clean:TranAD] 100%|██████████| 5/5 [04:14<00:00, 50.49s/it]
[WADI_clean:TranAD] 100%|██████████| 5/5 [04:14<00:00, 50.84s/it]
[WADI_clean:TranAD] [1mTraining time:   254.2127 s[0m
[WADI_clean:TranAD] [95mTesting TranAD on WADI[0m
[sota] DONE TranAD_WADI_clean_s3 rc=0 263.6s raw_ALL={'AUROC': 0.804, 'bestF1': 0.418, 'F1_at5pctFPR': 0.394, 'TPR_at5pctFPR': 0.445} raw_HARD={'AUROC': 0.741, 'bestF1': 0.234, 'F1_at5pctFPR': 0.163, 'TPR_at5pctFPR': 0.255}
[sota] DONE TranAD_SWaT_canon_s3 rc=0 264.0s raw_ALL={'AUROC': 0.899, 'bestF1': 0.804, 'F1_at5pctFPR': 0.716, 'TPR_at5pctFPR': 0.759} raw_HARD={'AUROC': 0.676, 'bestF1': 0.227, 'F1_at5pctFPR': 0.187, 'TPR_at5pctFPR': 0.224}
[WADI_clean:TranAD] /root/TranAD/src/spot.py:313: RuntimeWarning: divide by zero encountered in log
[WADI_clean:TranAD]   return 1 + np.log(s).mean()
[WADI_clean:TranAD] /root/TranAD/src/spot.py:316: RuntimeWarning: divide by zero encountered in divide
[WADI_clean:TranAD]   return np.mean(1 / s)
[WADI_clean:TranAD] /root/TranAD/src/spot.py:329: RuntimeWarning: divide by zero encountered in divide
[WADI_clean:TranAD]   jac_vs = (1 / t) * (-vs + np.mean(1 / s ** 2))
[WADI_clean:TranAD] /root/TranAD/src/spot.py:329: RuntimeWarning: invalid value encountered in scalar add
[WADI_clean:TranAD]   jac_vs = (1 / t) * (-vs + np.mean(1 / s ** 2))
[WADI_clean:TranAD] /root/TranAD/src/spot.py:313: RuntimeWarning: divide by zero encountered in log
[WADI_clean:TranAD]   return 1 + np.log(s).mean()
[WADI_clean:TranAD] /root/TranAD/src/spot.py:316: RuntimeWarning: divide by zero encountered in divide
[WADI_clean:TranAD]   return np.mean(1 / s)
[WADI_clean:TranAD] /root/TranAD/src/spot.py:329: RuntimeWarning: divide by zero encountered in divide
[WADI_clean:TranAD]   jac_vs = (1 / t) * (-vs + np.mean(1 / s ** 2))
[WADI_clean:TranAD] /root/TranAD/src/spot.py:329: RuntimeWarning: invalid value encountered in scalar add
[WADI_clean:TranAD]   jac_vs = (1 / t) * (-vs + np.mean(1 / s ** 2))
[WADI_clean:TranAD] /root/TranAD/src/spot.py:313: RuntimeWarning: divide by zero encountered in log
[WADI_clean:TranAD]   return 1 + np.log(s).mean()
[WADI_clean:TranAD] /root/TranAD/src/spot.py:316: RuntimeWarning: divide by zero encountered in divide
[WADI_clean:TranAD]   return np.mean(1 / s)
[WADI_clean:TranAD] /root/TranAD/src/spot.py:329: RuntimeWarning: divide by zero encountered in divide
[WADI_clean:TranAD]   jac_vs = (1 / t) * (-vs + np.mean(1 / s ** 2))
[WADI_clean:TranAD] /root/TranAD/src/spot.py:329: RuntimeWarning: invalid value encountered in scalar add
[WADI_clean:TranAD]   jac_vs = (1 / t) * (-vs + np.mean(1 / s ** 2))
[WADI_clean:TranAD]            f1  precision    recall     TP  ...    FP     FN   ROC/AUC     threshold
[WADI_clean:TranAD] 0    0.296926   0.994286  0.174524  174.0  ...   1.0  823.0  0.587231  2.721952e+01
[WADI_clean:TranAD] 1    0.130962   0.972222  0.070211   70.0  ...   2.0  927.0  0.535044  9.493088e+01
[WADI_clean:TranAD] 2    0.000000   0.000000  0.000000    0.0  ...   1.0  997.0  0.499969  3.466633e+01
[WADI_clean:TranAD] 3    0.000000   0.000000  0.000000    0.0  ...   1.0  997.0  0.499969  2.677788e+01
[WADI_clean:TranAD] 4    0.000000   0.000000  0.000000    0.0  ...   0.0  997.0  0.500000  1.062134e+07
[WADI_clean:TranAD] ..        ...        ...       ...    ...  ...   ...    ...       ...           ...
[WADI_clean:TranAD] 117  0.000000   0.000000  0.000000    0.0  ...   0.0  997.0  0.500000  7.003705e+14
[WADI_clean:TranAD] 118  0.000000   0.000000  0.000000    0.0  ...   0.0  997.0  0.500000  2.047426e-04
[WADI_clean:TranAD] 119  0.000000   0.000000  0.000000    0.0  ...   3.0  997.0  0.499908  8.583291e+01
[WADI_clean:TranAD] 120  0.000000   0.000000  0.000000    0.0  ...   0.0  997.0  0.500000  7.424672e+17
[WADI_clean:TranAD] 121  0.396627   0.838188  0.259779  259.0  ...  50.0  738.0  0.628354  6.926117e+00
[WADI_clean:TranAD] 
[WADI_clean:TranAD] [122 rows x 9 columns]
[WADI_clean:TranAD] {'FN': 997,
[WADI_clean:TranAD]  'FP': 18,
[WADI_clean:TranAD]  'Hit@100%': 1.0,
[WADI_clean:TranAD]  'Hit@150%': 1.0,
[WADI_clean:TranAD]  'NDCG@100%': 1.0000000000000004,
[WADI_clean:TranAD]  'NDCG@150%': 1.0000000000000004,
[WADI_clean:TranAD]  'ROC/AUC': 0.4994473102431835,
[WADI_clean:TranAD]  'TN': 16266,
[WADI_clean:TranAD]  'TP': 0,
[WADI_clean:TranAD]  'f1': 0.0,
[WADI_clean:TranAD]  'precision': 0.0,
[WADI_clean:TranAD]  'recall': 0.0,
[WADI_clean:TranAD]  'threshold': 7.652614803222026}
[WADI_clean:TranAD] /root/TranAD/src/spot.py:329: RuntimeWarning: overflow encountered in square
[WADI_clean:TranAD]   jac_vs = (1 / t) * (-vs + np.mean(1 / s ** 2))
[WADI_clean:TranAD] /root/TranAD/src/spot.py:313: RuntimeWarning: divide by zero encountered in log
[WADI_clean:TranAD]   return 1 + np.log(s).mean()
[WADI_clean:TranAD] /root/TranAD/src/spot.py:316: RuntimeWarning: divide by zero encountered in divide
[WADI_clean:TranAD]   return np.mean(1 / s)
[WADI_clean:TranAD] /root/TranAD/src/spot.py:329: RuntimeWarning: divide by zero encountered in divide
[WADI_clean:TranAD]   jac_vs = (1 / t) * (-vs + np.mean(1 / s ** 2))
[WADI_clean:TranAD] /root/TranAD/src/spot.py:329: RuntimeWarning: invalid value encountered in scalar add
[WADI_clean:TranAD]   jac_vs = (1 / t) * (-vs + np.mean(1 / s ** 2))
[WADI_clean:TranAD] /root/TranAD/src/spot.py:313: RuntimeWarning: divide by zero encountered in log
[WADI_clean:TranAD]   return 1 + np.log(s).mean()
[WADI_clean:TranAD] /root/TranAD/src/spot.py:316: RuntimeWarning: divide by zero encountered in divide
[WADI_clean:TranAD]   return np.mean(1 / s)
[WADI_clean:TranAD] /root/TranAD/src/spot.py:329: RuntimeWarning: divide by zero encountered in divide
[WADI_clean:TranAD]   jac_vs = (1 / t) * (-vs + np.mean(1 / s ** 2))
[WADI_clean:TranAD] /root/TranAD/src/spot.py:329: RuntimeWarning: invalid value encountered in scalar add
[WADI_clean:TranAD]   jac_vs = (1 / t) * (-vs + np.mean(1 / s ** 2))
[sota] DONE TranAD_WADI_clean_s1 rc=0 276.2s raw_ALL={'AUROC': 0.801, 'bestF1': 0.403, 'F1_at5pctFPR': 0.392, 'TPR_at5pctFPR': 0.443} raw_HARD={'AUROC': 0.736, 'bestF1': 0.23, 'F1_at5pctFPR': 0.163, 'TPR_at5pctFPR': 0.255}
[SWaT_canon:USAD]           f1  precision    recall  ...      FN   ROC/AUC     threshold
[SWaT_canon:USAD] 0   0.030609   0.256484  0.016277  ...  5379.0  0.504874  3.277398e+00
[SWaT_canon:USAD] 1   0.071877   0.523573  0.038588  ...  5257.0  0.516865  5.856328e+00
[SWaT_canon:USAD] 2   0.848333   0.943971  0.770300  ...  1256.0  0.881987  1.441462e+01
[SWaT_canon:USAD] 3   0.225211   0.689139  0.134601  ...  4732.0  0.563101  5.262415e+00
[SWaT_canon:USAD] 4   0.000000   0.000000  0.000000  ...  5468.0  0.500000  8.924427e+58
[SWaT_canon:USAD] 5   0.124704   0.139651  0.112655  ...  4852.0  0.508319  1.053219e+01
[SWaT_canon:USAD] 6   0.007287   0.952380  0.003658  ...  5448.0  0.501816  1.897077e+01
[SWaT_canon:USAD] 7   0.000000   0.000000  0.000000  ...  5468.0  0.500000  2.186006e+01
[SWaT_canon:USAD] 8   0.000000   0.000000  0.000000  ...  5468.0  0.500000  1.335896e+30
[SWaT_canon:USAD] 9   0.859305   0.945542  0.787491  ...  1162.0  0.890608  1.540486e+01
[SWaT_canon:USAD] 10  0.743010   0.773447  0.714887  ...  1559.0  0.842958  6.462865e+00
[SWaT_canon:USAD] 11  0.000000   0.000000  0.000000  ...  5468.0  0.500000  6.112037e-05
[SWaT_canon:USAD] 12  0.237265   0.713761  0.142282  ...  4690.0  0.567194  5.153983e+00
[SWaT_canon:USAD] 13  0.011636   1.000000  0.005852  ...  5436.0  0.502926  3.251923e-05
[SWaT_canon:USAD] 14  0.158652   0.641192  0.090527  ...  4973.0  0.541759  3.859592e+00
[SWaT_canon:USAD] 15  0.011636   1.000000  0.005852  ...  5436.0  0.502926  3.893739e-05
[SWaT_canon:USAD] 16  0.793179   0.812584  0.774689  ...  1232.0  0.874985  6.497067e+00
[SWaT_canon:USAD] 17  0.025280   1.000000  0.012802  ...  5398.0  0.506401  7.356001e+00
[SWaT_canon:USAD] 18  0.059950   0.994118  0.030907  ...  5299.0  0.515441  1.348584e+01
[SWaT_canon:USAD] 19  0.193435   0.664163  0.113204  ...  4849.0  0.552642  6.075281e+01
[SWaT_canon:USAD] 20  0.874211   0.941350  0.816020  ...  1006.0  0.904493  5.628035e+00
[SWaT_canon:USAD] 21  0.229810   0.392920  0.162399  ...  4580.0  0.563843  5.213333e+00
[SWaT_canon:USAD] 22  0.856601   0.933362  0.791514  ...  1140.0  0.891848  2.431686e+01
[SWaT_canon:USAD] 23  0.000000   0.000000  0.000000  ...  5468.0  0.500000  6.890229e+02
[SWaT_canon:USAD] 24  0.819303   0.997115  0.695318  ...  1666.0  0.847520  6.474478e+00
[SWaT_canon:USAD] 25  0.000000   0.000000  0.000000  ...  5468.0  0.500000  8.545418e+00
[SWaT_canon:USAD] 26  0.812111   0.988973  0.688917  ...  1701.0  0.843927  6.174059e+00
[SWaT_canon:USAD] 27  0.815665   0.994997  0.691112  ...  1689.0  0.845316  2.330480e+01
[SWaT_canon:USAD] 28  0.000000   0.000000  0.000000  ...  5468.0  0.500000  9.289522e+01
[SWaT_canon:USAD] 29  0.000000   0.000000  0.000000  ...  5468.0  0.500000  6.737807e-05
[SWaT_canon:USAD] 30  0.801615   0.997821  0.669898  ...  1805.0  0.834848  2.436439e+01
[SWaT_canon:USAD] 31  0.000000   0.000000  0.000000  ...  5468.0  0.500000  4.351428e+60
[SWaT_canon:USAD] 32  0.000000   0.000000  0.000000  ...  5468.0  0.500000  8.716197e-05
[SWaT_canon:USAD] 33  0.810970   0.996270  0.683797  ...  1729.0  0.841721  2.382043e+01
[SWaT_canon:USAD] 34  0.789063   0.932652  0.683797  ...  1729.0  0.838483  1.833422e+01
[SWaT_canon:USAD] 35  0.807862   0.987322  0.683614  ...  1730.0  0.841200  5.617430e+00
[SWaT_canon:USAD] 36  0.035788   0.109346  0.021397  ...  5351.0  0.498643  6.111013e+00
[SWaT_canon:USAD] 37  0.014143   0.829787  0.007132  ...  5429.0  0.503465  2.313807e+01
[SWaT_canon:USAD] 38  0.801920   0.997551  0.670446  ...  1802.0  0.835109  2.352477e+01
[SWaT_canon:USAD] 39  0.816872   0.996315  0.692209  ...  1683.0  0.845928  1.372819e+01
[SWaT_canon:USAD] 40  0.816256   0.994482  0.692209  ...  1683.0  0.845839  2.442583e+01
[SWaT_canon:USAD] 41  0.816256   0.994482  0.692209  ...  1683.0  0.845839  2.434123e+01
[SWaT_canon:USAD] 42  0.000000   0.000000  0.000000  ...  5468.0  0.500000  1.269817e+84
[SWaT_canon:USAD] 43  0.000000   0.000000  0.000000  ...  5468.0  0.500000  8.300213e-05
[SWaT_canon:USAD] 44  0.816344   0.994744  0.692209  ...  1683.0  0.845852  1.953969e+01
[SWaT_canon:USAD] 45  0.805693   0.780425  0.832663  ...   915.0  0.900126  4.428536e+00
[SWaT_canon:USAD] 46  0.810970   0.996270  0.683797  ...  1729.0  0.841721  2.387773e+01
[SWaT_canon:USAD] 47  0.170025   0.560327  0.100219  ...  4920.0  0.544670  6.146104e+00
[SWaT_canon:USAD] 48  0.000000   0.000000  0.000000  ...  5468.0  0.500000  3.229400e-05
[SWaT_canon:USAD] 49  0.171542   0.595005  0.100219  ...  4920.0  0.545391  5.172844e+00
[SWaT_canon:USAD] 50  0.000000   0.000000  0.000000  ...  5468.0  0.500000  7.362739e-05
[SWaT_canon:USAD] 
[SWaT_canon:USAD] [51 rows x 9 columns]
[SWaT_canon:USAD] {'FN': 989,
[SWaT_canon:USAD]  'FP': 331,
[SWaT_canon:USAD]  'Hit@100%': 1.0,
[SWaT_canon:USAD]  'Hit@150%': 1.0,
[SWaT_canon:USAD]  'NDCG@100%': 1.0,
[SWaT_canon:USAD]  'NDCG@150%': 1.0,
[SWaT_canon:USAD]  'ROC/AUC': 0.9053774110895517,
[SWaT_canon:USAD]  'TN': 39193,
[SWaT_canon:USAD]  'TP': 4479,
[SWaT_canon:USAD]  'f1': 0.8715653632503962,
[SWaT_canon:USAD]  'precision': 0.9311850292490956,
[SWaT_canon:USAD]  'recall': 0.8191294791164421,
[SWaT_canon:USAD]  'threshold': 7.0450876127047435}
[WADI_clean:TranAD]            f1  precision    recall     TP  ...    FP     FN   ROC/AUC     threshold
[WADI_clean:TranAD] 0    0.296926   0.994286  0.174524  174.0  ...   1.0  823.0  0.587231  2.722614e+01
[WADI_clean:TranAD] 1    0.130474   0.921053  0.070211   70.0  ...   6.0  927.0  0.534921  8.867904e+01
[WADI_clean:TranAD] 2    0.000000   0.000000  0.000000    0.0  ...   1.0  997.0  0.499969  3.511693e+01
[WADI_clean:TranAD] 3    0.000000   0.000000  0.000000    0.0  ...   1.0  997.0  0.499969  2.677788e+01
[WADI_clean:TranAD] 4    0.000000   0.000000  0.000000    0.0  ...   0.0  997.0  0.500000  8.988481e+15
[WADI_clean:TranAD] ..        ...        ...       ...    ...  ...   ...    ...       ...           ...
[WADI_clean:TranAD] 117  0.000000   0.000000  0.000000    0.0  ...   0.0  997.0  0.500000  4.782633e+12
[WADI_clean:TranAD] 118  0.109743   0.966667  0.058175   58.0  ...   2.0  939.0  0.529026  3.353474e-04
[WADI_clean:TranAD] 119  0.000000   0.000000  0.000000    0.0  ...   4.0  997.0  0.499877  8.980510e+01
[WADI_clean:TranAD] 120  0.000000   0.000000  0.000000    0.0  ...   0.0  997.0  0.500000  5.703297e-02
[WADI_clean:TranAD] 121  0.399996   0.869127  0.259779  259.0  ...  39.0  738.0  0.628692  6.926117e+00
[WADI_clean:TranAD] 
[WADI_clean:TranAD] [122 rows x 9 columns]
[WADI_clean:TranAD] {'FN': 997,
[WADI_clean:TranAD]  'FP': 32,
[WADI_clean:TranAD]  'Hit@100%': 1.0,
[WADI_clean:TranAD]  'Hit@150%': 1.0,
[WADI_clean:TranAD]  'NDCG@100%': 1.0000000000000002,
[WADI_clean:TranAD]  'NDCG@150%': 1.0000000000000002,
[WADI_clean:TranAD]  'ROC/AUC': 0.4990174404323262,
[WADI_clean:TranAD]  'TN': 16252,
[WADI_clean:TranAD]  'TP': 0,
[WADI_clean:TranAD]  'f1': 0.0,
[WADI_clean:TranAD]  'precision': 0.0,
[WADI_clean:TranAD]  'recall': 0.0,
[WADI_clean:TranAD]  'threshold': 6.7006529579780665}
[sota] DONE USAD_SWaT_canon_s0 rc=0 270.9s raw_ALL={'AUROC': 0.899, 'bestF1': 0.803, 'F1_at5pctFPR': 0.711, 'TPR_at5pctFPR': 0.752} raw_HARD={'AUROC': 0.676, 'bestF1': 0.196, 'F1_at5pctFPR': 0.17, 'TPR_at5pctFPR': 0.201}
[sota] DONE TranAD_WADI_clean_s0 rc=0 271.9s raw_ALL={'AUROC': 0.804, 'bestF1': 0.416, 'F1_at5pctFPR': 0.401, 'TPR_at5pctFPR': 0.456} raw_HARD={'AUROC': 0.739, 'bestF1': 0.23, 'F1_at5pctFPR': 0.167, 'TPR_at5pctFPR': 0.261}
[WADI_clean:TranAD]  80%|████████  | 4/5 [03:43<00:54, 54.86s/it]
[WADI_clean:TranAD] 
[WADI_clean:TranAD] Epoch 4,    L1 = 0.42156995217912935
[WADI_clean:TranAD] 
[WADI_clean:TranAD]  80%|████████  | 4/5 [04:34<00:54, 54.86s/it]
[WADI_clean:TranAD] 100%|██████████| 5/5 [04:34<00:00, 53.41s/it]
[WADI_clean:TranAD] 100%|██████████| 5/5 [04:34<00:00, 54.87s/it]
[WADI_clean:TranAD] [1mTraining time:   274.3590 s[0m
[WADI_clean:TranAD] [95mTesting TranAD on WADI[0m
[SWaT_canon:TranAD]  80%|████████  | 4/5 [03:38<00:54, 54.50s/it]
[SWaT_canon:TranAD] 
[SWaT_canon:TranAD] Epoch 4,    L1 = 0.6967084904634543
[SWaT_canon:TranAD] 
[SWaT_canon:TranAD]  80%|████████  | 4/5 [04:32<00:54, 54.50s/it]
[SWaT_canon:TranAD] 100%|██████████| 5/5 [04:32<00:00, 54.26s/it]
[SWaT_canon:TranAD] 100%|██████████| 5/5 [04:32<00:00, 54.44s/it]
[SWaT_canon:TranAD] [1mTraining time:   272.2095 s[0m
[SWaT_canon:TranAD] [95mTesting TranAD on WADI[0m
[SWaT_canon:USAD] /root/TranAD/src/spot.py:329: RuntimeWarning: overflow encountered in square
[SWaT_canon:USAD]   jac_vs = (1 / t) * (-vs + np.mean(1 / s ** 2))
[SWaT_canon:USAD] /root/TranAD/src/spot.py:329: RuntimeWarning: overflow encountered in square
[SWaT_canon:USAD]   jac_vs = (1 / t) * (-vs + np.mean(1 / s ** 2))
[SWaT_canon:USAD] /root/TranAD/src/spot.py:329: RuntimeWarning: overflow encountered in square
[SWaT_canon:USAD]   jac_vs = (1 / t) * (-vs + np.mean(1 / s ** 2))
[SWaT_canon:USAD] /root/TranAD/src/spot.py:329: RuntimeWarning: overflow encountered in square
[SWaT_canon:USAD]   jac_vs = (1 / t) * (-vs + np.mean(1 / s ** 2))
[SWaT_canon:USAD] /root/TranAD/src/spot.py:329: RuntimeWarning: overflow encountered in square
[SWaT_canon:USAD]   jac_vs = (1 / t) * (-vs + np.mean(1 / s ** 2))
[SWaT_canon:TranAD]           f1  precision    recall  ...      FN   ROC/AUC     threshold
[SWaT_canon:TranAD] 0   0.015890   0.628571  0.008047  ...  5424.0  0.503694  4.910507e+00
[SWaT_canon:TranAD] 1   0.042210   0.959350  0.021580  ...  5350.0  0.510727  1.532128e+01
[SWaT_canon:TranAD] 2   0.069036   0.613497  0.036576  ...  5268.0  0.516694  5.042265e+01
[SWaT_canon:TranAD] 3   0.041347   0.811189  0.021214  ...  5352.0  0.510266  3.167128e+00
[SWaT_canon:TranAD] 4   0.109787   0.978462  0.058157  ...  5150.0  0.528990  3.149217e+01
[SWaT_canon:TranAD] 5   0.155217   0.603470  0.089064  ...  4981.0  0.540484  1.042186e+01
[SWaT_canon:TranAD] 6   0.007287   0.952380  0.003658  ...  5448.0  0.501816  1.415619e+01
[SWaT_canon:TranAD] 7   0.000000   0.000000  0.000000  ...  5468.0  0.500000  2.052374e+01
[SWaT_canon:TranAD] 8   0.000000   0.000000  0.000000  ...  5468.0  0.500000  1.971537e+18
[SWaT_canon:TranAD] 9   0.015936   0.814815  0.008047  ...  5424.0  0.503897  5.668303e+01
[SWaT_canon:TranAD] 10  0.132951   0.809816  0.072421  ...  5072.0  0.535034  4.114167e+00
[SWaT_canon:TranAD] 11  0.000000   0.000000  0.000000  ...  5468.0  0.500000  2.470562e+22
[SWaT_canon:TranAD] 12  0.102358   0.996622  0.053950  ...  5173.0  0.526962  3.515117e+00
[SWaT_canon:TranAD] 13  0.000000   0.000000  0.000000  ...  5468.0  0.500000  6.023041e+18
[SWaT_canon:TranAD] 14  0.011626   0.864865  0.005852  ...  5436.0  0.502863  2.453428e+00
[SWaT_canon:TranAD] 15  0.011636   1.000000  0.005852  ...  5436.0  0.502926  1.290358e+15
[SWaT_canon:TranAD] 16  0.059230   0.976608  0.030541  ...  5301.0  0.515220  6.164588e+00
[SWaT_canon:TranAD] 17  0.046205   0.817610  0.023775  ...  5338.0  0.511520  5.161587e+00
[SWaT_canon:TranAD] 18  0.000000   0.000000  0.000000  ...  5468.0  0.500000  7.051553e+01
[SWaT_canon:TranAD] 19  0.034686   0.776000  0.017740  ...  5371.0  0.508516  7.887558e+01
[SWaT_canon:TranAD] 20  0.792140   0.998331  0.656547  ...  1878.0  0.828198  1.915941e+01
[SWaT_canon:TranAD] 21  0.231760   0.775234  0.136247  ...  4723.0  0.565391  1.053116e+02
[SWaT_canon:TranAD] 22  0.000000   0.000000  0.000000  ...  5468.0  0.500000  1.922333e+13
[SWaT_canon:TranAD] 23  0.000000   0.000000  0.000000  ...  5468.0  0.500000  8.194224e+00
[SWaT_canon:TranAD] 24  0.025152   0.714286  0.012802  ...  5398.0  0.506047  5.475210e+00
[SWaT_canon:TranAD] 25  0.000000   0.000000  0.000000  ...  5468.0  0.500000  7.460549e+00
[SWaT_canon:TranAD] 26  0.808561   0.989412  0.683614  ...  1730.0  0.841301  1.454398e+01
[SWaT_canon:TranAD] 27  0.809627   0.994935  0.682516  ...  1736.0  0.841018  2.407745e+01
[SWaT_canon:TranAD] 28  0.000000   0.000000  0.000000  ...  5468.0  0.500000  6.657427e+01
[SWaT_canon:TranAD] 29  0.000000   0.000000  0.000000  ...  5468.0  0.500000  4.836785e+28
[SWaT_canon:TranAD] 30  0.801615   0.997821  0.669898  ...  1805.0  0.834848  2.650210e+01
[SWaT_canon:TranAD] 31  0.000000   0.000000  0.000000  ...  5468.0  0.499924  7.708538e+01
[SWaT_canon:TranAD] 32  0.000000   0.000000  0.000000  ...  5468.0  0.500000  3.263029e+19
[SWaT_canon:TranAD] 33  0.810970   0.996270  0.683797  ...  1729.0  0.841721  2.748097e+01
[SWaT_canon:TranAD] 34  0.000000   0.000000  0.000000  ...  5468.0  0.500000  9.995683e+01
[SWaT_canon:TranAD] 35  0.809524   0.992302  0.683614  ...  1730.0  0.841440  1.277743e+01
[SWaT_canon:TranAD] 36  0.024359   0.350254  0.012619  ...  5399.0  0.504690  9.479018e+00
[SWaT_canon:TranAD] 37  0.014151   0.886363  0.007132  ...  5429.0  0.503503  3.722093e+02
[SWaT_canon:TranAD] 38  0.792665   1.000000  0.656547  ...  1878.0  0.828274  2.795337e+02
[SWaT_canon:TranAD] 39  0.792665   1.000000  0.656547  ...  1878.0  0.828274  2.642149e+02
[SWaT_canon:TranAD] 40  0.791965   0.997777  0.656547  ...  1878.0  0.828172  2.765882e+02
[SWaT_canon:TranAD] 41  0.816256   0.994482  0.692209  ...  1683.0  0.845839  2.565414e+01
[SWaT_canon:TranAD] 42  0.810970   0.996270  0.683797  ...  1729.0  0.841721  2.512424e+01
[SWaT_canon:TranAD] 43  0.000000   0.000000  0.000000  ...  5468.0  0.500000  4.219533e+17
[SWaT_canon:TranAD] 44  0.000000   0.000000  0.000000  ...  5468.0  0.500000  2.739641e+02
[SWaT_canon:TranAD] 45  0.000000   0.000000  0.000000  ...  5468.0  0.500000  1.313101e+02
[SWaT_canon:TranAD] 46  0.000000   0.000000  0.000000  ...  5468.0  0.500000  2.672957e+02
[SWaT_canon:TranAD] 47  0.129546   0.920290  0.069678  ...  5087.0  0.534422  1.057372e+02
[SWaT_canon:TranAD] 48  0.000000   0.000000  0.000000  ...  5468.0  0.500000  5.978838e+22
[SWaT_canon:TranAD] 49  0.100381   0.996552  0.052853  ...  5179.0  0.526414  9.678204e+01
[SWaT_canon:TranAD] 50  0.000000   0.000000  0.000000  ...  5468.0  0.500000  6.380324e+09
[SWaT_canon:TranAD] 
[SWaT_canon:TranAD] [51 rows x 9 columns]
[SWaT_canon:TranAD] {'FN': 5118,
[SWaT_canon:TranAD]  'FP': 13,
[SWaT_canon:TranAD]  'Hit@100%': 1.0,
[SWaT_canon:TranAD]  'Hit@150%': 1.0,
[SWaT_canon:TranAD]  'NDCG@100%': 1.0,
[SWaT_canon:TranAD]  'NDCG@150%': 1.0,
[SWaT_canon:TranAD]  'ROC/AUC': 0.531839932134611,
[SWaT_canon:TranAD]  'TN': 39511,
[SWaT_canon:TranAD]  'TP': 350,
[SWaT_canon:TranAD]  'f1': 0.12004685124769537,
[SWaT_canon:TranAD]  'precision': 0.9641873012620579,
[SWaT_canon:TranAD]  'recall': 0.06400877822968402,
[SWaT_canon:TranAD]  'threshold': 64.32679475272677}
[sota] DONE TranAD_SWaT_canon_s4 rc=0 287.6s raw_ALL={'AUROC': 0.898, 'bestF1': 0.803, 'F1_at5pctFPR': 0.715, 'TPR_at5pctFPR': 0.757} raw_HARD={'AUROC': 0.674, 'bestF1': 0.21, 'F1_at5pctFPR': 0.184, 'TPR_at5pctFPR': 0.219}
[SWaT_canon:USAD]           f1  precision    recall  ...      FN   ROC/AUC     threshold
[SWaT_canon:USAD] 0   0.059351   0.137359  0.037857  ...  5261.0  0.502483  4.101029e+00
[SWaT_canon:USAD] 1   0.071877   0.523573  0.038588  ...  5257.0  0.516865  5.856332e+00
[SWaT_canon:USAD] 2   0.848333   0.943971  0.770300  ...  1256.0  0.881987  1.453293e+01
[SWaT_canon:USAD] 3   0.840909   0.939901  0.760790  ...  1308.0  0.877030  5.135927e+00
[SWaT_canon:USAD] 4   0.109787   0.978462  0.058157  ...  5150.0  0.528990  4.693872e+00
[SWaT_canon:USAD] 5   0.124704   0.139651  0.112655  ...  4852.0  0.508319  1.053219e+01
[SWaT_canon:USAD] 6   0.007287   0.952380  0.003658  ...  5448.0  0.501816  1.504732e+01
[SWaT_canon:USAD] 7   0.000000   0.000000  0.000000  ...  5468.0  0.500000  2.044391e+01
[SWaT_canon:USAD] 8   0.827153   0.974454  0.718544  ...  1539.0  0.857969  4.990530e+00
[SWaT_canon:USAD] 9   0.864065   0.946040  0.795172  ...  1120.0  0.894449  1.555121e+01
[SWaT_canon:USAD] 10  0.823995   0.819234  0.828822  ...   936.0  0.901761  5.901999e+00
[SWaT_canon:USAD] 11  0.000000   0.000000  0.000000  ...  5468.0  0.500000  2.123510e+30
[SWaT_canon:USAD] 12  0.844125   0.945150  0.762619  ...  1298.0  0.878248  5.112035e+00
[SWaT_canon:USAD] 13  0.120150   0.977654  0.064009  ...  5118.0  0.531903  2.365420e-06
[SWaT_canon:USAD] 14  0.847149   0.943235  0.768837  ...  1264.0  0.881218  3.670794e+00
[SWaT_canon:USAD] 15  0.000000   0.000000  0.000000  ...  5468.0  0.500000  1.172708e+31
[SWaT_canon:USAD] 16  0.764175   0.770791  0.757681  ...  1325.0  0.863255  6.515695e+00
[SWaT_canon:USAD] 17  0.726425   0.736605  0.716533  ...  1550.0  0.840543  7.033859e+00
[SWaT_canon:USAD] 18  0.000000   0.000000  0.000000  ...  5468.0  0.500000  5.069615e+01
[SWaT_canon:USAD] 19  0.192802   0.649528  0.113204  ...  4849.0  0.552377  7.499232e+01
[SWaT_canon:USAD] 20  0.877973   0.933100  0.829005  ...   935.0  0.910391  5.440499e+00
[SWaT_canon:USAD] 21  0.229810   0.392920  0.162399  ...  4580.0  0.563843  5.243200e+00
[SWaT_canon:USAD] 22  0.856601   0.933362  0.791514  ...  1140.0  0.891848  2.431686e+01
[SWaT_canon:USAD] 23  0.000000   0.000000  0.000000  ...  5468.0  0.500000  4.720241e+00
[SWaT_canon:USAD] 24  0.788520   0.814584  0.764082  ...  1290.0  0.870010  6.825920e+00
[SWaT_canon:USAD] 25  0.000000   0.000000  0.000000  ...  5468.0  0.500000  7.415540e+00
[SWaT_canon:USAD] 26  0.815938   0.966926  0.705743  ...  1609.0  0.851201  5.788702e+00
[SWaT_canon:USAD] 27  0.815665   0.994997  0.691112  ...  1689.0  0.845316  2.330483e+01
[SWaT_canon:USAD] 28  0.000000   0.000000  0.000000  ...  5468.0  0.500000  9.372680e+01
[SWaT_canon:USAD] 29  0.000000   0.000000  0.000000  ...  5468.0  0.500000  3.071158e+20
[SWaT_canon:USAD] 30  0.801615   0.997821  0.669898  ...  1805.0  0.834848  4.729367e+00
[SWaT_canon:USAD] 31  0.000000   0.000000  0.000000  ...  5468.0  0.500000  5.395851e+64
[SWaT_canon:USAD] 32  0.000000   0.000000  0.000000  ...  5468.0  0.500000  6.545678e+30
[SWaT_canon:USAD] 33  0.810970   0.996270  0.683797  ...  1729.0  0.841721  4.746384e+00
[SWaT_canon:USAD] 34  0.790481   0.936623  0.683797  ...  1729.0  0.838698  1.899494e+01
[SWaT_canon:USAD] 35  0.809086   0.990986  0.683614  ...  1730.0  0.841377  5.651725e+00
[SWaT_canon:USAD] 36  0.036831   0.132203  0.021397  ...  5351.0  0.500983  6.495554e+00
[SWaT_canon:USAD] 37  0.014143   0.829787  0.007132  ...  5429.0  0.503465  2.306607e+01
[SWaT_canon:USAD] 38  0.801920   0.997551  0.670446  ...  1802.0  0.835109  2.376410e+01
[SWaT_canon:USAD] 39  0.816872   0.996315  0.692209  ...  1683.0  0.845928  1.357009e+01
[SWaT_canon:USAD] 40  0.816256   0.994482  0.692209  ...  1683.0  0.845839  5.010525e+00
[SWaT_canon:USAD] 41  0.816168   0.994221  0.692209  ...  1683.0  0.845826  5.535550e+00
[SWaT_canon:USAD] 42  0.810970   0.996270  0.683797  ...  1729.0  0.841721  4.727103e+00
[SWaT_canon:USAD] 43  0.000000   0.000000  0.000000  ...  5468.0  0.500000  3.485769e+27
[SWaT_canon:USAD] 44  0.816432   0.995005  0.692209  ...  1683.0  0.845864  2.424209e+01
[SWaT_canon:USAD] 45  0.783072   0.769462  0.797184  ...  1109.0  0.882070  4.175190e+00
[SWaT_canon:USAD] 46  0.810970   0.996270  0.683797  ...  1729.0  0.841721  2.372783e+01
[SWaT_canon:USAD] 47  0.169999   0.559755  0.100219  ...  4920.0  0.544657  7.761033e+00
[SWaT_canon:USAD] 48  0.000000   0.000000  0.000000  ...  5468.0  0.500000  9.553768e+35
[SWaT_canon:USAD] 49  0.171542   0.595005  0.100219  ...  4920.0  0.545391  4.969360e+00
[SWaT_canon:USAD] 50  0.109768   0.975460  0.058157  ...  5150.0  0.528977  2.311988e-06
[SWaT_canon:USAD] 
[SWaT_canon:USAD] [51 rows x 9 columns]
[SWaT_canon:USAD] {'FN': 989,
[SWaT_canon:USAD]  'FP': 337,
[SWaT_canon:USAD]  'Hit@100%': 1.0,
[SWaT_canon:USAD]  'Hit@150%': 1.0,
[SWaT_canon:USAD]  'NDCG@100%': 1.0,
[SWaT_canon:USAD]  'NDCG@150%': 1.0,
[SWaT_canon:USAD]  'ROC/AUC': 0.9053015078408927,
[SWaT_canon:USAD]  'TN': 39187,
[SWaT_canon:USAD]  'TP': 4479,
[SWaT_canon:USAD]  'f1': 0.871056862072518,
[SWaT_canon:USAD]  'precision': 0.9300249150124068,
[SWaT_canon:USAD]  'recall': 0.8191294791164421,
[SWaT_canon:USAD]  'threshold': 7.59536426743407}
[WADI_clean:TranAD] /root/TranAD/src/spot.py:313: RuntimeWarning: divide by zero encountered in log
[WADI_clean:TranAD]   return 1 + np.log(s).mean()
[WADI_clean:TranAD] /root/TranAD/src/spot.py:316: RuntimeWarning: divide by zero encountered in divide
[WADI_clean:TranAD]   return np.mean(1 / s)
[WADI_clean:TranAD] /root/TranAD/src/spot.py:329: RuntimeWarning: divide by zero encountered in divide
[WADI_clean:TranAD]   jac_vs = (1 / t) * (-vs + np.mean(1 / s ** 2))
[WADI_clean:TranAD] /root/TranAD/src/spot.py:329: RuntimeWarning: invalid value encountered in scalar add
[WADI_clean:TranAD]   jac_vs = (1 / t) * (-vs + np.mean(1 / s ** 2))
[sota] DONE USAD_SWaT_canon_s2 rc=0 295.6s raw_ALL={'AUROC': 0.898, 'bestF1': 0.803, 'F1_at5pctFPR': 0.715, 'TPR_at5pctFPR': 0.757} raw_HARD={'AUROC': 0.674, 'bestF1': 0.196, 'F1_at5pctFPR': 0.183, 'TPR_at5pctFPR': 0.218}
[WADI_clean:TranAD]            f1  precision    recall     TP  ...    FP     FN   ROC/AUC  threshold
[WADI_clean:TranAD] 0    0.296926   0.994286  0.174524  174.0  ...   1.0  823.0  0.587231  27.253559
[WADI_clean:TranAD] 1    0.130962   0.972222  0.070211   70.0  ...   2.0  927.0  0.535044  94.125258
[WADI_clean:TranAD] 2    0.000000   0.000000  0.000000    0.0  ...   1.0  997.0  0.499969  32.869092
[WADI_clean:TranAD] 3    0.000000   0.000000  0.000000    0.0  ...   1.0  997.0  0.499969  26.777884
[WADI_clean:TranAD] 4    0.254997   0.753695  0.153460  153.0  ...  50.0  844.0  0.575195   4.175326
[WADI_clean:TranAD] ..        ...        ...       ...    ...  ...   ...    ...       ...        ...
[WADI_clean:TranAD] 117  0.000000   0.000000  0.000000    0.0  ...   0.0  997.0  0.500000   0.000011
[WADI_clean:TranAD] 118  0.000000   0.000000  0.000000    0.0  ...   2.0  997.0  0.499939   0.000038
[WADI_clean:TranAD] 119  0.000000   0.000000  0.000000    0.0  ...   0.0  997.0  0.500000  81.005633
[WADI_clean:TranAD] 120  0.000000   0.000000  0.000000    0.0  ...   0.0  997.0  0.500000   0.003093
[WADI_clean:TranAD] 121  0.396627   0.838188  0.259779  259.0  ...  50.0  738.0  0.628354   6.926117
[WADI_clean:TranAD] 
[WADI_clean:TranAD] [122 rows x 9 columns]
[WADI_clean:TranAD] {'FN': 997,
[WADI_clean:TranAD]  'FP': 16,
[WADI_clean:TranAD]  'Hit@100%': 1.0,
[WADI_clean:TranAD]  'Hit@150%': 1.0,
[WADI_clean:TranAD]  'NDCG@100%': 1.0000000000000004,
[WADI_clean:TranAD]  'NDCG@150%': 1.0000000000000004,
[WADI_clean:TranAD]  'ROC/AUC': 0.4995087202161631,
[WADI_clean:TranAD]  'TN': 16268,
[WADI_clean:TranAD]  'TP': 0,
[WADI_clean:TranAD]  'f1': 0.0,
[WADI_clean:TranAD]  'precision': 0.0,
[WADI_clean:TranAD]  'recall': 0.0,
[WADI_clean:TranAD]  'threshold': 7.68919564036256}
[SWaT_canon:USAD] /root/TranAD/src/spot.py:329: RuntimeWarning: overflow encountered in square
[SWaT_canon:USAD]   jac_vs = (1 / t) * (-vs + np.mean(1 / s ** 2))
[SWaT_canon:USAD] /root/TranAD/src/spot.py:329: RuntimeWarning: overflow encountered in square
[SWaT_canon:USAD]   jac_vs = (1 / t) * (-vs + np.mean(1 / s ** 2))
[SWaT_canon:USAD] /root/TranAD/src/spot.py:329: RuntimeWarning: overflow encountered in square
[SWaT_canon:USAD]   jac_vs = (1 / t) * (-vs + np.mean(1 / s ** 2))
[sota] DONE TranAD_WADI_clean_s4 rc=0 302.9s raw_ALL={'AUROC': 0.804, 'bestF1': 0.407, 'F1_at5pctFPR': 0.392, 'TPR_at5pctFPR': 0.443} raw_HARD={'AUROC': 0.741, 'bestF1': 0.237, 'F1_at5pctFPR': 0.162, 'TPR_at5pctFPR': 0.252}
[SWaT_canon:USAD] /root/TranAD/src/spot.py:329: RuntimeWarning: overflow encountered in square
[SWaT_canon:USAD]   jac_vs = (1 / t) * (-vs + np.mean(1 / s ** 2))
[gpu] WADI_clean:TranAD heartbeat t+300s alloc=0.00G
[gpu] WADI_clean:TranAD heartbeat t+300s alloc=0.00G
[gpu] SWaT_canon:USAD heartbeat t+300s alloc=0.00G
[gpu] SWaT_canon:TranAD heartbeat t+300s alloc=0.00G
[gpu] SWaT_canon:USAD heartbeat t+300s alloc=0.00G
[SWaT_canon:TranAD] /root/TranAD/src/spot.py:329: RuntimeWarning: overflow encountered in square
[SWaT_canon:TranAD]   jac_vs = (1 / t) * (-vs + np.mean(1 / s ** 2))
[SWaT_canon:USAD]           f1  precision    recall  ...      FN   ROC/AUC     threshold
[SWaT_canon:USAD] 0   0.753076   0.751777  0.754389  ...  1343.0  0.859965  4.525353e+00
[SWaT_canon:USAD] 1   0.071877   0.523573  0.038588  ...  5257.0  0.516865  5.856345e+00
[SWaT_canon:USAD] 2   0.847817   0.950477  0.765179  ...  1284.0  0.879832  1.429359e+01
[SWaT_canon:USAD] 3   0.825310   0.863219  0.790600  ...  1145.0  0.886634  5.386411e+00
[SWaT_canon:USAD] 4   0.109787   0.978462  0.058157  ...  5150.0  0.528990  4.696334e+00
[SWaT_canon:USAD] 5   0.124704   0.139651  0.112655  ...  4852.0  0.508319  1.053219e+01
[SWaT_canon:USAD] 6   0.007287   0.952380  0.003658  ...  5448.0  0.501816  1.897114e+01
[SWaT_canon:USAD] 7   0.000000   0.000000  0.000000  ...  5468.0  0.500000  3.030426e+01
[SWaT_canon:USAD] 8   0.811589   0.785226  0.839795  ...   876.0  0.904009  5.305464e+00
[SWaT_canon:USAD] 9   0.850959   0.915176  0.795172  ...  1120.0  0.892488  1.575314e+01
[SWaT_canon:USAD] 10  0.779760   0.745373  0.817484  ...   998.0  0.889424  5.824072e+00
[SWaT_canon:USAD] 11  0.000000   0.000000  0.000000  ...  5468.0  0.500000  4.972990e+29
[SWaT_canon:USAD] 12  0.000000   0.000000  0.000000  ...  5468.0  0.500000  7.249183e+34
[SWaT_canon:USAD] 13  0.000000   0.000000  0.000000  ...  5468.0  0.500000  9.718343e+30
[SWaT_canon:USAD] 14  0.805943   0.824689  0.788040  ...  1159.0  0.882432  3.883512e+00
[SWaT_canon:USAD] 15  0.000000   0.000000  0.000000  ...  5468.0  0.500000  4.479730e+24
[SWaT_canon:USAD] 16  0.786890   0.818451  0.757681  ...  1325.0  0.867215  6.811257e+00
[SWaT_canon:USAD] 17  0.734253   0.752882  0.716533  ...  1550.0  0.841998  7.255095e+00
[SWaT_canon:USAD] 18  0.000000   0.000000  0.000000  ...  5468.0  0.500000  5.245894e+01
[SWaT_canon:USAD] 19  0.188890   0.569982  0.113204  ...  4849.0  0.550694  6.242284e+01
[SWaT_canon:USAD] 20  0.874211   0.941350  0.816020  ...  1006.0  0.904493  5.819248e+00
[SWaT_canon:USAD] 21  0.229810   0.392920  0.162399  ...  4580.0  0.563843  5.455664e+00
[SWaT_canon:USAD] 22  0.856601   0.933362  0.791514  ...  1140.0  0.891848  2.431698e+01
[SWaT_canon:USAD] 23  0.000000   0.000000  0.000000  ...  5468.0  0.500000  2.024596e+00
[SWaT_canon:USAD] 24  0.776602   0.841118  0.721287  ...  1524.0  0.851219  6.815479e+00
[SWaT_canon:USAD] 25  0.000000   0.000000  0.000000  ...  5468.0  0.500000  1.077830e+01
[SWaT_canon:USAD] 26  0.810975   0.985610  0.688917  ...  1701.0  0.843763  5.398261e+00
[SWaT_canon:USAD] 27  0.815665   0.994997  0.691112  ...  1689.0  0.845316  2.330578e+01
[SWaT_canon:USAD] 28  0.000000   0.000000  0.000000  ...  5468.0  0.500000  1.005424e+02
[SWaT_canon:USAD] 29  0.000000   0.000000  0.000000  ...  5468.0  0.500000  2.238765e+35
[SWaT_canon:USAD] 30  0.801615   0.997821  0.669898  ...  1805.0  0.834848  2.231952e+00
[SWaT_canon:USAD] 31  0.000000   0.000000  0.000000  ...  5468.0  0.500000  1.468449e+65
[SWaT_canon:USAD] 32  0.000000   0.000000  0.000000  ...  5468.0  0.500000  8.328305e+34
[SWaT_canon:USAD] 33  0.810970   0.996270  0.683797  ...  1729.0  0.841721  2.752538e+00
[SWaT_canon:USAD] 34  0.788315   0.930562  0.683797  ...  1729.0  0.838369  1.908542e+01
[SWaT_canon:USAD] 35  0.812111   0.988973  0.688917  ...  1701.0  0.843927  5.292424e+00
[SWaT_canon:USAD] 36  0.021173   0.065777  0.012619  ...  5399.0  0.493912  6.425884e+00
[SWaT_canon:USAD] 37  0.014143   0.829787  0.007132  ...  5429.0  0.503465  2.306530e+01
[SWaT_canon:USAD] 38  0.801920   0.997551  0.670446  ...  1802.0  0.835109  2.352818e+01
[SWaT_canon:USAD] 39  0.816872   0.996315  0.692209  ...  1683.0  0.845928  1.357030e+01
[SWaT_canon:USAD] 40  0.816256   0.994482  0.692209  ...  1683.0  0.845839  2.419690e+01
[SWaT_canon:USAD] 41  0.816256   0.994482  0.692209  ...  1683.0  0.845839  1.561346e+01
[SWaT_canon:USAD] 42  0.810970   0.996270  0.683797  ...  1729.0  0.841721  2.329624e+00
[SWaT_canon:USAD] 43  0.000000   0.000000  0.000000  ...  5468.0  0.500000  1.283376e+20
[SWaT_canon:USAD] 44  0.816432   0.995005  0.692209  ...  1683.0  0.845864  2.388897e+01
[SWaT_canon:USAD] 45  0.789884   0.782726  0.797184  ...  1109.0  0.883285  4.474800e+00
[SWaT_canon:USAD] 46  0.810970   0.996270  0.683797  ...  1729.0  0.841721  2.153172e+01
[SWaT_canon:USAD] 47  0.169999   0.559755  0.100219  ...  4920.0  0.544657  7.169762e+00
[SWaT_canon:USAD] 48  0.000000   0.000000  0.000000  ...  5468.0  0.500000  2.919047e+32
[SWaT_canon:USAD] 49  0.171542   0.595005  0.100219  ...  4920.0  0.545391  5.258083e+00
[SWaT_canon:USAD] 50  0.000000   0.000000  0.000000  ...  5468.0  0.500000  5.782740e+25
[SWaT_canon:USAD] 
[SWaT_canon:USAD] [51 rows x 9 columns]
[SWaT_canon:USAD] {'FN': 989,
[SWaT_canon:USAD]  'FP': 358,
[SWaT_canon:USAD]  'Hit@100%': 1.0,
[SWaT_canon:USAD]  'Hit@150%': 1.0,
[SWaT_canon:USAD]  'NDCG@100%': 1.0,
[SWaT_canon:USAD]  'NDCG@150%': 1.0,
[SWaT_canon:USAD]  'ROC/AUC': 0.905035846470586,
[SWaT_canon:USAD]  'TN': 39166,
[SWaT_canon:USAD]  'TP': 4479,
[SWaT_canon:USAD]  'f1': 0.8692817710913795,
[SWaT_canon:USAD]  'precision': 0.9259871802233054,
[SWaT_canon:USAD]  'recall': 0.8191294791164421,
[SWaT_canon:USAD]  'threshold': 7.366590484943159}
[sota] DONE USAD_SWaT_canon_s3 rc=0 311.7s raw_ALL={'AUROC': 0.898, 'bestF1': 0.804, 'F1_at5pctFPR': 0.713, 'TPR_at5pctFPR': 0.755} raw_HARD={'AUROC': 0.673, 'bestF1': 0.196, 'F1_at5pctFPR': 0.178, 'TPR_at5pctFPR': 0.211}
[WADI_clean:TranAD] /root/TranAD/src/spot.py:313: RuntimeWarning: divide by zero encountered in log
[WADI_clean:TranAD]   return 1 + np.log(s).mean()
[WADI_clean:TranAD] /root/TranAD/src/spot.py:316: RuntimeWarning: divide by zero encountered in divide
[WADI_clean:TranAD]   return np.mean(1 / s)
[WADI_clean:TranAD] /root/TranAD/src/spot.py:329: RuntimeWarning: divide by zero encountered in divide
[WADI_clean:TranAD]   jac_vs = (1 / t) * (-vs + np.mean(1 / s ** 2))
[WADI_clean:TranAD] /root/TranAD/src/spot.py:329: RuntimeWarning: invalid value encountered in scalar add
[WADI_clean:TranAD]   jac_vs = (1 / t) * (-vs + np.mean(1 / s ** 2))
[SWaT_canon:TranAD]           f1  precision    recall  ...      FN   ROC/AUC     threshold
[SWaT_canon:TranAD] 0   0.129031   0.900474  0.069495  ...  5088.0  0.534216  2.861383e+00
[SWaT_canon:TranAD] 1   0.000000   0.000000  0.000000  ...  5468.0  0.500000  1.538286e+01
[SWaT_canon:TranAD] 2   0.075127   0.604972  0.040051  ...  5249.0  0.518217  5.042265e+01
[SWaT_canon:TranAD] 3   0.094659   0.910000  0.049927  ...  5195.0  0.524622  3.591779e+00
[SWaT_canon:TranAD] 4   0.109787   0.978462  0.058157  ...  5150.0  0.528990  3.167504e+01
[SWaT_canon:TranAD] 5   0.162341   0.625767  0.093270  ...  4958.0  0.542777  1.046699e+01
[SWaT_canon:TranAD] 6   0.007287   0.952380  0.003658  ...  5448.0  0.501816  1.406293e+01
[SWaT_canon:TranAD] 7   0.000000   0.000000  0.000000  ...  5468.0  0.500000  2.173308e+01
[SWaT_canon:TranAD] 8   0.000000   0.000000  0.000000  ...  5468.0  0.500000  2.479616e+15
[SWaT_canon:TranAD] 9   0.824577   0.987248  0.707937  ...  1597.0  0.853336  5.668287e+01
[SWaT_canon:TranAD] 10  0.298057   0.871454  0.179773  ...  4485.0  0.588052  3.905760e+00
[SWaT_canon:TranAD] 11  0.000000   0.000000  0.000000  ...  5468.0  0.500000  2.628319e+15
[SWaT_canon:TranAD] 12  0.108638   0.951662  0.057608  ...  5153.0  0.528602  3.101478e+00
[SWaT_canon:TranAD] 13  0.015231   0.893617  0.007681  ...  5426.0  0.503777  2.395855e-04
[SWaT_canon:TranAD] 14  0.102217   0.970395  0.053950  ...  5173.0  0.526861  4.907526e+00
[SWaT_canon:TranAD] 15  0.000000   0.000000  0.000000  ...  5468.0  0.500000  3.004109e+19
[SWaT_canon:TranAD] 16  0.000000   0.000000  0.000000  ...  5468.0  0.500000  1.317808e+02
[SWaT_canon:TranAD] 17  0.025275   0.985915  0.012802  ...  5398.0  0.506388  5.182786e+00
[SWaT_canon:TranAD] 18  0.000000   0.000000  0.000000  ...  5468.0  0.500000  7.051553e+01
[SWaT_canon:TranAD] 19  0.169117   0.729428  0.095647  ...  4945.0  0.545369  6.079913e+01
[SWaT_canon:TranAD] 20  0.011632   0.941176  0.005852  ...  5436.0  0.502901  1.913053e+01
[SWaT_canon:TranAD] 21  0.249008   0.742287  0.149598  ...  4650.0  0.571206  8.643181e+01
[SWaT_canon:TranAD] 22  0.067161   1.000000  0.034748  ...  5278.0  0.517374  2.679319e+01
[SWaT_canon:TranAD] 23  0.000000   0.000000  0.000000  ...  5468.0  0.500000  4.911060e+02
[SWaT_canon:TranAD] 24  0.025480   0.676190  0.012985  ...  5397.0  0.506062  5.178768e+00
[SWaT_canon:TranAD] 25  0.000000   0.000000  0.000000  ...  5468.0  0.500000  7.535194e+00
[SWaT_canon:TranAD] 26  0.808648   0.989674  0.683614  ...  1730.0  0.841314  1.445076e+01
[SWaT_canon:TranAD] 27  0.809627   0.994935  0.682516  ...  1736.0  0.841018  2.468339e+01
[SWaT_canon:TranAD] 28  0.000000   0.000000  0.000000  ...  5468.0  0.500000  6.657427e+01
[SWaT_canon:TranAD] 29  0.000000   0.000000  0.000000  ...  5468.0  0.500000  8.808734e+14
[SWaT_canon:TranAD] 30  0.801615   0.997821  0.669898  ...  1805.0  0.834848  5.947807e+01
[SWaT_canon:TranAD] 31  0.000000   0.000000  0.000000  ...  5468.0  0.499924  3.149249e+01
[SWaT_canon:TranAD] 32  0.000000   0.000000  0.000000  ...  5468.0  0.500000  4.685827e+19
[SWaT_canon:TranAD] 33  0.810970   0.996270  0.683797  ...  1729.0  0.841721  1.018674e+01
[SWaT_canon:TranAD] 34  0.000000   0.000000  0.000000  ...  5468.0  0.500000  9.995683e+01
[SWaT_canon:TranAD] 35  0.809436   0.992038  0.683614  ...  1730.0  0.841427  1.273897e+01
[SWaT_canon:TranAD] 36  0.024433   0.383333  0.012619  ...  5399.0  0.504905  1.048982e+01
[SWaT_canon:TranAD] 37  0.014151   0.886363  0.007132  ...  5429.0  0.503503  3.749432e+02
[SWaT_canon:TranAD] 38  0.791965   0.997777  0.656547  ...  1878.0  0.828172  2.794782e+02
[SWaT_canon:TranAD] 39  0.792665   1.000000  0.656547  ...  1878.0  0.828274  2.642149e+02
[SWaT_canon:TranAD] 40  0.791965   0.997777  0.656547  ...  1878.0  0.828172  2.765882e+02
[SWaT_canon:TranAD] 41  0.816168   0.994221  0.692209  ...  1683.0  0.845826  1.026160e+01
[SWaT_canon:TranAD] 42  0.810970   0.996270  0.683797  ...  1729.0  0.841721  5.168811e+01
[SWaT_canon:TranAD] 43  0.000000   0.000000  0.000000  ...  5468.0  0.500000  5.614106e+20
[SWaT_canon:TranAD] 44  0.000000   0.000000  0.000000  ...  5468.0  0.500000  2.739641e+02
[SWaT_canon:TranAD] 45  0.000000   0.000000  0.000000  ...  5468.0  0.500000  1.396155e+02
[SWaT_canon:TranAD] 46  0.000000   0.000000  0.000000  ...  5468.0  0.500000  2.672957e+02
[SWaT_canon:TranAD] 47  0.129283   0.894366  0.069678  ...  5087.0  0.534270  1.057097e+02
[SWaT_canon:TranAD] 48  0.000000   0.000000  0.000000  ...  5468.0  0.500000  5.156695e+14
[SWaT_canon:TranAD] 49  0.026330   0.948052  0.013350  ...  5395.0  0.506625  9.710399e+01
[SWaT_canon:TranAD] 50  0.000000   0.000000  0.000000  ...  5468.0  0.500000  2.480872e+11
[SWaT_canon:TranAD] 
[SWaT_canon:TranAD] [51 rows x 9 columns]
[SWaT_canon:TranAD] {'FN': 5118,
[SWaT_canon:TranAD]  'FP': 13,
[SWaT_canon:TranAD]  'Hit@100%': 1.0,
[SWaT_canon:TranAD]  'Hit@150%': 1.0,
[SWaT_canon:TranAD]  'NDCG@100%': 1.0,
[SWaT_canon:TranAD]  'NDCG@150%': 1.0,
[SWaT_canon:TranAD]  'ROC/AUC': 0.531839932134611,
[SWaT_canon:TranAD]  'TN': 39511,
[SWaT_canon:TranAD]  'TP': 350,
[SWaT_canon:TranAD]  'f1': 0.12004685124769537,
[SWaT_canon:TranAD]  'precision': 0.9641873012620579,
[SWaT_canon:TranAD]  'recall': 0.06400877822968402,
[SWaT_canon:TranAD]  'threshold': 64.32493393022885}
[WADI_clean:TranAD] /root/TranAD/src/spot.py:313: RuntimeWarning: divide by zero encountered in log
[WADI_clean:TranAD]   return 1 + np.log(s).mean()
[WADI_clean:TranAD] /root/TranAD/src/spot.py:316: RuntimeWarning: divide by zero encountered in divide
[WADI_clean:TranAD]   return np.mean(1 / s)
[WADI_clean:TranAD] /root/TranAD/src/spot.py:329: RuntimeWarning: divide by zero encountered in divide
[WADI_clean:TranAD]   jac_vs = (1 / t) * (-vs + np.mean(1 / s ** 2))
[WADI_clean:TranAD] /root/TranAD/src/spot.py:329: RuntimeWarning: invalid value encountered in scalar add
[WADI_clean:TranAD]   jac_vs = (1 / t) * (-vs + np.mean(1 / s ** 2))
[WADI_clean:TranAD] /root/TranAD/src/spot.py:313: RuntimeWarning: divide by zero encountered in log
[sota] DONE TranAD_SWaT_canon_s1 rc=0 314.7s raw_ALL={'AUROC': 0.899, 'bestF1': 0.803, 'F1_at5pctFPR': 0.715, 'TPR_at5pctFPR': 0.758} raw_HARD={'AUROC': 0.678, 'bestF1': 0.211, 'F1_at5pctFPR': 0.186, 'TPR_at5pctFPR': 0.222}
[WADI_clean:TranAD]   return 1 + np.log(s).mean()
[WADI_clean:TranAD] /root/TranAD/src/spot.py:316: RuntimeWarning: divide by zero encountered in divide
[WADI_clean:TranAD]   return np.mean(1 / s)
[WADI_clean:TranAD] /root/TranAD/src/spot.py:329: RuntimeWarning: divide by zero encountered in divide
[WADI_clean:TranAD]   jac_vs = (1 / t) * (-vs + np.mean(1 / s ** 2))
[WADI_clean:TranAD] /root/TranAD/src/spot.py:329: RuntimeWarning: invalid value encountered in scalar add
[WADI_clean:TranAD]   jac_vs = (1 / t) * (-vs + np.mean(1 / s ** 2))
[WADI_clean:TranAD]            f1  precision    recall     TP  ...    FP     FN   ROC/AUC     threshold
[WADI_clean:TranAD] 0    0.296926   0.994286  0.174524  174.0  ...   1.0  823.0  0.587231  2.950173e+01
[WADI_clean:TranAD] 1    0.130962   0.972222  0.070211   70.0  ...   2.0  927.0  0.535044  9.404110e+01
[WADI_clean:TranAD] 2    0.000000   0.000000  0.000000    0.0  ...   1.0  997.0  0.499969  3.326958e+01
[WADI_clean:TranAD] 3    0.000000   0.000000  0.000000    0.0  ...   1.0  997.0  0.499969  2.677788e+01
[WADI_clean:TranAD] 4    0.000000   0.000000  0.000000    0.0  ...  33.0  997.0  0.498987  4.840688e+00
[WADI_clean:TranAD] ..        ...        ...       ...    ...  ...   ...    ...       ...           ...
[WADI_clean:TranAD] 117  0.000000   0.000000  0.000000    0.0  ...   0.0  997.0  0.500000  1.372274e+12
[WADI_clean:TranAD] 118  0.000000   0.000000  0.000000    0.0  ...   0.0  997.0  0.500000  4.081732e+22
[WADI_clean:TranAD] 119  0.000000   0.000000  0.000000    0.0  ...   3.0  997.0  0.499908  8.806405e+01
[WADI_clean:TranAD] 120  0.000000   0.000000  0.000000    0.0  ...   0.0  997.0  0.500000  1.438068e+17
[WADI_clean:TranAD] 121  0.396627   0.838188  0.259779  259.0  ...  50.0  738.0  0.628354  6.926117e+00
[WADI_clean:TranAD] 
[WADI_clean:TranAD] [122 rows x 9 columns]
[WADI_clean:TranAD] {'FN': 997,
[WADI_clean:TranAD]  'FP': 19,
[WADI_clean:TranAD]  'Hit@100%': 1.0,
[WADI_clean:TranAD]  'Hit@150%': 1.0,
[WADI_clean:TranAD]  'NDCG@100%': 1.0000000000000004,
[WADI_clean:TranAD]  'NDCG@150%': 1.0000000000000004,
[WADI_clean:TranAD]  'ROC/AUC': 0.4994166052566937,
[WADI_clean:TranAD]  'TN': 16265,
[WADI_clean:TranAD]  'TP': 0,
[WADI_clean:TranAD]  'f1': 0.0,
[WADI_clean:TranAD]  'precision': 0.0,
[WADI_clean:TranAD]  'recall': 0.0,
[WADI_clean:TranAD]  'threshold': 7.706996472586275}
[sota] DONE TranAD_WADI_clean_s2 rc=0 322.4s raw_ALL={'AUROC': 0.807, 'bestF1': 0.421, 'F1_at5pctFPR': 0.405, 'TPR_at5pctFPR': 0.461} raw_HARD={'AUROC': 0.745, 'bestF1': 0.242, 'F1_at5pctFPR': 0.168, 'TPR_at5pctFPR': 0.264}

==================== SUMMARY ====================
SWaT_canon TranAD  s0 rc=0 247.2s | ALL auroc=0.899 f1=0.804 | HARD auroc=0.678 f1=0.21 | n_eh=[3775, 1693]
SWaT_canon TranAD  s1 rc=0 314.7s | ALL auroc=0.899 f1=0.803 | HARD auroc=0.678 f1=0.211 | n_eh=[3775, 1693]
SWaT_canon TranAD  s2 rc=0 259.6s | ALL auroc=0.9 f1=0.804 | HARD auroc=0.679 f1=0.21 | n_eh=[3775, 1693]
SWaT_canon TranAD  s3 rc=0 264.0s | ALL auroc=0.899 f1=0.804 | HARD auroc=0.676 f1=0.227 | n_eh=[3775, 1693]
SWaT_canon TranAD  s4 rc=0 287.6s | ALL auroc=0.898 f1=0.803 | HARD auroc=0.674 f1=0.21 | n_eh=[3775, 1693]
SWaT_canon USAD    s0 rc=0 270.9s | ALL auroc=0.899 f1=0.803 | HARD auroc=0.676 f1=0.196 | n_eh=[3775, 1693]
SWaT_canon USAD    s1 rc=0 255.7s | ALL auroc=0.897 f1=0.803 | HARD auroc=0.671 f1=0.198 | n_eh=[3775, 1693]
SWaT_canon USAD    s2 rc=0 295.6s | ALL auroc=0.898 f1=0.803 | HARD auroc=0.674 f1=0.196 | n_eh=[3775, 1693]
SWaT_canon USAD    s3 rc=0 311.7s | ALL auroc=0.898 f1=0.804 | HARD auroc=0.673 f1=0.196 | n_eh=[3775, 1693]
SWaT_canon USAD    s4 rc=0 214.1s | ALL auroc=0.898 f1=0.803 | HARD auroc=0.673 f1=0.196 | n_eh=[3775, 1693]
WADI_clean TranAD  s0 rc=0 271.9s | ALL auroc=0.804 f1=0.416 | HARD auroc=0.739 f1=0.23 | n_eh=[561, 436]
WADI_clean TranAD  s1 rc=0 276.2s | ALL auroc=0.801 f1=0.403 | HARD auroc=0.736 f1=0.23 | n_eh=[561, 436]
WADI_clean TranAD  s2 rc=0 322.4s | ALL auroc=0.807 f1=0.421 | HARD auroc=0.745 f1=0.242 | n_eh=[561, 436]
WADI_clean TranAD  s3 rc=0 263.6s | ALL auroc=0.804 f1=0.418 | HARD auroc=0.741 f1=0.234 | n_eh=[561, 436]
WADI_clean TranAD  s4 rc=0 302.9s | ALL auroc=0.804 f1=0.407 | HARD auroc=0.741 f1=0.237 | n_eh=[561, 436]
WADI_clean USAD    s0 rc=0 159.0s | ALL auroc=0.783 f1=0.388 | HARD auroc=0.697 f1=0.23 | n_eh=[561, 436]
WADI_clean USAD    s1 rc=0 197.0s | ALL auroc=0.793 f1=0.394 | HARD auroc=0.729 f1=0.232 | n_eh=[561, 436]
WADI_clean USAD    s2 rc=0 219.4s | ALL auroc=0.786 f1=0.388 | HARD auroc=0.699 f1=0.232 | n_eh=[561, 436]
WADI_clean USAD    s3 rc=0 201.3s | ALL auroc=0.779 f1=0.388 | HARD auroc=0.694 f1=0.23 | n_eh=[561, 436]
WADI_clean USAD    s4 rc=0 222.0s | ALL auroc=0.777 f1=0.388 | HARD auroc=0.69 f1=0.23 | n_eh=[561, 436]
✓ App completed. View run at 
https://modal.com/apps/apersteiny/main/ap-i0cJrUtMguqSlfLVfZGggm
