{
  "IsolationForest": {
    "AUROC": [
      0.7386461666666667,
      0.009256839043733912
    ],
    "AUPRC": [
      0.6379000139726154,
      0.0037088287798804354
    ],
    "rare_mode_FPR": [
      0.5701920205186576,
      0.08832013392111275
    ],
    "common_mode_FPR": [
      0.04769983486774394,
      0.002432393312397955
    ],
    "pocket_recall": [
      0.028500000000000004,
      0.008529361054615993
    ],
    "ood_recall": [
      1.0,
      0.0
    ]
  },
  "LOF": {
    "AUROC": [
      0.8717037604166666,
      0.022600037247916323
    ],
    "AUPRC": [
      0.7457005747779644,
      0.03811609480067888
    ],
    "rare_mode_FPR": [
      0.8866586756158098,
      0.050256157630239225
    ],
    "common_mode_FPR": [
      0.05339846420581042,
      0.0038991210487931303
    ],
    "pocket_recall": [
      0.9555,
      0.024374679485072204
    ],
    "ood_recall": [
      1.0,
      0.0
    ]
  },
  "AutoEncoder": {
    "AUROC": [
      0.7508594791666667,
      0.00355556764653164
    ],
    "AUPRC": [
      0.6423634957895865,
      0.0014147008814154275
    ],
    "rare_mode_FPR": [
      1.0,
      0.0
    ],
    "common_mode_FPR": [
      0.047364625223976047,
      0.005223475962165315
    ],
    "pocket_recall": [
      0.96875,
      0.008403868156985789
    ],
    "ood_recall": [
      1.0,
      0.0
    ]
  },
  "VAE+GMM (sequential)": {
    "AUROC": [
      0.9025521874999999,
      0.021160238520610528
    ],
    "AUPRC": [
      0.80223536763803,
      0.0292528247678818
    ],
    "rare_mode_FPR": [
      0.9786677121357863,
      0.0223277181398891
    ],
    "common_mode_FPR": [
      0.047365076861119015,
      0.0067530159337045835
    ],
    "pocket_recall": [
      0.9969999999999999,
      0.0028062430400804476
    ],
    "ood_recall": [
      1.0,
      0.0
    ]
  },
  "VaDE (joint, ours)": {
    "AUROC": [
      0.9419414999999999,
      0.00766654163411407
    ],
    "AUPRC": [
      0.8657018694007108,
      0.02441284554148045
    ],
    "rare_mode_FPR": [
      0.9265348368073653,
      0.031190186901243307
    ],
    "common_mode_FPR": [
      0.04689617592650216,
      0.004073038502347067
    ],
    "pocket_recall": [
      0.992,
      0.004373213921133992
    ],
    "ood_recall": [
      1.0,
      0.0
    ]
  },
  "VaDE + basin (full, ours)": {
    "AUROC": [
      0.9617780416666669,
      0.008058111316960584
    ],
    "AUPRC": [
      0.8986178299810128,
      0.022816618252771394
    ],
    "rare_mode_FPR": [
      0.7163555655986392,
      0.07641398113447316
    ],
    "common_mode_FPR": [
      0.04743030276837502,
      0.006557976415080103
    ],
    "pocket_recall": [
      0.9860000000000001,
      0.0067731085920720215
    ],
    "ood_recall": [
      1.0,
      0.0
    ]
  }
}