{
  "IsolationForest": {
    "AUROC": [
      0.7465906944444445,
      0.007668812343790577
    ],
    "AUPRC": [
      0.6397033706940659,
      0.004156048709085669
    ],
    "rare_mode_FPR": [
      0.6205993348892339,
      0.10372435892345563
    ],
    "common_mode_FPR": [
      0.04686471699513617,
      0.002716913217045369
    ],
    "pocket_recall": [
      0.06833333333333334,
      0.04532674584490805
    ],
    "ood_recall": [
      1.0,
      0.0
    ]
  },
  "LOF": {
    "AUROC": [
      0.8442988715277778,
      0.0162828631621975
    ],
    "AUPRC": [
      0.6980507699066124,
      0.020249063535834375
    ],
    "rare_mode_FPR": [
      0.9430113282189446,
      0.058237661965159684
    ],
    "common_mode_FPR": [
      0.05212669007436369,
      0.0013472919257192506
    ],
    "pocket_recall": [
      0.9291666666666667,
      0.0209247992158162
    ],
    "ood_recall": [
      1.0,
      0.0
    ]
  },
  "AutoEncoder": {
    "AUROC": [
      0.7513181770833333,
      0.003257814516996903
    ],
    "AUPRC": [
      0.6423239949740208,
      0.0013161712045224646
    ],
    "rare_mode_FPR": [
      1.0,
      0.0
    ],
    "common_mode_FPR": [
      0.044186341945409685,
      0.0023503360496063223
    ],
    "pocket_recall": [
      0.9808333333333333,
      0.008917056066263621
    ],
    "ood_recall": [
      1.0,
      0.0
    ]
  },
  "VAE+GMM (sequential)": {
    "AUROC": [
      0.8421300694444445,
      0.02206409310579986
    ],
    "AUPRC": [
      0.7136609197965863,
      0.024747870539030225
    ],
    "rare_mode_FPR": [
      0.9995579497655213,
      0.0004137203514226613
    ],
    "common_mode_FPR": [
      0.046537217070003384,
      0.0035312623271145267
    ],
    "pocket_recall": [
      1.0,
      0.0
    ],
    "ood_recall": [
      1.0,
      0.0
    ]
  },
  "VaDE (joint, ours)": {
    "AUROC": [
      0.9050732986111112,
      0.014295808900580515
    ],
    "AUPRC": [
      0.7856287154117126,
      0.021996225369270074
    ],
    "rare_mode_FPR": [
      0.9860859371735754,
      0.008436881808932347
    ],
    "common_mode_FPR": [
      0.045860818577878014,
      0.001543261715783938
    ],
    "pocket_recall": [
      0.9983333333333334,
      0.0015590239111558251
    ],
    "ood_recall": [
      1.0,
      0.0
    ]
  },
  "VaDE + basin (full, ours)": {
    "AUROC": [
      0.9219444444444443,
      0.005636674742974138
    ],
    "AUPRC": [
      0.807083500236886,
      0.010853549335557724
    ],
    "rare_mode_FPR": [
      0.8722107137734301,
      0.08147375368769091
    ],
    "common_mode_FPR": [
      0.047766331201688016,
      0.0025360028843061746
    ],
    "pocket_recall": [
      0.9829166666666667,
      0.01196058341200609
    ],
    "ood_recall": [
      1.0,
      0.0
    ]
  }
}